frame,time_s,WRIST_x,WRIST_y,WRIST_speed_px_s,THUMB_CMC_x,THUMB_CMC_y,THUMB_CMC_speed_px_s,THUMB_MCP_x,THUMB_MCP_y,THUMB_MCP_speed_px_s,THUMB_IP_x,THUMB_IP_y,THUMB_IP_speed_px_s,THUMB_TIP_x,THUMB_TIP_y,THUMB_TIP_speed_px_s,INDEX_FINGER_MCP_x,INDEX_FINGER_MCP_y,INDEX_FINGER_MCP_speed_px_s,INDEX_FINGER_PIP_x,INDEX_FINGER_PIP_y,INDEX_FINGER_PIP_speed_px_s,INDEX_FINGER_DIP_x,INDEX_FINGER_DIP_y,INDEX_FINGER_DIP_speed_px_s,INDEX_FINGER_TIP_x,INDEX_FINGER_TIP_y,INDEX_FINGER_TIP_speed_px_s,MIDDLE_FINGER_MCP_x,MIDDLE_FINGER_MCP_y,MIDDLE_FINGER_MCP_speed_px_s,MIDDLE_FINGER_PIP_x,MIDDLE_FINGER_PIP_y,MIDDLE_FINGER_PIP_speed_px_s,MIDDLE_FINGER_DIP_x,MIDDLE_FINGER_DIP_y,MIDDLE_FINGER_DIP_speed_px_s,MIDDLE_FINGER_TIP_x,MIDDLE_FINGER_TIP_y,MIDDLE_FINGER_TIP_speed_px_s,RING_FINGER_MCP_x,RING_FINGER_MCP_y,RING_FINGER_MCP_speed_px_s,RING_FINGER_PIP_x,RING_FINGER_PIP_y,RING_FINGER_PIP_speed_px_s,RING_FINGER_DIP_x,RING_FINGER_DIP_y,RING_FINGER_DIP_speed_px_s,RING_FINGER_TIP_x,RING_FINGER_TIP_y,RING_FINGER_TIP_speed_px_s,PINKY_MCP_x,PINKY_MCP_y,PINKY_MCP_speed_px_s,PINKY_PIP_x,PINKY_PIP_y,PINKY_PIP_speed_px_s,PINKY_DIP_x,PINKY_DIP_y,PINKY_DIP_speed_px_s,PINKY_TIP_x,PINKY_TIP_y,PINKY_TIP_speed_px_s
0,0.0,371.77074432373047,111.29021644592285,,366.5614700317383,144.9415111541748,,347.6937484741211,167.432541847229,,325.2092742919922,180.46457290649414,,306.95337295532227,188.33321571350098,,336.73866271972656,161.13088130950928,,304.1246795654297,191.71794891357422,,293.538818359375,206.3616943359375,,293.6288833618164,212.8557014465332,,320.80177307128906,143.49984169006348,,284.2537498474121,177.7177619934082,,276.0354232788086,194.66923713684082,,278.7342071533203,202.75643348693848,,309.07814025878906,128.916277885437,,273.3980178833008,160.28480529785156,,270.8296203613281,176.00711345672607,,276.92516326904297,182.79476165771484,,303.14220428466797,118.40251922607422,,274.34621810913086,142.1516990661621,,271.9684600830078,155.84951877593994,,278.03802490234375,162.0421028137207,
1,0.04,372.0966339111328,113.68013620376587,60.300914545851306,365.5453109741211,149.04318809509277,105.64188610003266,344.5603561401367,172.44132041931152,147.70327159296662,321.71520233154297,186.7505979537964,179.79615151628775,303.37474822998047,196.28036499023438,217.89294468774085,334.43897247314453,163.92502784729004,90.4704029808117,298.69884490966797,192.9736089706421,139.23084224270448,289.5909881591797,204.8472547531128,105.70859277868696,291.16424560546875,207.35735893249512,150.6365860101993,320.66490173339844,145.71712017059326,55.53747396666305,282.9333686828613,178.45466136932373,37.802340452718425,276.6322898864746,192.74924755096436,50.2656055197091,279.73716735839844,196.73290729522705,152.66138377796278,310.4640579223633,129.67351913452148,39.482449261681715,273.0668258666992,158.67578029632568,41.06891774350132,272.9374313354492,171.74481868743896,118.87499685309557,280.2301788330078,174.5485496520996,222.09674175852214,305.16387939453125,116.92875623703003,62.545721265113194,276.21280670166016,140.2062177658081,67.40294162621728,275.33905029296875,151.55706882476807,136.44139068387557,281.2450981140137,153.7257957458496,222.8316093939176
2,0.08,374.14669036865234,115.020432472229,61.232781081060516,366.1970520019531,150.75615406036377,45.81906511988451,343.80126953125,173.33425998687744,29.299675244744037,321.18480682373047,188.2282018661499,39.24787188904399,302.92152404785156,198.1227207183838,47.43210139446289,332.77862548828125,166.40490531921387,74.60958545111642,295.50716400146484,190.6409454345703,98.83112551312976,285.54540634155273,201.85887336730957,125.74069436276633,287.5273323059082,205.48001289367676,102.32169399126514,319.69573974609375,147.3447847366333,47.358782825751284,281.1728096008301,176.07268810272217,74.04966628945415,275.53993225097656,189.04420852661133,96.56784977351973,280.4410171508789,192.6162815093994,104.40908841821377,310.2987480163574,130.6266689300537,24.18447200357586,272.8181457519531,157.1119737625122,39.58639819012847,271.95228576660156,169.93213176727295,51.577282198422445,279.407958984375,173.43993186950684,34.50614861302514,305.99178314208984,117.31523036956787,22.841667933056588,278.22704315185547,138.74349117279053,62.233017579176895,276.7847442626953,149.91055011749268,54.77827413486784,282.2957420349121,153.10778617858887,30.47323081151156
3,0.12,375.04154205322266,117.50710487365723,66.06956168219187,367.4052429199219,152.40004062652588,51.00299217123456,347.05833435058594,177.07765102386475,124.05000930358877,326.9291687011719,194.01992797851562,203.93286998982828,308.30127716064453,201.55746459960938,159.5681850421283,332.0159912109375,168.41920852661133,53.846009905048454,295.5474853515625,192.81280517578125,54.30584997704286,286.1821174621582,203.7573480606079,50.060009065351366,288.84395599365234,205.73670387268066,33.53531901062449,319.21871185302734,148.95976066589355,42.098863277805634,281.2779426574707,176.5920639038086,13.247739957082477,274.40128326416016,190.2470827102661,41.40824055125678,278.39427947998047,194.52070713043213,69.89265000484941,310.47754287719727,131.7061185836792,27.353920616784144,274.068603515625,157.0836067199707,31.269487002405977,273.09011459350586,169.27029132843018,32.90789424497946,281.0618782043457,172.47562408447266,47.862683079213866,307.02463150024414,118.37735652923584,37.03788356191075,279.05357360839844,137.9826021194458,28.08585884271837,277.96722412109375,147.8099012374878,60.26495837437249,284.3794822692871,150.0146484375,93.23851956709443
4,0.16,374.4158935546875,121.32757186889648,96.7839220423251,366.6252136230469,156.1543321609497,95.86171886312898,348.5591506958008,182.58715152740479,142.75644797296368,331.2298583984375,201.5284538269043,216.3242535640761,312.7255630493164,205.24314880371094,143.9587043153888,331.2253189086914,171.7335033416748,85.1825716134754,295.13206481933594,192.83692359924316,10.403001878835523,286.4508628845215,203.24475288391113,14.469319205089151,289.2693901062012,205.2468967437744,16.219301920235207,319.76524353027344,152.38024234771729,86.59673712792649,280.38381576538086,178.35270881652832,49.36682468928461,273.5322380065918,192.23844051361084,54.31819193789954,277.3422050476074,197.5893259048462,81.09902047011546,311.5656089782715,135.2293825149536,92.1862129392395,273.5375785827637,160.4082441329956,84.16947712578656,273.33744049072266,172.08868503570557,70.73062097071012,281.86901092529297,175.40642738342285,75.99782565294666,308.5113525390625,121.99211597442627,97.71394889503546,279.0074157714844,141.271333694458,82.22638687790122,277.63988494873047,151.09909057617188,82.63593891082024,283.69577407836914,153.69784355163574,93.65289350549227
5,0.2,371.8166732788086,125.52306175231934,123.38476760839319,363.8780212402344,159.78023529052734,113.72730403596998,346.9995880126953,186.31423473358154,101.00552270884731,330.03265380859375,204.6794843673706,84.26999872765492,311.53430938720703,207.05775260925293,54.2671186042736,332.02701568603516,175.48429012298584,95.8876921248921,294.9053764343262,195.54309368133545,67.89120035537421,285.75204849243164,205.14691829681396,50.66171392577744,287.71732330322266,206.62432193756104,51.87853316513766,319.75942611694336,155.85159301757812,86.78388860929614,278.61066818237305,183.04412841796875,125.38308854243942,271.1579132080078,195.9250545501709,109.62590166029574,274.1468048095703,200.44658660888672,107.16378064702465,310.29273986816406,138.50878715515137,87.94419596261108,271.8952941894531,164.38931465148926,107.66272713238176,272.36568450927734,174.72590446472168,70.26394881202779,280.9878921508789,177.298264503479,52.17409548477635,306.3068199157715,124.68222141265869,86.95052959859566,276.3458824157715,144.04242038726807,96.05558697520316,275.50458908081055,153.38622093200684,78.22425178668077,282.0709228515625,156.11855506896973,72.88683762950811
6,0.24,370.76698303222656,124.61530208587646,34.693994669376124,362.66845703125,158.97090911865234,36.383842809496485,345.7244110107422,184.67506885528564,51.919054563809496,328.66477966308594,201.00385665893555,98.0475609365306,310.7614326477051,203.27078819274902,96.62568869848334,330.66287994384766,173.4874677658081,60.457453269005036,292.6333427429199,192.73677349090576,90.26893882344866,284.435977935791,202.64546871185303,70.66333798440678,287.94593811035156,204.57891941070557,51.45347550764503,318.36360931396484,153.62783432006836,65.63824767345776,277.03380584716797,180.27756214141846,79.60992316733262,270.73354721069336,194.86063957214355,28.647270213818377,275.247802734375,200.870361328125,29.493446762477088,309.12113189697266,136.8056344985962,51.680473885756626,270.7689666748047,161.7059326171875,72.75452224891062,270.84190368652344,173.92902374267578,42.989292859973894,279.4660949707031,178.3290195465088,45.95053465631748,305.3976249694824,123.55135917663574,36.27572231552044,275.90980529785156,142.81195163726807,32.63641177331605,274.87051010131836,152.69195079803467,23.506211561515848,281.1176872253418,156.0126256942749,23.97758317053155
7,0.28,369.8255920410156,120.51265239715576,105.23174267626307,361.54396057128906,153.7305736541748,133.9906901353731,344.03675079345703,180.90840339660645,103.18662003444888,326.93553924560547,197.860107421875,89.69891194632322,310.6368827819824,202.58502960205078,17.42443531667474,330.09307861328125,165.64398765563965,196.6037477308791,293.3747863769531,186.1418867111206,165.91087649065045,284.90793228149414,198.2986879348755,109.30817680853502,287.9429244995117,200.63644409179688,98.56191176759941,318.6557960510254,147.1816062927246,161.32116427685912,276.1701774597168,174.2344093322754,152.61378924073597,271.76597595214844,191.28800868988037,92.97042717674775,279.464111328125,197.50133514404297,134.92496893357165,309.7367858886719,131.5094804763794,133.29543611968288,270.1980209350586,157.1075963973999,115.84114939202495,271.68174743652344,172.60634422302246,39.16965212479874,281.99594497680664,177.80811309814453,64.573042853275,305.9433174133301,119.05367374420166,113.26670542463644,276.44901275634766,137.3680830001831,136.76268318956537,276.6307067871094,149.95249271392822,81.40532448512594,284.5560073852539,155.07855892181396,89.07344672191043
8,0.32,371.59629821777344,110.93494892120361,243.50026211186372,365.56774139404297,141.71210289001465,316.85411826514746,349.30370330810547,169.0819787979126,323.6559782200775,333.8796615600586,188.37478637695312,293.8878932128325,317.9146385192871,192.81180381774902,304.63263819190075,331.6849899291992,153.99762153625488,293.86649330999467,296.1443901062012,177.95811653137207,215.99305424597287,288.79106521606445,192.3882007598877,176.79893246503184,293.0006408691406,196.77050113677979,159.1501056531586,320.1449203491211,136.6214418411255,266.61602120371157,278.8081741333008,164.7521209716797,246.0599761787369,272.99633026123047,182.13595390319824,230.85964153613446,280.05733489990234,189.7313404083252,194.81518870328455,312.45906829833984,122.68369674682617,230.90214371952302,273.4944725036621,147.52342700958252,253.38076066283674,269.15245056152344,164.7013521194458,207.4943415485922,275.6135559082031,173.72890949249268,189.36537480389723,310.54893493652344,112.51728057861328,199.9002069550833,277.5036430358887,129.56500053405762,196.85073818708395,270.9657859802246,143.10414791107178,222.19241982891603,274.38785552978516,152.08019256591797,265.0253678424502
9,0.36,375.06805419921875,96.69970750808716,366.3120149582244,370.41797637939453,125.8024263381958,415.814402255248,355.36659240722656,150.078763961792,498.6737399943948,340.8512496948242,168.2953691482544,531.3814762984359,329.6378707885742,178.66597652435303,459.3055931609162,335.4728698730469,130.49496173858643,595.1486432154704,300.8741760253906,152.96277523040771,635.9726613586946,292.04994201660156,169.53579425811768,577.0900931197938,295.53462982177734,177.28707790374756,491.1878974037996,322.56771087646484,114.32292938232422,560.7436868875019,281.8454933166504,143.004412651062,548.9695603015064,274.56111907958984,161.71879291534424,511.92591434821526,279.64550018310547,170.87509632110596,471.5185235695609,313.8886070251465,102.3960828781128,508.44791858253006,275.9487724304199,128.06988716125488,490.19371219508383,269.6855163574219,145.89818000793457,470.2681685737076,273.46296310424805,155.64067840576172,455.39073418837506,310.782413482666,95.12107372283936,434.9443392553125,280.0938034057617,112.85123348236084,422.8319256809123,272.05251693725586,127.37555980682373,394.1521501321406,272.98004150390625,136.92463874816895,380.5199993546236
10,0.4,379.72923278808594,81.58984422683716,395.31202408301857,373.56231689453125,106.410391330719,491.1325553035149,357.6051330566406,130.12990951538086,501.85148323680903,341.2856674194336,149.15576934814453,478.61323063867314,327.77515411376953,161.95654392242432,420.32342553755075,336.27750396728516,104.76227760314941,643.6315273701747,306.1543083190918,127.53291606903076,649.3061363902495,298.8525390625,144.56315517425537,647.0645395658541,301.01945877075195,155.3241491317749,565.9359442785101,323.6759567260742,92.08943367004395,556.5274816053346,287.1843719482422,115.08944034576416,710.5232683770873,277.1153259277344,136.88193798065186,624.1961508963257,277.3388481140137,153.3977508544922,440.722594388473,316.66805267333984,84.83857154846191,444.40375940837856,284.2445755004883,105.46695470809937,601.9306978689835,275.0943183898926,126.51741027832031,503.03415312654937,275.27198791503906,142.9837417602539,319.6390699039074,314.9648666381836,82.96540260314941,321.3771681842099,288.84748458862305,97.93004751205444,432.48462762539964,280.38896560668945,113.83992433547974,397.42122177798245,279.3459701538086,127.98022270202637,274.46268642356046
11,0.44,388.1736373901367,66.28096103668213,437.0854275860639,380.400390625,86.80277109146118,519.1447436591501,363.10009002685547,107.87884712219238,572.987963295303,346.10530853271484,128.14593315124512,538.8889945302834,333.7415313720703,144.1321563720703,469.91119449156537,338.1531524658203,75.4819107055664,733.5095189170742,311.7130661010742,95.83137273788452,804.6302091859079,303.83825302124023,113.01621437072754,798.4621225125783,302.1703338623047,128.4764814376831,671.8080892676572,327.724609375,66.96485996246338,636.2172350400955,296.04488372802734,89.18832778930664,684.3684591751329,286.12218856811523,110.40839910507202,699.0939829609487,283.2579040527344,128.53211402893066,639.0105231657114,323.2816696166992,64.01194095611572,546.2877394878204,294.0244483947754,84.96439218521118,567.8913759653727,284.59802627563477,105.42639255523682,578.3335392384638,282.16365814208984,123.01405906677246,528.1354853377768,322.8472900390625,66.15850925445557,464.0879918621931,299.32485580444336,81.65602684020996,483.8769577729198,291.832218170166,96.57769203186035,517.7672578821212,289.18540954589844,110.31598091125488,505.4948105528923
12,0.48,389.2258834838867,55.28264880180359,276.2133390353495,385.43296813964844,72.06469774246216,389.3405020684179,370.4435348510742,87.10055351257324,550.9444545584228,353.5767364501953,101.25081539154053,697.8402371041328,341.0659408569336,113.10604333877563,796.9734406869894,341.19327545166016,49.68545079231262,649.3745509262842,313.2388114929199,68.83178472518921,676.0665887396091,306.7108154296875,90.63258647918701,564.1799426919214,308.3530044555664,110.85841655731201,466.78529981255065,330.01171112060547,47.51482844352722,489.6009602742584,300.1899528503418,70.60715675354004,475.9474203425576,292.3944664001465,94.39070463180542,430.04941971904964,293.92587661743164,115.40629863739014,422.8568525029598,324.36676025390625,49.924081563949585,353.23965301937545,297.71387100219727,71.83505058288574,340.94670595885395,290.0966262817383,93.41806411743164,330.1841852448816,289.7522735595703,113.29068660736084,308.3535470232046,323.17115783691406,55.02530336380005,278.4478898221038,302.58541107177734,73.04970502853394,230.08150156176984,296.7139434814453,89.5936632156372,213.02567409912737,295.0638771057129,104.99472856521606,198.22983406581127
13,0.52,391.94313049316406,50.34547805786133,140.8880013172388,389.9121856689453,58.1744384765625,364.86529376321863,378.41087341308594,65.86740016937256,566.9685202116567,363.44276428222656,76.12939596176147,674.7333822283509,349.979248046875,86.7392349243164,695.8159019395231,346.9488525390625,29.582197666168213,522.7735252136351,318.8253974914551,43.81528973579407,640.8173319448479,309.2643928527832,64.81535911560059,648.5801735323763,306.4837074279785,84.68760967254639,655.9370226901764,336.4484405517578,32.529966831207275,407.72046437344994,310.22302627563477,48.624207973480225,604.1070887185759,303.16837310791016,69.74380731582642,672.4705444534393,302.8795623779297,88.35423231124878,712.3827891360869,330.9101104736328,38.28651309013367,333.77428009130455,307.97767639160156,53.63146662712097,522.4438785088196,302.9756164550781,72.38575458526611,616.5561775609975,302.63322830200195,89.57947969436646,674.6018864612877,329.5900344848633,44.457149505615234,309.11956969740527,311.30603790283203,55.590312480926514,487.90349997333004,306.645565032959,69.68872547149658,556.1270387918375,305.5459976196289,83.25417280197144,603.3897037585909
14,0.56,382.6508331298828,41.282243728637695,324.5082884092306,385.01636505126953,38.6506462097168,503.2069181754431,379.1716003417969,42.5220000743866,583.9447807022491,369.03411865234375,53.98285746574402,571.0365635446493,355.6805419921875,62.59909629821777,620.1063646353928,351.1867141723633,12.355223894119263,443.5144421026961,327.7690124511719,19.05739188194275,658.0946715183755,318.1509780883789,37.401509284973145,720.4558277948498,314.7593879699707,55.742268562316895,752.6285855339976,340.5745315551758,20.252705812454224,323.80141009872847,319.5851135253906,28.4153813123703,556.8018906503172,314.2738342285156,46.77305459976196,637.8610482718112,313.5361671447754,62.93458700180054,689.0761899161226,334.61456298828125,29.66030180454254,234.6999275363981,316.9757652282715,37.9707670211792,451.54119057688735,312.4102592468262,52.773553133010864,544.0880733000209,311.1326789855957,65.93644380569458,628.1091704253472,332.9789352416992,38.51489782333374,171.01718370397103,318.98948669433594,44.61575746536255,334.9218594699581,314.68358993530273,54.70236539840698,425.1476453620204,313.4705352783203,64.36684370040894,512.0604808606279
117,4.68,431.6459274291992,57.70099997520447,,448.79173278808594,60.65078258514404,,448.65772247314453,55.14380693435669,,433.8673782348633,47.03849673271179,,420.9228515625,41.07880711555481,,448.9120101928711,-0.18149301409721375,,433.38966369628906,-1.4460906386375427,,419.7563171386719,20.07451057434082,,413.98853302001953,35.38851857185364,,426.20418548583984,-10.752219557762146,,411.8585968017578,-11.861012578010559,,404.66102600097656,13.879660069942474,,407.2939682006836,28.412112593650818,,407.40074157714844,-12.79275119304657,,393.8780975341797,-9.694772958755493,,392.97698974609375,12.56727933883667,,399.77222442626953,25.80629289150238,,394.0122985839844,-10.411364436149597,,385.94390869140625,-2.8159698843955994,,387.34230041503906,13.351016342639923,,394.20875549316406,23.243547677993774,
118,4.72,430.5275344848633,47.53030300140381,255.80006805953244,448.49708557128906,53.40559244155884,181.27947553272259,451.9584655761719,51.16608381271362,129.2216754859562,429.3760681152344,51.049439907073975,150.53972012944706,409.7465515136719,51.823718547821045,387.5909606697836,449.88075256347656,2.6634174585342407,75.13312093334082,424.6232223510742,12.440147995948792,410.5469806214101,411.2272262573242,34.30013179779053,414.6637873441495,406.10618591308594,50.882792472839355,434.60033337607405,429.6558380126953,-7.536250948905945,117.94161495019534,401.9306945800781,-1.8563872575759888,352.36324503762535,395.42884826660156,24.852742552757263,358.50526922012097,398.88328552246094,43.381361961364746,429.256631971597,412.2966003417969,-7.512039542198181,180.02664487304173,385.64327239990234,3.5143107175827026,389.14347977371244,386.38526916503906,28.355582356452942,427.7274923905779,393.6817169189453,43.87525677680969,476.69548559937124,398.49239349365234,-0.7737421989440918,265.70073953923105,379.52720642089844,14.5096555352211,461.8924145629102,382.95825958251953,32.53833889961243,492.044942641488,390.9912109375,43.35880994796753,509.2742195747255
119,4.76,424.65015411376953,45.0748085975647,159.24245035833587,444.9699020385742,50.037667751312256,121.92195350055732,449.8196792602539,50.4577374458313,56.32584598029434,425.91053009033203,55.9647274017334,150.3537598407489,406.1160659790039,57.801586389541626,174.8487366813642,441.66343688964844,3.0077308416366577,205.6131510098588,421.27784729003906,19.13171410560608,187.03039742731318,405.9743118286133,42.47232913970947,242.8707467340224,400.2606964111328,59.503594636917114,260.3939053021546,420.6450653076172,-4.890764951705933,234.77731590802472,396.73946380615234,4.586344957351685,206.84788393500205,390.8004379272461,29.981178045272827,172.70464829866688,394.1071319580078,49.1191828250885,186.63840563945752,402.81368255615234,-1.440916657447815,281.4962952809426,381.5352249145508,21.104963421821594,451.5993223416157,386.22745513916016,45.17011642456055,420.3818659819273,395.2477264404297,59.161527156829834,384.1569080080274,389.75608825683594,9.141305387020111,330.3702447848856,375.50010681152344,32.74387836456299,466.840720598258,381.8584442138672,49.4598913192749,423.93139932696425,390.89073181152344,57.63869047164917,357.0058506395407
120,4.8,425.69896697998047,46.6644287109375,47.61105788816924,445.1646423339844,52.264394760131836,55.88065941396355,449.66434478759766,50.71622371673584,7.539228684086781,425.64151763916016,53.071603775024414,72.64008887275696,405.56835174560547,54.30091381072998,88.58152807411027,444.8252487182617,4.207838773727417,84.5477420168112,419.72591400146484,17.962254881858826,48.58067908253443,406.163330078125,41.02234125137329,36.556401414202526,401.88880920410156,56.086134910583496,94.63674711674092,423.92242431640625,-4.57032322883606,82.32468102825634,396.5413284301758,3.3324623107910156,31.736013834437383,390.9181213378906,30.828795433044434,21.393699732539414,394.9979019165039,47.823811769485474,39.30217305262231,406.5560531616211,-3.309125304222107,104.56917954325371,381.00719451904297,14.833833575248718,157.33301793321485,384.91588592529297,39.41222906112671,147.63443173247913,394.6407699584961,51.46148443222046,193.0981844356825,393.4730529785156,4.675297737121582,145.26065165583285,375.609130859375,25.391387343406677,183.83248226849443,380.7527160644531,42.69176959991455,171.44624950054313,390.2692413330078,50.055001974105835,190.22779378066815
121,4.84,423.8176727294922,46.598689556121826,47.06106201917451,443.2372283935547,51.4808464050293,52.01485678718743,449.8039245605469,50.24062156677246,12.391527298580465,427.94986724853516,53.54841470718384,58.927002427412546,408.9520263671875,55.38840293884277,88.85341351244554,442.7208709716797,2.1653223037719727,73.3155816928985,419.41978454589844,17.57189691066742,12.40198041740852,405.30811309814453,39.65522289276123,40.31445684631203,400.3421401977539,54.6068000793457,53.50593750994951,421.3790512084961,-5.89232325553894,71.66079313614848,396.6727828979492,3.6217081546783447,7.942899159929377,390.7554626464844,28.67563784122467,53.98232039925824,394.1020965576172,45.184879302978516,69.67079644565334,403.4269714355469,-3.1713688373565674,78.30281481456657,381.27742767333984,17.50734508037567,67.17835275280007,385.47229766845703,40.49550533294678,30.445458497730588,394.97425079345703,51.94250822067261,14.632868659782275,390.13553619384766,6.227118372917175,92.01618598656114,375.325927734375,28.702926635742188,83.09067522401257,380.9017562866211,44.86348628997803,54.42062091778802,389.9173355102539,51.30993604660034,32.583519937191326
122,4.88,424.55894470214844,46.47127389907837,18.803571587359144,441.23790740966797,50.395824909210205,56.869126306586914,444.9076843261719,46.34758114814758,156.3828078261792,422.33131408691406,45.06474494934082,254.3874900988925,403.0382537841797,46.195857524871826,273.26223365964466,443.9483642578125,1.2937062978744507,37.636868802726866,417.60009765625,8.983917832374573,219.4661776697523,404.5487976074219,29.704822897911072,249.4832410102498,400.07625579833984,44.9717903137207,240.96694236131864,424.38167572021484,-9.87937331199646,124.7806127546267,397.4557113647461,-2.6064079999923706,156.92834316215644,390.53009033203125,24.33993637561798,108.5388751755159,393.0887222290039,43.23954105377197,54.83650947201142,407.49156951904297,-10.62427282333374,212.23032212162002,381.4558792114258,2.28091299533844,380.68694404958296,381.93836212158203,27.063691020011902,347.2232136776616,388.5204315185547,43.62339735031128,263.2244632752447,393.70262145996094,-4.405052661895752,280.3648941661088,375.02613067626953,12.166187167167664,413.48641946226536,377.5801086425781,30.369025468826294,371.75490713563454,384.89349365234375,41.97921395301819,264.9308421562035
123,4.92,424.60987091064453,42.34569311141968,103.14737731218102,441.9889450073242,45.49249291419983,124.0129079128099,444.7913360595703,39.03785705566406,182.76624966636896,420.7513427734375,37.454352378845215,194.31672668041145,401.10836029052734,37.670345306396484,218.53038616547985,444.38262939453125,-4.565207362174988,146.874639329096,416.64051055908203,4.162931442260742,122.88896708694507,403.45149993896484,23.727428913116455,151.93193587643964,398.87184143066406,37.47511625289917,189.8202043106487,424.60742950439453,-13.502059578895569,90.74283910952302,396.46251678466797,-4.373592138290405,50.678985120491085,392.1438217163086,19.491409063339233,127.75060195189553,395.8164978027344,34.96568441390991,217.7978754453744,407.5454330444336,-12.852482199668884,55.721507877094446,380.8399200439453,1.1961311101913452,31.18650984747368,383.2664489746094,22.824597358703613,111.05665715786748,390.6707763671875,34.59228157997131,232.08973887448806,393.7424850463867,-5.921335816383362,37.92017693545237,374.6181869506836,9.932799339294434,56.7584755396564,378.8760757446289,25.728843212127686,120.44402772911388,386.50264739990234,33.61083984375,213.0420454627912
124,4.96,430.40443420410156,45.77469348907471,168.32819013729906,446.15211486816406,43.137781620025635,119.57384896246323,446.42356872558594,32.30489730834961,173.19954249897208,422.6374053955078,30.766650438308716,173.71418598488583,403.5850143432617,33.06114435195923,130.81128758470854,440.0907516479492,-6.557367146015167,118.29231588515219,417.87384033203125,-2.7058348059654236,174.46534774421167,407.22808837890625,11.599624156951904,317.55537750165183,402.71080017089844,25.35797953605652,317.7682001316744,421.79798126220703,-11.832256615161896,81.70542119110041,396.3254165649414,-5.009281039237976,16.257629920997907,393.3192825317383,13.316199481487274,157.1522381092751,397.0395278930664,28.058534860610962,175.3648296293606,406.28482818603516,-9.689865410327911,85.11488399965347,383.0202102661133,-0.9102264046669006,75.78921193547707,386.01234436035156,16.312149167060852,176.6916857803999,393.3578109741211,27.520265579223633,189.13217153238696,393.87168884277344,-2.6097679138183594,82.85218612949929,377.9060745239258,7.518793344497681,101.97312647578731,382.6206970214844,19.731080532073975,176.76846734026785,390.1214599609375,25.76057195663452,216.10545783740395
132,5.28,424.94285583496094,76.79366827011108,,440.08968353271484,71.3371753692627,,439.7564697265625,66.00099563598633,,420.01697540283203,70.61073303222656,,402.50404357910156,78.70599746704102,,431.10294342041016,13.303307890892029,,413.3601379394531,24.560043811798096,,404.9263000488281,45.39059042930603,,403.92539978027344,61.887145042419434,,409.42882537841797,9.785379767417908,,395.39318084716797,25.3897887468338,,391.36505126953125,49.170377254486084,,394.02942657470703,65.18229961395264,,392.4408721923828,13.41562271118164,,381.4902877807617,27.83080279827118,,379.98016357421875,48.99472117424011,,383.9054870605469,64.1041088104248,,380.4304504394531,21.950429677963257,,373.7366485595703,32.226959466934204,,375.1095199584961,47.54241228103638,,380.2234649658203,59.004220962524414,
133,5.32,410.1848602294922,85.18465518951416,424.41658174238756,430.7327651977539,85.67237377166748,427.967459308705,434.9851989746094,82.2119951248169,422.4641471587472,415.8115005493164,89.19060945510864,476.2469334764278,398.3627700805664,96.7451548576355,462.71032079497985,414.37931060791016,35.849372148513794,701.7856278612331,399.2472839355469,57.153518199920654,887.9425730392048,393.18992614746094,80.32514333724976,921.3324112496709,393.18321228027344,99.66145992279053,981.8011054200914,395.3416061401367,33.149614334106445,682.0635980036268,381.1239242553711,56.39862298965454,853.360813482957,379.16053771972656,81.76241397857666,870.0542399801274,382.2810745239258,102.68946647644043,982.6022026866971,381.33296966552734,38.341755867004395,682.2287064503774,368.1195068359375,59.29727911949158,854.7356737423266,370.1648712158203,81.5912389755249,851.0555713532721,375.96824645996094,99.49340343475342,906.7117659292023,372.07881927490234,48.348190784454346,692.1847362446266,361.6743469238281,61.7997407913208,798.4549595983864,365.08052825927734,78.29216480255127,808.5975337882136,370.97755432128906,92.3957347869873,866.1986128827328
134,5.36,402.4318313598633,90.45023918151855,234.30193051668425,418.4347152709961,94.52862739562988,378.8760188479991,419.93831634521484,98.08496475219727,546.7859736990989,406.1003112792969,107.98041343688965,528.7744856693965,391.31446838378906,117.10354328155518,538.5991877244973,406.67625427246094,64.9282693862915,752.0469323255118,388.59100341796875,93.20682048797607,939.8792875760753,382.45391845703125,115.92349290847778,929.5510856470975,379.65965270996094,133.0303144454956,900.1274616718339,390.18089294433594,60.23855924606323,689.4036812403265,373.55716705322266,91.4302396774292,895.9875774513553,371.2607955932617,114.93196964263916,852.4323098551522,370.3750991821289,132.75193691253662,808.3565030204157,376.7299270629883,63.34207534790039,635.513559723383,362.1985626220703,94.41357135772705,890.2989529312908,365.6246566772461,114.21253681182861,823.3933676337185,369.08870697021484,126.8994140625,706.4070542714442,366.31446838378906,71.4171552658081,594.456087233237,356.8003463745117,93.2746410369873,796.2510701835014,358.6460876464844,108.77501964569092,778.8639424618244,360.7471466064453,119.76536750793457,730.478455060227
135,5.4,407.43255615234375,112.53825187683105,566.1755211937456,391.7616271972656,114.63027477264404,834.9887179847113,375.52398681640625,117.22360610961914,1209.0596192138382,363.8112258911133,122.97424793243408,1121.712367278501,354.73453521728516,127.606201171875,951.4453916367816,376.1686325073242,87.2777509689331,945.4543592823109,358.56029510498047,105.67900657653809,812.9417520675695,352.0126724243164,120.52851676940918,769.6897527510779,347.13733673095703,132.59668350219727,813.1301680977801,383.63590240478516,87.76790142059326,707.4167714849779,363.61644744873047,107.06482172012329,463.1806221017266,353.9723205566406,124.13397789001465,489.6225107650773,346.53072357177734,137.99560546875,610.3535390323736,390.5592346191406,93.10285091400146,820.4242461138974,370.92308044433594,115.740966796875,576.0723736263631,363.7847137451172,133.14409732818604,475.5190411395179,359.1020202636719,143.63170623779297,487.14956174542306,396.42528533935547,101.90568923950195,1071.2761086657088,380.3143310546875,119.62984085083008,883.0005778477439,371.66465759277344,133.04131507873535,688.4476457446737,365.9776306152344,141.55978202819824,560.3316357564945
137,5.48,406.84959411621094,130.36148071289062,,405.57579040527344,163.60117435455322,,382.9232406616211,190.71710586547852,,355.9217834472656,208.98086071014404,,336.83372497558594,225.4238748550415,,378.37921142578125,144.8900270462036,,344.0395736694336,182.50847339630127,,332.37327575683594,209.79261875152588,,324.9349594116211,229.82437133789062,,360.24330139160156,133.42248916625977,,326.51607513427734,176.5330696105957,,321.06212615966797,206.0949182510376,,322.5392532348633,224.45945262908936,,345.52223205566406,131.46570682525635,,312.65493392944336,172.48841285705566,,313.2249069213867,197.69082069396973,,319.71160888671875,212.27411270141602,,334.7964859008789,136.2402105331421,,310.36388397216797,168.19101333618164,,310.1142120361328,189.3971872329712,,315.75077056884766,201.73202991485596,
138,5.52,393.1939697265625,145.6807279586792,513.051784453067,393.9360809326172,176.5644121170044,435.55164008823607,371.31919860839844,204.0616750717163,442.1052754103299,343.68167877197266,221.9910478591919,446.5738545550015,323.70521545410156,238.37782859802246,461.0874915830754,364.39579010009766,162.40714073181152,560.3488555389483,330.06622314453125,199.0954828262329,542.2081050669278,319.0887641906738,224.7064733505249,499.3128444119348,313.8552665710449,242.68878936767578,424.45026555429337,347.69493103027344,148.78729820251465,495.9454074326363,312.5037956237793,191.54598712921143,513.402662087154,305.69812774658203,219.60548400878906,511.48548020192715,306.4768600463867,237.31690406799316,514.3652231421925,334.63966369628906,145.11354446411133,436.3869887446638,303.00140380859375,184.30654048919678,381.49277886655995,301.5225601196289,208.95532608032227,406.0741944735721,306.11392974853516,223.66290092468262,443.4251452749729,325.40042877197266,148.30312728881836,382.26287602908593,302.0645523071289,178.1078338623047,323.28609179182865,300.53638458251953,198.27073574066162,326.41484518316884,304.2397689819336,210.53051948547363,362.2124516928964
139,5.56,384.6534729003906,156.29891395568848,340.6665891169618,385.7184600830078,186.8239974975586,328.62248915816775,362.35748291015625,213.87262344360352,332.1963427439756,334.8520278930664,231.73494815826416,328.73462671434396,315.80772399902344,247.81399726867676,307.6236036783321,355.4880905151367,173.0133819580078,346.26531089269093,321.34300231933594,209.56149101257324,340.6170035039942,311.1696243286133,234.1536283493042,308.18167706508467,307.32227325439453,251.94823265075684,283.30338374699295,339.4042205810547,159.42852973937988,337.2422055937322,304.53617095947266,201.42614364624023,317.31346448765606,297.80900955200195,228.66547107696533,300.33476276853935,298.3906364440918,246.45893096923828,305.1266827169914,326.9005584716797,155.2112102508545,318.0571922020664,296.55479431152344,193.7369155883789,285.58136813239355,295.23773193359375,217.04725742340088,256.14744068246125,299.8204803466797,230.96234321594238,240.94781999577543,318.338680267334,157.62216567993164,292.31058875557534,296.88114166259766,187.06624031066895,258.74793719459655,296.4308166503906,206.1670732498169,222.49695799018485,300.1349639892578,217.637357711792,205.17762670877994
140,5.6,378.6589050292969,162.1375036239624,209.20082049854707,379.24861907958984,194.2653751373291,246.51691598547671,354.4957733154297,222.5420093536377,292.57982864608385,325.9762191772461,240.43261528015137,310.6740592274618,306.39904022216797,255.0336742401123,296.4867893186179,348.2944869995117,183.61101150512695,320.2125110356256,313.2049560546875,219.70597743988037,325.13305149524643,302.9481887817383,242.66733169555664,295.8833671392009,299.0991973876953,259.4090938568115,277.5826753481552,332.64015197753906,168.79826545715332,288.90371611272275,296.186466217041,209.88324165344238,297.11117025998027,289.030704498291,236.0359239578247,286.5552033258331,288.2231140136719,253.2634735107422,305.85976318019164,320.81424713134766,162.70800590515137,241.40879594287105,290.7275199890137,200.0329828262329,214.4725924992518,288.4736633300781,222.96049118041992,224.60932407490256,292.01560974121094,236.8887233734131,244.99743230666292,313.2073402404785,163.1059455871582,187.75398221827223,293.30162048339844,191.1827516555786,136.37869501205498,292.9791069030762,209.89481449127197,127.00973127813538,296.3406181335449,221.30174160003662,131.8729733332242
141,5.64,373.515625,165.7060718536377,156.5008160314426,374.339599609375,199.69070434570312,182.9150574347707,349.6621322631836,228.88227939605713,199.3161904373928,321.3519287109375,246.7767333984375,196.26496283016064,301.9367790222168,260.9559917449951,185.3807225098376,343.1639099121094,192.08358764648438,247.62290852331915,306.4031410217285,228.9666223526001,287.2544951150336,295.9839057922363,251.1178493499756,273.7613995178015,292.78968811035156,266.3562297821045,234.61751437896618,327.9591751098633,176.39370918273926,223.05031638659827,290.40225982666016,217.26239204406738,234.39937080491475,282.8277397155762,243.26814651489258,238.19872901970157,282.58501052856445,260.32227516174316,225.85240154932293,316.37826919555664,169.49003219604492,202.59840333958104,284.9957466125488,207.3687744140625,232.73786791584672,282.58371353149414,230.35318851470947,236.30420344633544,286.78157806396484,244.0535545349121,221.82466777164768,308.7001609802246,169.0857696533203,187.20470204149936,287.67433166503906,198.01591873168945,221.30091467173946,286.2228584289551,217.1698522567749,248.20992618844522,289.32472229003906,228.81096839904785,256.91837420413225
142,5.68,371.77562713623047,170.84898948669434,135.73226022745902,373.304443359375,205.55461406707764,148.86442171138594,348.7893295288086,234.96817588806152,153.70410031234502,319.6517753601074,253.2194995880127,166.5828577425361,299.186954498291,266.48448944091797,154.36527638649812,341.42234802246094,200.1328468322754,205.88772919894484,303.45422744750977,238.06700706481934,239.15619004455698,293.44587326049805,259.85578536987305,227.47683263903946,291.05804443359375,273.7711715698242,190.36141865299203,326.0447311401367,184.32751178741455,204.0378633415482,288.2758140563965,226.04084014892578,225.80816352543073,281.23680114746094,251.83221817016602,217.76479404993142,282.14324951171875,267.8348922729492,188.13985598416966,314.0882682800293,177.65071392059326,211.89742566052647,281.214542388916,216.6070318222046,249.5532324473964,279.59407806396484,239.6471357345581,244.07398360184925,285.05224227905273,252.10824966430664,205.9561784161706,306.1356735229492,177.83705234527588,227.98237962757653,283.05410385131836,207.24876880645752,258.10853525433714,282.04301834106445,226.23554706573486,249.57199052770963,286.65897369384766,236.71972274780273,208.64834489974652
143,5.72,370.987548828125,172.85734176635742,53.93599388936791,375.87501525878906,208.42761039733887,96.37799218361432,353.4965515136719,237.59058952331543,134.71031903947127,324.55516815185547,253.2491111755371,122.58705507791805,305.4396438598633,264.61392402648926,163.16237928436473,344.5161819458008,206.78067684173584,183.31232258752294,305.63087463378906,247.18265533447266,234.2979357964597,295.5332565307617,269.000301361084,234.49325900557517,295.2384567260742,281.70865058898926,224.2758069247648,327.1635055541992,191.20513916015625,174.20070046473475,288.3576202392578,233.8980531692505,196.44097188836784,280.8565902709961,259.9130058288574,202.24318513772212,283.8008117675781,275.5437469482422,197.1261541450612,313.86287689208984,184.62256908416748,174.38743808617238,280.30038833618164,225.6256914138794,226.6217918452441,278.16112518310547,249.01448249816895,236.90786625354704,284.2582893371582,261.518497467041,236.09204373349036,305.34393310546875,184.8601770401001,176.69028936199692,283.26011657714844,216.1993646621704,223.8241600781581,283.1649589538574,234.6452808380127,212.10606553565455,289.134521484375,244.38008308410645,201.26080304110374
144,5.76,373.26942443847656,174.03888702392578,64.2407848294193,378.30841064453125,210.2686357498169,76.28395740512146,357.20630645751953,236.4492130279541,97.03421447988538,329.28104400634766,248.78185272216797,162.57748283755024,310.66741943359375,256.5439224243164,240.38323998924787,347.79308319091797,211.75835609436035,148.98693842133252,308.89760971069336,254.1973114013672,193.45050691245484,297.2147750854492,276.3834857940674,189.30616244130618,293.1264877319336,290.0397777557373,214.86637257365726,330.8125305175781,195.74735641479492,145.66039435039406,290.86477279663086,238.9566421508789,141.14517444592875,282.2779655456543,264.4291591644287,118.36371018443892,283.28405380249023,280.06115913391113,113.67181832393653,317.6604461669922,188.0837917327881,128.4562051367278,281.6854476928711,228.80430221557617,86.68173124358599,277.9539680480957,252.58326530456543,89.36975438388195,282.1146774291992,266.33188247680664,131.7282886858874,309.4927978515625,187.33221530914307,120.73745246658272,285.33573150634766,218.53431701660156,78.10321629012094,282.58811950683594,237.31462955474854,68.27410892488513,285.82712173461914,247.7533721923828,118.10475358950707
145,5.8,376.9486999511719,169.9867343902588,136.8324917208393,378.81797790527344,206.71717643737793,89.69574279588797,356.32373809814453,232.3903226852417,103.84338484929445,329.0671920776367,245.35008430480957,85.9606273163474,311.6561698913574,253.6758041381836,75.84412457046892,347.36366271972656,209.71086502075195,52.30094189869051,310.3365707397461,251.5942668914795,74.35745407989107,296.36566162109375,271.867618560791,114.87506948836011,287.60257720947266,285.72927474975586,175.16781886367167,331.0219192504883,192.88772106170654,71.68227637508548,291.54096603393555,236.43485069274902,65.2718806822348,282.5179862976074,260.73695182800293,92.50001681258126,281.17366790771484,275.3005886077881,130.18438932687548,318.47076416015625,183.96995544433594,104.82206428703114,281.2743377685547,223.31342697143555,137.65609847684695,277.6686096191406,245.8802890777588,167.72619005784156,280.4830741882324,258.0289649963379,211.54279682756703,310.7458686828613,182.1531057357788,133.2135561822755,284.5665740966797,211.82443141937256,168.8456540911484,281.749267578125,231.124906539917,156.1576598318134,284.1963005065918,241.63341522216797,158.33795185272598
146,5.84,381.35120391845703,158.58126640319824,305.6414782733854,381.5891647338867,194.31511402130127,317.6974077358645,361.39869689941406,219.61233615875244,343.72240480666596,335.0968933105469,234.8038673400879,303.7062614858533,317.61165618896484,246.47114753723145,233.68634665218613,350.75172424316406,195.16735553741455,373.32344302437883,316.18473052978516,235.20249366760254,435.0942443546277,301.60173416137695,255.4492950439453,430.8260980016447,291.7391777038574,270.4527282714844,395.6674234386541,333.35445404052734,178.8531732559204,355.67651266603804,296.6287040710449,222.8689670562744,362.213919159503,287.7653121948242,248.13228607177734,341.33197540826,285.99599838256836,263.6895561218262,314.3156719354404,320.63079833984375,170.43625831604004,342.6247086991309,285.5116653442383,210.56997299194336,335.7366567630461,282.4776077270508,233.0262279510498,343.10471274365943,285.8061981201172,245.0983715057373,349.5853762078072,313.58386993408203,169.76065635681152,317.83157166197805,287.19970703125,200.3517723083496,294.2737842223385,283.91624450683594,220.10388851165771,280.80089408331384,286.1948585510254,231.1657190322876,266.4194270560593
147,5.88,385.3155517578125,145.68180084228516,337.3724439960468,383.68114471435547,180.02984046936035,360.94097569102684,362.4249267578125,201.34167194366455,457.48655621146514,335.81695556640625,215.21970748901367,489.9348213823579,318.30089569091797,226.07776165008545,510.1257437100056,353.92555236816406,168.52492332458496,670.770256487952,321.9346237182617,205.62383651733398,753.3086313440953,307.8904724121094,226.59682273864746,738.2468197163994,299.14939880371094,242.72503852844238,717.5201021727154,336.46697998046875,154.70861434936523,608.6088350281531,303.5232734680176,195.80108642578125,698.3038598079542,294.3310356140137,221.82799816131592,677.7832832540114,292.3060989379883,241.11820220947266,585.9198891786675,323.6424255371094,149.03650760650635,540.2656920473814,291.7498970031738,187.38232612609863,600.3033094849138,286.0890769958496,211.7451524734497,539.6334889086704,288.1761169433594,229.26072120666504,400.34959896356634,316.68752670288086,151.74256324768066,457.08612743375545,292.77807235717773,180.99527835845947,503.6070006349484,288.438663482666,201.4050579071045,480.94863250320475,290.92296600341797,215.92904090881348,398.835304605583
148,5.92,382.35485076904297,136.51634216308594,240.79475589312725,376.7448043823242,166.46198272705078,380.95240919742287,356.4485549926758,183.93499374389648,460.10152780758904,332.4367141723633,193.1639528274536,557.8319334558404,315.8496856689453,201.4997148513794,617.4994003090227,353.42567443847656,147.85885334014893,516.8028677275049,318.72352600097656,178.59203338623047,680.5464390237689,304.6466255187988,199.29970264434814,687.2296323418033,296.9754981994629,214.3388271331787,711.7332897642149,338.3057403564453,132.14924812316895,565.854466850746,302.6158905029297,165.55705547332764,756.4409891468335,292.5035285949707,190.1595640182495,793.0280192789476,291.0466003417969,207.49016761779785,841.2903211780866,326.59534454345703,125.11340618133545,602.6164371187235,293.12232971191406,155.9278678894043,787.1096312236182,286.8557929992676,178.53758811950684,830.4103593070545,289.0030288696289,194.0782928466797,879.8036175190279,319.0125274658203,126.34695053100586,637.5454757324198,291.90189361572266,149.66131210327148,783.6553493358214,286.7627716064453,168.25528621673584,829.8026786171628,289.05168533325195,180.86349964141846,877.8859107687058
149,5.96,379.46887969970703,119.1504693031311,440.1011028737885,374.2823791503906,147.6793670654297,473.5835387731485,351.10511779785156,163.52025032043457,527.561649300826,325.99170684814453,169.75536346435547,606.9906174003974,310.5390930175781,175.4765510559082,663.987692014448,351.25492095947266,123.47531318664551,611.9993878081707,316.2006950378418,152.30183601379395,660.2741636766408,301.6255760192871,173.50406169891357,649.2985791723061,293.5707092285156,189.1055202484131,636.549469934115,335.4724884033203,110.22165298461914,552.7469726228944,300.7284736633301,141.43113613128662,604.9908710184565,290.18245697021484,165.50000667572021,619.2137866968571,288.81553649902344,182.24731922149658,633.5312941309512,323.9506149291992,105.57204723358154,492.9878955521461,293.36809158325195,134.00691032409668,548.0583793478464,286.7339897155762,155.0670862197876,586.7704488685516,287.6397132873535,169.15223121643066,624.082916051549,316.26670837402344,107.56662368774414,474.49986750828816,292.61653900146484,127.85139083862305,545.5406627818445,286.5948677062988,145.3719663619995,572.0983958714261,286.97254180908203,157.489914894104,586.6468815085808
150,6.0,381.7163848876953,107.90467500686646,286.7045178881176,373.0247497558594,135.66039562225342,302.1147404607599,344.60193634033203,152.06445693969727,329.32371142575136,316.4538383483887,161.13224029541016,321.4509961734414,299.27133560180664,171.73338890075684,296.8307810230758,343.6360549926758,115.05296230316162,283.9268314906781,307.69214630126953,143.60069274902344,304.246297960927,294.59829330444336,163.27264308929443,310.3069338570307,287.98656463623047,177.70341396331787,317.40224731812646,332.2569274902344,99.81564044952393,272.2876797459867,293.69794845581055,128.65785598754883,364.50734759738873,285.97740173339844,150.01160144805908,401.22716916426987,286.700439453125,165.09926319122314,431.9501281477451,324.07970428466797,93.85540723800659,292.93377755006543,291.3435745239258,121.8268632888794,308.6788532435532,286.7743492126465,141.34620666503906,343.02347281647513,288.7379455566406,154.13592338562012,376.4103603341087,318.5930061340332,94.9346923828125,321.108772225957,294.9472427368164,116.53226852416992,288.91468233668525,291.5018844604492,134.03859615325928,308.75161306650824,293.0583190917969,145.7607650756836,330.3498529946695
151,6.04,382.7203369140625,104.14144992828369,97.37101295855787,372.7745819091797,132.4614143371582,80.21870579041159,344.9528121948242,151.2084674835205,23.12779461966981,317.82819747924805,162.05524921417236,41.388468236115564,300.91331481933594,174.09459114074707,71.89998161045064,337.71121978759766,118.48223447799683,171.14244771613522,304.04855728149414,147.55050659179688,134.34277599110155,293.8844680786133,167.25045204162598,101.03375213969441,289.1886520385742,181.37967109680176,96.6950122626702,327.68768310546875,101.67147159576416,123.29361168331963,290.57838439941406,132.72886276245117,128.220454840632,284.5652389526367,154.1760778427124,109.93483115291926,286.0934257507324,168.21438789367676,79.34287754238348,321.30496978759766,93.6186933517456,69.62033194935235,288.0994987487793,122.78251647949219,84.54769606419161,286.25951766967773,141.06675624847412,14.64462471680956,290.83044052124023,151.93532466888428,75.91594813086931,317.6645278930664,92.66554355621338,61.293903862889195,294.52709197998047,114.45066690444946,53.08949967797687,291.75537109375,130.1986026763916,96.20877485853508,294.49594497680664,140.24146556854248,142.58645455209412
152,6.08,383.2035446166992,106.55792713165283,61.60789193708362,372.59056091308594,135.41117191314697,73.88730220793386,345.8962631225586,155.81966400146484,117.6680526421276,319.41673278808594,167.89648532867432,151.3346535265192,302.8738784790039,179.70285415649414,148.52698390655965,333.52073669433594,123.26525688171387,158.97612216417014,302.3812675476074,153.84379863739014,162.7601376025689,295.19304275512695,173.58017921447754,161.58939818013337,292.31639862060547,186.55930995941162,151.2685059514756,323.17352294921875,107.45612382888794,183.43909645720794,288.33818435668945,140.47566890716553,201.60527906531775,285.6054496765137,161.18857383728027,177.23067317746356,288.9653968811035,173.36371421813965,147.4020432556218,317.5684356689453,100.00895977020264,185.06281386111968,286.18688583374023,129.678955078125,178.91854555126255,285.1958656311035,147.76948928833008,169.6650852833675,289.7229766845703,158.45880031585693,165.42031817875522,315.5339241027832,99.35076713562012,175.41323855724409,293.73287200927734,120.70013523101807,157.49333264984554,291.4179801940918,136.24279975891113,151.3401611261651,294.15348052978516,146.42187595367432,154.74728274294347
153,6.12,382.2555160522461,111.14017009735107,116.9821267216441,372.7075958251953,141.38204097747803,149.30039884834127,347.05078125,162.96921730041504,181.05424684524877,320.5331039428711,177.35718727111816,238.15851575027338,304.7547912597656,192.9485034942627,334.4632446809004,331.4741516113281,132.80247688293457,243.85840647504128,300.4987907409668,163.2857322692871,240.69408701280844,294.81542587280273,181.94040298461914,209.2186894087394,293.68757247924805,193.87009620666504,185.95650248051038,320.67359924316406,116.64264678955078,238.01499774551993,286.6029357910156,150.39369106292725,251.7169182172374,285.0625228881836,170.8344841003418,241.52944217595146,288.9626693725586,182.77579307556152,235.30198131554098,315.11951446533203,108.14976453781128,212.52928816669353,284.3699073791504,138.98756504058838,237.10708305757677,284.74903106689453,156.76730632781982,225.2226295855723,290.4570007324219,166.92684173583984,212.4948775755703,313.1907653808594,106.10852479934692,178.81149543196688,291.88793182373047,127.96907901763916,187.48557954764004,290.5605697631836,143.01591396331787,170.67921056943072,294.17524337768555,152.52166271209717,152.49563952737202
154,6.16,381.3502502441406,115.08446931838989,101.17127349330775,372.3360824584961,146.68649196624756,132.93612769365558,347.68836975097656,169.95494842529297,175.36917924350655,323.0870819091797,186.94031238555908,247.9403789364215,309.46754455566406,203.80974769592285,295.9905712561825,327.6792907714844,144.36006546020508,304.116366004891,298.1222343444824,173.15340042114258,253.74556038088323,294.03345108032227,189.25370693206787,183.87478620627283,294.4598388671875,198.23997974395752,110.93995420789824,316.7784881591797,128.01115036010742,300.43173495647994,285.7205581665039,158.7599515914917,210.31658503321623,285.0347900390625,177.2360372543335,160.04033064805384,290.2329635620117,187.61767387390137,125.14356004478032,312.1055603027344,118.53763818740845,270.40691403678426,284.12864685058594,147.13904857635498,203.87632659978752,284.2195129394531,163.95987510681152,180.30085116239607,290.34006118774414,174.04967308044434,178.0947802800339,310.9568786621094,114.87181663513184,226.08838657611062,291.23308181762695,135.44498920440674,187.61340179193792,288.8596534729004,150.22735118865967,185.23286540459716,291.18282318115234,160.65244674682617,216.59903573773113
155,6.2,380.48274993896484,119.33364629745483,108.42065583554505,373.6394500732422,152.41504669189453,146.8738965573469,350.6931686401367,176.87959671020508,188.71203299278892,326.88838958740234,194.45168495178223,210.46178081353065,311.9890785217285,210.6382942199707,181.9807358848436,329.9751663208008,150.17931461334229,156.3943438160349,299.42466735839844,181.09007835388184,201.07086493909406,296.3210868835449,198.1789255142212,230.34322801446905,298.6506652832031,206.93069458007812,241.20990652844924,318.39054107666016,133.8189697265625,150.6848540873633,286.50638580322266,167.4900770187378,219.13553889385412,289.36962127685547,185.5669927597046,234.7812565621171,297.01210021972656,193.6697244644165,227.18936233642162,312.7375602722168,124.34057235717773,145.9312101216309,283.5606384277344,155.82997798919678,217.7367786276428,286.6380500793457,172.3109006881714,217.35476495462237,294.8720359802246,179.75326538085938,182.12248736947635,310.8329772949219,120.63727855682373,144.16982763235805,289.79230880737305,143.89572143554688,214.31679546512865,289.8801803588867,158.54895114898682,209.59857618901205,295.0080680847168,166.64477348327637,177.72956684352928
156,6.24,384.27467346191406,122.16788291931152,118.35217898440133,378.2363510131836,155.30393600463867,135.73222653657436,357.0750427246094,180.0809669494629,178.49560260491947,333.1114196777344,198.35937023162842,183.70510974028542,318.13133239746094,214.7057819366455,184.17338807366139,335.26397705078125,157.81095027923584,232.12790369009807,302.7735137939453,188.63315105438232,206.3260741731258,299.41240310668945,204.88796710968018,184.67450270860925,303.0389404296875,212.3155403137207,173.66188833546124,323.0320358276367,141.42286777496338,222.71441782838411,289.8796272277832,175.27421951293945,212.0902403435966,293.8216972351074,192.07210063934326,197.06821291081894,303.0086326599121,198.18230152130127,187.61955022151943,316.8708801269531,131.180419921875,199.7934053745466,287.05644607543945,162.8305435180664,195.62174731121894,290.7017707824707,178.26769351959229,180.2727218505932,299.7149467468262,183.9525032043457,160.248601771325,314.990177154541,126.22783184051514,174.17052830956032,294.53014373779297,149.8073959350586,189.39867874421054,294.83354568481445,163.86370182037354,181.62874695224588,300.21129608154297,170.54361820220947,162.54724645719983
157,6.28,388.84769439697266,124.2588758468628,125.70991382830951,382.57083892822266,158.48503589630127,134.4134991508374,361.2239074707031,184.3043088912964,148.00695895596743,336.7538070678711,202.81381130218506,143.8511191103687,320.19737243652344,218.62409591674805,110.74098690659993,339.97127532958984,161.66489124298096,152.09273083736406,306.5991401672363,190.88175773620605,110.93818424454365,301.7309761047363,206.59502506256104,71.98015178577818,303.5522270202637,215.23891925811768,74.20245774487893,327.70538330078125,144.97806072235107,146.79827463627933,294.3145561218262,178.53285312652588,137.58471781690662,296.28875732421875,195.34422397613525,102.44869635110283,303.5506248474121,202.65214920043945,112.56468641965395,321.32015228271484,134.20281887054443,134.46867228316285,290.7878112792969,165.43084144592285,113.70091138094625,292.93521881103516,180.9825038909912,87.88659400384117,300.6741142272949,187.63063430786133,95.02845189151851,319.49010848999023,128.897066116333,130.80088312717623,298.8118553161621,152.16638088226318,122.21360404400107,298.26812744140625,166.53817176818848,108.82652866052022,303.0389213562012,173.8621187210083,108.99515581883092
158,6.32,392.9039001464844,124.46032047271729,101.53012182247193,386.7742156982422,159.33756351470947,107.22400503994136,366.83353424072266,184.9833869934082,141.26451157245657,342.0191192626953,202.50430583953857,131.86002554881028,323.09295654296875,215.9151792526245,99.12945075337375,344.7884750366211,163.61852645874023,129.95697262381873,309.93974685668945,193.09184074401855,100.13777994293822,305.1875114440918,207.99274921417236,93.21101516254274,307.71379470825195,216.47891521453857,108.55941804389977,332.4704360961914,146.35461330413818,123.99754320517529,298.50059509277344,180.16668319702148,112.33967177033041,300.992374420166,195.43198585510254,117.61089429950584,308.1505012512207,201.8582010269165,116.69730243389174,325.7052230834961,134.6541166305542,110.20581766646369,293.6575126647949,166.2782621383667,74.80519647688013,297.15728759765625,180.27135372161865,107.03854271464186,306.0643768310547,185.95333099365234,141.12998739049812,323.4947967529297,128.62343788146973,100.35063681362281,302.8220558166504,152.47000694274902,100.54195902309459,302.5967025756836,166.39752388000488,108.27148898005949,307.49011993408203,173.61468315124512,111.45176406441661
159,6.36,396.31431579589844,123.14991474151611,91.33762259514565,390.8023452758789,158.2099199295044,104.57475779760958,370.9405517578125,184.8680591583252,102.71591099735886,347.1754455566406,202.81771659851074,129.14605867357923,328.8312530517578,213.9609432220459,151.54843550411613,347.8342819213867,164.39639568328857,78.5892013486312,312.68924713134766,193.70862007141113,70.44576148997706,307.7885055541992,208.4054660797119,65.83837013813778,310.040340423584,216.7074966430664,58.44369317448663,335.6993103027344,147.0476531982422,82.56032997336771,301.7876434326172,180.5867099761963,82.84439209933552,304.2852592468262,195.54548263549805,82.37100521728213,311.1618423461914,201.67757034301758,75.4188414548428,329.14085388183594,134.93667125701904,86.18075517276885,296.246337890625,165.76775550842285,65.96700439003,299.94319915771484,179.43177223205566,72.74183931069568,308.9983940124512,184.87841606140137,78.1180954241153,327.3584747314453,128.4327220916748,96.70955237896516,305.49510955810547,151.48186683654785,71.24621557576873,304.62337493896484,165.24820804595947,58.2469299323766,309.1728210449219,172.28965759277344,53.54423264358654
160,6.4,398.3387756347656,122.97436237335205,50.801428825588715,393.0851745605469,158.6501169204712,58.12208559249387,373.11946868896484,184.77454662322998,54.523066145682094,349.9950408935547,202.98909187316895,70.61996596533315,332.63328552246094,216.49691104888916,114.2546052875579,349.15103912353516,166.33933067321777,58.67732688452243,313.9253807067871,194.4576644897461,36.13424411973604,307.6624870300293,208.32661628723145,3.716345500637872,308.52306365966797,216.40929222106934,38.65758864390392,337.68787384033203,148.85051250457764,67.10386828223487,302.6222038269043,181.15314960479736,25.215879230189188,302.61804580688477,196.22142791748047,44.97570648802774,307.8007507324219,203.18824768066406,92.12451782312941,331.69029235839844,136.44058227539062,73.99909162008666,298.12402725219727,166.11754417419434,47.74980006020875,299.76951599121094,180.23171424865723,20.464497798800828,307.3732566833496,186.58817768096924,58.972218746344396,330.24715423583984,129.4350814819336,76.44112778124175,306.7670249938965,151.61307334899902,31.96662346019134,304.17139053344727,165.3164577484131,11.427705497935852,307.2955322265625,172.6278591156006,47.68774460998693
161,6.44,399.3653869628906,124.57377433776855,47.513481316840725,392.6885986328125,161.23432159423828,65.36142909993846,371.3783264160156,184.69120502471924,43.57839370528916,348.9939880371094,199.64987754821777,87.15094351668127,330.9733581542969,210.11518478393555,164.85180653464732,349.2289733886719,170.5629301071167,105.607959950096,311.67137145996094,194.25982475280762,56.5668755008716,306.4811706542969,207.0047664642334,44.31982720897578,309.4767189025879,212.75588035583496,94.39569832420851,338.6083984375,151.84249877929688,78.25977335970391,300.99376678466797,181.14505290985107,40.711429268975365,303.74340057373047,195.01214504241943,41.29761209181947,311.0551643371582,199.10080432891846,130.61967947160147,333.12061309814453,138.09674263000488,54.70765793483484,298.0478858947754,165.4098129272461,17.79538255097652,301.84953689575195,178.73281002044678,64.09563581416243,310.2031707763672,182.85255432128906,117.16253576561841,332.28527069091797,130.05736827850342,53.2749914455962,306.94236755371094,151.28055095672607,9.398010249688832,305.51456451416016,164.21107292175293,43.48844643605511,309.5020294189453,169.34613704681396,98.86331978024754
162,6.48,400.49800872802734,126.4024543762207,53.775591267639534,391.8532180786133,162.51242637634277,38.172409083431624,367.78404235839844,185.12323379516602,90.50389061158789,343.3604049682617,198.60310077667236,143.25021772028396,323.8491439819336,208.44992637634277,182.90624842005852,347.85560607910156,171.98081016540527,49.34902244908713,307.3228454589844,192.79772758483887,114.69363133406605,304.05351638793945,204.8789119720459,80.67203108465306,310.2068328857422,209.42012786865234,85.36799416402513,338.05519104003906,152.32385158538818,18.332671459335252,299.02042388916016,179.5685863494873,63.14333396723448,303.49409103393555,192.3403787612915,67.08432337180629,312.3699188232422,195.13647079467773,104.41659269898003,333.07769775390625,137.74665355682373,8.81774085054983,297.41905212402344,163.9076042175293,40.71288892036467,302.796630859375,175.9976291656494,72.36280676382225,312.4293518066406,178.82493495941162,115.0478153413814,332.2787857055664,129.127836227417,23.23886681068953,306.04515075683594,149.79925632476807,43.295725592013156,306.4155387878418,161.69697761535645,66.76652347678154,311.9915962219238,165.61233043670654,112.19195232996478
163,6.52,400.12123107910156,127.50483512878418,29.12478240640237,390.1430892944336,164.34442520141602,62.653611994589134,365.0785827636719,186.1973476409912,72.77204207528555,339.55387115478516,199.28166389465332,96.66355174723454,319.35546875,209.62958335876465,116.14836332862734,344.666748046875,172.17561721801758,79.87007159069096,304.4154357910156,192.7747392654419,72.68751371550539,300.93204498291016,204.86689567565918,78.03736334200121,306.6474151611328,209.97015953063965,90.04162012457037,334.8579406738281,152.28944778442383,79.93588651912219,296.2895202636719,179.24806594848633,68.74121734430364,300.66267013549805,191.99493885040283,71.3103824669986,309.6942710876465,195.20464897155762,66.91290546673844,330.34496307373047,137.72302150726318,68.32092151201682,295.4260444641113,163.96782875061035,49.847934553833156,300.61376571655273,175.9732961654663,54.57501904859024,310.1056671142578,178.95256519317627,58.1796787234653,329.81937408447266,129.25090312957764,61.562219463210575,304.73960876464844,150.11067867279053,33.55428225477272,306.0955047607422,161.62187576293945,8.218198811861742,312.23854064941406,165.2029037475586,11.953340643287001
164,6.56,397.47509002685547,130.0067138671875,91.04071784803439,386.9776153564453,166.54678344726562,96.40606534064909,362.3922348022461,187.59235382080078,75.67408577067243,337.35591888427734,200.65223693847656,64.75658582282074,316.78422927856445,210.0564193725586,65.16067354115735,341.7035675048828,173.78017902374268,84.24316557157952,299.89513397216797,194.17991638183594,118.34180173842554,297.0268249511719,206.16780281066895,102.90500130645151,303.6191940307617,210.60487747192383,77.35062249027966,331.7347717285156,153.9603567123413,88.55125954199754,292.16888427734375,180.9089469909668,111.06914166717665,296.0204315185547,193.27268600463867,120.37186435894702,305.33939361572266,195.9096908569336,110.28951065152395,327.31014251708984,139.15268898010254,83.86777127532133,292.2653579711914,165.2854585647583,85.60843793713472,297.1344757080078,176.7961549758911,89.38175004389265,306.7586898803711,179.51847553253174,84.86206129782545,326.8345642089844,130.1979160308838,78.28602776059668,302.0812797546387,150.39623737335205,66.84056074404732,303.82471084594727,161.38970375061035,57.06579999646566,310.78516006469727,164.85195636749268,37.378797362332215
165,6.6,396.492919921875,130.41074752807617,26.55067459416577,385.78460693359375,167.07032203674316,32.570709153959406,361.2665557861328,188.91088485717773,43.34222350381213,336.21898651123047,201.76036834716797,39.69076120309989,315.8561706542969,208.62954139709473,42.55344850112983,338.78604888916016,173.58588695526123,73.09952240337759,298.1077194213867,194.2005729675293,44.688347690400825,295.83831787109375,205.57159423828125,33.2416694562751,302.078857421875,209.40150260925293,48.86683390082199,328.4489059448242,153.69024753570557,82.42372578533129,290.4832077026367,180.1596736907959,46.11748578945558,295.5759620666504,191.78090572357178,38.914662248438965,304.9527359008789,193.5683298110962,59.326826433183896,324.20658111572266,138.95273208618164,77.74990406538596,290.5906677246094,164.90477085113525,42.93534788857346,296.36802673339844,175.98255157470703,27.944079483609634,306.12260818481445,178.08061122894287,39.30691477778838,324.2042922973633,130.39708614349365,65.94504844385546,299.99792098999023,150.4068946838379,52.08465057303504,302.90143966674805,161.103515625,24.165229586901845,310.44200897216797,163.77243518829346,28.318706810204556
166,6.64,393.0472183227539,130.71364402770996,86.47472824355992,382.57755279541016,167.27796077728271,80.34422074663088,359.3705749511719,190.2200746536255,57.601656061599506,336.14185333251953,204.09061431884766,58.288055250344094,316.47552490234375,210.18505096435547,41.8569714803685,336.32335662841797,173.89012813568115,62.03535215394713,296.9608497619629,195.62067031860352,45.63432440495682,294.90949630737305,206.3234281539917,29.874359135857198,300.6721305847168,209.81048583984375,36.62434024393499,325.7767868041992,153.91868591308594,67.04664791189539,289.24997329711914,180.98074436187744,37.0390346953605,295.0128936767578,191.72450065612793,14.147162774951674,304.612979888916,192.88942337036133,18.97939841868362,321.37584686279297,139.1160535812378,70.88604553020632,288.88988494873047,165.51479816436768,45.17186191103875,294.8915100097656,175.80432415008545,37.18086411427437,304.6783638000488,177.38383769989014,40.08845838981932,321.0255432128906,130.66240310668945,79.7450579698955,298.55358123779297,151.07585906982422,39.79345635195035,301.55487060546875,161.09888076782227,33.6644259446792,308.7627410888672,163.1053876876831,45.17253723195657
167,6.68,388.6930465698242,131.22662544250488,109.60714388765847,379.57801818847656,167.61026859283447,75.44715179543331,357.24456787109375,191.70604705810547,64.8460681702172,335.48831939697266,206.96382522583008,73.66498286547915,317.257080078125,212.1480417251587,52.821404396023944,332.0137405395508,174.58959102630615,109.15023811467499,294.4200897216797,195.22457599639893,64.2862363495417,292.9781723022461,206.9184923171997,50.52297603018145,299.3988800048828,211.32858753204346,49.534077833517756,321.47762298583984,154.79228496551514,109.67561500139729,285.7986068725586,181.95580959320068,89.6614549357725,290.14360427856445,194.36914443969727,138.52824618405938,299.3544006347656,197.60656356811523,176.60702742502673,317.07130432128906,140.3561496734619,111.99030317835124,285.61500549316406,166.9597864151001,89.48752180208446,290.30778884887695,178.39576721191406,131.63889248498677,299.7002983093262,181.84003829956055,167.03079771113082,317.13470458984375,132.35369682312012,106.0633643919731,295.98243713378906,152.76987075805664,76.97587935281297,298.14918518066406,163.51342678070068,104.36931320146905,305.0932502746582,167.13051795959473,136.16817850874574
168,6.72,385.56556701660156,130.7933235168457,78.93382875313085,377.40501403808594,167.0132303237915,56.338273692916275,355.6678771972656,193.16814422607422,53.756869383821694,335.4611587524414,211.0478639602661,102.10322621306234,318.1817817687988,215.6032419204712,89.41994186988778,329.9089050292969,172.89433479309082,67.56583003579388,291.7826843261719,195.2900791168213,65.95546735790174,292.2087097167969,208.89028072357178,52.91515726796473,300.6452941894531,213.78121376037598,68.77919259940954,318.99864196777344,153.00028324127197,76.47146962930043,283.2052803039551,182.0312261581421,64.86057329809674,290.1899719238281,195.19874095916748,20.772282368043843,301.1839485168457,197.92171955108643,46.4123417478196,314.0633010864258,138.98165702819824,82.67902353692823,282.5190734863281,168.03397178649902,81.92477190645178,289.3373489379883,179.73692893981934,41.38590038469829,300.27549743652344,182.60038375854492,23.835100861526893,313.97966384887695,131.74123764038086,80.34841445107192,292.30133056640625,154.1324758529663,98.13013746137912,295.989933013916,165.74532508850098,77.635929085572,304.2939758300781,169.476900100708,61.96949244332921
169,6.76,384.97310638427734,131.0987091064453,16.66339474696547,376.9964599609375,166.38653755187988,18.70261118669133,356.40438079833984,192.70231246948242,21.78641749813245,337.45628356933594,212.18214511871338,57.37549989649822,321.70345306396484,220.3040313720703,146.84087939727021,330.8338165283203,169.5900821685791,85.78150546453168,292.5803756713867,193.67780685424805,44.97036059237871,295.2167320251465,208.53030681610107,75.73712523256279,304.96700286865234,214.4282054901123,109.24675111362883,319.36145782470703,150.6326723098755,59.88122028498681,284.07487869262695,182.3955488204956,23.57080238193371,292.8512763977051,196.7652940750122,77.20358705818138,304.35049057006836,200.04913330078125,95.37058586514682,313.40694427490234,138.28392505645752,23.94830589549094,282.5654602050781,169.9043083190918,46.77279172250913,290.9014892578125,181.89711570739746,66.6752475197854,302.1028518676758,184.5124912261963,66.12194787332452,312.2174644470215,132.52331256866455,48.19872875235996,291.7457962036133,157.26983070373535,79.65399349643366,297.08168029785156,169.32990074157715,93.67862197630494,305.74283599853516,172.8898572921753,92.69396076110351
170,6.8,387.82726287841797,131.26582145690918,71.47611415152382,379.4824981689453,164.9632215499878,71.61622726779865,361.04774475097656,194.02961254119873,120.73357620455103,342.61402130126953,214.2140007019043,138.58818407054855,327.97718048095703,222.20656871795654,163.89650708452285,336.80179595947266,164.17898654937744,201.39627338099015,302.46936798095703,192.97472476959229,247.84886185499303,301.2494659423828,210.29351234436035,157.1280772392733,307.5144386291504,220.85443496704102,172.81828289422194,323.51318359375,147.1592617034912,135.32693768675136,290.8903121948242,183.76643657684326,173.79849514483863,296.4384651184082,201.67290687561035,151.97159750783715,307.2934150695801,208.93120765686035,233.92313037184925,315.86267471313477,137.73539543151855,62.90616392044227,288.4410095214844,172.52151489257812,160.8023826351424,294.88792419433594,188.18899154663086,186.21117897340307,305.90633392333984,194.51635837554932,267.5628824333441,314.22380447387695,134.95526790618896,78.81864891586528,297.6013946533203,160.58177947998047,168.1833781558892,301.59685134887695,175.4648494720459,190.4343153581732,309.46990966796875,182.6701784133911,261.66027517981865
171,6.84,388.7775421142578,131.11408710479736,24.05792410619563,384.1792297363281,162.72027969360352,130.12031832877494,366.8754577636719,194.09008026123047,145.70066768786637,349.5115280151367,217.43436813354492,190.3062749599553,335.30059814453125,228.22550296783447,236.98630733059304,338.86756896972656,160.94422817230225,95.9527223687258,306.52488708496094,192.1537685394287,103.44444262134456,305.3537940979004,212.2987174987793,114.19927024581482,311.1068916320801,226.437349319458,165.9718561320755,325.8687210083008,146.06756687164307,64.9054799171097,295.79784393310547,185.0549554824829,126.84673018161669,300.69522857666016,206.67001247406006,164.10952802466736,311.04991912841797,218.10379028320312,247.79981182038716,318.3089256286621,139.49212074279785,75.2920454007581,295.4192543029785,176.09444618225098,195.9938427463563,301.3627624511719,194.10193920135498,219.21234057942218,311.85096740722656,203.71244430541992,273.75475302644435,316.6288757324219,139.09358024597168,119.6609710292916,303.47179412841797,165.94303607940674,198.75339984846573,307.1072006225586,181.63887977600098,206.88553494643998,314.1532516479492,190.96129417419434,238.06025059384518
172,6.88,389.2385482788086,134.5341396331787,86.2745833829461,386.56394958496094,163.83956909179688,65.85826406653229,370.65670013427734,196.01463317871094,106.07101924372606,353.82030487060547,222.10939407348633,158.94461600143183,337.27867126464844,236.88933849334717,222.16944445859616,343.45340728759766,162.4121332168579,120.37612485841709,311.3429641723633,193.18880081176758,123.19993563547023,307.79029846191406,215.83369731903076,107.33311419781741,311.22949600219727,232.43326663970947,149.92926737061575,329.3244934082031,149.5451259613037,122.56574792230947,300.3377914428711,189.50037002563477,158.84905148421,302.3318099975586,214.18099880218506,192.1804399004205,310.49943923950195,229.22138214111328,278.28029577564774,320.8897399902344,145.14533042907715,155.36123737506833,298.25138092041016,183.60707759857178,200.7183536305522,304.61185455322266,202.37947940826416,222.30928816151442,315.3476905822754,213.13899993896484,251.3551074615864,317.8828430175781,146.35062217712402,184.11458990046367,304.0249824523926,176.3180923461914,259.7448385684613,308.94535064697266,191.7898464202881,257.9012884391077,317.0227241516113,201.17201328277588,265.15638918808975
173,6.92,389.29847717285156,140.2036428451538,141.74549847997193,389.0201950073242,168.45773220062256,130.76833541276122,373.33518981933594,199.85687255859375,117.09267282073937,354.9740982055664,225.83699226379395,97.55199680229804,338.6145782470703,241.9947910308838,131.93344221311614,347.14385986328125,165.76319217681885,124.62201943904255,319.42447662353516,201.75272941589355,294.3761588459283,315.12184143066406,226.0865020751953,315.11062310585663,315.4113578796387,243.59556198120117,297.9983284901581,331.80076599121094,154.84117984771729,146.15940072646822,305.29964447021484,197.29147911071777,230.9239136607328,306.7178726196289,222.41356372833252,233.20145607922836,313.78000259399414,237.3597764968872,219.36778280568277,323.0929946899414,152.1959924697876,184.67228826372468,300.9828758239746,191.9135856628418,218.60229388947045,305.80177307128906,212.3540496826172,251.13238321357073,314.98361587524414,224.24916744232178,277.9032794257612,319.8420524597168,154.9302577972412,220.01228518560754,305.6141662597656,185.66463947296143,237.01720450020818,309.0220260620117,202.9893922805786,279.99520821348676,315.59303283691406,213.91323566436768,320.52960572357483
174,6.96,388.8246536254883,149.89667415618896,242.61513342991384,388.7210464477539,179.13671493530273,267.07929780812555,373.7022018432617,208.20027351379395,208.7867292911322,355.81424713134766,231.49473667144775,142.99458468729972,342.3197555541992,247.5611686706543,167.16926097858143,352.97794342041016,172.3326301574707,219.65035615324103,328.3689880371094,210.94033241271973,320.56233135582295,323.3547592163086,235.06103038787842,304.4699222627877,321.57371520996094,251.6070556640625,252.683941537031,336.14437103271484,163.2178544998169,235.89667094899073,312.5398254394531,207.38260746002197,310.49465759237614,311.78768157958984,232.61196613311768,284.7261562673289,315.80596923828125,247.86460876464844,267.4603262840602,325.9371566772461,161.55535697937012,244.54928111893648,305.50426483154297,202.37726211547852,284.96873015212583,308.10699462890625,224.28218364715576,303.72111622515,314.8175048828125,237.66828060150146,335.50353094330103,320.92220306396484,165.38742542266846,262.8201382054621,307.2638702392578,196.10215187072754,264.17701011049587,309.9512481689453,215.03474235534668,302.0284673542061,315.6266784667969,227.62305736541748,342.7465746573793
175,7.0,387.87471771240234,153.8547134399414,101.76091222412573,389.3437194824219,184.1379690170288,125.9966867076381,374.5252227783203,214.7490406036377,165.00703366933578,356.7351531982422,239.13654327392578,192.42738262413422,343.4909439086914,256.99853897094727,237.74413813298048,355.5546569824219,180.75201988220215,220.12152342167806,331.88404083251953,220.86041450500488,263.11074768075014,326.75193786621094,244.64818954467773,254.28139368270894,324.9113082885742,261.2981700897217,256.2435686627407,338.84838104248047,170.56414604187012,195.7033302504,315.4011535644531,215.45947551727295,214.21804932876975,313.51091384887695,241.04473114013672,215.17588026646553,316.5795707702637,257.56364822387695,243.2460505357144,328.2115173339844,167.48801708221436,158.84184802185868,307.6453399658203,208.84045600891113,170.21508091735993,309.1770553588867,231.05535507202148,171.4294335806717,315.1651954650879,244.8859977722168,180.65216905949734,322.4636459350586,169.77888107299805,116.35325751149337,308.30108642578125,200.68519592285156,117.47369439925586,310.30954360961914,219.280743598938,106.52729164217318,315.76934814453125,231.47220611572266,96.29479716903428
176,7.04,385.6768798828125,162.0474100112915,212.05949671523177,389.00672912597656,190.40528297424316,156.90918300610826,374.89418029785156,219.20475482940674,111.77409950693875,355.70201873779297,241.9185447692871,74.19105039339468,342.56134033203125,259.66535568237305,70.60486076609375,356.60072326660156,184.87452507019043,106.32880517493777,333.6273193359375,223.4658908843994,78.37221727142067,328.6545944213867,246.7188835144043,70.30236252793767,326.5658950805664,263.46333503723145,68.12487019327065,339.8556137084961,175.96861839294434,137.43825667598577,316.7126274108887,219.4764804840088,105.64176657655595,314.67084884643555,244.90436553955078,100.75411559739634,317.75779724121094,261.19248390197754,95.38299768399695,328.99391174316406,173.51388931274414,151.9113169545509,308.4946060180664,213.4405517578125,116.94585746873982,310.1212501525879,235.75793266296387,119.91074755647912,316.5895080566406,249.64465141296387,124.18094366450467,323.0247497558594,175.85603713989258,152.57511133682289,308.7567138671875,205.8578395843506,129.8167911284217,310.3783988952637,224.4422149658203,129.04826548986256,315.5290412902832,236.71701908111572,131.25788173037887
177,7.08,385.0563049316406,165.38875579833984,84.96214207901535,388.89015197753906,193.31570148468018,72.81880825648777,374.4532775878906,222.01161861419678,71.03203285321683,354.6538543701172,243.69194984436035,51.5000855700788,341.4179992675781,260.97744941711426,43.50875456741396,359.82337951660156,187.7599811553955,108.14160313366648,335.6169891357422,224.06344413757324,51.93659477329936,328.71253967285156,246.79853439331055,2.462457446061515,325.7109832763672,263.23330879211426,22.13292607183181,342.88997650146484,177.78931617736816,88.46714779212871,319.2901802062988,220.57737350463867,70.07024982115404,315.16815185546875,246.3951301574707,39.28811388985389,316.7286491394043,263.364315032959,60.08325617919873,331.1118698120117,174.58731651306152,59.36114225536194,310.32398223876953,214.33834075927734,50.945083472458904,309.7343444824219,238.28679084777832,63.95711315263174,314.2643737792969,254.22297477722168,128.3727342433641,324.0053939819336,176.1631965637207,25.690586916455523,308.29517364501953,206.27564907073975,15.564064049831902,307.73353576660156,225.903582572937,75.54343226120946,310.86294174194336,239.50185298919678,135.84868625288416
178,7.12,384.1497802734375,166.9317626953125,44.73992372615507,388.8166046142578,195.17887115478516,46.61551803212053,375.6006622314453,223.58287811279297,48.63992657910958,356.2279510498047,244.36328887939453,42.78197968306746,341.9755554199219,260.0137138366699,27.834950287708754,362.9062271118164,189.16457176208496,84.69365408533493,337.6846694946289,225.0575065612793,57.35559131827442,330.1771545410156,247.98460006713867,47.11587109642964,327.0886993408203,264.24144744873047,42.679364929203096,345.65067291259766,179.16452407836914,77.10642582421838,321.20288848876953,221.03271961212158,49.15405026185447,316.20126724243164,246.7481231689453,27.293903496584598,317.3015785217285,263.5913372039795,15.406718162567824,333.32828521728516,175.72766304016113,62.314160963828854,312.27317810058594,214.9029779434204,50.733246356797515,310.718994140625,238.7807035446167,27.539570411247468,314.46842193603516,254.60658073425293,10.862469232929712,325.6778335571289,176.86295986175537,45.32330254650907,309.88115310668945,206.69614791870117,41.019432391670335,308.6040496826172,226.5607738494873,27.268283452926845,311.1211395263672,240.39782524108887,23.310839378414126
179,7.16,382.9597473144531,170.73816776275635,99.70236325224226,389.54627990722656,197.71599769592285,65.99922877823249,377.5199890136719,224.56745624542236,53.92824744639954,359.69783782958984,243.33898544311523,90.44788483603892,347.3020553588867,257.6505947113037,145.6793001777879,366.5561294555664,189.94071006774902,93.28778654126845,340.36834716796875,224.73585605621338,67.5721138016264,333.3052062988281,247.8800868988037,78.24493115335525,330.8491516113281,264.4181442260742,94.11503277203856,348.76487731933594,180.04606246948242,80.91422550282306,323.5127639770508,221.34655952453613,58.277462742829,318.65345001220703,247.48746871948242,64.03042333279122,319.70409393310547,264.5792770385742,64.94278933551257,335.12386322021484,176.97993278503418,54.72819131015437,314.0328788757324,215.88861465454102,50.423373451454665,312.7077102661133,239.92122173309326,57.313684916993104,316.1656379699707,255.72057723999023,50.753882121486726,326.10095977783203,178.80752563476562,49.75170753482661,311.38927459716797,208.77327919006348,64.17215492580448,310.5845260620117,228.58248710632324,70.75314119442791,312.8502655029297,242.31825828552246,64.60427482457962
180,7.2,381.9306945800781,173.60122203826904,76.05930792256868,388.0595397949219,198.47066402435303,41.68271096031631,376.3267135620117,226.1184597015381,48.92288590487116,358.8890075683594,246.95792198181152,92.70554211653565,345.19508361816406,262.426700592041,130.50507006486694,366.8130111694336,190.6187868118286,18.127608187873978,341.8627166748047,223.309006690979,51.65413423695401,335.7929992675781,246.1409568786621,75.88513969447372,334.8272705078125,263.2493305206299,103.65675156677139,349.47635650634766,180.73126316070557,24.694415117637572,325.9022903442383,220.83573818206787,61.08792179824384,321.0908889770508,247.80936241149902,61.465052348360175,322.05265045166016,266.51272773742676,76.05076152535837,335.9512710571289,177.93920516967773,31.670246649325094,314.6468734741211,214.87102031707764,29.71203041791321,313.73851776123047,239.3053436279297,30.01947214319446,317.8544807434082,256.22406005859375,44.05738347613405,326.84417724609375,180.0202989578247,35.55973265377855,311.4200019836426,208.52694511413574,6.20607813169531,311.8474578857422,227.58052825927734,40.30290252082282,315.5533981323242,241.0664176940918,74.47327909412739
181,7.24,379.9842834472656,175.31207084655762,64.78580063736418,386.68872833251953,200.08020401000977,52.8544169800497,375.9115982055664,226.72584056854248,18.392122579377034,358.4014129638672,246.70766830444336,13.701628583999192,344.3013381958008,261.38545989990234,34.30527527728735,366.29615783691406,192.08082675933838,38.767723168337014,342.4562072753906,224.70640182495117,37.95510714509437,336.27613067626953,247.0342254638672,25.388785951902378,334.8482894897461,263.430233001709,4.552987018300421,348.7424850463867,181.9374418258667,35.297258144534844,324.6813201904297,221.67850971221924,37.089688328808606,319.96191024780273,248.82728576660156,38.002968041635775,320.85693359375,267.6684093475342,41.573269568851416,335.1722717285156,179.08292770385742,34.59535002325411,314.964656829834,216.703462600708,46.49483159452131,313.98218154907227,241.48873329162598,54.92359730253249,317.2001838684082,258.7540054321289,65.32958744754701,326.1727523803711,181.12235069274902,32.261910366177005,312.0530319213867,210.49150943756104,51.60087137682263,313.1490898132324,229.70611095428467,62.31145293993183,316.6737747192383,243.41646194458008,65.08624891133991
182,7.28,378.46595764160156,175.78132152557373,39.72962883590869,385.71136474609375,201.19856357574463,37.131251143256485,373.6640167236328,228.5968780517578,73.11123281312341,355.0205993652344,248.40843200683594,94.61268995250009,341.3701629638672,263.54089736938477,90.95912174278394,366.3520050048828,194.9897003173828,72.73524026761466,341.4268112182617,229.4278621673584,120.80936430839266,334.0100860595703,252.00602531433105,136.59646764728222,332.09781646728516,268.1483745574951,136.53287513388807,348.7533950805664,184.34871196746826,60.28237058121253,323.1134033203125,223.93805980682373,68.75649942744163,317.92341232299805,250.61739921569824,67.82320744991085,318.6757278442383,269.053258895874,64.59231181630697,334.8634719848633,180.6412410736084,39.71537674522613,314.3347930908203,218.00625801086426,36.17668629836482,313.0027389526367,241.77274703979492,25.494749568065217,315.904598236084,257.5392150878906,44.40057510283164,325.4580307006836,181.96681022644043,27.657943970241494,311.33655548095703,211.08318328857422,23.230051060850666,312.2320556640625,229.35919761657715,24.511483209701606,315.4435729980469,241.76010131835938,51.5808031085484
183,7.32,378.51531982421875,176.2474250793457,11.717752235166381,386.13380432128906,203.5581922531128,59.92861738012476,372.62462615966797,232.47117519378662,100.28244826860204,353.2876968383789,251.52091026306152,89.05922209076361,338.02337646484375,263.64463806152344,83.7098485889316,367.0994567871094,198.53638172149658,90.61468268525832,339.92488861083984,234.90079879760742,141.88200836744255,331.85298919677734,257.03742027282715,136.85759502090843,330.40828704833984,271.7306900024414,99.01860180220689,349.96524810791016,186.81954860687256,68.80053351221618,322.3790740966797,227.3512887954712,87.28320119596518,315.80650329589844,253.6160659790039,91.76500621958883,315.9069633483887,271.21338844299316,87.79313930276132,335.74718475341797,182.42445945739746,49.75449767100123,313.32502365112305,219.95520114898682,54.87493551808021,310.78338623046875,243.18225860595703,65.72789248360974,313.22946548461914,258.08406829833984,68.25137479795134,325.7564926147461,183.36798191070557,35.81516441163794,310.8662986755371,212.53423690795898,38.133794636232594,310.4148483276367,231.11852645874023,63.23310287354731,312.6717948913574,243.69521141052246,84.51111221872836
184,7.36,377.430419921875,176.167631149292,27.19575873848364,386.8793487548828,204.97249603271484,39.96945461426819,373.73119354248047,235.30383110046387,76.02808222269748,353.5093688964844,253.5678005218506,51.47146195265798,337.5160598754883,264.0661811828613,16.48993490327048,369.4266128540039,202.64621257781982,118.07403669750671,340.50636291503906,240.6317138671875,144.00846307852882,331.1255645751953,262.6522636413574,141.54419061112185,329.50538635253906,276.1190700531006,112.00755871675861,351.485595703125,189.6225929260254,79.72026979308072,322.76134490966797,230.5052089691162,79.42505679958526,315.42675018310547,255.891695022583,57.677443439012,316.5369415283203,271.7553520202637,20.775541904452037,336.5343475341797,184.53506469726562,56.31540487499552,313.5703468322754,223.55518341064453,90.20828588418618,310.9011459350586,246.58235549926758,85.05338849777357,314.7223663330078,260.1478385925293,63.6783949345186,325.91800689697266,185.27629852294922,47.8784865305406,310.08140563964844,217.52537727355957,126.31196307880464,310.26588439941406,236.12484455108643,125.2133456686635,314.2457962036133,247.32519149780273,98.91358464916001
185,7.4,380.5519485473633,177.45130062103271,84.37916016566925,390.78968048095703,205.8072853088379,99.9611403980086,378.0848693847656,231.89685344696045,138.20724942809852,356.5873718261719,247.2296905517578,176.14933300355244,340.9571075439453,258.70665550231934,159.2272836564581,373.0853271484375,203.60240936279297,94.54001328764744,344.7661590576172,244.156494140625,138.22522190328004,333.90838623046875,266.63326263427734,121.43014799332224,329.01466369628906,280.5809783935547,112.22030443498998,354.7498321533203,191.01465225219727,88.71678522962054,325.5445098876953,232.22105026245117,81.73936719396343,317.10079193115234,257.9455089569092,66.2408835757617,316.1368179321289,273.92744064331055,55.2158711252866,339.74464416503906,185.57713508605957,84.37977821028943,314.27465438842773,223.92919063568115,19.936313256732056,311.3468360900879,247.64333724975586,28.769797413685588,314.9264717102051,261.35576248168945,30.626164539130546,329.4610595703125,186.0209083557129,90.51127709127243,312.26428985595703,217.31091499328613,54.83485189337427,311.8709945678711,236.47164344787598,41.053685337757805,315.72519302368164,247.3461627960205,36.98863631726398
186,7.44,385.70884704589844,170.9186840057373,208.06952258594333,395.46897888183594,200.7498264312744,172.25294595215473,381.9676971435547,224.24028396606445,214.62089777706132,359.09229278564453,235.0687551498413,310.4059628764317,343.14430236816406,241.07789039611816,444.09822982133227,375.36380767822266,202.0619773864746,68.75865490192005,346.5857696533203,242.10765838623047,68.50506673086528,333.81622314453125,263.9048767089844,68.24855214465309,325.1327896118164,279.62719917297363,99.93323148893161,358.19419860839844,188.83239269256592,101.93722658599094,328.421630859375,229.1618013381958,104.99056227298693,318.8627243041992,253.40337753295898,121.79738184692852,315.5828285217285,269.71275329589844,106.2735082913173,343.9886474609375,182.4694061279297,131.50461791510367,316.8825340270996,219.8396873474121,121.25663217573572,312.05028533935547,242.6089382171631,127.08268584288483,313.5396194458008,256.4618396759033,127.16583570351389,334.07066345214844,182.0552158355713,152.01801930968577,314.12317276000977,212.2150468826294,135.6081612869129,311.99432373046875,230.94243049621582,138.2647052467509,314.03282165527344,241.7387294769287,146.4313603635435
187,7.48,390.87772369384766,158.19717407226562,343.2875077733071,398.1956481933594,188.52823734283447,313.0514787749352,382.1358871459961,214.5779800415039,241.5941910098153,358.4148406982422,230.99191188812256,103.31865850170581,343.1776809692383,243.84326934814453,69.13950968567158,377.89520263671875,189.89786624908447,310.61789247268723,350.9136199951172,229.96132850646973,322.35812589509817,338.4807586669922,251.1643409729004,339.1894220810963,330.3639221191406,266.44726753234863,354.50259639452236,361.1743927001953,176.02864265441895,328.650243290768,332.4557876586914,218.07543754577637,294.9384291883428,322.78255462646484,242.44291305541992,291.00778696491597,318.6355400085449,258.25610160827637,296.4096777616607,347.55035400390625,168.94712448120117,349.58712650753927,320.1531219482422,206.5576457977295,341.96982055933967,317.5033187866211,227.46339797973633,402.4324189075964,320.30643463134766,239.1240119934082,465.2889267052528,338.39962005615234,168.1882381439209,363.17431728792326,318.16694259643555,198.10579776763916,366.93237207185035,317.3227119445801,216.02548599243164,396.00106872429774,321.0685348510742,225.13883113861084,450.73404368322736
188,7.52,390.86936950683594,141.10333442687988,427.3460421708925,402.10437774658203,169.4104814529419,487.8311420113512,388.6601257324219,193.05717945098877,562.2002241135514,364.80220794677734,205.09800910949707,666.7517629694391,349.65476989746094,212.4801778793335,800.6232679392319,380.1728057861328,164.68022346496582,633.0071996498303,353.45653533935547,201.6797161102295,709.8926055129448,340.0286865234375,223.09367179870605,702.832905344428,330.2858352661133,239.58070278167725,671.6669557240748,360.6502914428711,153.69468212127686,558.5027278491335,334.4478988647461,194.47434425354004,592.125467936342,326.37245178222656,219.24932956695557,586.7440224585337,323.50269317626953,235.70969581604004,576.6441678508721,345.1070022583008,150.00240325927734,477.54085553565756,321.2931442260742,188.86423587799072,443.25247135652245,319.8190116882324,210.2631425857544,433.88594356176833,323.8420104980469,221.94293975830078,438.5270372630725,334.66602325439453,152.6937961578369,398.44814400544834,317.7011299133301,183.94781112670898,354.1411858112694,318.0540657043457,201.49354934692383,363.7582138170355,322.6112365722656,210.35502433776855,371.6019982161674
189,7.56,392.72361755371094,131.90382957458496,234.61287974386863,394.8530960083008,158.7301540374756,322.73293966286235,374.2330551147461,177.74456977844238,525.9612518945461,348.93089294433594,189.27977085113525,560.1982358421342,330.54100036621094,199.59966659545898,576.2181426268612,372.5274658203125,146.83257579803467,485.40559743623317,342.1647644042969,173.3603811264038,762.1879791002871,327.35363006591797,193.634033203125,801.7665504931737,319.28321838378906,208.43650817871094,825.7642050423057,357.68985748291016,133.4316873550415,511.9528335988161,326.45458221435547,164.2314577102661,782.034724909463,316.7268371582031,187.33596324920654,833.4794655561454,314.79808807373047,202.19909191131592,865.5672721005213,344.5143508911133,127.52264499664307,562.1892292577647,315.76086044311523,158.2675266265869,777.3210328068008,311.08123779296875,179.5616626739502,798.0169020060242,314.1829490661621,192.31537342071533,779.0579867831366,335.03265380859375,128.51386070251465,604.5678707694981,311.7614936828613,153.4854555130005,775.9004398464787,308.4050178527832,171.15025520324707,796.0133572730701,311.7337417602539,181.79450511932373,764.0448086551019
190,7.6,385.36190032958984,121.21961116790771,324.37189637195576,382.4728012084961,146.46467685699463,435.68454026033135,358.59081268310547,163.12705993652344,535.2285389607039,332.20027923583984,171.201753616333,615.7963046965715,312.8221130371094,179.03750896453857,678.583678802868,361.8600845336914,126.15916728973389,581.5834220391544,325.7209014892578,149.60912704467773,722.2026628755716,309.58581924438477,169.85355377197266,742.1279806093304,300.85731506347656,184.83728885650635,748.5139718915647,348.7588882446289,111.91576480865479,582.3965222237114,310.45318603515625,138.038592338562,767.3456180496127,301.46915435791016,160.8240509033203,764.7215100407102,301.2370300292969,175.16279697418213,756.1677803289523,337.9275894165039,106.1275863647461,559.6505386096463,302.8489685058594,132.5771713256836,718.8146966039059,298.2450866699219,153.58654975891113,724.3416263246951,301.6289710998535,166.17949962615967,724.8647553955768,329.7900390625,106.90081357955933,555.9950625427391,302.41912841796875,127.26902961730957,695.7822825276079,297.4332046508789,145.17145156860352,705.0172529913942,299.6836280822754,156.46631240844727,701.2143866409102
191,7.64,380.9013366699219,110.82483530044556,282.78524702581745,372.3036193847656,137.56426334381104,337.85131684454706,344.0380859375,153.71071815490723,433.33686973911523,315.31511306762695,161.38049125671387,488.342880863841,296.2641906738281,169.99611854553223,471.64044415300435,342.93548583984375,114.27805423736572,558.6262631929853,302.8348922729492,138.29950332641602,638.1991296304146,289.68482971191406,158.2056999206543,576.4773866516689,285.17324447631836,172.80816078186035,494.1469875067524,332.7766799926758,98.54907989501953,520.8762126151009,293.14708709716797,126.57444477081299,518.9699773990815,284.5075798034668,148.70829105377197,521.1085827936128,284.94606018066406,164.05407428741455,492.94993301841015,325.3544616699219,92.6206111907959,461.3309005486042,290.60375213623047,119.79826927185059,442.46868649126264,285.72338104248047,140.06595611572266,460.70568444271333,288.05259704589844,153.72772693634033,460.5462623150872,320.1203155517578,93.95349025726318,403.99314194850035,294.8097229003906,115.16515731811523,357.4272451896263,289.81157302856445,131.85779571533203,383.522082778174,290.50254821777344,142.8297758102417,410.98004655986875
192,7.68,374.5424270629883,109.99116897583008,160.33311208611556,364.22603607177734,137.16662406921387,202.1841196332085,336.7530059814453,153.46564292907715,182.23002605296935,307.9806327819824,164.37897205352783,198.09323585967417,289.48232650756836,178.28241348266602,267.69428149799836,326.1073303222656,117.28663444519043,427.3745232453539,289.07039642333984,145.82036018371582,392.12931051337137,280.2981948852539,165.49920558929443,297.1785430380565,279.27833557128906,178.34797382354736,202.2366799313357,317.92951583862305,100.3596568107605,373.9288637104009,278.0256462097168,128.8827610015869,382.4152670314158,273.7272262573242,151.4545440673828,278.11635176958254,277.9220771789551,166.38339042663574,185.00346429988323,313.1406593322754,92.91152715682983,305.4316613851536,278.68799209594727,118.73952627182007,299.06758650608936,275.36970138549805,138.75924110412598,260.89531732208195,279.32207107543945,151.77961349487305,223.63087569374827,310.7501983642578,92.77052879333496,236.112385757056,287.607421875,112.03578472137451,196.31943502486996,283.5240173339844,128.34913730621338,180.00701452361065,284.45133209228516,139.59468841552734,171.54264602572067
193,7.72,372.6410675048828,114.26126718521118,116.8570357503099,359.4346618652344,141.91668033599854,168.67183620262742,331.45076751708984,159.86895561218262,207.84030235151397,304.31121826171875,173.49772453308105,245.73391313685207,288.3573532104492,189.54405784606934,282.94235133570595,319.7359085083008,122.68943309783936,208.8439148211711,285.1591682434082,150.52469730377197,152.9470774782686,279.4140815734863,169.78461742401123,109.3915300113982,279.5150947570801,181.82252883911133,87.06530404040524,311.6741943359375,107.28439092636108,233.29298863462816,274.3154716491699,138.1917142868042,250.52695281157736,273.0827331542969,160.1693344116211,218.4647312838485,278.24323654174805,173.01335334777832,165.9434234762616,306.92771911621094,100.29722213745117,241.284474836196,274.4735336303711,129.34412956237793,285.2841468476838,273.689022064209,149.03427600860596,260.28953262339735,278.8100051879883,160.92138290405273,228.90248934276673,304.4932556152344,99.9708080291748,238.476091095396,281.55445098876953,120.64855098724365,263.17555844441455,279.2035484313965,137.02819347381592,242.37428119881642,281.86229705810547,148.2246494293213,225.2489310571379
194,7.76,371.36180877685547,119.95187759399414,145.8157007102268,360.6413269042969,149.94853019714355,203.04964403513335,333.6051559448242,170.76303005218506,277.62637595547176,306.4526176452637,185.34527778625488,300.98807016084163,291.0020065307617,200.71297645568848,286.9439558660984,317.224178314209,134.20251846313477,294.59710113612346,282.73372650146484,161.94222450256348,291.80761532504704,276.3959503173828,180.96083164215088,289.41415019053557,275.8679008483887,193.52232456207275,306.3772627074973,308.4733009338379,118.08757781982422,281.68529162291475,270.4670715332031,148.37319374084473,272.11292155741916,269.8184394836426,169.09818649291992,237.67100772126702,275.2348327636719,180.65913677215576,205.4088871379897,303.9501762390137,110.96655607223511,276.9255858952458,271.53392791748047,140.01015186309814,276.5923370534695,271.76015853881836,158.6402177810669,244.94212560762736,277.1082305908203,169.0766429901123,208.27311373957178,302.54039764404297,110.47152042388916,267.0189776169401,280.6421089172363,132.65616416931152,301.0555828929888,279.59651947021484,148.52123737335205,287.49400462663425,282.75766372680664,158.64563941955566,261.48460022531214
195,7.8,370.8080291748047,128.39601516723633,211.55692378690892,362.23758697509766,159.50580596923828,242.2415715735815,336.4346694946289,182.53621101379395,302.7106052851038,309.16616439819336,198.48840236663818,335.50806595726107,293.4954833984375,215.37900924682617,371.912241597699,317.85289764404297,149.19904232025146,375.2424347944749,280.682430267334,175.84423542022705,351.313360650962,270.3092956542969,193.79233360290527,355.04824281049264,266.39251708984375,206.77854537963867,407.36216053390757,308.2667922973633,132.24238872528076,353.9079308116114,270.1778030395508,162.2376823425293,346.6876480057925,264.6133041381836,184.2357587814331,400.18708808701956,265.6837844848633,199.06010627746582,518.3014337474642,303.62836837768555,123.83654594421387,321.85031420332695,269.1980171203613,151.76223278045654,299.5495421673154,266.0585021972656,171.25924587249756,346.1834367512807,269.2298889160156,184.57777976989746,434.7078825275748,301.9235610961914,122.11106300354004,291.396892989475,277.66563415527344,144.61594104766846,308.11489840305836,272.6627540588379,161.2089443206787,361.4683685687869,272.6284599304199,173.42013359069824,447.8325911835395
196,7.84,371.6234588623047,136.47645950317383,203.0371059705602,363.5746765136719,169.91632461547852,262.4008228334567,339.40155029296875,192.89932250976562,269.4861563576806,312.233829498291,208.09885025024414,252.20437854280925,293.58293533325195,222.1483039855957,169.24649018006926,320.7120132446289,166.68837547302246,443.0373264086564,282.88259506225586,192.38974571228027,417.27886055764077,272.5498390197754,209.08325672149658,386.3550539911928,270.29714584350586,220.6618309020996,360.5479706312483,310.62421798706055,148.68628978729248,415.30059747404255,272.3508834838867,177.45758056640625,384.3562642285216,265.3792381286621,197.99640655517578,344.54869216010275,266.5166473388672,211.99779510498047,324.1117214125178,305.5061721801758,138.15765380859375,361.09233374568663,269.10648345947266,164.36396598815918,315.05164085550234,264.1719627380371,182.90282249450684,294.88547319661575,267.5165367126465,195.86362838745117,285.3790842799373,303.54869842529297,133.8964319229126,297.4222502438159,277.8495216369629,154.84570026397705,255.78529598763674,270.9201431274414,170.7302713394165,241.98703614032823,270.52846908569336,182.71860122680664,238.31631019467946
197,7.88,373.0759811401367,142.15596199035645,146.55751744091782,363.6209487915039,175.63982963562012,143.0923015907955,338.4305191040039,198.03802013397217,130.74095294457385,311.2508010864258,212.37330436706543,109.65087452724885,290.20273208618164,223.29440116882324,89.23043463732954,325.03543853759766,174.17601585388184,216.15498597209978,284.4521141052246,198.12206268310547,148.58256938536752,274.3438720703125,213.89788627624512,128.450409535834,274.06415939331055,223.1484889984131,112.84352986650774,314.993953704834,155.01256942749023,192.21798226422123,272.2239875793457,182.4156904220581,123.99333629096098,266.4947700500488,201.79707527160645,99.02491529814434,270.6607437133789,212.80619144439697,105.55519706184289,308.5757637023926,142.90024280548096,141.23239382897617,268.8785171508789,168.50903034210205,103.78320895074289,264.7319793701172,187.3350477218628,111.68661259920792,269.74559783935547,198.0179786682129,77.49975257550513,305.8414077758789,137.4776029586792,106.305286068232,278.0001449584961,158.09391975402832,81.29274737230033,271.9266891479492,174.32712078094482,93.37578914131966,273.2998466491699,184.39354419708252,80.95510929296663
198,7.92,374.8085403442383,143.94680500030518,62.29406112342928,364.54376220703125,177.43629455566406,50.49053629657827,338.57311248779297,199.02528762817383,24.937797344187697,310.02763748168945,211.51269435882568,37.389660922456095,286.8134117126465,220.03719806671143,117.51825561074365,328.38916778564453,176.57740116119385,103.12053403474944,283.76062393188477,197.382173538208,25.317911231017153,272.8766441345215,212.772216796875,46.23235874600545,273.1871032714844,222.22383499145508,31.86114869061009,317.9664421081543,156.07057571411133,78.87911879263221,271.0134506225586,182.60603427886963,30.635258563186653,265.5255889892578,200.5008316040039,40.46263379956006,271.1431312561035,209.91758823394775,73.21512074357241,310.7907485961914,142.1897792816162,58.153441957996556,266.97301864624023,166.96005821228027,61.391363450737245,264.6129608154297,184.16995525360107,79.1832358718015,271.6604995727539,193.07684898376465,132.48021363374403,307.5615119934082,135.12994766235352,72.75920865055548,277.8126907348633,155.12402057647705,74.39522922698693,273.2659149169922,170.90229034423828,91.93404286722445,276.45069122314453,180.0646162033081,133.85495672702274
199,7.96,376.51317596435547,142.9178524017334,49.77779404187123,365.1416015625,176.27936840057373,32.55658557879831,338.6486053466797,196.69293880462646,58.33925675759451,310.5677604675293,207.1647548675537,109.53398633413663,287.6425552368164,212.2022294998169,196.96797237732943,329.9676513671875,176.38964653015137,39.740267823382055,283.1135940551758,195.32165050506592,53.99307149685458,272.2066116333008,209.9076747894287,73.54651786929007,273.19957733154297,218.27610969543457,98.69362509495785,319.9011993408203,155.10151863098145,54.096887501255885,271.9548225402832,180.85116863250732,49.785380159886664,267.3127746582031,197.79473304748535,81.07481889000474,273.6251640319824,205.51048278808594,126.44926134492154,312.41281509399414,139.5289707183838,77.90620134761824,268.3151435852051,165.1944923400879,55.444353865169596,267.6335906982422,181.4936113357544,100.89295582303667,275.0602149963379,188.29416275024414,146.6972915770376,308.3746337890625,130.5675172805786,115.8580436436945,275.88172912597656,151.95387840270996,92.7982156916659,273.4214782714844,166.08740329742432,120.4349856531465,278.6113739013672,171.9829559326172,209.13778706697684
200,8.0,376.28162384033203,141.8789291381836,26.610359045923527,362.2452163696289,174.37049388885498,86.72099330241647,335.17738342285156,193.89192581176758,111.50968408234026,308.8397789001465,203.11021327972412,110.18515038519952,287.6350975036621,204.97734546661377,180.62219705613646,326.26644134521484,173.73950958251953,113.80405712219309,280.68359375,189.444580078125,158.99068032116278,269.80125427246094,202.6736354827881,190.58637924076578,270.64159393310547,210.6315279006958,201.5299448641772,318.66031646728516,151.70615673065186,90.37516507606857,270.5028533935547,174.65784072875977,159.03129591056452,266.41122817993164,190.84362030029297,175.23333457968292,273.5088539123535,198.0958127975464,185.3895545745092,312.6923942565918,135.02095699310303,112.91687278557659,269.0450096130371,159.1787052154541,151.49752297375397,271.08707427978516,173.66354942321777,213.94569755276615,280.760498046875,178.40819835662842,285.2909905343123,309.5468330383301,124.5853042602539,152.3994006314615,277.4031639099121,145.35128116607666,169.39055107754444,277.2110939025879,157.86367893218994,226.37196859766783,283.81113052368164,161.690354347229,288.28709250376437
201,8.04,377.9774475097656,140.51626682281494,54.38673151340014,362.00923919677734,172.05880165100098,58.09263200194512,334.3838119506836,191.64745330810547,59.5158198566466,309.5964813232422,201.7573642730713,38.75241115015025,291.0846138000488,202.24974632263184,109.94021036820571,322.79850006103516,169.31596755981445,140.52210853001833,278.4671211242676,184.2540979385376,141.0980504427617,268.7820816040039,197.2745704650879,137.3604200485984,269.64582443237305,205.15272617340088,139.21392096697514,316.2017059326172,147.51111030578613,121.56063370793349,270.08981704711914,169.28893089294434,134.61935189775022,268.0652618408203,184.8213815689087,156.13132831277346,275.12340545654297,191.67800903320312,165.444442801925,311.85686111450195,131.3381052017212,94.41104592688998,269.2097282409668,152.98689365386963,154.85005376282203,271.37577056884766,167.254056930542,160.39977314702173,280.06982803344727,172.7140760421753,143.3964216765042,310.3874206542969,121.5693998336792,78.27143097240867,278.9883804321289,139.65095043182373,147.9161119988659,278.03226470947266,152.34764099121094,139.4206675416159,283.7650680541992,157.23309516906738,111.43742956363683
202,8.08,376.07555389404297,139.1958475112915,57.88299881965897,359.13719177246094,172.0235252380371,71.80660151073377,332.144775390625,193.3031129837036,69.61722882430385,307.81646728515625,204.67703819274902,85.48737396916192,289.74475860595703,202.60826110839844,34.674781837345776,321.07921600341797,165.8442735671997,96.8523258920957,274.9238967895508,181.61285877227783,110.48354803859337,269.31840896606445,195.96473693847656,35.3845915153218,274.971981048584,202.8489589691162,145.07603099742462,314.3853950500488,143.95477294921875,99.83273704005155,268.58184814453125,167.03913688659668,67.71052024136446,271.36600494384766,182.17846870422363,105.71155755906128,281.5087890625,186.8510627746582,200.11330224729193,310.0793266296387,128.71356010437012,79.24592187025988,267.7880859375,152.1163272857666,41.6754772039151,273.0402946472168,165.50665855407715,60.33262743710181,284.2649459838867,169.1989803314209,136.82770295581423,308.68993759155273,120.77336311340332,46.87165460282743,279.6380805969238,141.01019382476807,37.66341813847174,281.5555763244629,153.1043243408203,90.09125383431082,289.7494697570801,156.3416290283203,151.26089965177263
203,8.12,375.750732421875,136.3077735900879,72.65707107328655,360.43277740478516,167.76826858520508,111.20294317192163,334.32640075683594,190.58512687683105,87.13114295290481,310.1723098754883,205.037841796875,59.582786687791746,292.119197845459,204.55296993255615,76.7294521062622,321.9575500488281,159.49082851409912,160.3467623973409,278.92051696777344,176.60300731658936,160.21779016591847,272.1578025817871,192.44175910949707,113.11920948850718,275.43041229248047,202.69333362579346,12.103162109155683,313.3219528198242,139.5580244064331,113.0882043072817,270.5281639099121,165.23953914642334,66.26979461360523,272.2355270385742,181.9022512435913,22.808506620006913,281.18127822875977,189.5399522781372,67.71904324180528,307.26240158081055,126.69556617736816,86.62911685791656,268.77538681030273,153.25424194335938,37.663085221154546,273.1738090515137,166.9269847869873,35.66469458764074,283.292179107666,172.61155128479004,88.71272423971571,304.92849349975586,121.0387659072876,94.26989279031243,279.7583198547363,142.70464897155762,42.467897608082296,281.70249938964844,155.67874431610107,64.46522607289972,289.00318145751953,161.42699718475342,128.49590341846704
204,8.16,374.83985900878906,132.93810367584229,87.26527697786936,362.01099395751953,165.69976329803467,65.04556869215186,337.7283477783203,189.42358016967773,89.86946884887107,315.0279998779297,203.60418319702148,126.57286039259998,297.73778915405273,206.64236068725586,149.86269136035375,320.5501174926758,154.80847835540771,122.23253814122836,280.7925796508789,175.3050184249878,56.95060278542437,275.9651565551758,191.78619861602783,96.58449616552124,279.6900749206543,202.2019100189209,107.19789779670472,311.5693473815918,136.12807273864746,96.29445163620339,273.0670166015625,164.45626258850098,66.42333530136048,276.1040687561035,182.05105304718018,96.78506146681362,285.60630798339844,189.890456199646,110.97224126000673,305.94579696655273,125.51396369934082,44.22691577510607,272.62062072753906,153.55735301971436,96.42905488905338,277.04071044921875,168.69682788848877,106.31695250378057,286.91070556640625,175.56694507598877,116.8013436182862,303.9191246032715,121.98918342590332,34.66012684701392,282.9075622558594,144.2370843887329,87.55743118392517,285.14400482177734,157.92612075805664,102.75778714782895,292.1392059326172,164.9256706237793,117.46107158692168
205,8.2,376.0028839111328,131.32704734802246,49.67475097370888,365.0198745727539,162.90125370025635,102.72846041138797,342.42271423339844,188.90450477600098,118.07443541809613,320.98072052001953,204.0397310256958,149.21583560782312,305.47163009643555,206.5949535369873,193.34965599913357,322.93392181396484,150.4272222518921,124.69444676585772,285.6460380554199,175.834321975708,122.05588047441336,283.1670951843262,193.8456916809082,187.26557295445912,288.0103874206543,205.32877922058105,222.21176710227772,313.40307235717773,133.1330680847168,87.7945049645548,277.2100830078125,165.49418449401855,106.77745878856679,280.81939697265625,185.1705551147461,141.3453513105543,290.4241752624512,194.6019744873047,168.4678190588437,307.6782989501953,124.34516429901123,52.247339415133595,277.64537811279297,155.30668258666992,133.01395771329936,282.2187805175781,172.34149932861328,158.30358401521295,292.06653594970703,180.74478149414062,182.675560958676,306.12491607666016,122.43860721588135,56.27775852341881,287.7613067626953,145.9593629837036,128.75626027579762,289.9559020996094,160.78863143920898,139.97393242162667,296.3570022583008,168.82977962493896,143.68340400400712
206,8.24,382.8644561767578,130.50539016723633,172.76482295148296,373.1303405761719,159.36500072479248,221.19666574549063,352.33570098876953,185.83109378814697,259.4623786703292,332.52254486083984,204.3420124053955,288.6445512508263,316.42181396484375,209.40241813659668,282.60881115732116,328.02276611328125,145.72877883911133,173.15402609704896,295.6891632080078,173.32045555114746,258.82412854952827,293.2620620727539,193.61194610595703,252.44181690077318,297.4156188964844,209.04783725738525,252.8460151394801,318.29004287719727,130.9938669204712,133.36665270188826,289.0877151489258,167.9529905319214,303.23657473542283,292.30194091796875,189.58179473876953,307.51814019317135,300.19351959228516,202.37319946289062,312.08174635825594,312.5172233581543,125.42215347290039,123.9331853929156,288.9809036254883,161.09025478363037,318.1428983240278,294.5976448059082,178.54230880737305,346.1270713740572,304.2665100097656,188.82705688476562,365.8573343497478,311.3058662414551,126.7933988571167,169.2011651272344,296.7487907409668,152.67884731292725,280.5422627590723,301.0870933532715,167.45183944702148,324.32792016817297,308.16062927246094,176.91570281982422,357.69030302326024
207,8.28,390.69637298583984,126.00650310516357,225.802604200089,385.7242965698242,153.15862655639648,351.00463662196194,368.6143493652344,180.61534881591797,427.3452852933398,349.48619842529297,200.79452991485596,433.26534470479805,333.3875274658203,211.8182373046875,428.42124192356914,340.60001373291016,140.90845584869385,336.7330836669902,313.9610290527344,172.4390459060669,457.32781213952956,310.85092544555664,196.73955917358398,446.6192997452588,313.6468696594238,214.285569190979,426.38548956432186,328.2332229614258,130.38296699523926,249.04822437889288,307.1876907348633,170.4924774169922,456.9314157035633,310.0561332702637,194.60971355438232,461.3101679582571,317.24231719970703,209.7101926803589,464.0130448947591,320.6775665283203,128.8349962234497,221.13160150526338,305.44084548950195,166.55033111572266,433.54794985602825,310.6510353088379,185.89824199676514,441.4614222431794,318.1770706176758,198.93043041229248,429.81235227063934,318.2290840148926,132.54375457763672,224.99657671139994,308.05816650390625,160.5042028427124,343.8187834045915,312.40875244140625,175.65884113311768,349.584432919583,317.94260025024414,186.708083152771,346.0289626563755
208,8.32,391.64215087890625,131.80987358093262,146.99830930584062,392.87830352783203,155.37325859069824,187.2238142614671,380.6392288208008,180.8244752883911,300.66744482317176,363.84979248046875,202.7349042892456,362.35159625585777,350.1671600341797,220.06919860839844,467.46285384809045,350.79700469970703,142.8702163696289,259.599606507835,331.5366744995117,180.69531440734863,485.4567967621334,330.8140563964844,207.4610137939453,566.5003235548261,333.7337875366211,226.73521041870117,590.8033918446699,335.35438537597656,137.18350410461426,246.16846252921647,322.203369140625,181.3142967224121,462.724520546795,327.6014709472656,207.54358291625977,544.9333966585597,335.72052001953125,224.9987268447876,599.5744617786559,325.9085464477539,140.10595321655273,310.6420995875876,318.7877082824707,181.2209701538086,495.83666426061154,326.5118408203125,201.77314281463623,561.0133841151138,334.5839309692383,216.06820106506348,593.1316514604138,322.1800994873047,146.91040992736816,372.50109832154106,319.34810638427734,178.78844261169434,537.2244447342366,326.35868072509766,194.91305351257324,594.4142040032531,332.96871185302734,206.31404399871826,617.5443964769422
209,8.36,394.2660140991211,137.5421905517578,157.60733654482655,400.4555892944336,163.76393795013428,282.6423974097045,388.3985137939453,191.17034912109375,323.3067512601883,370.684814453125,212.46851921081543,297.3432200421977,359.60723876953125,231.92217350006104,378.82062073627003,364.2913818359375,154.43746089935303,444.3389474160268,346.36234283447266,197.51795768737793,560.5810425940762,346.7343521118164,224.04789447784424,574.7719256830915,349.6578598022461,242.17254638671875,554.4633775723473,346.65321350097656,147.6787233352661,385.52978459657913,332.07984924316406,194.90398406982422,419.9884383946351,338.86962890625,221.054048538208,439.81819049925923,349.68109130859375,237.0641040802002,461.2963246045111,336.05663299560547,149.46360111236572,345.09893031265244,327.8077697753906,194.1831350326538,394.79363888177795,337.76824951171875,214.43501472473145,423.5487995022123,348.36254119873047,226.12000465393066,426.38660219147806,330.90171813964844,155.11393547058105,299.33725049584206,328.6988067626953,188.72726440429688,341.1522535760766,336.0419464111328,205.33182621002197,355.59497576899986,342.59281158447266,215.45110702514648,331.765369265057
210,8.4,395.7368469238281,144.13892269134521,168.96786698900226,403.94752502441406,170.03069400787354,179.34925186198492,393.1745910644531,197.6537847518921,201.3173050071808,375.90023040771484,219.5551300048828,219.97246436483624,366.9850158691406,239.55156326293945,265.32902108212096,371.1111068725586,162.81527996063232,270.0653876826074,353.0482482910156,207.2845458984375,295.89649484473324,353.0984878540039,233.49472045898438,284.7638768160965,356.6090393066406,251.39814376831055,288.7803485669818,352.80738830566406,157.0468282699585,280.21783668475916,338.6750793457031,204.87918376922607,298.95826333744344,344.86900329589844,229.8173189163208,265.50353197636406,354.8409652709961,244.29485321044922,222.07548307455434,342.0166778564453,158.89959812164307,279.0163237858074,333.6485290527344,202.99532890319824,264.3024188168947,343.211669921875,222.0413589477539,233.8366125642176,353.37024688720703,231.9298267364502,191.75366504471972,336.59252166748047,164.35877323150635,271.39946345080494,333.13209533691406,197.31562614440918,241.62730206006754,340.5396270751953,213.3982801437378,230.8906808706248,347.64434814453125,222.34535694122314,213.67133570470395
211,8.44,397.5135040283203,151.06873512268066,178.84841836111156,405.67203521728516,177.12178230285645,182.44428706553123,393.90869140625,207.29915142059326,241.831554865052,377.1139907836914,232.04607009887695,313.7443213450655,368.0118179321289,252.7803897857666,331.7154029130355,375.07286071777344,171.10806941986084,229.76326205624966,359.556884765625,214.83527183532715,249.21854231356062,358.0543518066406,241.22065544128418,229.47039415217588,359.01012420654297,260.3565216064453,231.8643760198556,357.4330520629883,165.47059535980225,240.25587555218792,344.6385192871094,212.45744705200195,241.08179410449634,347.3607635498047,239.2632007598877,244.22524563092068,353.68133544921875,256.8487071990967,315.1824781890595,346.4854049682617,166.68092250823975,224.33029667396576,337.40413665771484,210.13700008392334,201.72390744558908,343.92345428466797,230.96410274505615,223.77722439321812,352.28515625,243.29026222229004,285.3034745219592,340.5727767944336,171.74325942993164,209.72164184099222,335.3200149536133,205.08180141448975,201.71215657272032,341.5641784667969,221.51443004608154,204.51405023761075,348.36925506591797,230.98321437835693,216.70554784794086
212,8.48,399.9155807495117,156.06667041778564,138.6301955485929,408.21502685546875,183.70619773864746,176.46057120316328,395.81554412841797,215.16088485717773,202.24202693176449,378.03295135498047,238.53474140167236,163.83555743356013,367.05223083496094,256.75878524780273,102.31213836039001,381.49085998535156,181.21301651000977,299.2706449576021,363.00464630126953,220.63778400421143,168.73834603595603,359.0180969238281,245.28754234313965,104.48795900541101,358.2511901855469,263.084020614624,70.7779612937581,364.17510986328125,173.12636375427246,255.0320238375226,348.8157272338867,216.5994358062744,147.06532789703382,347.00706481933594,242.84156799316406,89.8951293456755,349.9931335449219,260.4037570953369,128.06544482123388,352.1669387817383,172.4031686782837,201.59353862453676,340.34297943115234,214.13898468017578,124.12865693411521,342.33165740966797,236.49192810058594,143.81122707497875,348.08238983154297,250.44024467468262,207.34255267194902,344.7404479980469,176.20179176330566,152.57783634339103,337.22644805908203,208.52771759033203,98.45311535370129,340.09037017822266,226.92139148712158,140.10563625431848,344.5163345336914,238.43899726867676,209.81196214592788
213,8.52,398.7867736816406,161.82008743286133,146.57765165996085,408.93627166748047,189.20562744140625,138.6630834397701,398.4149932861328,220.31325817108154,144.27423256028024,379.9201202392578,242.30730056762695,105.45617886832362,367.69947052001953,259.581356048584,72.3957230061696,386.7034149169922,188.7720823287964,229.5514715811566,366.71966552734375,228.6066198348999,219.80632433258944,361.4813232421875,251.98911666870117,178.49821836730555,360.5403518676758,268.3568000793457,143.70643794407292,367.87784576416016,180.23011207580566,200.27089991955788,350.9086608886719,226.78738117218018,260.0175499629941,349.8138427734375,252.8217315673828,259.1834141247677,353.67923736572266,268.875675201416,230.97721447936297,353.68663787841797,178.39834213256836,154.61967470904335,340.84808349609375,222.27521896362305,203.7974460579103,344.0568542480469,244.60450172424316,207.34957639577468,351.07471466064453,256.99499130249023,180.13659962236474,344.75128173828125,181.16344928741455,124.04173379470362,336.92787170410156,215.32311916351318,170.04894585924794,341.69090270996094,233.41737270355225,167.2563084560874,348.0612564086914,243.58211517333984,156.16124055187223
214,8.56,398.8573455810547,162.94858932495117,28.26765945207157,410.8644485473633,191.04002952575684,66.53428198673407,398.81126403808594,221.90710544586182,41.059253251992416,378.79467010498047,242.56447792053223,28.86150329149816,365.1853942871094,258.2135009765625,71.55245804189147,391.4207458496094,190.57956218719482,126.29379083693846,369.19921875,231.54759407043457,96.16884123139793,362.3960876464844,254.00447845458984,55.331258363768676,359.3228530883789,269.5319366455078,42.302845846354224,372.71923065185547,181.3877820968628,124.44679462640593,352.0216751098633,228.03779125213623,41.85037353947706,348.3446502685547,253.59638214111328,41.52266043819309,349.4268798828125,269.27796363830566,106.78360170491159,357.7959442138672,179.2113733291626,104.72409669340239,340.11444091796875,222.14309692382812,18.636115237581496,341.4265441894531,244.39470291137695,65.9665945110645,347.1147155761719,256.7186164855957,99.24079235764697,347.90313720703125,182.14957237243652,82.56297458115887,337.2586441040039,215.87217807769775,16.024903895630217,340.4117202758789,234.3006134033203,38.86211067182608,346.0162353515625,244.82093811035156,59.77454199619062
215,8.6,399.0106201171875,162.47670650482178,12.403791742850231,411.1301040649414,190.8079719543457,8.818431353879443,399.7163391113281,219.07572269439697,74.31305896971011,378.78135681152344,237.39163398742676,129.32152663045102,364.37408447265625,251.29918098449707,174.0438963446141,395.8218765258789,192.48039722442627,119.8517966812747,371.02489471435547,233.29350471496582,63.15307150840327,361.70013427734375,255.31954765319824,37.196758000082504,356.6490936279297,270.78721046447754,73.84401639999571,376.44500732421875,182.05554485321045,94.62861258325698,352.63912200927734,227.49435424804688,20.563384494801277,346.07872009277344,252.62935638427734,61.59128578733848,344.8125457763672,268.2894802093506,117.97557675008218,360.3460693359375,178.34459781646729,67.33515949906086,339.44087982177734,220.64929962158203,40.965800755784976,339.23072814941406,242.2953987121582,75.9468819412222,343.616943359375,254.08905029296875,109.399008342177,349.1560745239258,180.338773727417,55.05022509531317,337.56988525390625,213.32839965820312,64.06871165435945,339.7414016723633,231.29316329956055,77.03117533190606,344.3878173828125,240.9243679046631,105.57877523680781
216,8.64,396.279296875,162.53417015075684,68.2981914288264,410.1387023925781,191.6850471496582,33.09208906783058,398.33141326904297,220.01542568206787,41.840928629056364,376.788330078125,238.49324226379395,56.93031021895065,362.26146697998047,251.67838096618652,53.65948947106761,390.74893951416016,192.92694568634033,127.31382351718472,367.0886993408203,236.1436414718628,121.49309021415262,359.2001724243164,258.3337211608887,97.89998468160867,355.0947952270508,272.5704574584961,59.138678970761895,371.3093948364258,183.17553520202637,131.40798588322144,348.3794403076172,229.18370246887207,114.5610798075191,342.93975830078125,254.36396598815918,89.65890784476571,342.36255645751953,269.69292640686035,70.58730804725194,356.31141662597656,179.84503269195557,107.61542438695959,336.4533233642578,222.88387298583984,93.26980924687369,337.7083969116211,244.13105964660645,59.619331301913235,343.16455841064453,255.15924453735352,29.047029350608174,346.88995361328125,181.77402019500732,67.05984456248261,335.18726348876953,215.15055656433105,74.98809183069054,337.7943420410156,232.1540880203247,53.22260200590604,342.78316497802734,240.52388191223145,41.34684366971636
217,8.68,394.27242279052734,164.76988792419434,75.1081618126165,407.10498809814453,194.22457695007324,98.90852474460546,395.03089904785156,222.62061595916748,105.12020055685376,373.99532318115234,240.8045196533203,90.63281241454666,359.7526550292969,253.4480381011963,76.75376122454762,387.01072692871094,194.02251720428467,97.38618448264937,363.08807373046875,236.44123077392578,100.29196337102223,355.54508209228516,258.5118770599365,91.48573952970027,351.4270782470703,272.63179779052734,91.70574709897805,367.86598205566406,184.03367042541504,88.71826066379133,344.87876892089844,230.1186990737915,90.5846248301907,341.1433792114258,255.61574935913086,54.73766665032181,341.78844451904297,270.5851936340332,26.525286551091742,353.0356216430664,181.11484050750732,87.83238532318133,333.14483642578125,225.14056205749512,100.12096242857422,335.2054214477539,246.65348052978516,88.8379609338585,340.82218170166016,257.1706008911133,77.18598896740527,343.62621307373047,183.3733606338501,90.8635383034121,330.8970642089844,218.05761337280273,129.55884075380243,334.01126861572266,235.82598209381104,131.80110637828002,339.3846130371094,244.191312789917,125.00051134325079
218,8.72,396.6849136352539,164.58024501800537,60.49832904591911,408.9433288574219,193.6975908279419,47.809590565985275,398.1966781616211,220.87158679962158,90.42006275614814,377.5728225708008,237.0251226425171,130.1017477981255,362.76573181152344,247.5721263885498,165.08514876876592,389.89967346191406,197.14499473571777,106.34812529498032,364.93682861328125,240.2574634552002,106.01157511785556,355.6214141845703,261.27928733825684,69.2115698278905,349.95941162109375,275.7190132141113,85.45811984760527,371.80198669433594,186.5646743774414,116.98855051034805,347.3152542114258,232.5709104537964,86.4212113111618,342.0060348510742,256.9779968261719,40.31045858456678,342.0806884765625,271.52286529541016,24.55395430546897,356.9076919555664,182.85600185394287,106.138386491602,334.7711944580078,226.51185035705566,53.18289227690796,335.68702697753906,247.8778839111328,32.89288987166542,341.3859176635742,258.79786491394043,43.05364701990099,346.83258056640625,184.80899333953857,87.82736533866591,332.50308990478516,219.41222190856934,52.525486794175215,334.63428497314453,236.75455570220947,27.955302804536437,340.1405715942383,244.88348007202148,25.62431568003741
219,8.76,404.0177917480469,163.04303169250488,187.30677748211363,414.2905807495117,193.49358558654785,133.7785505414981,401.9792938232422,219.44940090179443,101.02844268917417,379.7837829589844,234.08793926239014,91.90821524288152,362.68035888671875,241.80865287780762,144.10264450495995,394.931640625,198.94781112670898,133.62924565285502,368.06568145751953,242.45478630065918,95.58356228999952,355.92857360839844,263.20618629455566,48.780673039073186,348.17211151123047,276.9316291809082,53.995828343771244,377.2513961791992,185.7630157470703,137.70148940136403,350.64422607421875,231.968092918396,84.57778462846157,343.6140823364258,254.67719078063965,70.17622983560355,342.1603775024414,267.2724723815918,106.27849695106147,362.1269226074219,178.6914825439453,166.92736010127692,336.55670166015625,222.6781940460205,105.72652422660911,336.77574157714844,242.62670516967773,134.0712908635559,341.77852630615234,251.6143798828125,179.85514785978825,351.49932861328125,177.44041442871094,218.05173196128456,335.15628814697266,211.45195484161377,209.76968425156826,337.2430419921875,228.30938816070557,220.97294516025752,341.89697265625,235.3173065185547,243.15198583612712
220,8.8,409.1719055175781,156.96707725524902,199.18915487684188,418.4471893310547,187.40585803985596,184.28548095093512,406.14559173583984,213.92024517059326,173.07801961180388,384.1788101196289,229.49252128601074,158.96959245488196,367.59571075439453,238.08626174926758,154.14457437925236,400.80894470214844,193.33013534545898,203.25627972849395,373.67015838623047,237.37608432769775,189.0822826420674,360.68641662597656,258.19573402404785,172.73842605033235,351.2006378173828,272.8857135772705,126.34626196195849,382.52880096435547,179.96053218841553,196.08642341269,355.6480407714844,226.5640926361084,184.12186958563598,347.19120025634766,249.28653717041016,161.73844425202853,343.55567932128906,261.85598373413086,139.83297276070297,366.10958099365234,172.30855464935303,188.08797198547842,339.43302154541016,214.24518585205078,222.7510427611221,339.3644714355469,233.604998588562,234.64429451234045,344.0271759033203,242.4484348297119,235.94354956125466,354.09210205078125,170.0636386871338,195.47905009189387,334.07169342041016,202.61608600616455,222.55466154148223,335.6462097167969,219.25459384918213,229.86296643289234,340.92884063720703,226.25739097595215,227.78738612655235
221,8.84,410.53295135498047,147.51276969909668,238.7943376865194,418.10447692871094,178.4320592880249,224.5085129637137,404.2533874511719,207.04693794250488,178.22526004085353,383.00048828125,228.5685110092163,37.435255328553346,370.19065856933594,245.42641639709473,194.63366938990745,399.11109924316406,181.9804573059082,286.89923187860654,374.2498016357422,224.70457077026367,317.11910433319474,364.40128326416016,245.8736801147461,321.74645169297145,359.06402587890625,259.20029640197754,394.5911769381643,381.4023971557617,168.29089164733887,293.0969292507541,356.0923767089844,213.6260461807251,323.6418550139668,350.9270477294922,237.77043342590332,302.6726798424793,350.52024841308594,251.3481044769287,315.159432984275,366.43035888671875,161.03261947631836,282.0124249070869,340.3245544433594,200.73121547698975,338.5836549197933,342.2280502319336,221.13397121429443,319.8892457680147,347.95482635498047,230.96912384033203,303.31606747471767,356.1692428588867,159.58125114440918,267.155107723684,336.96876525878906,191.47141456604004,287.8766302006112,339.34261322021484,208.97270679473877,273.1535743181052,345.08289337158203,217.0440673828125,252.66267748704016
222,8.88,404.23492431640625,133.6965036392212,379.60040866669857,415.3470993041992,162.1519947052002,412.7981000025174,405.46302795410156,186.4943790435791,514.7031349720811,384.6744918823242,201.29722595214844,683.0653687240806,370.0722122192383,209.5598602294922,896.6687936682778,397.0985412597656,157.64094829559326,610.5643334754654,372.8702926635742,197.6640272140503,676.8927356031774,361.8906784057617,220.10942459106445,647.1572449203196,354.88025665283203,236.13096714019775,586.1409160376105,376.58336639404297,147.87707805633545,524.3727460086404,352.61375427246094,191.48693561553955,560.2683679906189,348.2344055175781,216.92348957061768,525.5029675147024,349.0251922607422,232.15805053710938,481.20510382257777,360.1753616333008,144.66588020324707,438.0319231181676,339.1353988647461,185.24670124053955,388.25271419606315,339.91912841796875,207.16522693634033,353.9570389237567,345.43235778808594,218.84087562561035,309.6946605417086,349.72888946533203,147.10483074188232,351.01568509688764,334.70558166503906,178.7804889678955,322.278598921666,336.2987518310547,196.92255020141602,310.7162754025164,341.5916061401367,206.8694829940796,268.92291415931413
223,8.92,398.90625,127.04355239868164,213.09699988990394,404.21722412109375,154.3033790588379,340.4729148146646,387.2361373901367,175.65442085266113,530.1675638486856,364.2416763305664,187.88352012634277,611.0582293005148,349.20101165771484,197.28386878967285,605.3444157615222,385.56041717529297,142.83286571502686,469.3130732128356,357.2212600708008,175.8907413482666,670.3395587698545,343.7974548339844,197.3741912841797,726.4019086982778,334.5469284057617,213.7188720703125,756.5324856808375,367.50553131103516,131.08091354370117,477.3090142466425,338.64112854003906,166.26487255096436,720.8444419098627,332.98168182373047,190.41784286499023,764.523907149247,332.22156524658203,205.4619598388672,788.6076097305087,352.2998046875,126.667799949646,491.1436208111736,326.3960647583008,161.40558242797852,675.7817601259543,327.76702880859375,180.5601167678833,731.2256030083618,333.90602111816406,189.36631679534912,791.2040094323477,341.6173553466797,128.83366584777832,499.7702299217109,322.125244140625,157.0234251022339,628.3086026600797,323.9362335205078,173.7278652191162,657.0888783141949,330.1979064941406,181.39636516571045,697.6281797639186
224,8.96,387.646484375,118.33008527755737,355.9378730909768,388.39271545410156,146.08803749084473,445.7486060203296,365.6007766723633,168.43022346496582,570.2400050003934,339.0605926513672,181.09233856201172,652.019517680713,320.46993255615234,191.11182689666748,734.6636166765605,366.20697021484375,129.8668384552002,582.3839863834949,336.1270523071289,160.20162105560303,657.2262247195704,321.94774627685547,181.49986267089844,675.1870448965939,312.89100646972656,197.24258422851562,680.2789023377619,349.4364929199219,117.46423244476318,565.6324737239394,318.0877494812012,152.54000186920166,617.8660180246327,312.8129196166992,175.3135871887207,629.9392373961022,314.26971435546875,187.77151107788086,630.0897395321199,337.0135498046875,112.97575235366821,513.043465332635,308.99559020996094,147.36273765563965,559.0046979942497,309.234676361084,166.22886657714844,585.6795301550154,314.6383285522461,174.3978452682495,609.9688089732141,328.9617919921875,114.92202043533325,470.17095421583724,308.5758590698242,141.9010591506958,507.61192593917,309.6893882751465,157.74600505828857,535.2525418234393,315.39112091064453,164.07926559448242,569.6066827620253
225,9.0,381.87644958496094,118.2471227645874,144.26577958931267,377.0221710205078,145.8779525756836,284.3121264428279,352.2270202636719,165.75725555419922,340.95648359706627,325.3717803955078,177.00799942016602,357.1286595907863,307.7036666870117,189.40192222595215,322.00671404541293,343.5837936401367,134.01515007019043,575.0090257908108,308.0014228820801,161.67451858520508,704.1042437415962,296.346378326416,181.64833545684814,640.0449618493396,291.9256782531738,195.52000522613525,525.8993877440009,333.54297637939453,117.36182928085327,397.34616082201785,297.05217361450195,148.42997074127197,535.8333509101789,292.1921730041504,169.4013547897339,536.2891493859524,295.0166893005371,181.8837547302246,503.32932098129845,327.1308135986328,109.264976978302,263.9108855334605,293.9777946472168,137.96231746673584,442.93205128744626,291.43646240234375,156.505708694458,507.02331019689126,295.6207275390625,166.94355010986328,510.65868285784956,322.93601989746094,107.94686794281006,230.43800906037868,298.0630874633789,129.23529624938965,411.5063158092063,294.1554641723633,145.27740955352783,497.97632467089284,296.306209564209,154.69850063323975,531.6440258524627
226,9.04,376.7109680175781,119.64436054229736,133.77797191249263,370.15602111816406,147.9673147201538,179.42520839510027,343.3613586425781,168.81367206573486,234.44300729564637,317.3905944824219,182.8265905380249,246.9252558671193,303.5828971862793,199.97704982757568,283.74071027611024,330.6863784790039,140.89390754699707,365.42836358797956,295.68164825439453,168.20885181427002,348.6351581752646,286.00940704345703,186.45067691802979,284.9511567954486,282.15898513793945,198.4790325164795,255.12758684647437,320.64449310302734,123.08062076568604,352.7352467482869,284.2077445983887,154.04664516448975,350.4696744427411,282.02491760253906,174.5445156097412,284.85213886116986,285.7327461242676,186.01474285125732,254.03821532930212,314.86133575439453,113.05264234542847,321.0203415513409,280.816707611084,140.96137046813965,337.4616004802365,279.60193634033203,159.3435573577881,304.2505054930054,284.23351287841797,169.79663372039795,293.4799224566939,311.79086685180664,109.68280076980591,281.98836322499534,288.35607528686523,131.75265312194824,250.70297542460813,285.23231506347656,147.71584510803223,231.2581863049622,287.1145820617676,157.50213146209717,240.24253626304008
227,9.08,375.0730514526367,122.00201511383057,71.76918625174764,367.9734420776367,151.52370929718018,104.31800436541327,342.74620056152344,174.3583631515503,139.46778010934992,318.0857467651367,190.62498092651367,195.73280471640044,306.43280029296875,207.82422065734863,208.71637116724585,327.0552062988281,144.7364330291748,132.1703765109351,293.2459831237793,172.43818759918213,122.01369239257804,284.4434356689453,189.96454238891602,96.17535057538338,281.21721267700195,201.66930198669434,83.15931495014995,315.9621047973633,127.50911235809326,161.12165052577717,280.8283233642578,157.91278839111328,128.37336008315154,280.2463150024414,177.50729084014893,86.39105955982812,284.9630928039551,188.15428733825684,56.84417761146507,309.840087890625,117.94883251190186,175.33113003628446,277.2151756286621,145.81450939178467,151.08770224733294,278.3258247375488,163.04311752319336,97.83661840094501,284.8456382751465,172.16124057769775,61.063814422441,307.1042251586914,114.79884624481201,173.45484221760802,285.0132369995117,135.75139045715332,130.29885861779354,282.86916732788086,150.50033569335938,91.3025706101238,285.56053161621094,159.436354637146,62.02969086569936
228,9.12,374.9380111694336,122.2836971282959,7.809474828726789,369.05914306640625,152.9454517364502,44.72204574254041,346.20323181152344,177.75501251220703,121.16180282664992,322.5889587402344,195.8951997756958,173.30270628826304,311.86153411865234,214.79681968688965,220.91894466194714,326.3627624511719,148.68777751922607,100.28896300570516,292.88578033447266,177.32256889343262,122.44112533440399,285.5063247680664,195.2420139312744,134.58602991542526,283.80273818969727,207.74751663208008,165.13183265988587,314.71704483032227,131.9568157196045,115.46709356329208,279.7909927368164,164.1123390197754,157.14341146698757,280.2711486816406,184.04205322265625,163.37023923334263,285.4315376281738,195.00995635986328,171.7913674474645,308.7743949890137,122.63036727905273,120.03246731766785,275.8342742919922,151.52204990386963,146.80537115239483,277.47304916381836,168.41703414916992,136.02896309724505,284.5609664916992,177.16123580932617,125.20231213070198,306.55384063720703,119.44604158401489,116.99184705086975,283.8269233703613,141.41215324401855,144.5933421614439,282.130126953125,155.7920265197754,133.57622467596613,285.52011489868164,164.21350479125977,119.43302805862857
229,9.16,376.84356689453125,126.65599822998047,119.23757677753206,370.40828704833984,158.45150470733643,141.72334141336933,346.6481399536133,183.21091175079346,136.85023693006931,322.93163299560547,202.80773162841797,173.0255079825528,312.8878974914551,222.57193565368652,196.06416371651576,325.1715850830078,155.63075065612793,176.11036933938448,290.4075622558594,183.39335918426514,163.92845161920505,283.9176368713379,201.0012674331665,149.35890108281959,284.25548553466797,212.48791694641113,119.04929467054808,314.4204330444336,138.49242210388184,163.55834081783868,278.7771224975586,170.2499771118164,155.52036484598563,279.7598648071289,189.52401638031006,137.64385943034617,286.3443183898926,199.90310668945312,124.43896311778984,309.39220428466797,128.84655475616455,156.17032984132786,277.70912170410156,158.21090698242188,173.66609815244544,277.9679870605469,176.04412078857422,191.0782139049962,283.87393951416016,185.784330368042,216.2604995087245,308.1452751159668,125.09572505950928,146.73868583612264,286.5044403076172,147.90172576904297,175.5057842829613,283.9628028869629,163.30318450927734,193.28766680411803,286.77452087402344,172.88698196411133,219.09293207870482
230,9.2,377.24666595458984,130.34457206726074,92.76336091531722,371.13746643066406,164.03494834899902,140.7714137157053,347.14866638183594,187.52326011657715,108.53246960364731,322.6776885986328,205.1432704925537,58.73260137395094,311.9485092163086,223.84793758392334,39.612429058399464,324.0037155151367,163.31005096435547,194.18994012226628,286.56349182128906,185.66150665283203,111.5834061506907,281.5610694885254,202.09522247314453,64.95261474350495,284.4056701660156,211.54409408569336,23.89242840193459,314.16099548339844,145.5227565765381,175.87799508020947,276.7508316040039,172.67601013183594,79.0232995685756,277.93188095092773,190.64939975738525,53.665705552576114,285.1474380493164,199.0402364730835,36.88722305856311,310.08989334106445,134.8060941696167,150.00599996313687,276.64112091064453,161.65514945983887,90.15067920594244,277.3728942871094,178.7317943572998,68.8191680285354,284.2974281311035,187.4915313720703,43.97355652005464,309.5775604248047,130.03841400146484,128.65072673435108,287.2812271118164,151.85626029968262,100.75260881609773,285.9554862976074,166.84354305267334,101.56563700033756,290.1399803161621,175.7896614074707,111.10767639879072
231,9.24,380.03726959228516,132.91633129119873,94.87298801762687,372.7547836303711,167.73622512817383,100.98008689998863,347.5081253051758,188.7865447998047,32.83575517296221,321.3294982910156,202.40778923034668,76.24169971806234,305.9214210510254,217.6202630996704,216.66466202681715,325.56819915771484,167.67029285430908,115.81050904063277,286.7717742919922,192.0783519744873,160.5056180279435,285.7778739929199,207.41506576538086,169.70962863490146,292.37470626831055,214.59089756011963,213.29051170213808,315.8332633972168,149.53595638275146,108.69180241679197,278.9318656921387,179.05029773712158,168.42738080643252,284.17882919311523,195.15189170837402,192.5110323288125,294.1671562194824,200.7015323638916,229.28587492751114,312.2571563720703,138.29227924346924,102.62344826694378,279.4114303588867,166.35056018829346,136.29356264123956,285.03488540649414,180.29881954193115,195.5148265522335,295.0595474243164,184.75234508514404,277.63099745416355,312.2950553894043,133.39462280273438,107.96097790504938,289.67403411865234,155.0716781616211,100.20116453551127,292.1264457702637,168.19195747375488,157.9140633860443,299.779052734375,173.52630615234375,247.53092495492268
232,9.28,384.47559356689453,131.98604106903076,113.3693069161956,375.79357147216797,168.05904865264893,76.39717998479654,350.2933120727539,189.86286163330078,74.64802097326218,324.5676040649414,203.56181144714355,85.94000916334114,306.3885307312012,214.85761642456055,70.04644934260365,328.77254486083984,169.46496963500977,91.81740076206218,290.1180648803711,192.14953422546387,83.676189918068,289.61069107055664,206.88529014587402,96.73142249822291,296.61394119262695,213.7386703491211,108.10123716541784,318.82944107055664,150.71617126464844,80.50616365250879,282.3140525817871,179.79485034942627,86.57925108318211,288.0889320373535,195.44317245483398,98.02343063580057,298.75782012939453,200.36317348480225,115.07791345656901,314.84392166137695,138.85119438171387,66.16145400514884,282.6047897338867,167.3421049118042,83.59390317414895,288.53803634643555,180.71405410766602,88.1918585123982,298.7723731994629,184.73658084869385,92.82148103935502,314.83510971069336,133.3709192276001,63.50412296936606,293.2523727416992,155.5868911743164,90.38097058299796,296.1813163757324,168.31788539886475,101.42063852286482,303.79079818725586,173.07974338531494,100.9130810512402
233,9.32,387.4862289428711,132.32530117034912,75.74225531130263,377.9726028442383,168.8230848312378,57.72742525578347,353.1034469604492,190.35969257354736,71.34291779071631,328.1537628173828,203.20252418518066,90.10279523383589,309.36946868896484,210.10319709777832,140.29097940289276,331.06006622314453,171.05525493621826,69.64984441045118,292.3151206970215,190.93653202056885,62.74167579526733,290.6468200683594,204.86772537231445,56.70169152898008,296.8594741821289,211.45248413085938,57.48333385373312,321.60572052001953,151.5906000137329,72.76826754643557,285.28526306152344,178.74605655670166,78.77206093593976,290.6929397583008,192.62231826782227,95.97549998285538,301.1197090148926,196.22948169708252,119.02186485920537,318.22004318237305,138.63338470458984,84.57850487853669,286.0477638244629,165.41584968566895,98.62976789676696,292.1553611755371,177.73395538330078,117.16982153640807,302.5563430786133,181.12154960632324,130.8311863854357,318.897647857666,132.30480194091797,105.00244718746585,296.56442642211914,152.96217441558838,105.64929497378021,300.12372970581055,165.22626399993896,125.25161111606882,308.4661865234375,169.45341110229492,147.92215419135272
234,9.36,388.79371643066406,131.19076251983643,43.27745862630407,380.352783203125,167.9811143875122,63.11781032787799,356.07044219970703,190.29085636138916,74.19484135488638,331.2078857421875,203.65628242492676,77.19117250354397,311.6215515136719,209.3091630935669,59.69907374273298,331.6318893432617,171.33652210235596,15.93135468674285,293.70689392089844,192.54242420196533,53.126749412202926,292.7188491821289,206.08929634094238,60.132875158389474,298.6820602416992,211.66997909545898,45.8879341723278,322.34004974365234,151.99602127075195,20.970303471875265,286.5111541748047,178.92764568328857,30.981684433271827,291.3878059387207,192.98081874847412,19.54740397276232,301.40817642211914,196.7421054840088,14.705368746537879,319.2387390136719,138.9737319946289,26.85118100920498,287.66984939575195,165.13029098510742,41.17573141465242,292.977294921875,178.01303386688232,21.700516747407388,302.80431747436523,181.92246437072754,20.960614268034593,319.93200302124023,132.39854335784912,25.964856749808344,297.61974334716797,152.66521453857422,27.407560326153384,300.47901153564453,165.17151832580566,8.986874715609348,308.3056449890137,169.7829294204712,9.163647823358692
235,9.4,388.99322509765625,131.20184898376465,4.995411512542745,380.55912017822266,167.8846836090088,5.693957451502101,356.58138275146484,191.29642009735107,28.198167876125613,332.5444030761719,205.5481195449829,57.907934866816056,313.1918716430664,209.9817180633545,42.707109304011475,331.3935852050781,172.07435131072998,19.383962491665365,293.9787292480469,194.2615842819214,43.51297095120321,292.8860282897949,207.59310722351074,37.82687556958539,298.48960876464844,213.13044548034668,36.827296537401786,321.9761657714844,152.67807483673096,19.326287344983882,286.35969161987305,180.05962371826172,28.551654693818556,291.26413345336914,193.8131332397461,21.036312295860508,300.79389572143555,197.74373531341553,29.374766960668158,318.8088798522949,139.45763111114502,16.181340596207804,287.22204208374023,165.82547664642334,20.67326915956949,292.1881866455078,178.93369674682617,30.314105734147233,301.8536376953125,183.35041522979736,42.88673817611049,319.48822021484375,132.84979820251465,15.822731158195491,297.2767639160156,153.0440855026245,12.7763966358375,299.8538398742676,165.75050354003906,21.30233972609749,307.40894317626953,170.87977409362793,35.41841309625316
236,9.44,387.9018783569336,131.2589979171753,27.321050824821175,379.0898895263672,167.6879596710205,37.05856021327312,355.69568634033203,191.66271686553955,23.961315895089978,332.9518508911133,206.5048885345459,25.997843916490314,314.0376281738281,210.79044342041016,29.254709155866145,330.65391540527344,172.25399494171143,19.02930711585593,292.97143936157227,193.87543201446533,26.96927058078652,292.60570526123047,207.7064609527588,7.559351339482887,299.1615867614746,213.2378911972046,17.012844601389137,321.0029983520508,152.66345500946045,24.331930739211536,285.17650604248047,179.97080326080322,29.66286803620126,291.36878967285156,193.88009548187256,3.1061296402190948,301.85413360595703,197.36527919769287,28.14397585743787,317.7413749694824,139.4877004623413,26.698207345132452,286.2235450744629,165.9146547317505,25.061786254654915,292.22850799560547,178.74807357788086,4.748800646149891,302.3619270324707,182.65422821044922,21.54986102300864,318.61093521118164,133.10039520263672,22.809370800734072,295.98819732666016,153.3620309829712,33.18031404006811,299.19836044311523,165.91225147247314,16.8785307104636,307.42992401123047,170.73987007141113,3.536712003055954
237,9.48,387.1187210083008,130.51710605621338,26.969183409948528,379.08721923828125,166.29658699035645,34.7843810759294,356.3100814819336,189.7592067718506,50.0052001470808,333.67542266845703,204.8387575149536,45.41164974029256,315.3901672363281,210.95964431762695,34.07703459816585,329.6284484863281,169.6598196029663,69.73757994261656,292.3458671569824,192.9991579055786,26.916501642354667,292.1658515930176,206.57333850860596,30.387474011539933,298.7326240539551,211.5160846710205,44.36092535985768,319.6427917480469,150.71270942687988,59.45360761516828,284.7591018676758,179.10964965820312,23.924513741342647,291.43516540527344,192.5202512741089,34.03657965376138,301.3147163391113,195.60051441192627,46.134082688758475,316.2864875793457,138.1029510498047,50.21347088617848,285.35022735595703,165.46917915344238,24.509339142524077,291.3800048828125,178.11758995056152,26.427579542226155,300.9753227233887,181.86010837554932,39.947604919962856,317.4057960510254,132.1683168411255,38.088141751563995,295.7663917541504,153.60138416290283,8.15811163581121,298.97443771362305,166.10495567321777,7.385640534504168,306.7637634277344,170.70608139038086,16.67542349480257
238,9.52,387.3207092285156,131.3981294631958,22.59703361002936,378.6102294921875,167.4537706375122,31.290905339284393,355.6957244873047,191.30187034606934,41.51238836232227,332.94132232666016,206.66682243347168,49.24888741219664,314.05961990356445,210.99015712738037,33.272428866513955,329.42493438720703,170.67007541656494,25.76376813291907,292.03901290893555,193.20384979248047,9.221520282329234,292.04132080078125,206.9489336013794,9.892534809469167,298.9166069030762,212.13745594024658,16.200924799805748,319.7723388671875,151.37795448303223,16.943535655464046,284.9949073791504,179.36174869537354,8.629823426063318,292.02598571777344,192.57046222686768,14.823751664127215,302.4874496459961,195.39363384246826,29.771032261832847,316.5610694885254,138.38722229003906,9.880706037309274,285.49062728881836,165.76965808868408,8.291551862869621,292.21601486206055,178.08352947235107,20.917588316687052,302.6338768005371,181.22660636901855,44.38557211459743,317.3644828796387,132.13923454284668,1.2630712082078919,295.16063690185547,153.61671924591064,15.148723251682366,299.0972328186035,165.7664966583252,9.001150710090446,307.6647758483887,169.6217393875122,35.24575294768254
239,9.56,387.74383544921875,129.3358325958252,52.6314079697969,378.71002197265625,164.71349716186523,68.55224859775045,355.43140411376953,188.40501308441162,72.72227673779197,331.27525329589844,203.09206008911133,98.59865565107876,311.479549407959,207.69229888916016,104.67996680863412,329.3902587890625,167.11910247802734,88.77855599514524,290.8856010437012,187.45131969451904,146.67558048891337,287.60122299194336,201.29632472991943,179.69845506736223,290.8143424987793,208.83453369140625,218.7406910290994,319.6442222595215,147.8466796875,88.3399525509304,283.5125732421875,173.1216859817505,160.34279131667049,288.1101608276367,187.484393119812,160.4715386212619,297.45222091674805,192.56824493408203,144.34410024200167,316.390323638916,134.99477863311768,84.91844657723439,284.9210548400879,160.13707637786865,141.53265856191393,289.5849609375,172.93456077575684,144.55605182863502,298.50271224975586,178.09314250946045,129.62714874011837,317.4087142944336,128.52705001831055,90.31138306351907,296.57482147216797,147.3066759109497,161.66432214622003,298.74412536621094,160.28700828552246,137.27135011678405,305.42816162109375,166.61341667175293,93.7164898906915
240,9.6,386.7443084716797,129.1237449645996,25.544511912386064,378.4423065185547,164.38273429870605,10.638245743838128,355.76045989990234,187.88904190063477,15.299182430680178,332.0252990722656,203.28861236572266,19.384295577982595,313.14449310302734,207.65630722045898,41.63331679649557,328.44661712646484,166.23567581176758,32.31584617150803,290.4729652404785,188.87725353240967,37.11094528692558,286.41590118408203,201.8129539489746,32.32543056725239,288.8198661804199,208.47591876983643,50.66150194223481,318.4488105773926,147.3839807510376,32.045859673810625,282.6169204711914,174.84661102294922,48.58986702458795,287.6768684387207,188.1284236907959,19.40550293496633,297.0457649230957,192.5934934616089,10.180986043791034,314.9447441101074,134.59705352783203,37.482374470250626,283.0083656311035,161.1192512512207,53.75318299883152,288.2291030883789,173.52019786834717,36.92324226724388,297.8993034362793,178.32796096801758,16.187223060571938,316.0076713562012,128.33616256713867,35.3496758629573,295.8160209655762,148.55559825897217,36.53410427424204,298.3998680114746,161.00096225738525,19.815451676480777,305.5239677429199,166.44468784332275,4.850787985136473
241,9.64,388.4741973876953,128.54036808013916,45.64019781862048,380.35797119140625,163.2817554473877,55.23769981782017,356.810302734375,187.03815937042236,33.78397417151216,332.3499298095703,202.353515625,24.74609855756458,312.83145904541016,207.99349308013916,11.502299367858472,328.721923828125,164.63184356689453,40.682241593180976,290.7586479187012,186.79272651672363,52.60030579617264,284.35888290405273,200.66556930541992,58.88450414073194,283.67919921875,209.09173965454102,129.43553456461206,318.8235282897949,145.90810775756836,38.0674931605029,283.0911636352539,172.7671766281128,53.32069240154769,287.3683547973633,186.43901824951172,42.9336072612718,295.82590103149414,191.5927791595459,39.445350077565564,315.6635856628418,133.6703395843506,29.320768140736213,284.1194725036621,159.2270565032959,54.857539627208226,288.58531951904297,172.14066982269287,35.61940986159976,297.2004508972168,177.82884120941162,21.469679270790408,316.84213638305664,128.12421798706055,21.524003839745276,296.7874526977539,147.11068153381348,43.527749431577774,298.33587646484375,160.36723136901855,15.923837416556022,304.36412811279297,167.02988147735596,32.47768038328413
242,9.68,390.2250289916992,127.1918535232544,55.24888469297936,381.73316955566406,162.48932361602783,39.679329855178615,357.43431091308594,185.07049083709717,51.606114367244956,333.0443572998047,199.34610843658447,77.1634933765905,313.7535095214844,205.70998191833496,61.56602302870196,329.8170471191406,163.9817190170288,31.83901844497371,290.6446075439453,185.21430015563965,39.56351684664236,284.70489501953125,197.98333168029785,67.61158860394423,284.99385833740234,204.10991191864014,128.8092974818953,320.3043746948242,144.8898983001709,44.92811323674343,283.7199020385742,170.15265941619873,67.22635379449723,288.99553298950195,182.50431060791016,106.44726714977647,297.59756088256836,185.48174858093262,159.0665610692873,317.5911331176758,132.13366985321045,61.62788052719763,284.8956489562988,156.30455017089844,75.59552379494346,289.9508857727051,168.4035873413086,99.46908020149414,298.30074310302734,172.29243278503418,141.11710823746031,319.04991149902344,126.15500450134277,73.95975558967419,297.73115158081055,144.8356819152832,61.57409584291129,299.7815704345703,157.02961921691895,90.93158806194197,306.1776351928711,161.6640329360962,141.60053517120141
243,9.72,392.68280029296875,126.95644855499268,61.72547725831301,381.99501037597656,163.42811107635498,24.365479048869275,357.71461486816406,185.16011238098145,7.357068385260572,333.3900451660156,197.78197288513184,40.047004602119706,313.8253402709961,202.05385208129883,91.42088465526243,331.1180114746094,164.78981494903564,38.28778598918832,291.42887115478516,184.19427394866943,32.16678094511472,291.9941711425781,195.69562911987305,190.9959577500848,298.3595085144043,198.29413890838623,364.40346832253647,323.5726547241211,145.09607791900635,81.8694249442516,286.82552337646484,168.6231279373169,86.5460514670225,294.28659439086914,180.30584335327148,143.24059529065994,304.3339538574219,181.1497163772583,200.22720426637704,322.203369140625,131.72432899475098,115.75912779829385,289.3376922607422,154.6906614303589,118.1534637277681,296.26346588134766,166.17114543914795,167.39262318452197,305.8802032470703,167.80137062072754,220.25249067661315,324.1043472290039,124.73221778869629,131.2717662384666,300.03637313842773,143.47867012023926,66.87454411803215,304.15157318115234,154.74017143249512,123.33515101831694,312.3317337036133,156.65249347686768,198.4131677701288
244,9.76,393.16898345947266,126.4779281616211,17.05424870567923,382.2997283935547,163.10129642486572,11.170857360359241,358.19236755371094,184.71166133880615,16.381314923094497,333.36769104003906,196.54330730438232,30.971681903410786,313.7589454650879,199.10533905029297,73.73151193800615,333.02371978759766,165.05835056304932,48.11337879287281,293.51390838623047,183.39519023895264,55.822906541848326,293.19644927978516,193.89740467071533,54.0779754657255,298.6823272705078,196.5626335144043,44.03353039645436,325.4800796508789,144.64738368988037,48.9872200328055,288.9438056945801,167.07801818847656,65.54809358021542,295.4875183105469,178.27158451080322,59.057320138015314,304.95025634765625,179.55898761749268,42.64861330259296,324.03839111328125,130.60800075531006,53.697616208173606,292.7357292175293,153.07371139526367,94.07836685340251,298.55587005615234,163.9466142654419,79.85790444381506,307.1502685546875,165.83011150360107,58.62448503221025,325.709228515625,123.03444385528564,58.406336734099476,303.20648193359375,141.1040210723877,99.02192899066367,307.03887939453125,151.91735744476318,100.9480558850426,314.53664779663086,154.25565719604492,81.41894095761663
245,9.8,393.6898422241211,128.1910800933838,44.76454647662975,382.5320053100586,164.0196132659912,23.680930970868445,358.6506652832031,185.288987159729,18.427932472912193,334.52789306640625,196.51273727416992,29.015117490001174,315.3492546081543,197.53684043884277,55.84169065672281,332.5917434692383,165.78576564788818,21.150299130190458,294.05364990234375,181.6732406616211,45.11396160758152,291.70549392700195,192.52445697784424,50.67009245694732,295.82603454589844,196.63043975830078,71.42743614749779,325.52303314208984,145.326247215271,17.005526464082855,289.3996047973633,166.344895362854,21.581558961686152,293.2888984680176,178.65865230560303,55.81078911002969,301.72189712524414,181.81169986724854,98.41562296306614,324.2745590209961,131.21249198913574,16.224690528760945,293.7563705444336,152.0020294189453,36.99840348371964,297.7621078491211,163.7615203857422,20.376429177075693,305.6249237060547,167.68112182617188,59.96309344877437,325.88497161865234,123.33811283111572,8.771419680679125,304.3374824523926,139.48101997375488,49.4551232159428,306.6196060180664,150.863356590271,28.358287649760477,313.1816864013672,155.41708946228027,44.61533713104904
246,9.84,391.70764923095703,130.18994808197021,70.3764977546848,380.2283477783203,166.11894607543945,77.91837182414186,356.7736053466797,187.10052967071533,65.21618028915458,333.3445358276367,197.55821228027344,39.47588142568348,315.3841972351074,196.40012741088867,28.43124925916648,332.342529296875,168.75995635986328,74.61533896804352,291.9367218017578,182.99285888671875,62.36373567156374,290.7345771789551,193.14326763153076,28.783740600748253,296.723690032959,195.8072805404663,30.448485916336715,325.5281448364258,147.99365043640137,66.68520297597729,287.7042007446289,167.3192024230957,48.88551133557471,293.0122375488281,178.31645965576172,11.001053182882353,302.33015060424805,179.9779987335205,48.298758670356946,324.1595458984375,133.0370807647705,45.70525283359842,292.66584396362305,152.47026443481445,29.669979077557468,297.5489616394043,163.3732509613037,11.073178537304189,306.1025619506836,166.27241134643555,37.18705679106591,325.9267807006836,124.3669080734253,25.741110722187955,304.38310623168945,139.98474597930908,12.644697947878173,306.4453125,150.69661617279053,6.030163620371636,312.9531669616699,154.30898666381836,28.285519111803016
247,9.88,390.29441833496094,130.13158321380615,35.360889617218085,379.7642517089844,166.24902248382568,12.049508122526431,356.2472915649414,188.02031993865967,26.49316343244003,332.94395446777344,199.40096855163574,47.14483071819102,315.1451873779297,198.26693058013916,47.05103468941855,330.7870864868164,169.87757205963135,47.883107588500344,290.35852432250977,184.79710578918457,59.92711285679878,291.4190101623535,195.17189025878906,53.524283464307445,299.07827377319336,196.83935165405273,64.2710829868088,323.98250579833984,149.13541316986084,48.04049187646337,286.55548095703125,169.0480899810791,51.8929748290183,293.2605743408203,179.67345714569092,34.488343591813,302.8980827331543,180.34111976623535,16.852369778533376,322.7122116088867,134.09080982208252,44.75713261546369,291.45132064819336,153.82774829864502,45.537274047495174,297.3748588562012,164.04579162597656,17.367763326736895,306.1845588684082,165.77995777130127,12.480835763753657,324.6828842163086,125.21613121032715,37.6535058136184,302.5134468078613,141.38957977294922,58.46571831457439,305.90946197509766,151.34887218475342,21.10351999933678,313.4410285949707,153.36015701293945,26.67262969358633
248,9.92,390.3246307373047,130.1167917251587,0.8409731683400326,379.64359283447266,166.4421558380127,5.693145906370682,356.646728515625,187.6427936553955,13.740359623356358,333.41896057128906,199.02674674987793,15.11772046490393,315.1505661010742,199.16866779327393,22.543831365457816,330.3936004638672,170.24388313293457,13.44003005672216,291.15617752075195,184.3516731262207,22.83994420282524,291.82403564453125,194.14263725280762,27.65193699742329,298.15046310424805,196.13921642303467,29.058367761299298,323.41930389404297,149.27372932434082,14.498442666234798,286.5286064147949,169.00925159454346,1.1807469270297506,292.7802848815918,179.55639839172363,12.3587195060409,301.79615020751953,180.41956901550293,27.618037309909216,322.0063018798828,134.3101930618286,18.48035361173895,290.4493522644043,154.15555000305176,26.35567537937546,296.2364387512207,164.02124404907227,28.46711830072125,304.61633682250977,165.52850246429443,39.706345184552866,323.81797790527344,125.46515464782715,22.501049965678806,300.74146270751953,141.65302276611328,44.786506495479244,304.1567802429199,151.20158672332764,43.97148409379189,311.45856857299805,152.91991710662842,50.76883218218495
249,9.96,387.97325134277344,128.44422340393066,72.13905775567113,378.7522506713867,165.06890773773193,40.92906360872613,355.63182830810547,187.1092128753662,28.66542865587244,332.7342224121094,199.2857551574707,18.30218057091373,314.99975204467773,199.24707412719727,4.24944355225336,329.7029113769531,169.48290824890137,25.6920973855718,289.41869735717773,184.32354927062988,43.44269407842925,292.0365905761719,194.67839241027832,14.409484457320303,300.5483818054199,196.49155139923096,60.591635318339584,322.07035064697266,148.79201889038086,35.80956405912596,285.2531051635742,169.11651134490967,32.00007906156445,293.24357986450195,179.56046104431152,11.58281988376999,303.1197166442871,179.84444618225098,36.07799178399292,320.2259063720703,133.8802671432495,45.789221300603415,288.662109375,154.32257652282715,44.87576603827016,295.721435546875,163.98638248443604,12.904544479931,305.1092720031738,164.9813747406006,18.410829665761995,321.98474884033203,125.38784980773926,45.87145655829285,299.51499938964844,141.71294689178467,30.698159257934872,303.8460350036621,151.20171546936035,7.768631648210968,311.81493759155273,152.77027130126953,9.662839400479713
250,10.0,385.77491760253906,126.42455577850342,74.63129601016833,377.20977783203125,162.44248867034912,76.14664953915128,354.6806335449219,185.54736614227295,45.71745218719808,332.3939895629883,199.19594764709473,8.797150836385468,314.7486877441406,197.92829990386963,33.56149891540156,328.21372985839844,166.13023281097412,91.71318807594378,288.9905548095703,183.8351011276245,16.23821937354064,289.96143341064453,196.0276222229004,61.88042071663129,297.77971267700195,199.59255695343018,103.9283532951581,319.5131301879883,146.13043785095215,92.27469217401472,282.7161407470703,168.74290466308594,64.10816252294995,290.0243377685547,180.69643020629883,85.34468938261874,300.35411834716797,182.25568771362305,91.72860671446033,316.7561912536621,132.06737995147705,97.86943781450331,284.84928131103516,154.92294788360596,96.49515407586958,291.4552879333496,165.97805500030518,117.70401137720651,301.2756156921387,168.11907291412354,123.8498852928136,318.2834243774414,124.53289031982422,94.96959548181894,296.54407501220703,142.46237754821777,76.59976323917948,300.1876449584961,153.280291557312,105.19118391045845,307.85255432128906,156.07436656951904,128.98044115808375
251,10.04,390.3293228149414,119.40831899642944,209.12045784201356,382.10758209228516,153.8468313217163,247.32798546018122,360.1963806152344,181.28374099731445,174.28777409858546,336.4472198486328,198.30976009368896,103.72440686826478,318.7702178955078,201.09003067016602,127.88971371092686,335.4505920410156,151.97467803955078,397.45432531374036,298.05755615234375,178.08982372283936,268.3499648404465,292.93750762939453,195.04767894744873,78.33145352686937,294.9201202392578,206.23380661010742,180.7682665602551,323.7990951538086,133.69638919830322,328.7999596873832,288.0645942687988,166.7948055267334,142.30479023724848,294.12410736083984,182.09197998046875,108.26954177541033,304.8372459411621,187.62459754943848,174.86356440298562,318.2043266296387,122.77537822723389,235.10422171679087,287.63837814331055,154.78850841522217,69.8083766036889,293.65848541259766,168.98770809173584,93.24728837653639,304.17123794555664,174.66533660888672,178.95215246655997,318.03306579589844,118.47415924072266,151.59753813185628,300.16456604003906,142.28013038635254,90.62687691373684,303.8435363769531,155.86001873016357,111.86077940317286,311.2683868408203,161.89491748809814,168.720784132504
252,10.08,398.41224670410156,113.00774574279785,257.75593661090045,392.69290924072266,147.32723236083984,310.7996957950867,371.5091323852539,178.45712184906006,291.5134306718972,349.5475769042969,198.07019233703613,327.56368435763267,333.9951705932617,206.14434242248535,401.04960099911375,347.2481155395508,145.25386333465576,339.43971390000013,313.2036018371582,177.39267826080322,379.0520344241375,306.9909858703613,198.0646562576294,359.3417617320176,305.5793762207031,212.28213787078857,306.3923639682769,333.2461929321289,128.70041370391846,267.1696880889064,299.1648483276367,166.95163249969482,277.5340461887011,305.8567237854004,186.036057472229,309.4451035996508,315.89948654174805,193.74635696411133,316.07861505920056,325.66184997558594,120.80486297607422,192.8366938798237,296.8004035949707,156.5493106842041,233.24227614130172,303.963623046875,173.67862701416016,283.06423961505385,314.10913467407227,180.54030418395996,288.6141838540722,323.84883880615234,119.87308502197266,149.5414011407955,306.07959747314453,147.7589750289917,201.56471583712508,310.2060127258301,163.00094604492188,239.10503471889686,317.9682922363281,169.41199779510498,251.73799456322726
253,10.12,404.00150299072266,114.61275100708008,145.37844522122916,401.44214630126953,146.98519706726074,218.89800319398282,386.0271453857422,178.93362522125244,363.1457670017453,369.1009521484375,200.88048934936523,493.85742675371233,356.4336395263672,213.14412117004395,587.6232799255363,363.3437728881836,144.81804370880127,402.5389144471605,332.36507415771484,182.14623928070068,493.5574712364729,329.1607666015625,202.70506381988525,566.255551856547,330.06153106689453,213.9118194580078,613.4083916876946,346.89453125,131.40953063964844,347.86532362622694,316.28326416015625,173.37975025177002,457.13842163069137,321.0238265991211,195.09072303771973,441.60784092397654,330.6066131591797,203.59816074371338,442.54774534290897,336.7019271850586,125.87559700012207,303.7223735726367,310.5253791809082,163.69817733764648,386.87954299697805,316.02996826171875,182.9730463027954,380.7746354117631,325.34069061279297,191.00103378295898,383.7110831634807,332.1903991699219,126.59813404083252,267.8711369395727,314.9039649963379,155.14575004577637,287.6998298280951,318.5554504394531,171.86748504638672,304.47559836357175,325.7793426513672,179.58735466003418,320.6929956310861
254,10.16,408.8936996459961,120.69949150085449,195.22742819661286,410.7786178588867,150.2869462966919,247.5773226694086,399.51072692871094,182.6195240020752,349.4574554294469,385.44971466064453,206.25849723815918,430.2651831519689,376.0068893432617,220.9503936767578,526.8123473090528,379.19612884521484,153.08401107788086,446.9503649281936,353.89713287353516,194.0654754638672,615.2731830920916,351.719970703125,218.47317695617676,688.0911465672821,352.9738998413086,233.25828552246094,749.6926003527133,360.54664611816406,142.23453998565674,435.57509951981393,333.1581497192383,188.55772018432617,567.4132829702339,338.3705139160156,212.42764949798584,613.1254867270162,347.96680450439453,222.35212326049805,638.8893456731361,347.8353500366211,138.97401809692383,429.76864388066065,323.6024475097656,181.39647960662842,550.1361304724137,331.32545471191406,200.6619358062744,584.6199179886012,342.1148681640625,207.62433528900146,590.3956223808261,340.81775665283203,141.64960384368896,433.71796737931066,324.4316101074219,174.0535068511963,529.3151759441545,329.88330841064453,190.33196926116943,541.5588284834834,338.24440002441406,196.5406608581543,526.0657316109415
255,10.2,410.3243637084961,130.3990602493286,245.11277196183704,417.51708984375,160.89486122131348,314.18034603830307,410.27584075927734,195.5563259124756,420.749717360267,397.72735595703125,220.83744049072266,476.50161474294,390.8306121826172,238.4117317199707,572.6261242498147,391.06945037841797,168.97992610931396,496.0190765720142,369.6643829345703,210.88886260986328,576.4289470260405,368.32916259765625,234.68334674835205,580.2127088838384,368.95816802978516,249.25652503967285,565.3762558969164,370.13572692871094,158.2648801803589,466.98653456837064,345.916748046875,203.88291835784912,498.5250309310742,350.79578399658203,227.86884784698486,495.490882249707,359.0235900878906,238.27003955841064,484.53106628133156,355.9675598144531,154.4633960723877,437.35973890026446,332.0199203491211,197.08549976348877,445.11178545651416,340.4335403442383,215.99108219146729,445.771769507967,351.61476135253906,222.24977016448975,435.9983628765224,347.4912643432617,156.41634464263916,405.11752825384235,330.7643127441406,190.38654327392578,437.9434905550835,336.86450958251953,206.79626941680908,447.0810534855401,345.4784393310547,212.93057441711426,447.8843259984945
256,10.24,411.58531188964844,144.58070755004883,355.9398742041768,421.57318115234375,174.47712421417236,354.3742237300438,415.6477737426758,210.5568552017212,398.33524114089454,403.6442184448242,237.7554702758789,448.07155783903926,392.9414367675781,254.99536514282227,417.9357590677027,397.21214294433594,180.30937671661377,322.188922666723,377.66857147216797,224.70623016357422,399.2075589995083,375.7897186279297,249.44561004638672,413.5096083839458,376.4842987060547,263.9069366455078,411.7623732025768,375.56724548339844,170.7400131225586,340.15652255200007,353.55934143066406,220.09117126464844,447.9932309203349,359.2095184326172,243.9693832397461,454.160053762493,368.2487106323242,252.48985290527344,423.7525373662587,359.78965759277344,167.91388034820557,349.5747047136928,339.090576171875,213.7181282043457,451.8285782624359,347.83843994140625,234.46683883666992,497.61061688387923,359.0115737915039,240.71102142333984,497.1987984571786,350.1290512084961,170.19666194915771,350.7626197077036,333.1855773925781,205.16318321228027,374.34243211058293,339.2160415649414,223.52986335754395,422.45034385545796,348.6125183105469,230.50789833068848,446.3636178977312
257,10.28,410.0934600830078,155.68007469177246,279.97943312830046,421.151123046875,186.7045497894287,305.8676891676621,415.5110549926758,224.35282230377197,344.91611325932297,404.11746978759766,251.64690971374512,347.487460645472,389.96315002441406,266.92402839660645,307.37111012858685,401.3121032714844,193.31339836120605,340.87594299210946,380.65574645996094,239.8948574066162,386.989673582976,376.74049377441406,263.88633728027344,361.79982070777925,376.58660888671875,276.9759750366211,326.73597123811254,379.20970916748047,182.08781719207764,297.9515469103674,358.14563751220703,232.25747108459473,325.0509220264587,360.38169860839844,258.381929397583,361.5033654029674,367.3511505126953,268.84008407592773,409.37122021322506,361.2061309814453,177.63068675994873,245.48768261374727,341.15108489990234,224.0764045715332,264.030757580097,347.8440475463867,245.1888370513916,268.0499920277565,357.7913284301758,251.6590690612793,275.3960169288429,349.25098419189453,178.4628438949585,207.81717573194948,330.7261657714844,212.97895431518555,204.83985124814598,335.9641647338867,230.14921188354492,184.37475056427462,345.3974151611328,236.30115509033203,165.64025806044248
258,10.32,411.2436294555664,163.34747314453125,193.82964269388032,423.07899475097656,193.95792961120605,187.63030163469432,416.21021270751953,231.1021327972412,169.63566408534112,402.8749465942383,258.5416030883789,175.14397758746773,387.7760314941406,275.00524520874023,209.29875870119733,404.0300750732422,201.63054943084717,218.7498180433285,381.9947814941406,248.32231521606445,213.32935210723872,377.0245361328125,272.18685150146484,207.63431857108384,374.4065475463867,285.5811309814453,221.9253482062632,381.76746368408203,189.6275281906128,199.04357266159667,359.0708541870117,239.81457710266113,190.3383127217694,360.7563018798828,264.7213840484619,158.76282011533155,366.15673065185547,273.4177780151367,118.27383640581542,364.01302337646484,183.7917137145996,169.25738176877465,341.2582015991211,229.84095096588135,144.13853821897294,347.0846176147461,251.65188789367676,162.68789139606116,356.8674850463867,258.66010665893555,176.54322070240906,352.5254440307617,182.35479354858398,127.1548252690143,329.0859603881836,210.78492164611816,68.48381675779234,332.0423126220703,229.4765567779541,99.47797770749376,341.49791717529297,238.40453624725342,110.76522703690944
259,10.36,411.33399963378906,165.1558542251587,45.265942646509,422.9315948486328,195.52648544311523,39.38665802834798,415.9164810180664,230.62827587127686,13.937778958494778,402.9398727416992,257.13160514831543,35.28729937604469,388.51314544677734,273.11327934265137,50.76214028201237,402.66063690185547,201.91364765167236,34.95984757444416,380.9532928466797,248.96804809570312,30.635656866595667,376.8082809448242,273.0641841888428,22.589806200386423,375.6943130493164,286.16872787475586,35.387233746472376,381.52976989746094,190.2242374420166,16.057713623621197,359.11006927490234,241.46020889282227,41.15247419587311,361.1820983886719,266.1771869659424,37.91985628797925,367.25093841552734,274.550256729126,39.368441261041895,364.6689224243164,184.05382633209229,17.65832992565846,341.4726257324219,230.3287410736084,13.320963228548804,347.08133697509766,251.93275451660156,7.022144547327018,356.6984558105469,258.80470275878906,5.560964094777619,354.00997161865234,182.06839084625244,37.797558346333425,329.77264404296875,209.79652404785156,30.08804012818347,331.5562057495117,228.83613109588623,20.100450022959603,340.1701354980469,238.26858043670654,33.36810008125189
260,10.4,410.74756622314453,170.3089141845703,129.65803843768103,422.0967483520508,200.30293464660645,121.22148032214402,415.0627899169922,236.38843059539795,145.57680735154008,401.3724899291992,263.51420402526855,164.30584534832383,386.72863006591797,280.3755855560303,186.9585292942755,403.5524368286133,207.08909511566162,131.29300143638199,382.84637451171875,252.6877498626709,104.3430023578793,377.68646240234375,276.1837577819824,81.02060723723837,374.3231201171875,290.5802536010742,115.4927738299268,381.60133361816406,195.49963474273682,131.89706698446471,360.1077651977539,244.88874435424805,89.26873950580602,361.7401123046875,269.20692443847656,77.01740340235158,366.30558013916016,278.4776973724365,100.99038406397753,364.4801712036133,189.63239192962646,139.54394726507488,341.09107971191406,233.91889572143555,90.25930617213463,346.70982360839844,255.65832138061523,93.60111724718105,356.66282653808594,263.6103057861328,120.14337763031176,353.63868713378906,187.7816104888916,143.1317811793954,329.2599105834961,210.0753879547119,14.591536052884752,330.5326461791992,227.37696647644043,44.55919925097341,338.7481689453125,236.70418739318848,52.85188307727905
261,10.44,411.3911437988281,174.5835542678833,108.07040511221389,422.71629333496094,204.91822242736816,116.41713062597783,414.2554473876953,240.67797660827637,109.12151184634897,398.6761474609375,268.1800174713135,134.72211636236014,383.7319564819336,285.22868156433105,142.59337606182555,403.7901306152344,212.79117107391357,142.6756999498189,383.24771881103516,259.43355560302734,168.9433565082165,377.2169494628906,282.10132598876953,148.40412705323325,373.4645080566406,296.2063980102539,142.2821044251973,382.060546875,200.9748888015747,137.3619393793152,360.7050323486328,250.61067581176758,143.8254750862799,361.6590118408203,274.0132141113281,120.17434653608234,366.60308837890625,283.30976486206055,121.03043877729228,365.1895523071289,194.31927680969238,118.50662278174467,341.16100311279297,236.81068897247314,72.31596248727296,345.9347915649414,257.59228706359863,52.08705412181745,355.7826232910156,265.4164695739746,50.23062676709393,354.38682556152344,191.59343719482422,97.11376686364417,330.1331329345703,211.1636781692505,34.88277570553269,330.7720947265625,227.50110626220703,6.742880191568886,338.54408264160156,236.71093940734863,5.1049491340274376
262,10.48,411.07105255126953,176.78861618041992,55.70433356617821,422.4205780029297,207.8769063949585,74.33563402599398,413.4539794921875,241.94412231445312,37.462278834845684,395.70316314697266,268.39805603027344,74.52422653185653,381.22039794921875,285.17266273498535,62.804579712062015,403.64776611328125,216.39228343963623,90.09813372781711,382.61653900146484,262.1996784210205,70.9305267331689,374.7910690307617,284.27867889404297,81.49295040480729,370.34278869628906,298.1190490722656,91.52651886819581,382.4184799194336,204.2226505279541,81.6856485851109,360.67378997802734,251.9000244140625,32.243176642129626,359.33433532714844,276.3747310638428,82.8435393159588,362.91797637939453,287.7565383911133,144.3819701080033,365.85792541503906,196.3921880722046,54.449998356447594,341.6525650024414,236.40137672424316,15.991591695048365,343.82762908935547,257.41687774658203,52.86126965353324,352.01011657714844,266.5769863128662,98.67435712806989,355.26416778564453,192.29234218597412,28.04235150713997,332.41943359375,209.45523262023926,71.35280696169983,330.23902893066406,224.39311981201172,78.83423636559537,334.9601745605469,233.47289085388184,120.75117900060415
263,10.52,409.6737289428711,181.88026428222656,131.99761754293806,420.7649230957031,213.86728763580322,155.37426705878576,409.6211242675781,245.69031715393066,133.9887004287664,389.7300338745117,271.35769844055176,166.65412630326583,375.1690673828125,288.3734321594238,171.142350348224,399.24312591552734,222.95828819274902,197.66334019230993,377.54261016845703,267.76891708374023,188.35002834609594,368.98204803466797,289.0030574798584,187.1905412193172,365.33363342285156,301.88140869140625,156.61853828878844,378.4457015991211,209.5960807800293,167.06420969245235,357.0929718017578,255.1200771331787,120.39258263434971,354.7162628173828,279.84472274780273,144.4113828447317,357.78568267822266,293.6670684814453,195.69556168927426,362.5362014770508,200.4338836669922,130.78884031409618,338.4833526611328,233.01977634429932,115.86395037375483,338.0465316772461,254.50017929077148,161.88000411266316,345.2779006958008,266.5188217163086,168.31167850405225,352.6618957519531,194.45767879486084,84.63340935734777,329.48131561279297,203.8877534866333,157.37963887754182,327.0756149291992,218.0802583694458,176.5279859854013,333.32164764404297,229.16839599609375,115.14514328889396
264,10.56,408.00914764404297,184.90071773529053,86.21908852791226,418.6838912963867,216.0105800628662,74.68431803963112,408.7028503417969,246.12330436706543,25.380909773734466,388.61446380615234,268.19950103759766,83.735847361828,372.71202087402344,280.8551216125488,197.74047231409847,398.89427185058594,225.92515468597412,74.68264501897316,377.3002624511719,272.11841583251953,108.90612867771145,367.2747039794922,294.06543731689453,133.5634524701042,361.02874755859375,308.3361053466797,193.96383557232525,377.7902603149414,211.75970077514648,56.51799912571004,352.69275665283203,257.6338005065918,126.69031769160381,348.3810043334961,282.53190994262695,172.04010266084384,350.3586959838867,295.9199810028076,194.0292281248403,361.45496368408203,201.61382675170898,40.01047400458819,333.2725524902344,235.56243896484375,144.95165492102245,334.19654846191406,254.57199096679688,96.26632223664704,343.18321228027344,262.730770111084,108.21579864439039,350.9253692626953,195.44996738433838,50.001005569271975,327.1181106567383,208.0640745162964,119.96456509926061,326.8446731567383,222.19511032104492,103.03318848145028,335.53714752197266,230.4451560974121,63.926501084374856
265,10.6,409.94468688964844,184.61132526397705,48.92634881720117,420.22216796875,216.288800239563,39.08085838567773,409.9249267578125,245.68342208862305,32.47082522693696,389.0553283691406,265.93414306640625,57.69644865879579,374.4635009765625,277.09805488586426,103.6316582250284,399.7010040283203,227.28172302246094,39.45800345106376,377.5749206542969,270.7928466796875,33.84311883052893,366.07234954833984,292.337007522583,52.63747317723997,358.1651306152344,307.0067596435547,78.92821895839832,379.29771423339844,212.20330238342285,39.28421838932936,351.28013610839844,253.32890510559082,113.26854488370553,344.5467758178711,277.2047996520996,164.0872716679188,344.3925094604492,291.3842296600342,187.3639871278601,363.7539291381836,201.39747619628906,57.7280787506333,335.7468795776367,232.37773418426514,100.82360547911522,335.0233840942383,252.1746826171875,63.39728151697346,341.89918518066406,262.8808879852295,32.3193147423993,353.84471893310547,195.09182453155518,73.53089827210216,330.94749450683594,207.89568901062012,95.82710456177901,328.55430603027344,220.09368896484375,67.72562420610481,333.64940643310547,227.62893676757812,84.75943064169928
266,10.64,414.11327362060547,183.1559658050537,110.38338441594331,421.2683868408203,215.31929969787598,35.659020848583026,409.41322326660156,242.05206871032715,91.68072255448013,388.6366653442383,258.61218452453613,183.34795406767762,373.28453063964844,266.44065856933594,268.06023961844227,403.29002380371094,227.97791004180908,91.39795988578541,379.22496795654297,267.1335697174072,100.35239155821336,364.8737335205078,288.7308883666992,95.00255177035986,355.3466033935547,304.0447425842285,102.2180291065643,384.7719955444336,211.60868167877197,137.66201739847375,355.16918182373047,248.0350685119629,164.22047386055542,343.2487487792969,272.50508308410645,121.89188347758024,339.1078186035156,288.4002685546875,151.7233941494754,370.0958251953125,198.17220211029053,177.87291553459042,339.68971252441406,227.4534273147583,157.70766030710334,337.38162994384766,245.21315574645996,183.75285688095676,344.6895217895508,254.08392906188965,230.72232321805947,360.42999267578125,189.2654800415039,219.81827776416515,335.5021667480469,202.04392433166504,185.38505381152578,333.7303161621094,211.73632621765137,245.75978232441136,341.2095260620117,216.11456394195557,344.36190117629957
267,10.68,417.3960494995117,178.5523509979248,141.35479909509888,422.5292205810547,211.65186882019043,96.95279445145839,408.9048385620117,244.40975189208984,60.29679196186337,390.26683807373047,271.4995765686035,324.7521524423195,385.0654983520508,294.4368553161621,759.3493236513692,407.9075622558594,222.86999702453613,172.14172349603362,381.98741912841797,261.31364822387695,161.05632296623983,366.41780853271484,284.0053367614746,124.28547184044439,356.3435363769531,300.6174659729004,89.23319289908501,390.7368850708008,205.39720058441162,215.29399150835738,361.5646743774414,240.23414611816406,252.18633388657793,347.56290435791016,267.0443344116211,173.98224482064725,341.7833709716797,283.19995880126953,146.20576682855736,376.6368865966797,191.25281810760498,238.04327237011492,347.02171325683594,216.1975336074829,335.8323408801971,341.41895294189453,236.90211296081543,230.99433052481535,346.7892837524414,246.1391830444336,205.43853944471772,366.9242477416992,181.30579948425293,256.8217565680043,339.7457504272461,192.94604301452637,250.97241743753793,335.16414642333984,204.15355682373047,192.9285180115354,342.4698257446289,209.14627075195312,177.0336572375423
268,10.72,418.18920135498047,165.0881052017212,337.1896765234852,424.2628479003906,197.37765312194824,359.4776570615095,411.9214630126953,230.17134189605713,363.86153126188196,395.6617736816406,257.28386878967285,380.12471462456136,391.4273452758789,279.23938751220703,411.882965730613,412.72743225097656,204.82892990112305,466.8452967266883,387.69519805908203,243.32548141479492,471.800332153797,372.14988708496094,265.9192943572998,474.3163859537276,362.11986541748047,282.7883720397949,468.536663226541,394.1451644897461,188.04635524749756,442.0606593720472,364.57611083984375,223.06933879852295,435.6743048765697,351.6246032714844,249.14786338806152,458.7898982388598,347.87220001220703,265.77587127685547,461.4330024115167,378.76739501953125,176.86144351959229,363.7055201948575,351.49036407470703,203.85003089904785,328.281189747135,345.8802795410156,226.14429473876953,291.1551218021591,350.65670013427734,238.2517147064209,219.61481372741818,368.85242462158203,171.10041618347168,259.6484575295743,343.8190460205078,186.91802501678467,181.8803486690893,339.6925354003906,201.61956310272217,129.72911899797333,345.4341506958008,210.39012908935547,80.36792729248971
269,10.76,412.5052261352539,148.29455852508545,443.23440770573717,421.3364791870117,175.89941024780273,541.9170547737364,410.283203125,205.10004043579102,628.1192424468329,392.1980285644531,228.21541786193848,731.8522603533712,381.63021087646484,246.49286270141602,854.5169430824403,407.9539108276367,177.96061992645264,682.2264047193469,388.94439697265625,211.690993309021,791.4785750574787,378.8468933105469,233.06705474853516,838.197299155016,373.2878112792969,250.06244659423828,864.4757121518055,387.7684020996094,165.2878761291504,590.8740720113858,364.2365264892578,201.9193696975708,528.8173778006883,354.7411346435547,227.15649604797363,555.2775236761022,350.5403137207031,246.05449676513672,497.52603160094463,370.87745666503906,158.53357315063477,498.8499019613752,349.74952697753906,187.79019355773926,403.84781263194157,345.5377197265625,207.65872478485107,462.2185925969518,346.97906494140625,221.9568157196045,417.6187956755497,358.78040313720703,156.70374870300293,439.25338026936254,341.26220703125,179.01480674743652,207.6630152283189,339.2741394042969,194.1410779953003,187.25449712803638,342.1542739868164,205.82642555236816,140.5012926978979
270,10.8,412.6676940917969,148.8479232788086,14.41805265037386,421.52103424072266,175.4792833328247,11.471900249609957,411.0987854003906,203.79352569580078,38.50450634132889,391.60186767578125,223.9026975631714,108.8432478974343,379.43695068359375,240.12170791625977,168.45252218735908,408.0219268798828,175.33196926116943,65.73826180133307,387.32067108154297,211.0257339477539,43.868096231950815,378.85974884033203,233.94285678863525,21.8974096368947,375.1612091064453,252.0120620727539,67.59539524272435,387.98095703125,163.21234703063965,52.15961463221309,363.4202194213867,199.1933298110962,71.14092832060004,353.9141845703125,224.82451915740967,61.85650047569595,350.2432632446289,243.49702835083008,64.36654641345166,370.76160430908203,157.2725772857666,31.657664352366986,348.4520721435547,187.85841464996338,32.48117881610128,346.2908172607422,206.71239852905273,30.235422917507194,350.97206115722656,218.4734344482422,132.47160983875236,358.1162643432617,156.47456645965576,17.564254152410918,339.8365783691406,180.9324073791504,59.736971722801144,339.40441131591797,196.50235176086426,59.121614950128645,344.81903076171875,206.55418395996094,69.05867509412698
271,10.84,404.9294662475586,135.53765773773193,384.9052959359917,415.00701904296875,160.95914840698242,397.85888850605204,406.279296875,184.10911560058594,506.6455062732275,386.0427474975586,196.24767780303955,705.2056150022863,370.82061767578125,196.70522689819336,1106.5803231390503,389.8635482788086,160.6651210784912,583.5468859877935,369.6354675292969,188.12092781066895,723.4451295977044,359.94712829589844,205.4610013961792,854.7306967893857,353.8875198364258,220.20525455474854,956.6356606765147,370.64552307128906,152.6257038116455,507.8104255197268,351.62471771240234,182.87796020507812,503.3172123196957,344.7286605834961,203.14088344573975,588.7242078155032,341.8377685546875,218.77272605895996,652.8511817416772,356.31282806396484,148.31750392913818,424.9709356268224,340.19893646240234,176.1295223236084,358.5397151770103,335.9805679321289,196.4078950881958,364.4208010501073,336.7496109008789,211.17413520812988,399.65442939102684,346.76658630371094,147.59230613708496,360.30346587926476,331.9456100463867,166.05455875396729,421.0238716395488,328.9846420288086,179.3906021118164,500.8639835625767,329.78649139404297,189.08390522003174,576.1878378031032
272,10.88,406.6039276123047,129.13649082183838,165.413796936572,403.8981628417969,152.45886325836182,349.69766737334595,380.69644927978516,170.5877923965454,723.4069879172938,353.14292907714844,179.7835350036621,919.7370718764723,335.7150650024414,178.6509132385254,986.9011064382007,380.5394744873047,140.7992649078369,548.6293110234664,348.8932800292969,165.61108589172363,765.2333490107217,331.556396484375,181.5394163131714,928.128454767116,318.79655838012695,194.45081233978271,1088.194281175087,372.82196044921875,134.90346908569336,446.38442187045575,341.65393829345703,156.9352626800537,694.820119300749,327.5140380859375,170.6612491607666,918.9905708911862,318.3187484741211,179.7808027267456,1138.396457384072,363.8634490966797,133.30603122711182,420.0864424908272,335.55747985839844,155.52948474884033,527.9113724674269,324.17163848876953,169.17378902435303,742.1031547630683,318.1877899169922,177.5968837738037,959.1575118697322,355.2616882324219,136.16071701049805,356.0617807507993,333.1998825073242,154.3848466873169,293.4230937622241,324.60060119628906,164.9161720275879,378.0946808376988,319.9360656738281,171.38468742370605,506.3923858230159
273,10.92,394.8982238769531,115.3560733795166,452.0255833637004,389.91310119628906,144.81436729431152,398.4503323604422,365.771484375,161.98193550109863,430.7082468983336,336.6535949707031,167.92994499206543,507.69438114689456,317.20510482788086,170.69844245910645,503.6494422967537,358.06556701660156,132.12990760803223,602.2013123706031,323.1700134277344,151.3289451599121,735.5550576513335,304.47864532470703,164.90567207336426,794.4676107700272,291.17225646972656,174.96618747711182,845.1156215557,347.6431655883789,115.02448081970215,802.0075923595078,312.5089645385742,131.1342430114746,973.1142376126807,295.23046493530273,148.2343626022339,982.7239999364272,287.25563049316406,160.7219123840332,911.0977581310882,340.1560974121094,105.35050392150879,916.3617022054581,308.9114189147949,114.59724426269531,1221.0295028749924,292.9240417480469,128.2931613922119,1286.3800997539083,286.3433837890625,138.27667236328125,1264.94694231831,335.7059097290039,101.66281700134277,991.3795873416813,311.5536689758301,105.10791778564453,1345.542242515892,297.4468231201172,112.11007118225098,1484.4636974126977,289.14751052856445,118.10877084732056,1538.3145027486514
274,10.96,380.81531524658203,109.49282169342041,381.36763416837243,373.74420166015625,141.2325954437256,414.02173991772895,348.6147689819336,159.06802654266357,435.0601599899216,322.22564697265625,164.2507553100586,372.24162192597635,304.73377227783203,166.87896251678467,326.07760062187054,346.1506652832031,127.55155563354492,319.10635973648436,309.9654769897461,156.86542510986328,357.95634578322847,294.3035316467285,178.1606912612915,417.75327050792265,285.46234130859375,193.92565727233887,495.01554651310016,333.7549591064453,109.36294555664062,374.94604680182937,292.4629592895508,136.81918144226074,520.9131713909384,278.15359115600586,160.76537132263184,529.5315132411423,273.9266777038574,177.42980003356934,534.3304760217964,324.02172088623047,98.74290704727173,435.87443886632917,286.01476669311523,120.11110782623291,588.7801873141287,275.7401657104492,141.53896808624268,542.4118538131063,274.6192932128906,156.26197814941406,536.7294034584517,317.3276710510254,95.27649879455566,486.40564163507474,288.013858795166,109.69938039779663,599.5853735397518,279.8864936828613,126.08736991882324,561.0982812286205,279.1321563720703,137.4851131439209,545.29232966996
275,11.0,378.1863784790039,107.14929342269897,88.04627080261095,375.4117202758789,136.13202095031738,134.15587598151438,356.9537353515625,160.41878700256348,211.191432611847,334.71752166748047,175.45804023742676,419.5609079996634,318.8891792297363,187.113618850708,617.361757261294,349.0940856933594,147.40090370178223,501.65995856566053,318.7623596191406,183.96888256072998,712.3826876170054,304.60758209228516,205.49038410186768,730.1907141052332,294.0708923339844,220.96896171569824,709.5101593586305,332.9646682739258,128.82568359375,486.9694109368604,295.77537536621094,166.53285026550293,747.4432316245794,283.3328628540039,190.5769157409668,756.4526736386264,278.9991760253906,207.04519271850586,751.1664775138685,319.80730056762695,117.37495422363281,477.5683986378307,282.3201370239258,148.2902956008911,710.5090217723758,275.56346893310547,170.7262659072876,729.6958166958584,276.7770195007324,186.3266944885254,753.551155896396,310.31166076660156,111.69596672058105,446.3906132000016,281.11854553222656,134.09904956817627,633.8814955386196,277.23114013671875,150.7045555114746,618.9995602573429,281.14063262939453,162.59759902954102,629.816900094635
276,11.04,375.32958984375,113.66598844528198,177.8843643421795,371.48067474365234,144.71559047698975,236.0227541939241,352.89031982421875,167.49401092529297,203.9763149617836,330.29483795166016,180.59831142425537,169.52602883540223,313.2362365722656,189.2579698562622,151.14976414899158,348.2163619995117,154.38377380371094,175.94543497763635,318.23476791381836,191.74976348876953,194.96868502379826,302.6680564880371,212.166109085083,173.7941735593053,291.32761001586914,226.62646293640137,157.18802025588067,331.8754577636719,137.71807193756104,223.9711895434237,297.224063873291,175.31928062438965,222.62644839802851,282.9209327697754,198.03949356079102,186.84845816734898,277.0891571044922,211.77223205566406,127.45850592749561,318.10497283935547,124.38943862915039,180.45240225903626,283.3518409729004,158.04219245910645,245.1579916242787,274.4758605957031,181.15405082702637,262.10874440286995,274.27318572998047,195.48502922058105,237.3608521533393,308.64147186279297,115.41161298751831,101.84411542711402,278.77532958984375,140.55899620056152,171.79488395667985,273.41529846191406,159.06784057617188,229.81675412239392,275.9160041809082,170.91018676757812,245.45347997036217
277,11.08,373.59214782714844,117.90472984313965,114.52519755212404,370.29491424560547,149.09611701965332,113.45439818961532,351.3277816772461,171.87137603759766,116.19716752993318,328.01036834716797,184.40420150756836,110.97184524719783,310.4801559448242,192.0863914489746,98.72926722570536,346.33792877197266,161.92922115325928,194.39374844489097,314.85958099365234,196.42518997192383,144.16028307373773,298.4582328796387,215.51387786865234,134.4669351598892,287.7178955078125,229.00689125061035,108.09855974052806,330.1285171508789,144.76611614227295,181.53293195760423,294.339599609375,180.59280395507812,150.27096860572456,278.75741958618164,202.81481266021729,158.38740979656552,272.2088623046875,217.41591453552246,186.5281970414616,316.7911148071289,130.4134225845337,154.13996404153616,281.9808769226074,163.81969928741455,148.44849186321852,272.0991516113281,186.52266025543213,146.77941100333197,271.6259765625,201.71032905578613,169.1191784190165,308.08069229125977,119.79117393493652,110.38293521871847,278.4724426269531,144.03491020202637,87.22714119566099,272.1623992919922,161.97332382202148,79.10273866112232,273.9651107788086,174.51806545257568,102.53893672654154
278,11.12,372.8052520751953,119.79394197463989,51.163508738220656,369.2719268798828,151.76981449127197,71.56798044590259,349.7246551513672,175.29335975646973,94.47217589786058,326.5336608886719,188.2638931274414,103.31349233793297,309.23885345458984,195.93838691711426,101.17651950560975,344.26570892333984,164.77904319763184,88.08937501786036,313.3636474609375,197.55841255187988,46.91755102053341,297.30459213256836,215.6883716583252,29.169065976811616,286.9920349121094,228.40121269226074,23.634192926231854,329.04563903808594,147.4349069595337,72.00290546855263,293.47681045532227,182.4951696395874,52.22188431317303,278.0256652832031,203.9011287689209,32.744723314953106,271.63036346435547,217.29865550994873,14.756578773211752,316.33134841918945,133.00540924072266,65.8111880559669,281.33617401123047,165.8629846572876,53.56454603253883,271.6373825073242,187.60668754577637,29.457022418512977,271.4896011352539,201.34686470031738,9.705172424178912,307.8968811035156,122.44714736938477,66.5581580144139,277.57080078125,145.90936660766602,52.000870392754294,270.6161880493164,163.33456993103027,51.50097193420572,272.3508834838867,175.07373332977295,42.67974160403643
279,11.16,371.8050003051758,121.27199649810791,44.61746279325138,367.4149703979492,154.16380405426025,75.74411447223149,346.9841766357422,177.26633548736572,84.42028684396155,323.08441162109375,190.25702476501465,99.5925895667683,305.6724548339844,198.61274242401123,111.4433053684887,341.4820861816406,167.3792266845703,95.22837593731126,309.8575019836426,197.73197650909424,87.76096995247782,293.5421943664551,214.01358604431152,102.95795198575412,282.8079605102539,225.22915363311768,131.26413560773608,326.91741943359375,149.87025260925293,80.85568594164893,290.90662002563477,182.99031257629395,65.43625415541638,275.93265533447266,203.1798219680786,55.34535971078589,269.6702575683594,215.85176467895508,60.90724608129639,315.21862030029297,134.9767541885376,56.592649532969396,279.85198974609375,165.8250331878662,37.116735165140334,270.3312873840332,186.0107946395874,51.55554431332309,269.9379348754883,198.56420516967773,79.65104458336812,307.70368576049805,123.54467868804932,27.860135453875078,277.58447647094727,146.04779720306396,3.4776118090334833,270.6007385253906,162.4320888519287,22.565332729735204,271.87103271484375,173.43398094177246,42.71302973409016
280,11.2,372.1620178222656,121.06026649475098,10.376990827984647,367.51625061035156,153.73452186584473,11.026697111870359,347.37579345703125,176.47034168243408,22.177830600146912,323.7786865234375,188.87705326080322,38.61944937835702,306.52854919433594,196.5475559234619,55.88991879062852,341.26007080078125,167.46302604675293,5.932598631731017,309.85857009887695,197.46312618255615,6.721311207169204,293.6470031738281,213.84801864624023,4.898816783613234,282.8112030029297,225.18848419189453,1.0199623792557568,326.45538330078125,150.2067232131958,14.289197303864084,290.8572578430176,183.23840618133545,6.323916010630907,276.0614013671875,203.35610389709473,5.45726920248658,269.4496536254883,216.05283737182617,7.462251982005247,314.769344329834,135.35752773284912,14.723225480499805,279.8158073425293,166.32482528686523,12.527502458330197,270.30479431152344,186.6796875,16.735432874629254,269.6317672729492,199.4706916809082,23.919871392412734,307.39694595336914,123.7648344039917,9.439208406282733,277.77801513671875,145.87543487548828,6.479100396462922,270.47603607177734,162.21882820129395,6.176103496862733,271.21639251708984,173.37727546691895,16.427288641800345
281,11.24,372.2273635864258,122.02817916870117,24.252899482421324,366.58447265625,154.8712921142578,36.7462307031861,345.94696044921875,176.89882278442383,37.292423987460765,322.41893768310547,188.32757949829102,36.664341706841206,304.930362701416,195.5631923675537,46.925284204999244,339.86087799072266,167.865629196167,36.399088378331896,306.9828796386719,196.8714952468872,73.39798527103369,291.21936798095703,212.4689769744873,69.79957271581874,281.95825576782227,223.01136016845703,58.45611601506127,325.98072052001953,150.18150329589844,11.883307611649348,289.4925880432129,182.02543258666992,45.64556799306189,275.40307998657227,200.0154733657837,85.12196906095465,269.89070892333984,210.55315017700195,137.93360952075008,314.6819877624512,134.9892282485962,9.462943515559848,278.5721015930176,164.6021032333374,53.11882472979599,270.4964065551758,182.4467897415161,105.93081080856325,270.9762191772461,192.4592399597168,178.47970150966296,307.3508071899414,123.34138870239258,10.648798280011821,276.8237113952637,146.02543830871582,24.150526145086484,270.7044982910156,161.24715328216553,24.954297401481,272.64745712280273,170.3821849822998,82.9853636070102
282,11.28,371.27769470214844,123.12350749969482,36.242371114845625,365.5904769897461,156.01238250732422,37.83281206651996,344.7238540649414,178.62700939178467,52.9304861181234,320.9517288208008,191.92002296447754,97.01273081202945,302.76437759399414,201.66508197784424,161.87292141859467,338.71700286865234,168.85671615600586,37.83767679884381,304.4781684875488,197.19138622283936,63.126401900550675,289.63951110839844,211.43417358398438,47.21470768446377,283.4400177001953,219.19384002685547,102.37516317375128,325.72154998779297,150.69073677062988,14.284784224868021,288.03043365478516,182.44598865509033,38.03586187964355,276.39001846313477,198.50074768066406,45.19707856765079,274.6993064880371,205.6876802444458,171.01792340976363,314.78260040283203,135.1068878173828,3.8702937171697442,277.9047203063965,165.0067949295044,19.512386301375077,271.7898750305176,181.3066864013672,43.10522244260092,274.17707443237305,188.31271648406982,130.95593557177276,307.6666831970215,122.92269229888916,13.112120589257067,276.7934036254883,146.32776260375977,7.595991553221368,272.06281661987305,160.91490268707275,34.959075542424614,275.06710052490234,167.91443824768066,86.40185233672511
283,11.32,371.83990478515625,124.3663501739502,34.102218498085776,365.499267578125,157.49889850616455,37.23278940981101,344.65641021728516,179.57546710968018,23.771315634896954,320.9439468383789,192.34728813171387,10.683400745546273,302.36642837524414,201.22541427612305,14.825469398988053,338.29715728759766,170.81528663635254,50.07662028342526,302.6872253417969,198.39423179626465,53.93465273379863,289.1007423400879,211.03397369384766,16.778552860949926,285.2804946899414,216.5079116821289,81.40011756283899,325.86830139160156,152.1280002593994,36.11840173884496,287.36480712890625,183.34957122802734,28.05708620461474,278.6519241333008,197.25497245788574,64.5570153353682,280.15628814697266,201.64861679077148,169.728979568838,315.3164863586426,135.93167781829834,24.56258281693388,278.51274490356445,165.5554962158203,20.475091763622416,274.8924255371094,179.69342708587646,87.42291341866061,279.54322814941406,183.91688346862793,173.41956639635941,308.6202812194824,122.9509162902832,23.850390223899137,279.16433334350586,146.70684814453125,60.02610669013588,275.9739875793457,159.6795129776001,102.54098573403829,279.6915054321289,164.2682933807373,147.22324276570285
284,11.36,372.71549224853516,124.31108951568604,21.933238850801537,366.55704498291016,157.41063594818115,26.536334962836722,344.98687744140625,178.85632038116455,19.786052590035286,321.2384033203125,190.3429412841797,50.64651336082348,302.45492935180664,197.26474285125732,99.04150190261274,338.4366989135742,169.80252742767334,25.558182155435823,299.98790740966797,196.21922492980957,86.66376177445584,288.7053871154785,208.22453498840332,70.9280074850314,289.37000274658203,212.51784324645996,142.8389002220907,326.1716842651367,151.35993003845215,20.64541462801774,285.8073043823242,182.37240314483643,45.966511372530654,279.5174789428711,195.92358112335205,39.7003464566251,284.29399490356445,199.85791683197021,112.71430573022963,315.67182540893555,135.79989910125732,9.474685711412972,278.3041763305664,165.97118854522705,11.62704181988162,277.34832763671875,178.93445491790771,64.26261488327079,284.1788864135742,181.65079593658447,128.99728738659383,309.18432235717773,123.80315780639648,25.54968207727455,280.1653480529785,148.96360874176025,61.72012861389932,279.80594635009766,160.2513599395752,96.85981161149527,285.81565856933594,161.98256492614746,163.42009939127055
285,11.4,373.73497009277344,123.31887245178223,35.565342828329975,366.99195861816406,157.38704681396484,10.888822175252784,343.84254455566406,178.8171100616455,28.625111381309807,318.56088638305664,189.68607902526855,68.92280544417898,299.5189094543457,196.0479211807251,79.45465615747203,336.5755844116211,169.7841739654541,46.53012491222529,296.8825912475586,194.73954677581787,85.99576990344488,287.21242904663086,205.38435459136963,80.21669278831472,289.1193962097168,209.26706314086914,81.51063937925777,324.2188262939453,151.16980075836182,49.0522896942225,284.36288833618164,180.57269096374512,57.69153777376385,280.26966094970703,192.8095293045044,80.09016989414233,285.6355857849121,196.36403560638428,93.5650579523984,314.1926574707031,135.93891620635986,37.14215550595647,278.60334396362305,164.61127281188965,34.810846679297725,279.62268829345703,176.17262363433838,89.44421598062263,286.8537902832031,178.25719356536865,108.02675526714822,308.1424903869629,124.66072082519531,33.734516683334725,281.41239166259766,148.3981704711914,34.23118280635933,281.4236640930176,159.4220209121704,45.44786792396482,286.4397621154785,161.70504570007324,17.0756068184372
286,11.44,375.42781829833984,122.81973838806152,44.12248477715008,367.25826263427734,157.1663761138916,8.64629208349154,342.6199722290039,178.11296939849854,35.27124508197406,317.2555732727051,188.21019172668457,49.25752248500477,298.0761528015137,194.64780807495117,50.26096564588539,335.8479690551758,169.72537994384766,18.249671981841523,293.10657501220703,192.48486042022705,109.94859358958963,285.4320526123047,201.69244766235352,102.46925459748024,289.52314376831055,204.39361095428467,122.25370215763252,324.3655776977539,150.39610862731934,19.687170444175816,282.8746223449707,176.64929866790771,104.9045481843833,280.70234298706055,188.05119037628174,119.44926512249752,288.03760528564453,191.2078857421875,142.20491179974076,315.58170318603516,135.03231525421143,41.46816011802555,279.43960189819336,161.1060619354248,90.08964501268737,281.28849029541016,172.47127532958984,101.47313555436696,288.86390686035156,175.11777877807617,93.19500342158116,310.3968811035156,124.14836883544922,57.79696177285151,283.52344512939453,147.14515686035156,61.37278432164073,284.2085838317871,158.09343338012695,77.13998145291406,290.02140045166016,160.76192378997803,92.59323716026606
287,11.48,383.48655700683594,118.15057039260864,232.8416835287106,375.0250244140625,152.12649822235107,231.46673317343368,349.71649169921875,173.12129974365234,216.906308308234,324.1594696044922,185.10689735412598,189.23236463871828,304.72917556762695,194.53911781311035,166.3477635471857,338.90209197998047,163.54860305786133,172.26476631023627,298.52277755737305,184.65206623077393,238.0755064372875,289.4346046447754,195.92473983764648,175.51153153678763,289.31800842285156,201.90772533416748,62.358378678520374,328.3307647705078,145.24088859558105,162.59420749516713,287.6298713684082,170.2458143234253,199.4006723674327,284.90068435668945,183.92219066619873,147.21308718530065,290.08411407470703,189.82954502105713,61.68479030135919,321.48082733154297,131.20728492736816,175.76710920523487,285.639591217041,156.2744379043579,196.50772620212692,285.4050064086914,169.26444053649902,130.4547198769606,291.1521530151367,174.24860000610352,61.194067331609794,318.70914459228516,122.38507747650146,212.43075448730173,295.1991081237793,142.62054920196533,313.04270956689476,293.5298728942871,154.62809085845947,248.61494899135548,296.7234802246094,160.21960258483887,168.09964599256045
288,11.52,389.70130920410156,117.71295547485352,155.75351458646875,377.4156188964844,152.87840366363525,62.651335640285176,350.12439727783203,172.97733306884766,10.8141505826323,322.7393341064453,184.0967559814453,43.568698810140795,302.5384330749512,193.13976287841797,64.98820519170776,339.62154388427734,164.2110300064087,24.44918844202925,301.2916946411133,181.11668586730957,112.26591237714891,290.8694839477539,190.53221225738525,139.5041045946188,287.30464935302734,196.97768211364746,133.13278357583184,330.4911804199219,144.88640785217285,54.732602119762774,291.1297798156738,166.0746145248413,136.12555532244016,287.2434997558594,178.99302005767822,136.4402499321822,290.4847526550293,185.7899808883667,101.48457288598604,325.14026641845703,129.77325439453125,98.25966237456927,290.25623321533203,150.91628551483154,176.81766804001018,289.64244842529297,163.79676818847656,172.93668593843415,295.03061294555664,169.4102954864502,155.02347011172745,323.25218200683594,120.1719617843628,126.33554036968052,300.8866500854492,139.2410659790039,165.3954360389705,299.6508598327637,151.22334480285645,175.10492712254177,302.62603759765625,157.2245693206787,165.4735775651506
289,11.56,394.04125213623047,117.1437120437622,109.42789503246033,381.75941467285156,152.0586061477661,110.51196121294583,354.2426300048828,172.32898235321045,104.22391593529348,327.70275115966797,184.04926300048828,124.0911067206814,307.084903717041,192.4973201751709,114.79091842982463,341.96964263916016,162.75356769561768,69.09126278905723,305.1857566833496,179.47782039642334,105.62196510565673,294.49352264404297,189.18644428253174,96.64609379826824,289.8782157897949,195.74498176574707,71.33895478703374,332.88177490234375,143.7984037399292,65.66341698219892,294.5819091796875,165.7601022720337,86.66067123792214,289.95948791503906,178.44560623168945,69.2651318200937,292.121639251709,184.7773790359497,48.11938436007321,327.55359649658203,129.2369270324707,61.80518336513959,292.8393745422363,151.10784530639648,64.75586010405398,291.9076156616211,163.59363555908203,56.85642814174099,296.88283920288086,168.9726448059082,47.580722373274185,326.0337829589844,120.29691696166992,69.61015395278618,301.7535400390625,139.78865146636963,25.633816259596337,299.2689895629883,151.42413139343262,10.785990853113962,301.7194366455078,157.09008693695068,22.913025743690337
290,11.6,395.38787841796875,117.88433074951172,38.42133529998625,383.9061737060547,152.92675495147705,57.89136751291135,357.10227966308594,173.24227809906006,75.04875618159939,330.0905227661133,185.60866355895996,71.29684138475304,309.3210029602051,194.6150779724121,76.99447185129121,343.924560546875,162.53146648406982,49.18735212223772,305.3902816772461,179.39412117004395,5.524719089287826,294.46807861328125,189.55729007720947,9.292940940963051,289.59497451782227,196.5662384033203,21.718196329731146,334.50538635253906,143.0465269088745,44.73137119434584,294.99515533447266,165.80248832702637,10.385355136638307,291.03973388671875,179.10803318023682,31.679457278060763,294.0146064758301,185.60646057128906,51.664186724445436,329.1776657104492,128.66094589233398,43.079541876222834,293.5643005371094,150.87329864501953,19.048127112752976,292.6167869567871,164.07906532287598,21.48496540409842,298.01809310913086,170.08588314056396,39.750008029897124,327.6287841796875,120.43749332427979,40.029603168850855,304.0735054016113,139.5560073852539,58.29002140109668,301.6702461242676,151.70451164245605,60.439257508723784,304.2867660522461,158.3320713043213,71.2991297785959
291,11.64,396.34830474853516,117.75577068328857,24.224812010010407,384.68650817871094,152.90722846984863,19.51446855381432,358.1593322753906,173.20983409881592,26.438759879341987,331.61216735839844,185.67818641662598,38.08079973038175,311.48916244506836,194.97645378112793,54.95172897034054,343.76808166503906,162.24032878875732,8.26312584968982,305.06383895874023,179.71436977386475,11.4325198642586,294.5165252685547,189.6349811553955,2.2889656557181994,289.91994857788086,196.4077663421631,9.038858261638547,334.2252731323242,142.590594291687,13.377639168463473,294.90278244018555,166.14103317260742,8.773018439670494,291.3078308105469,179.70148086547852,16.279897797683542,294.45281982421875,186.36486053466797,21.897509035834673,329.18067932128906,128.23983192443848,10.528118772096489,293.5539436340332,150.90117931365967,0.7435544386384569,292.56202697753906,164.3972396850586,8.07130643381083,298.02330017089844,170.5951452255249,12.732217615929395,328.1024169921875,120.29578685760498,12.359428682541258,304.47179794311523,139.4392490386963,10.37633907347955,301.7715835571289,151.9679832458496,7.057202043555168,304.3131637573242,158.78863334655762,11.433113564456052
292,11.68,398.10901641845703,118.44553470611572,47.27499333544221,384.9028778076172,153.67100715637207,19.8458701355675,356.80233001708984,173.75511646270752,36.56148917751978,328.94744873046875,185.39018154144287,67.00593338543196,307.61945724487305,193.76606941223145,101.36459150292443,344.00657653808594,162.56694316864014,10.110537745833527,305.90009689331055,180.1486873626709,23.557895452987136,295.4058647155762,189.87660884857178,23.039485049287737,290.7157325744629,196.20707988739014,20.517480692469977,334.7079849243164,142.4455976486206,12.600463796742655,295.0876235961914,165.02456188201904,28.29172135605289,290.9816360473633,178.646821975708,27.5987816454409,293.8232231140137,185.49493789672852,26.846291800505174,330.0151824951172,127.78349876403809,23.778082087426416,293.6796760559082,149.4854736328125,35.53195055768027,291.9388008117676,163.1971549987793,33.8065647096121,296.9523620605469,169.73472118377686,34.344194995492145,329.2416000366211,119.68986511230469,32.257549214803426,304.6233367919922,138.46422672271729,24.66820498354122,300.73293685913086,150.7536220550537,39.94887408436468,302.2330856323242,157.70164489746094,58.6742538010344
293,11.72,398.6745834350586,118.39950799942017,14.185919691652682,385.7865905761719,154.0918779373169,24.470396292761805,357.4747848510742,173.85011672973633,16.97830517315587,329.89940643310547,184.8116111755371,27.84967611923102,309.05080795288086,191.9530963897705,57.74748928246585,343.1290817260742,162.63559341430664,22.00440298749254,303.98136138916016,179.93732929229736,48.25853660752208,296.04846954345703,189.72676277160645,16.49611339826917,295.2219009399414,195.09535789489746,116.03199754440368,334.00379180908203,142.39387035369873,17.652260063930704,293.8836860656738,164.75671291351318,30.834321860128703,291.6967010498047,177.93664455413818,25.19511271834396,296.90622329711914,183.66846084594727,89.58553366078046,329.6415328979492,127.7638292312622,9.35417393411247,293.5603141784668,149.41766738891602,3.4319222472332114,293.17853927612305,162.82407760620117,32.36643903080153,299.54872131347656,168.75010013580322,69.41973772992402,329.3468475341797,119.53857421875,4.607464745858207,305.14429092407227,137.7837610244751,21.424675817493938,302.2612762451172,149.9682855606079,42.9576440248523,304.8892402648926,156.39610290527344,73.99154227629357
294,11.76,399.53857421875,118.34971904754639,21.635604539051766,385.4327392578125,153.9197587966919,9.837293646951263,357.1376037597656,172.46307849884033,35.68583527030673,330.5690383911133,182.03857898712158,71.31845166738928,310.50514221191406,187.92102813720703,107.15835982999631,342.73693084716797,161.76791667938232,23.804479990065246,302.4564743041992,178.11203956604004,59.46092838295793,295.4063034057617,187.57787704467773,56.06963982294947,295.81371307373047,192.26150035858154,72.37484947235853,333.79150390625,141.47708415985107,23.526090289805037,292.69643783569336,162.5823211669922,61.935136569087256,291.25415802001953,175.57190895080566,60.14471509866765,297.6241111755371,180.95977306365967,70.05512342030005,329.86820220947266,126.74087047576904,26.194269318720174,293.3550453186035,147.24343299865723,54.59756455542213,293.471622467041,160.3338861465454,62.68448403782406,300.3147888183594,165.96176147460938,72.29147560201028,330.1521301269531,118.51000785827637,32.6575872895745,306.2716484069824,136.40343189239502,44.555046060620796,304.6787643432617,148.35199356079102,72.70079320983437,308.53214263916016,154.44587230682373,103.30215721239155
295,11.8,399.6474075317383,117.73653030395508,15.569303237522641,386.95167541503906,153.01601886749268,44.18648626389638,359.06593322753906,172.16155529022217,48.79402359420402,332.4106216430664,182.4219560623169,47.026633781158786,312.2745704650879,187.70007133483887,44.57927104918375,342.1990203857422,161.22008800506592,19.194138443066542,300.4296684265137,177.24816799163818,55.080714427103594,294.86562728881836,187.36737728118896,14.505189025435369,296.93206787109375,191.95497035980225,28.990063954494627,333.0644989013672,140.87860107421875,23.541429981426443,291.4091491699219,162.96170711517334,33.550761976267395,291.92291259765625,175.92535972595215,18.91031688592428,299.1721534729004,180.4226589202881,40.96436376165549,328.99539947509766,126.3198709487915,24.225828350747218,291.7354965209961,147.5124979019165,41.043682750802,293.9147186279297,160.30122756958008,11.107452184335532,302.2430419921875,165.1113224029541,52.686614268807176,329.17442321777344,118.3503770828247,24.76631766039559,304.09481048583984,136.00037097930908,55.345965495361604,303.1988525390625,147.7553129196167,39.89178123185574,307.93384552001953,153.08207988739014,37.23144845151497
296,11.84,399.4844436645508,118.66869449615479,23.657547728315446,385.7567596435547,154.75387573242188,52.72552858864743,357.39173889160156,174.10240173339844,64.07910926383879,330.6953811645508,183.7287712097168,53.90857844891397,310.92124938964844,188.45276355743408,38.71388248406444,341.21761322021484,163.2713270187378,56.84816133657041,299.84209060668945,178.15990447998047,27.11677431180864,294.90041732788086,188.17399978637695,20.184310316024494,297.2393035888672,192.71501541137695,20.494850979864406,332.53719329833984,143.02705764770508,55.305497280676384,291.2894821166992,164.17247772216797,30.41674771393566,293.3046340942383,176.92831993103027,42.68403878418169,301.5481376647949,180.93976020812988,60.79008256913887,328.58619689941406,128.15963745117188,47.11811973133976,291.7502975463867,149.4986629486084,49.65550487517238,295.82054138183594,161.69732093811035,59.06160482369769,304.9675941467285,165.36582469940186,68.41032388148403,328.3159637451172,119.33890342712402,32.73126372032382,303.00188064575195,137.1285581588745,39.269119129176595,304.1403579711914,148.05772304534912,24.722008955505338,310.2816581726074,152.03241348266602,64.29436120715725
297,11.88,399.33666229248047,120.05686283111572,34.90031035069035,384.3532180786133,156.3877773284912,53.849114141716015,356.21612548828125,175.6693983078003,48.97413308480762,331.14246368408203,184.07752990722656,14.175582182910485,313.2002258300781,187.42624282836914,62.48739084424146,340.8053207397461,166.00278854370117,69.06006059857582,299.8483085632324,179.1443967819214,24.61279844365145,294.3096923828125,188.1531000137329,14.777363626984283,296.24500274658203,192.518892288208,25.33646636286462,332.31250762939453,145.52162647247314,62.61667744765634,292.00672149658203,165.1884412765503,31.09073688303165,292.64612197875977,177.47105598449707,21.333668079538967,300.0422477722168,181.65570259094238,41.68541309676112,328.38035583496094,130.0702428817749,48.04154227895488,292.2296333312988,150.2781629562378,22.8771591411545,295.00064849853516,162.38874435424805,26.812901284535457,303.53450775146484,166.4177370071411,44.442773030769274,327.9994201660156,120.45684814453125,29.047377556428728,302.4037551879883,137.43242740631104,16.772197656438788,301.8432426452637,148.54116439819336,58.6858924819881,306.6923713684082,153.01355838775635,93.02427467999736
298,11.92,398.84986877441406,122.86678791046143,71.2944899727857,384.8843765258789,158.08706760406494,44.50924578641691,358.32210540771484,177.8307867050171,75.44348557314657,334.1568374633789,187.27230548858643,109.80960880247963,316.0037422180176,188.20016384124756,72.70942971693835,339.7100067138672,167.6784896850586,50.04802150456115,298.8217353820801,179.22373294830322,25.74085667229008,294.0126419067383,188.1287670135498,7.451135829264179,297.3299026489258,192.41081714630127,27.25674267960636,331.65225982666016,147.76436805725098,58.44771689888404,291.6912841796875,166.27341270446777,28.247385944177623,293.51945877075195,177.88586139678955,24.17101417910433,301.8515968322754,181.6490077972412,45.234036143964765,328.0823516845703,132.1891450881958,53.493884194979415,292.5704574584961,151.25378608703613,25.836040464684846,296.911563873291,161.9759702682495,48.874712374794676,306.5320587158203,164.93362426757812,83.62080485606423,328.26671600341797,122.0943832397461,41.480177892224226,303.13730239868164,138.29890251159668,28.382109444108632,304.2691993713379,148.14137935638428,61.466932758796375,310.49936294555664,151.06947898864746,106.86624109874082
299,11.96,391.9856262207031,122.11473941802979,172.63292482016712,380.05992889404297,157.1933126449585,122.66339327417212,355.2570343017578,179.25633430480957,84.5090484942543,332.06188201904297,189.76454257965088,81.39442560700255,315.67710876464844,186.52413368225098,42.68903918693561,332.62134552001953,164.25486087799072,196.80312454605914,292.54512786865234,176.4640760421753,171.41234661839025,290.35701751708984,185.43263912200928,113.55806688027297,295.14535903930664,188.43187808990479,113.47958736278623,324.6586227416992,143.52599143981934,204.44252864089364,285.5542755126953,160.9768009185791,202.66501268896909,290.129337310791,171.78307056427002,174.52968848231114,298.9910125732422,173.98425579071045,204.528979646904,322.0850372314453,128.51393222808838,175.84611563942954,288.4068298339844,146.93594455718994,149.9573907658055,293.16856384277344,157.02046394348145,155.25602275610538,302.13672637939453,159.61466789245605,172.50044070248384,323.52569580078125,119.69085216522217,132.88678025863703,300.87358474731445,134.292311668396,115.0466964702022,302.1991729736328,144.16929244995117,111.97790987359176,308.36042404174805,147.4821138381958,104.41578052700227
300,12.0,387.42626190185547,121.69544219970703,114.46509606992198,377.45513916015625,156.30008697509766,68.84212761392905,354.266357421875,178.04140090942383,39.191069100289546,332.13905334472656,188.90676498413086,21.531050498115935,316.50047302246094,186.3698387145996,20.942415663039945,329.1707992553711,160.99356651306152,118.69685773852186,289.52648162841797,177.1791172027588,77.55445258417517,288.77063751220703,187.18643188476562,59.120589553199096,294.49371337890625,189.2058277130127,25.2937749978569,320.8455276489258,141.0455560684204,113.72184766520184,282.7342224121094,162.4368381500244,79.38989311985362,289.88250732421875,172.91008472442627,28.843174663427334,299.1036796569824,173.1062936782837,22.129044017639238,317.84236907958984,126.76955223083496,114.68188234630429,283.90777587890625,147.73582935333252,114.24015870580541,290.63196182250977,157.64272212982178,65.29526715081127,299.75162506103516,158.6674404144287,64.15775573717525,318.88511657714844,118.86430263519287,117.8403572009717,295.3185844421387,135.02408981323242,140.07481849837265,297.5995445251465,144.35564517974854,115.08504791030543,304.1781234741211,145.77405452728271,112.9410926312076
301,12.04,386.69151306152344,120.99353313446045,25.40339783184273,376.9088363647461,155.80737590789795,18.391760043801295,354.01153564453125,178.06626319885254,6.400794464569646,331.30523681640625,190.02277851104736,34.827577032797876,315.2856636047363,186.70344829559326,31.494615352500784,328.29593658447266,161.3255739212036,23.393556965444244,288.90819549560547,178.54694366455078,37.526881794976624,288.9975166320801,188.2860803604126,28.070234513482863,294.82425689697266,189.5533847808838,11.991010506908621,320.2772521972656,141.4029836654663,16.783389781446857,281.9168472290039,163.64697933197021,36.50808018608585,288.3645820617676,174.7162914276123,58.983470973981476,297.08593368530273,175.34059524536133,75.26371261635313,317.87498474121094,127.02343940734863,6.399339799007886,283.18689346313477,148.29570293426514,22.818987214527663,289.50326919555664,158.7951421737671,40.326937366861735,298.42065811157227,160.16831874847412,50.150453600699606,319.53746795654297,118.94746541976929,16.440771935504788,293.8001823425293,135.7560110092163,42.14004607576861,295.6722068786621,145.4586124420166,55.515578811216606,302.33301162719727,146.66939735412598,51.27180332086989
302,12.08,384.4194030761719,117.38246440887451,106.66038722986362,375.3105163574219,152.80850887298584,84.95524681742528,352.8660583496094,176.1174201965332,56.51386600246096,330.4507064819336,188.94955158233643,34.296848735017385,314.3043327331543,185.81591606140137,33.078729440623974,326.8246078491211,158.1024169921875,88.57746904735359,289.7655487060547,176.59323692321777,53.338685296166744,290.22533416748047,187.18314170837402,41.2614345545371,295.8991813659668,189.4643783569336,26.965078777313273,317.92652130126953,138.42777729034424,94.79513674220584,281.56482696533203,162.30809211730957,34.60976415349933,288.7097930908203,173.73383045196533,26.033634773702474,297.7983283996582,174.17186737060547,34.21833457987981,314.7354507446289,124.70732688903809,97.53541316224957,281.8430709838867,148.12693119049072,33.85947759886647,288.5334777832031,158.71905326843262,24.31929410197828,297.3569679260254,159.55235481262207,30.72914314111173,315.75828552246094,117.52233266830444,100.97407844767619,292.28466033935547,135.8558464050293,37.97016961017843,294.99637603759766,146.14834785461426,24.141280324440455,301.7411994934082,147.73890495300293,30.558224197377587
303,12.12,381.907958984375,114.22352313995361,100.89060092097593,374.25403594970703,148.6233615875244,107.91086788668017,353.0486297607422,171.99285507202148,103.21509635980277,331.7219543457031,186.57331466674805,67.37290353947743,314.8544692993164,186.11748218536377,15.684235089540227,325.58982849121094,152.6938819885254,138.6924000904504,289.7488784790039,175.84745407104492,18.649228520655317,289.9680709838867,187.42701530456543,8.862091900058099,295.11417388916016,189.54172611236572,19.720221441339042,315.9598159790039,134.6010446548462,107.56338970641266,279.9180793762207,161.43080234527588,46.64637557168093,286.63543701171875,174.1693353652954,52.98948995107572,295.1307487487793,175.75311183929443,77.52546059014529,312.11978912353516,122.1351957321167,91.71131474792429,279.460391998291,147.2371244430542,63.58515548156137,284.9778747558594,159.86493587493896,93.3921832781986,292.9962158203125,162.49407291412354,131.50538086942674,313.05843353271484,115.49693584442139,84.37799276444775,290.4830551147461,135.3834629058838,46.56264299041635,292.17601776123047,147.4708127975464,77.87543873214042,298.1175994873047,150.94403743743896,120.94252572766875
304,12.16,382.2642517089844,109.23239707946777,125.0956730298616,375.0801086425781,143.420147895813,131.70950235157804,354.1720199584961,167.92502403259277,105.50253226152093,331.99623107910156,183.87176513671875,67.88592264640195,314.9643135070801,186.41056537628174,7.824780619044826,325.03944396972656,146.8330192565918,147.16622210118751,290.9486961364746,170.9723424911499,125.51462894719931,290.7415771484375,184.29445266723633,80.66621219331981,296.8147850036621,189.1765594482422,43.48437115328539,315.0373649597168,128.98881912231445,142.18823639586228,280.73835372924805,157.92978286743164,89.89572917580391,286.7046546936035,172.4860382080078,42.11799205222461,296.2411308288574,176.4134931564331,32.29794737851415,311.192626953125,116.90344333648682,132.8318081715998,279.47322845458984,144.0602731704712,79.42193015283384,284.43653106689453,157.61067867279053,57.9586518725859,293.63250732421875,162.00676918029785,20.036401357025948,312.3215675354004,110.90043067932129,116.37985014272793,290.04505157470703,131.21037483215332,104.90028352022645,291.3058280944824,144.61370944976807,74.66705094953682,297.64537811279297,150.0848150253296,24.51091823066801
305,12.2,384.29187774658203,105.4055643081665,108.27025332428954,377.33699798583984,136.9989252090454,170.15737256431717,356.4385986328125,162.3021125793457,151.5637491658275,334.53746795654297,180.40805339813232,107.3987426465318,317.41498947143555,187.81484127044678,70.61251424677953,330.56774139404297,136.5911865234375,290.9652150017402,295.3942108154297,165.4995346069336,176.27079114664969,295.0688934326172,181.85272693634033,124.21677314337998,301.10769271850586,188.88444900512695,107.57086373392997,318.9048194885254,119.58470106124878,254.20788864488415,282.70599365234375,153.18785190582275,128.34892897786742,288.74916076660156,170.09716987609863,78.60779616919544,299.0914535522461,175.4769515991211,75.00604024026258,313.01427841186523,109.21348571777344,197.5693900486902,281.32097244262695,140.77295780181885,94.27552763809246,286.99424743652344,156.0638952255249,74.7263844811632,296.75682067871094,161.71772003173828,78.44139272149796,312.59347915649414,105.10475635528564,145.05123405191148,291.0189437866211,128.17776203155518,79.62885170738441,293.0178451538086,142.63468265533447,65.41955682606473,299.38915252685547,149.1326379776001,49.67010127683621
306,12.24,390.1755905151367,101.45487785339355,177.175759146779,382.4529266357422,131.83563709259033,181.71452563777382,359.6575164794922,157.82225131988525,137.90981883029477,335.63899993896484,177.28328704833984,82.83091757117963,318.35058212280273,190.37545680999756,68.15462911039693,336.67675018310547,125.10950088500977,325.1433275154595,302.0922660827637,162.46037006378174,183.8825465558993,299.948673248291,181.39532089233398,122.52926012424348,304.7230339050293,191.24639511108398,107.96261303808568,324.1046142578125,109.8675799369812,275.5225814093928,288.59535217285156,151.4177656173706,153.74034370417436,293.4421730041504,170.96235752105713,119.30243481057889,303.5867691040039,179.39384937286377,149.05944720107894,317.53395080566406,102.23982095718384,207.75502211191616,286.5065002441406,140.13150215148926,130.62628930371122,292.1788024902344,157.51556396484375,134.5988327254252,302.77122497558594,164.94498252868652,170.63902372859548,316.3861083984375,101.56659364700317,129.66936780983733,296.6152572631836,129.74485874176025,145.28961728881953,299.74279403686523,145.80935955047607,185.91582582628402,307.47169494628906,153.1957483291626,226.15862476771392
307,12.28,395.29327392578125,103.40465068817139,136.91306000256108,390.146484375,132.52927780151367,193.11908262838998,368.49403381347656,158.31011295318604,221.2493609694913,344.2362976074219,178.38418006896973,216.68740826783218,326.8208694458008,194.25381660461426,232.89944454452964,348.22296142578125,120.93146324157715,306.9721003308287,313.3997917175293,159.91965293884277,289.7362804019371,310.06500244140625,183.4462594985962,258.05336840241534,313.7042427062988,197.37818241119385,271.8695999760155,333.5072326660156,107.55693912506104,242.0592565519745,298.01570892333984,151.12704277038574,235.6210425134886,301.06433868408203,175.2193307876587,218.259064881748,310.40124893188477,187.69121646881104,268.4253108984689,324.6371078491211,102.86945343017578,178.27520339887988,294.29235458374023,142.04721450805664,200.45180472897815,298.94256591796875,162.3497772216797,207.84326053381756,308.3961296081543,172.5303554534912,236.08451152851097,320.93994140625,104.7136116027832,138.38604761012886,300.7818603515625,133.70062351226807,143.63290060010488,303.49708557128906,151.89581394195557,178.7799485138896,310.60428619384766,161.86906814575195,230.5423016567707
308,12.32,400.1080322265625,109.65860366821289,197.31609376124132,398.7753677368164,139.40690517425537,275.8615893320846,379.9410629272461,167.75959968566895,371.0856328386834,355.61389923095703,188.72686386108398,384.3996347614134,339.37679290771484,206.96033477783203,446.5890295252991,360.7538604736328,128.32514762878418,363.73926080803074,331.13380432128906,169.9866485595703,509.8036410337671,326.7926788330078,196.26555919647217,526.8714277495195,327.3565673828125,212.8974151611328,516.7401149391504,343.4902572631836,117.07884550094604,344.89806568280096,313.13724517822266,164.21841144561768,500.02799452791845,314.72450256347656,190.9648847579956,521.1301103399633,322.50240325927734,205.33111095428467,534.791906676101,332.70252227783203,114.99238014221191,364.0194551568104,305.4659080505371,157.11391925811768,468.944219164764,308.7615966796875,180.10106563568115,507.14988258935944,316.89178466796875,192.42928504943848,540.9156322615252,326.5444564819336,118.93130779266357,382.0614104608246,307.30186462402344,150.11309623718262,441.50291382034845,308.5124206542969,169.90385055541992,467.33484293031387,313.70113372802734,181.36324882507324,493.4657694612529
309,12.36,404.87762451171875,119.15869474411011,265.75451667959,407.89806365966797,149.3274164199829,336.9348270413537,390.33885955810547,179.84740734100342,398.6142156655615,366.6564178466797,201.80182456970215,427.85205891646285,352.0786666870117,221.90740585327148,490.37774421831443,373.0245590209961,144.91268634796143,515.8224522549326,347.48451232910156,189.0995693206787,628.8130646191444,342.5691223144531,215.96164226531982,630.8881919455824,341.76265716552734,233.86164665222168,635.9217841250227,354.2197036743164,134.58191871643066,513.2485949055206,328.3845901489258,183.3821725845337,612.235284452112,328.7000274658203,211.10106468200684,612.7708779736636,334.9748992919922,226.8395233154297,621.5781123394426,341.39530181884766,132.6003885269165,490.9215666889461,317.0594596862793,176.48919582366943,564.4752992393907,320.03963470458984,200.65037727355957,586.01853132057,327.27428436279297,214.10220623016357,600.7868863098147,332.9547882080078,135.88831901550293,453.2056531323649,313.7068557739258,168.2303810119629,480.40342372375716,314.70422744750977,188.34875106811523,486.41085147210237,319.6023941040039,200.11347770690918,491.423924139272
310,12.4,401.7711639404297,133.79455089569092,374.0474423207732,410.4902648925781,164.53622817993164,385.7034663940808,397.1719741821289,198.5478687286377,497.7441056754486,377.24586486816406,224.19875621795654,619.3539655749184,362.1493148803711,245.75586318969727,647.18953578228,380.41576385498047,161.21366500854492,447.4593656067501,359.57698822021484,209.9106216430664,601.7307703316711,354.5108413696289,239.1866683959961,652.8813506121077,352.28912353515625,259.5295715332031,693.5636515159562,357.0244598388672,151.7006778717041,433.6751175699124,338.3413314819336,205.0678825378418,596.556113324342,338.4779357910156,236.3582181930542,677.0945718179514,343.42845916748047,254.63882446289062,726.4054561915166,339.64813232421875,150.10172367095947,439.70823641014744,320.8016586303711,197.90030479431152,543.3919167425754,326.97021484375,221.7238712310791,554.5973137347795,336.51721954345703,233.4303331375122,535.6119983839349,327.8644561767578,154.02125358581543,470.84684102131604,310.4567527770996,188.22458267211914,506.4158799327963,315.4396057128906,206.9873285293579,466.3269715097565,324.7664260864258,215.9443187713623,416.29523412135893
311,12.44,408.0938720703125,157.8702449798584,622.3020185820664,413.79955291748047,192.16787338256836,695.7276783322618,397.8797149658203,229.29941654205322,768.9922748058337,375.0495910644531,257.2420406341553,827.9048343675546,357.57469177246094,276.84940338134766,785.706456886573,386.71573638916016,200.38653373718262,991.9057724786977,359.22794342041016,249.90363121032715,999.8633176962489,352.3262405395508,273.91651153564453,869.9620987762065,349.4378662109375,289.92133140563965,763.130369134574,364.90047454833984,184.59365844726562,845.5692530952512,338.0359649658203,240.55097579956055,887.1101806318204,337.5343704223633,268.54302406311035,804.9658550592849,341.92371368408203,284.7360134124756,753.3695315202341,347.1260070800781,174.46389198303223,637.0998036660351,316.9513702392578,218.703031539917,528.9010781487586,315.36632537841797,247.3457908630371,703.1771719978183,320.5890655517578,265.8071708679199,902.0690491186208,334.61212158203125,168.90297889709473,408.5008695384678,307.7626419067383,183.41116905212402,137.90210309072876,304.12254333496094,200.17431735992432,330.23951730219466,308.50210189819336,213.9781379699707,409.568452950544
312,12.48,406.3044738769531,158.61881732940674,48.491664598839286,413.43231201171875,194.05757904052734,48.12648281213581,398.93272399902344,230.03272533416748,32.07968407535613,376.90345764160156,257.5353240966797,46.923051872576266,361.33934020996094,277.67340660095215,96.34430173825072,384.64954376220703,201.23755931854248,55.86477261994107,358.57139587402344,251.92806243896484,53.20582956870157,351.0517120361328,275.96903800964355,60.40119945255491,348.348388671875,291.55643463134766,49.12053966292012,362.6659393310547,186.2325096130371,69.27743491227038,337.31273651123047,242.0437717437744,41.46910844675366,336.41300201416016,268.7977981567383,28.748662422145223,341.73816680908203,283.22078704833984,38.16361632329186,345.7872009277344,175.94631671905518,49.937367093228566,316.0797309875488,221.02110385894775,61.913317738272454,314.8159980773926,247.8962230682373,19.45886287105828,321.6148376464844,264.5071506500244,41.39943355029755,335.13240814208984,170.07150650024414,31.97806732648683,308.83007049560547,185.62768936157227,61.503892531934135,303.6494255065918,202.53790855407715,60.26194805076802,306.85791015625,216.27190589904785,70.55466761994563
313,12.52,405.77457427978516,167.15728282928467,213.87231394526682,410.9535217285156,202.9044485092163,229.68932912757833,394.96131896972656,238.3357572555542,230.09834445608703,371.94313049316406,266.0882091522217,247.1799549326862,356.30428314208984,286.1524200439453,246.5327927517674,382.00748443603516,213.9191722869873,323.8477506526405,354.28062438964844,263.04800033569336,297.9762351663139,346.5251922607422,284.4514274597168,240.36471254600298,344.3518829345703,296.43213272094727,157.60807793628982,360.3304672241211,197.9217767715454,298.00733701668906,334.06543731689453,250.76900482177734,232.74804553826453,332.11647033691406,275.18245697021484,192.39291277565792,337.12303161621094,287.7948760986328,162.44568994068322,344.02523040771484,186.06235027313232,256.70834007272805,311.87475204467773,229.53091621398926,237.3009089584445,309.415283203125,255.8360481262207,240.0631988463092,315.99103927612305,273.02947998046875,255.2660442154304,334.49798583984375,178.3865261077881,208.47967936262322,307.6619529724121,191.82778358459473,157.72933090096916,301.99718475341797,207.69099712371826,135.287243746903,304.5853805541992,221.41284942626953,140.5206638324938
314,12.56,403.35079193115234,174.32825088500977,189.23778647804093,408.751220703125,211.8112564086914,229.37599695231384,391.0639953613281,246.13494873046875,217.96863158915727,366.75228118896484,272.9476261138916,215.05307128844748,350.22945404052734,292.2228240966797,214.6994323127168,377.91271209716797,225.54007530212402,308.03058634083476,349.0217971801758,274.35985565185547,311.8626844390762,340.8490753173828,293.8462543487549,274.4096798466715,338.7159729003906,303.3280849456787,222.65112704512896,357.0863342285156,208.7060022354126,281.5403143298238,329.7103500366211,260.1609992980957,258.81502258127574,327.2831344604492,283.3074188232422,236.3473884030027,332.19810485839844,294.48317527770996,207.64791336337453,341.29302978515625,195.59722423553467,247.9651458884995,307.50463485717773,238.1352424621582,241.26276445171246,303.5687065124512,263.7662601470947,246.3111874437819,309.69839096069336,279.8573112487793,232.13237421000662,331.9749069213867,186.3202142715454,208.13057065893963,303.38266372680664,200.14570713043213,233.85381192364454,297.8022766113281,214.7167682647705,204.57076166789795,301.6590881347656,226.6671895980835,150.35640567741976
315,12.6,402.5638198852539,178.8673496246338,115.17036936936616,407.44415283203125,217.22296714782715,139.1829720721133,387.8766632080078,250.06702423095703,126.5412580868629,362.1011734008789,274.87223625183105,125.83950055391237,344.4896697998047,293.1257629394531,145.2592976452738,375.45780181884766,231.8628215789795,169.56507776531626,344.7336196899414,276.1337184906006,116.01469615536233,333.4062194824219,295.13720512390137,188.8495712264516,327.0664596557617,306.6500186920166,302.8473240056807,355.04955291748047,213.65136623382568,133.70934705963518,324.72034454345703,264.5131301879883,165.5317154365076,322.62439727783203,285.78088760375977,131.86612516321014,327.2087860107422,294.7590923309326,124.92355858643359,340.52734375,198.86868953704834,83.99687614519229,303.1839370727539,239.79143142700195,115.68111133520024,296.63713455200195,264.03934478759766,173.42373155036418,299.97949600219727,279.53816413879395,243.1033397704729,333.25225830078125,187.6607894897461,46.29233509782507,304.1386413574219,199.307599067688,28.217097020549442,296.1299705505371,213.7804412841797,47.91474052640721,296.7508316040039,227.4850845336914,124.39838799563012
316,12.64,401.05831146240234,181.19280338287354,69.25627585726599,406.07139587402344,219.27449226379395,61.711106006138806,386.4911651611328,252.2267246246338,64.14783038196802,360.3627014160156,277.7533149719238,84.12379060618751,342.37781524658203,297.5149440765381,121.77037998860216,373.57635498046875,232.91846752166748,53.93416450845184,342.68455505371094,278.50550651550293,78.35832884304827,332.415771484375,298.35147857666016,84.0853029144547,326.64363861083984,311.21068954467773,114.5057210970855,352.5987243652344,214.94609355926514,69.29501893960473,323.17981719970703,267.1127414703369,75.54470247871345,321.9154739379883,289.50891494750977,94.87083382658662,327.0970916748047,299.9336528778076,129.3941470806249,337.8607940673828,200.85293769836426,83.09530663472901,300.29685974121094,242.75221824645996,103.38482150618609,294.2983627319336,267.7518653869629,109.69464101272526,298.25340270996094,284.13671493530273,122.79573354145612,330.6065368652344,190.8183717727661,102.9871587521781,301.757755279541,203.258056640625,115.31135446970922,294.6072006225586,216.40254020690918,75.8049759833369,296.0296440124512,228.25289726257324,26.334956911425323
317,12.68,402.2606658935547,182.14656829833984,38.367659656979754,406.1969757080078,220.8442783355713,39.37002830397833,385.9086227416992,252.76545524597168,19.836619432356898,359.5145034790039,278.06928634643555,22.628489369898297,342.40684509277344,298.0011463165283,12.1767029132843,372.0878601074219,235.8391284942627,81.95226317774748,343.34285736083984,281.44649505615234,75.3441086109359,333.6472702026367,301.027250289917,73.63908334974744,328.7552261352539,314.19053077697754,91.30394173779933,351.8256378173828,218.12217235565186,81.72032845063076,322.8839874267578,270.54800033569336,86.19932832747756,318.97741317749023,294.7735404968262,150.72425818131728,321.80606842041016,309.1062355041504,264.7300501402667,338.2166290283203,203.6092472076416,69.47958616726078,300.0865173339844,242.3598861694336,11.129026994241466,291.9240379333496,267.24557876586914,60.692588055860476,294.43321228027344,284.9611186981201,97.70330241099653,332.27672576904297,192.71239757537842,63.13113690647497,303.30142974853516,203.25000286102295,38.59238695641781,294.6533012390137,216.51349067687988,3.00367208848791,295.28350830078125,229.60923671722412,38.700575064136835
318,12.72,400.9407424926758,185.2485466003418,84.27806346508065,404.48925018310547,224.09969329833984,91.90366235976526,384.2302703857422,254.4810962677002,60.00151428393382,358.62953186035156,277.80524253845215,23.088063722875873,342.0878219604492,295.5971145629883,60.62767742019085,368.5580062866211,240.9928035736084,156.1654467617813,340.5004119873047,284.9517059326172,112.82175928765596,330.8418655395508,304.16430473327637,105.21230294108052,326.31397247314453,315.6021308898926,70.49970887149192,349.3974304199219,222.15545654296875,117.69550889037919,318.530216217041,271.68628692626953,112.50283359999311,313.4541320800781,294.5815658569336,138.1654088931809,315.5708885192871,307.1319580078125,163.506957099528,336.50402069091797,206.4252519607544,82.39732279818722,297.68280029296875,242.6224422454834,60.45034794326861,288.61597061157227,267.1341133117676,82.74861763524058,290.44422149658203,283.6050224304199,105.3299712796807,330.8336639404297,194.08154010772705,49.730390074171034,299.8329734802246,207.34145164489746,134.0945143272343,292.0045852661133,222.59758472442627,165.8913362047711,294.097900390625,236.07042789459229,164.22670601017757
319,12.76,398.7663269042969,185.98069667816162,57.35921290122429,402.58583068847656,224.40482139587402,48.1930293743179,382.44190216064453,255.96284866333008,58.06166479751204,356.7354202270508,280.0078296661377,72.62510298810004,340.11688232421875,298.5099792480469,87.9253366610195,367.17613220214844,240.5189323425293,36.52165392768348,338.2146453857422,284.76367950439453,57.33717650077015,329.1366195678711,304.1044235229492,42.65742596020098,326.43810272216797,315.25989532470703,9.10128771110479,347.6625442504883,222.27360248565674,43.472609801069005,316.7555618286133,271.89133644104004,44.66152917971907,312.86190032958984,294.7233581542969,15.22423031465735,317.31664657592773,306.55385971069336,45.97464541365233,334.2642593383789,207.33172416687012,60.406036416011,295.44063568115234,245.04776000976562,82.57371102621264,288.4457206726074,270.0354766845703,72.65885382542339,293.01807403564453,286.1499309539795,90.48921305231853,328.402099609375,196.19175910949707,80.48885532904806,298.17596435546875,210.52528381347656,89.73038266524918,290.9564018249512,224.80542182922363,61.10049717292837,293.46656799316406,236.5984582901001,20.576028143569037
320,12.8,397.4439239501953,184.0974998474121,57.528144613971044,401.5950012207031,222.4323320388794,55.184108319703775,381.53087615966797,253.9134979248047,56.0680770578829,356.31317138671875,278.11140060424805,48.57170774960844,340.80936431884766,296.4137077331543,55.19219587629245,365.8461380004883,237.67048358917236,78.59128799106134,337.8963851928711,282.8883361816406,47.55393075606374,329.45247650146484,302.6677894592285,36.773657653457484,326.7121124267578,314.58123207092285,18.29728685909374,345.61458587646484,220.67391872406006,64.96692253970873,315.51952362060547,271.13368034362793,36.24425138557245,312.4727439880371,293.5590934753418,30.689522854236017,317.09550857543945,304.95680809020996,40.30722557548308,332.05188751220703,207.01980113983154,55.85631718993377,294.27799224853516,244.41475868225098,33.094848844298866,286.8747138977051,268.7588310241699,50.60809241742009,290.2605438232422,284.9608039855957,75.07494513505046,326.6500473022461,196.89329624176025,47.182104889325984,298.1671142578125,207.69091129302979,70.85965843170368,290.0391960144043,221.1481475830078,94.26333264761027,291.18200302124023,233.5986042022705,94.26810721026366
321,12.84,398.19732666015625,181.26019477844238,73.39071679109776,402.1728515625,220.37179470062256,53.500730952163934,381.20811462402344,251.62771224975586,57.71151943692677,354.91649627685547,275.2976703643799,78.53255386008787,338.84971618652344,293.4243965148926,89.35953489327244,364.61673736572266,235.32744884490967,66.14963025966337,336.40472412109375,280.35733222961426,73.44655266854353,327.36019134521484,300.23345947265625,80.24812948984004,323.71517181396484,312.83846855163574,86.67063271650137,344.41619873046875,218.24159145355225,67.78803223350273,314.3858337402344,268.23474884033203,77.8181237150818,309.34064865112305,291.1138916015625,99.33854174945328,311.4753532409668,304.32323455810547,141.39386789254868,330.9079360961914,204.66698169708252,65.40443492408399,293.22933197021484,241.13187789916992,86.15753962672721,283.1032180786133,265.2589702606201,128.6302989133546,283.49597930908203,282.46304512023926,180.27432640232902,325.5300521850586,194.85551834106445,58.13200406772518,298.22649002075195,205.4129934310913,56.9672892268175,289.21356201171875,218.40353965759277,71.65256524822404,288.7516975402832,231.0098934173584,88.76868908394043
322,12.88,401.28368377685547,176.62075996398926,139.30621766758927,402.3126983642578,216.2965965270996,101.93992496026358,380.0410842895508,247.62574195861816,104.2164994516466,354.25994873046875,270.4617691040039,122.00664859130725,338.02825927734375,288.7802982330322,117.90472929768687,367.7003479003906,231.1861753463745,129.08040158943788,339.21566009521484,272.4418830871582,209.9935954044438,326.04164123535156,293.5334014892578,170.71421911545917,317.95074462890625,308.7757873535156,176.3058409579098,347.4211120605469,213.59636306762695,138.31045441028516,315.6156539916992,260.72327613830566,190.2870857484165,304.47601318359375,285.36126136779785,188.3438226329163,299.5430374145508,301.9614601135254,304.09511208297323,332.83992767333984,199.40505981445312,140.13478635109345,294.45804595947266,234.35139656066895,172.27279466219747,281.75376892089844,258.64291191101074,168.80691839105194,278.7780570983887,277.263822555542,175.51834886880582,325.58162689208984,189.1398525238037,142.89746254965542,295.92023849487305,204.7743558883667,59.826070882580694,286.93485260009766,220.341796875,74.78869242506582,286.63448333740234,234.8935031890869,110.58091166637227
323,12.92,404.8944854736328,167.2142457962036,251.89332772301927,405.2922058105469,206.74118041992188,250.22919694227787,383.3527374267578,238.30036640167236,247.39855974122932,358.48182678222656,263.46659660339355,204.2619222303952,343.23856353759766,285.33559799194336,156.15142937902,370.61622619628906,222.99320697784424,217.40957448475734,341.6428756713867,264.9375915527344,197.1765815310551,326.2983703613281,285.94900131225586,189.71860064486287,315.07619857788086,302.35522270202637,175.8668982558597,351.25682830810547,204.11706447601318,255.6484658187339,317.1252632141113,248.4363842010498,309.4820607504928,300.2905082702637,273.3478832244873,318.04058879496984,290.36922454833984,291.83040618896484,341.68433543130396,336.9044494628906,188.78289699554443,284.3311013690062,299.91809844970703,220.50827980041504,372.02491082094997,284.3945503234863,243.77117156982422,377.6095761430786,278.2798767089844,262.9900646209717,357.0612248577756,329.1797637939453,177.72279739379883,299.26549354843866,299.1949462890625,192.90945053100586,307.71302608564434,288.05736541748047,207.36695766448975,325.5826388604964,285.7927703857422,221.66069984436035,331.48865464484504
324,12.96,408.0417251586914,151.25344276428223,406.7034784850926,409.87377166748047,189.10662174224854,455.500003744322,389.15599822998047,218.68660926818848,511.3568377619918,361.7365264892578,240.8382225036621,571.531049342655,344.9128723144531,259.37610626220703,650.3357405729482,373.1252670288086,200.7614278793335,559.3228538734523,346.32362365722656,243.31581115722656,553.0657675508118,332.3299789428711,264.7265338897705,551.5735589992705,321.0011291503906,281.02563858032227,553.4301904338932,352.4477005004883,182.79274463653564,533.9386629069193,321.1874008178711,224.3428087234497,610.840272292342,305.7707214355469,248.4396743774414,637.598817980887,295.8009147644043,266.2042236328125,654.8876291989609,338.2069778442383,169.76473331451416,476.5678925810802,305.3405952453613,198.02202701568604,578.2706091212908,289.82975006103516,220.73351383209229,591.753258455293,281.944580078125,239.62265968322754,591.325663397664,331.35108947753906,161.8307590484619,400.99215858440795,304.5665740966797,171.81941986083984,544.0839658155425,293.6735153198242,184.88243579864502,579.3826797016617,290.4262924194336,198.3492136001587,594.1879528768164
325,13.0,407.14351654052734,134.06825065612793,430.2162294386924,406.89117431640625,170.88189125061035,461.67946703549194,385.21610260009766,197.19388961791992,546.2713242630728,359.8292541503906,215.73506355285645,629.3877367549467,342.7112579345703,229.34261798858643,752.8518794222628,367.8479766845703,175.47112941741943,645.8758538169716,341.9495391845703,215.16188621520996,712.29212082133,331.6393280029297,236.81488037109375,698.0049251561117,326.38572692871094,251.96428298950195,738.8996388255288,349.18704986572266,156.38261318206787,665.2663404627247,312.81070709228516,191.19511127471924,854.7436910869989,300.6504440307617,215.18500328063965,841.1637736116016,297.44014739990234,234.47304725646973,794.3372386224945,336.8168258666992,146.1800479888916,590.6404915583653,301.5296745300293,174.16761875152588,603.9225479789291,291.08642578125,199.44715976715088,533.085419541175,290.5236053466797,219.89788055419922,537.7421467624208,330.83518981933594,143.50401878356934,458.35000354135,300.89956283569336,161.81550979614258,266.3704987544977,291.9510269165039,180.11858940124512,126.64220958470212,291.6797637939453,196.0571050643921,65.31152284653916
326,13.04,395.24051666259766,127.26955890655518,342.69484931906146,392.8510284423828,159.5535707473755,451.01035297697763,371.05762481689453,183.64847660064697,489.86012477157954,344.4298553466797,198.25398445129395,582.4139475444093,325.6747055053711,208.64217281341553,670.23901945645,363.9287567138672,147.61619567871094,703.2325445605632,330.3593444824219,182.76593685150146,860.1708218464788,314.7404479980469,204.13357257843018,919.7961813828108,306.88392639160156,219.2014503479004,953.1931293325322,342.44991302490234,129.5039176940918,692.754142872529,302.6152229309082,162.13115215301514,770.0087731289882,294.19261932373047,188.04176330566406,697.5219424352613,297.07103729248047,205.01325130462646,736.5527050878817,324.79881286621094,120.6672477722168,705.0423796552354,291.2701225280762,149.70365524291992,663.2043038494927,286.0768699645996,174.7921657562256,628.969583504887,290.83229064941406,190.8931016921997,725.1605354375066,313.6387062072754,119.87217664718628,730.6602371223905,287.9942321777344,141.93360328674316,592.5779304444663,285.286865234375,161.92331314086914,484.432096065174,289.67628479003906,175.62922954559326,513.1471684192031
327,13.08,397.3066711425781,112.54478931427002,371.72556567398357,387.2853469848633,143.69200229644775,420.24261133454416,359.5072937011719,163.48604679107666,580.9118504066906,330.0653076171875,173.94830703735352,705.82672538281,306.946964263916,182.65119552612305,800.8820107994416,354.88758087158203,129.5603370666504,504.82477828316934,314.3218994140625,158.165602684021,734.1560143594954,302.0686340332031,178.77177715301514,708.7822022491343,298.99288177490234,190.14073848724365,752.8253279275898,341.4931869506836,109.90499496459961,490.5565060072689,295.6785583496094,137.50366687774658,639.6436246540994,286.43909454345703,162.30910778045654,671.88480546208,289.39109802246094,175.93746185302734,751.8240316992861,332.2866439819336,98.14865112304688,593.2720760039145,288.6567497253418,117.70884990692139,802.5339891145235,283.08767318725586,139.80669021606445,877.8235856882404,288.89970779418945,152.1064281463623,970.8697522208088,327.34039306640625,94.5107889175415,720.6491042625461,290.9162902832031,105.66895008087158,909.554662909914,284.3436813354492,123.12458038330078,970.2548825760942,289.4679641723633,134.60217475891113,1025.689591795797
328,13.12,390.7945251464844,104.62936162948608,256.24944013046627,378.74202728271484,135.75337886810303,291.55837051757476,349.4551086425781,152.2914218902588,376.1366532942407,320.015869140625,160.57681560516357,418.1716131082906,297.38019943237305,168.32036018371582,430.76663559956927,338.3055877685547,120.75269222259521,469.3992856352802,297.0219612121582,149.22954082489014,486.7886241352099,286.3555335998535,168.2103395462036,473.31641738845303,284.8942184448242,179.6288537979126,439.6532919647326,329.15103912353516,100.62830686569214,385.99348688772943,283.29288482666016,128.91058444976807,376.866997619119,278.05919647216797,151.23932361602783,347.09762057329675,281.9502258300781,163.2808542251587,367.04588918587444,323.9193344116211,87.87541151046753,331.239454155631,278.8168144226074,110.27721405029297,308.27497695596725,277.68835067749023,130.29327392578125,273.47048866912445,284.6905326843262,140.35649299621582,312.0277743428264,322.2834777832031,82.56955146789551,324.1966455817377,286.5605354309082,94.84140872955322,291.7707276782146,282.85226821899414,109.84969139099121,333.9601312676373,288.2192039489746,117.724928855896,423.08453009295243
329,13.16,385.1541519165039,105.90944051742554,144.59515062068257,368.4013366699219,135.66367149353027,258.52699298448186,338.33324432373047,151.884126663208,278.23299064007824,310.10433197021484,162.00090408325195,250.33302453163046,289.6604919433594,172.5981044769287,220.64249924092314,324.78572845458984,121.9266414642334,339.2682868057233,286.99960708618164,150.85993766784668,253.8525360470155,280.3130912780762,168.24419975280762,151.06342981839873,280.12664794921875,178.0246639251709,125.75560021917215,316.53186798095703,101.96004867553711,317.2312017418897,273.5891342163086,132.09580421447754,255.3287107551193,270.5967712402344,153.5809850692749,195.52999882342596,274.96273040771484,165.2614974975586,181.56961483486646,312.8147315979004,88.95074844360352,278.9136886770037,270.7441520690918,112.81492710113525,211.5535762553479,270.25829315185547,131.56030654907227,188.4328900808016,277.65674591064453,141.51105880737305,178.19788612296992,311.99880599975586,83.07109594345093,257.422343331679,279.4631576538086,98.51039171218872,199.74078113541353,275.77667236328125,113.8024377822876,202.62073676466343,280.1820945739746,122.79341697692871,237.5456521107609
330,13.2,380.07911682128906,109.02241230010986,148.84256476528137,362.63671875,140.30905723571777,185.08516360111653,331.8719482421875,158.96199703216553,239.58896574801992,302.5806427001953,169.2588472366333,261.3470382574698,281.6448974609375,178.0927562713623,242.95183839691396,318.0424118041992,130.94359874725342,281.4891628589403,281.568660736084,161.10185623168945,289.81898890301585,272.68138885498047,179.13355350494385,332.4350566406244,267.85411834716797,190.90683460235596,444.8070538091061,308.57852935791016,110.50559520721436,291.84966247401053,269.60655212402344,142.53872394561768,279.4140438408859,264.2665481567383,163.1402349472046,286.6301869521134,264.5861053466797,175.19349575042725,359.0951623110238,304.0128707885742,97.37870693206787,304.65476156424825,265.58963775634766,124.50314998626709,319.35831366664365,264.0310287475586,142.5653600692749,316.11906869044947,268.7559700012207,153.5559368133545,374.4186309873908,302.6370429992676,91.21916770935059,310.27576442130726,273.92765045166016,109.44437026977539,306.3838759248787,270.2346992492676,124.75197315216064,306.80387751435694,272.49732971191406,135.27893543243408,366.5240289598399
331,13.24,376.6717529296875,111.8670916557312,110.96826496257944,360.0310516357422,144.66051578521729,126.79878897868323,329.48169708251953,164.38796997070312,148.2280399756495,299.188289642334,174.9263620376587,165.13021999512796,278.74629974365234,184.3392562866211,172.1565987104451,315.528564453125,138.5415744781494,200.07602260107814,277.9342842102051,169.30194854736328,224.23509805201184,267.7413558959961,186.1886215209961,215.31649720088697,261.2175941467285,197.93523788452148,241.66338437971638,305.32949447631836,117.53839015960693,193.6756833345999,266.80593490600586,152.04269886016846,247.70067114648054,261.30990982055664,173.03340911865234,258.13829316567393,261.82912826538086,186.12786769866943,281.9146729612001,300.2772521972656,104.24251556396484,195.3629877865716,263.25355529785156,133.84324550628662,240.69517233419703,261.3294219970703,152.46467113494873,256.5334269267557,265.8552360534668,164.154953956604,274.7196546465017,298.8385772705078,98.4728479385376,204.70133542532918,272.8712463378906,119.78673934936523,259.9045351543106,269.2702293395996,135.28478622436523,264.4219561381236,271.2204170227051,145.49211502075195,257.31734215640193
332,13.28,373.37303161621094,117.21322774887085,157.04842690702722,355.95409393310547,150.43363094329834,176.68906788755018,325.51753997802734,168.066143989563,135.1931619528878,296.04074478149414,177.47071266174316,101.18287512370347,275.70064544677734,186.19525909423828,89.16542392498631,312.49427795410156,144.5723533630371,168.77719876467907,275.26493072509766,171.9087839126587,93.27727030944487,265.048770904541,187.4779987335205,74.63455773126469,259.32518005371094,198.5126781463623,49.46380214008989,302.92102813720703,123.92106056213379,170.54909772174963,264.96826171875,155.0185775756836,87.43889606682174,258.28460693359375,174.50600624084473,84.11673377721614,258.31787109375,186.8998146057129,89.87779534117111,298.5799980163574,110.2367091178894,155.7462441692438,261.2036323547363,137.4918508529663,104.62583646179915,257.4857711791992,155.66499710083008,125.03933855395147,261.03809356689453,167.1576976776123,141.90959179613796,297.5129699707031,103.72288227081299,135.3700834826647,270.5685806274414,124.35439109802246,127.88107725317013,266.1149597167969,139.35791015625,128.8071837987747,267.37354278564453,148.78004550933838,126.51316209572904
333,13.32,371.51721954345703,118.57759237289429,57.58433639381549,354.2631149291992,152.11031913757324,59.53304383109752,324.0431594848633,169.53433513641357,52.01792408819978,294.70218658447266,179.3238401412964,57.15012851193275,273.7317657470703,188.0200481414795,67.11157844799368,310.6227684020996,147.12029457092285,79.03540504924362,272.7238464355469,172.3883056640625,64.64832981539031,262.96974182128906,186.58194065093994,56.59771426681811,258.99463653564453,196.11369609832764,60.54117340769176,301.7053031921387,126.4181900024414,69.43361300422377,262.76323318481445,155.44783115386963,56.16053702253624,256.7375373840332,174.2537784576416,39.18739470318418,258.2820129394531,185.9597396850586,23.51896393966953,297.73717880249023,112.41717338562012,58.44211158335517,259.7030830383301,137.81980991363525,38.39926265927935,255.66452026367188,155.83055019378662,45.71899717224139,259.5168685913086,167.03782081604004,38.14852461340127,296.9858169555664,105.41574954986572,44.32613454452648,270.16685485839844,125.9223461151123,40.46500439523621,265.3795623779297,141.02221012115479,45.488347540847,266.4842987060547,150.65340042114258,51.84239130929984
334,13.36,370.7358932495117,121.21992588043213,68.88576205695354,352.6527404785156,154.62129592895508,74.57508933229944,322.00000762939453,170.03746032714844,52.60468409548591,292.9225540161133,178.52923393249512,48.72429518109339,271.568660736084,186.49951457977295,66.10146367909596,308.86890411376953,150.65866470336914,98.72975468440207,268.9666175842285,172.2679853439331,93.97887269426278,259.9190330505371,185.36602020263672,82.10240001267016,257.83525466918945,194.14538383483887,57.109650447982204,301.8528938293457,129.14939403533936,68.3797231710048,261.15135192871094,154.85715866088867,42.91747296951286,255.01293182373047,172.154803276062,67.91520978172977,256.54027938842773,182.78180122375488,90.59845689428475,299.1695785522461,114.07423496246338,54.75868716783053,260.49734115600586,137.62704849243164,20.432861446061466,256.2914848327637,154.20827865600586,43.480236265960684,259.64155197143555,163.89980792999268,78.5122236433569,299.1177749633789,105.80159425735474,54.16480110143675,270.755558013916,124.34731006622314,42.036516570542055,265.82666397094727,138.57720851898193,62.13861857324853,267.310848236084,146.97338104248047,94.29251943062712
335,13.4,370.52913665771484,123.3449649810791,53.376841113035354,352.45155334472656,156.7379093170166,53.15383627573096,322.0459747314453,172.15767860412598,53.01791275420832,294.39884185791016,180.63547611236572,64.30241982277649,274.26347732543945,189.18557167053223,95.121432735621,308.17731857299805,153.93340587615967,83.67429529496223,266.96096420288086,172.9786205291748,53.195675650227855,257.8041648864746,185.97840785980225,55.04365309696122,256.68907165527344,193.8251781463623,29.751756086010605,302.0443344116211,132.0587682723999,72.89164881784119,259.6218681335449,155.13622283935547,38.86834746437957,253.60733032226562,171.59461498260498,37.82795349545198,255.96124649047852,180.9266996383667,48.584211613813025,300.1015281677246,116.33944988250732,61.235859182856714,260.2775001525879,137.54545211791992,5.862381934700051,255.4991912841797,153.36411952972412,28.943195418057137,258.6033630371094,162.1708059310913,50.41877239408351,300.79254150390625,106.94201231002808,50.65444390755106,270.607852935791,122.98275947570801,34.31303600837371,264.14846420288086,136.79779529571533,61.14872178076464,264.9136543273926,144.6602725982666,83.28043479173499
336,13.44,370.3726577758789,125.40442943572998,51.635014043470704,352.5706100463867,158.8099193572998,51.88569230315687,321.40743255615234,174.3268060684204,56.52903051742682,291.77526473999023,183.72005939483643,101.23552649691072,270.0286865234375,192.99068927764893,142.32966385453057,309.1656303405762,158.14827919006348,108.22983993044579,265.6407165527344,175.55192470550537,72.3055506238873,256.5394592285156,189.11211490631104,84.48224759754378,256.61828994750977,197.22998142242432,85.13847323198158,302.6600456237793,135.9846067428589,99.34569691521955,258.39000701904297,158.43375205993652,88.00277256288538,253.44619750976562,174.79305267333984,80.06234853528812,257.39158630371094,183.1671380996704,66.45222193523094,300.1229667663574,119.61150169372559,81.80305109227302,259.6397399902344,141.56792163848877,101.81784921058339,256.87889099121094,157.1240472793579,100.1268818925777,261.32747650146484,164.6784782409668,92.56489136140867,300.3625297546387,108.99855136871338,52.52536889688635,269.17184829711914,125.81076622009277,79.29269933517233,265.4799270629883,139.01660442352295,64.69112812766443,268.9223861694336,145.47786712646484,102.28144930146566
337,13.48,371.605224609375,127.78176784515381,66.94661544822675,353.55457305908203,161.70623302459717,76.47228284534673,322.57434844970703,177.1728229522705,76.89889793500926,292.9180908203125,185.89280605316162,61.37425911532485,270.6191062927246,194.6962022781372,45.12046444519094,310.2826690673828,163.0587673187256,125.89844413980387,265.9541320800781,179.65096950531006,102.77523280071546,256.5762138366699,191.6037082672119,62.29661094968326,256.72027587890625,198.80700588226318,39.507968160967856,304.03404235839844,141.0107660293579,130.26450063237786,259.17144775390625,162.70222663879395,108.48538165478712,254.617919921875,177.86662101745605,82.23349293700484,258.8845443725586,185.57591915130615,70.8482090019603,301.6333198547363,123.9303731918335,114.38372225961766,260.45169830322266,145.48007011413574,99.88800602905769,258.7158393859863,160.33533096313477,92.48892603563188,263.99356842041016,167.07575798034668,89.63466220269777,302.06573486328125,112.14898109436035,89.53391500692013,269.48930740356445,129.16422843933105,84.21137519704358,266.9507598876953,142.3127317428589,90.23512517136957,271.5824508666992,148.04928302764893,92.49366171021262
338,13.52,373.0940246582031,130.76937675476074,83.45033171800966,354.49581146240234,164.68133926391602,78.01116453399037,323.2789993286133,180.08484363555908,74.90159094206463,294.8054504394531,188.0193328857422,71.08200678462774,272.88705825805664,195.1900291442871,58.02731625485135,311.5102195739746,167.4001693725586,112.79032549175936,266.22812271118164,183.19679260253906,88.90982897989677,257.68314361572266,193.9794158935547,65.52327955399207,258.7251853942871,199.79182720184326,55.843168765101424,305.2420425415039,145.22143363952637,109.51308759032123,259.2189407348633,165.91468334197998,80.3201938069012,256.055850982666,180.00044345855713,64.32750163098072,261.6598892211914,186.28416538238525,71.60722620950365,302.9824638366699,127.68515110015869,99.74513341773422,260.87867736816406,148.24358940124512,69.90775159148906,260.31200408935547,162.2845458984375,62.98402885002247,266.2405586242676,167.8324270248413,59.274325276250686,303.8191795349121,115.45979976654053,93.66192027889308,270.49083709716797,131.9707202911377,74.49604956567588,268.27816009521484,144.65211868286133,67.24359897964676,273.0563545227051,149.65035438537598,54.40485662903508
339,13.56,374.1998291015625,133.58777046203613,75.68911148640724,355.43357849121094,167.72592544555664,79.64339276486444,324.757080078125,184.56198692321777,117.8705187915547,298.24867248535156,193.57920169830322,163.49296481471666,277.3387145996094,197.8382921218872,129.49551387454994,310.96012115478516,170.62653064727783,81.8230382662895,266.23254776000977,186.25860214233398,76.54531843553661,260.44647216796875,196.4288091659546,92.31573569324595,263.50534439086914,200.15830993652344,119.85467665944138,304.77081298828125,148.26074123382568,76.89053885474111,259.3471908569336,168.61474514007568,67.5776488906782,259.19368743896484,182.10060596466064,94.39511434166292,266.91162109375,185.97700595855713,131.51766652453537,302.58222579956055,130.70358753204346,76.12140377251986,261.13380432128906,151.28035068511963,76.18648525759842,262.39444732666016,164.738187789917,80.45545494332208,269.39830780029297,168.63049507141113,81.42593438842447,303.2754898071289,118.6946153640747,82.00468915764583,270.4495048522949,134.55771446228027,64.68310828566412,268.7354278564453,146.68383121490479,52.06336054704859,273.647518157959,150.89462757110596,34.43916923697899
340,13.6,373.7915802001953,135.21132946014404,41.8525013126805,358.35010528564453,169.65959072113037,87.48281952978226,329.9814987182617,188.4331512451172,162.5585727794657,306.1943244934082,199.1100025177002,242.02678510985197,289.03879165649414,201.08686923980713,303.567389993674,309.6721076965332,171.9778060913086,46.669877827397194,264.36328887939453,188.2412338256836,68.12193642001738,263.1032943725586,199.9101734161377,109.48344986016897,269.5344543457031,202.8074598312378,164.63626956897917,303.1462860107422,149.6926975250244,54.13863408334099,257.78310775756836,171.73476219177246,87.25273041787364,261.7844772338867,185.3437328338623,103.7727795811873,271.3384246826172,187.50174522399902,117.05078983604645,301.1900329589844,132.94180870056152,65.89686498875501,260.00377655029297,155.03638744354248,98.05857590569923,264.5669364929199,168.10338020324707,100.1381207266068,273.20491790771484,170.7706117630005,109.17411541760296,302.6745796203613,122.14316368103027,87.5127795915335,270.1668930053711,139.01431560516357,111.63882389980435,270.8199691772461,150.86347103118896,116.76552763977988,278.195743560791,153.43541622161865,130.244868616629
341,13.64,370.66444396972656,135.24194240570068,78.18215172094091,355.960693359375,171.2406349182129,71.62833808332853,329.0758514404297,193.6033058166504,131.2218905265768,304.8258972167969,207.08075523376465,202.18415502955276,287.7879333496094,206.0658359527588,128.34220864690053,307.18305587768555,174.52684879302979,89.06808369200951,262.93678283691406,189.42389488220215,46.324984240680486,264.31657791137695,200.8241844177246,37.97592211347141,272.5364112854004,203.3547019958496,76.28572709936309,299.9259567260742,152.8641414642334,112.99495940426809,256.4117431640625,175.67110061645508,104.20952764129319,263.0669975280762,188.2181739807129,78.6895411241049,274.22101974487305,189.41790103912354,86.53397960041963,297.2227096557617,136.40474796295166,131.65200940190934,258.51463317871094,160.25479316711426,135.6680375883847,265.65093994140625,171.87699794769287,98.15566195311425,276.2038803100586,173.42096328735352,100.0566673606506,298.30209732055664,125.9079122543335,144.24790570900402,268.7236976623535,145.4552936553955,165.01706548429541,272.2291564941406,156.4863681793213,144.91976494031755,281.46814346313477,157.75903701782227,135.55971449471943
342,13.68,367.7553176879883,134.61133003234863,74.41726819312969,353.0243682861328,172.11466312408447,76.59116398290436,326.66820526123047,195.53659915924072,77.19449167814977,303.2311248779297,209.44985389709473,71.3964603876143,285.83532333374023,210.07365703582764,111.4543508234527,305.3670310974121,175.34827709197998,49.82902299917312,262.26016998291016,193.80550861358643,110.8386886573754,265.36155700683594,206.0664939880371,133.63614532784604,274.8548126220703,208.1511354446411,133.18398596152346,297.2943305969238,153.75732421875,69.47675652958033,255.8296012878418,180.07660388946533,111.09497134364877,262.1771240234375,193.9478588104248,144.95939755257496,273.3718490600586,195.7137680053711,158.8218965316092,293.97008895874023,137.78729438781738,88.35643728529885,257.6953887939453,164.47198390960693,107.40070740146435,264.385929107666,176.94640159606934,130.62136540314907,275.2062225341797,178.82344722747803,137.34571744569183,294.0401077270508,127.95681953430176,118.22271444465309,266.34532928466797,150.2287244796753,133.32825557191302,269.9117660522461,161.4103603363037,136.05145447175616,279.1504669189453,162.69596099853516,136.3470822818185
343,13.72,366.3295364379883,132.72809028625488,59.05211741609491,353.58715057373047,170.62052249908447,39.915380106772766,328.58814239501953,195.88937759399414,48.80196731260708,305.1947212219238,211.1053991317749,64.20932869441262,287.41519927978516,211.68796062469482,56.468929963303815,304.7092056274414,172.3903226852417,75.75548091262355,263.7520980834961,192.83105850219727,44.54914755711038,265.97667694091797,207.4925136566162,38.825769700029234,275.26453018188477,212.55389213562012,110.5444903612927,295.9186363220215,151.39989852905273,68.23667736472315,256.5415954589844,179.10924911499023,30.02822588250068,262.66613006591797,195.04488945007324,30.027103734687245,273.91895294189453,199.18071269989014,87.74618286702595,292.4153709411621,136.9046115875244,44.69533700591072,258.5316276550293,164.45244312286377,20.91167848257256,264.52192306518555,178.94524097442627,50.08650777000826,275.0396919250488,183.22410106658936,110.09509144219022,293.1000328063965,129.11444664001465,37.28137413914275,268.87975692749023,151.4761734008789,70.61981081694465,272.69287109375,165.0258493423462,114.03482473758973,281.61094665527344,169.1962194442749,173.75866955761558
344,13.76,366.10130310058594,129.7611379623413,74.3929455185351,356.1665344238281,164.80021476745605,159.1563758089001,333.3676528930664,192.20849990844727,150.81565969938518,313.33030700683594,210.79167366027832,203.54081245405325,299.5794868469238,216.0814619064331,323.33491298563047,308.25708389282227,165.72629928588867,188.74031109749478,267.74070739746094,191.60123348236084,104.34759771690591,268.4063148498535,208.13268184661865,62.813989683965396,277.17529296875,215.0742530822754,79.0697229075946,297.9458236694336,146.84165954589844,124.71725815082506,258.70140075683594,180.00771045684814,58.48072175640871,265.9145736694336,196.64998054504395,90.58388125232267,278.1325149536133,201.63116455078125,121.85754772513849,292.8024482727051,135.08600234985352,46.48365586375732,259.1961479187012,167.76068687438965,84.35810534686546,266.514892578125,182.30628490447998,97.68746010638026,278.1669807434082,186.99291229248047,122.43333239420151,292.3860168457031,130.16339778900146,31.722599447058474,270.31055450439453,155.281662940979,101.63947420259038,274.12017822265625,169.41487312316895,115.38179933609076,282.6853561401367,174.85592365264893,144.01954612883893
345,13.8,368.49071502685547,127.98332691192627,74.45594957916768,358.95984649658203,161.66532039642334,104.97069547415758,336.6837692260742,190.29340267181396,95.73474082001817,314.93492126464844,210.33864498138428,41.68349418741519,298.5268211364746,217.48114585876465,43.7837031922981,311.7339515686035,156.69500827789307,241.93597565522734,272.65092849731445,190.01020431518555,129.03886299350182,271.61975860595703,208.97561073303223,83.05401059397695,278.9050483703613,219.27905559539795,113.66732689015495,300.2098083496094,139.5763921737671,190.24611793119948,262.88488388061523,179.95795726776123,104.59447412139689,268.95702362060547,199.94504928588867,112.12152924471563,280.78147888183594,208.12306880950928,175.28874535590538,294.12675857543945,130.62870025634766,116.24688095466296,262.8562927246094,168.501935005188,93.36122318590314,269.02612686157227,186.02582931518555,112.19767223958993,280.92960357666016,193.5304355621338,177.43184504913373,293.74900817871094,128.88839721679688,46.6594834477438,275.0350570678711,156.66133403778076,123.04576589537422,277.79945373535156,172.90949821472168,126.85984596403355,285.4042434692383,180.9330654144287,166.4406806889412
346,13.84,370.55355072021484,124.22291278839111,107.22641196983642,362.677001953125,156.41939163208008,160.7346674038289,340.16448974609375,187.00497150421143,119.71109723659924,317.2171974182129,209.563307762146,60.25950259432691,299.6872138977051,221.56670093536377,106.17871621775512,313.4126281738281,149.0296983718872,196.1742387203911,280.21900177001953,188.52075576782227,192.83119242662016,277.25854873657227,210.05516052246094,143.53000967780952,279.81740951538086,224.38741207122803,129.72978826944598,301.1738967895508,134.70881938934326,124.0532429334583,267.3447799682617,179.53803062438965,111.99054507640851,270.39838790893555,202.9357624053955,82.99810229330392,279.44990158081055,215.94401836395264,198.33738622886042,294.5396423339844,128.95139694213867,43.18433892864565,267.6960563659668,169.44283962249756,123.25941546967042,271.58952713012695,190.17412662506104,121.91029362800556,280.88428497314453,201.90855503082275,209.45605089052938,293.44432830810547,129.51225757598877,17.35712338139598,277.5651741027832,159.21066284179688,89.79340719583297,279.67288970947266,177.22658157348633,117.6514212505891,285.7281684875488,188.28351974487305,183.93970867079548
347,13.88,371.72698974609375,125.13670921325684,37.181842456643174,365.64502716064453,156.3561201095581,74.21748832836505,345.37532806396484,187.11487770080566,130.29993128126415,324.78099822998047,210.73340892791748,191.3442895970436,308.52123260498047,224.38382148742676,231.8081840732592,317.87235260009766,148.64655017852783,111.9038216961882,285.23990631103516,188.5876750946045,125.5337619086204,281.01858139038086,212.25847721099854,108.95082029204501,282.7831268310547,229.65145111083984,151.0496321723527,303.76529693603516,134.452543258667,65.10103769504005,271.10584259033203,180.25677680969238,95.72809189973196,272.946720123291,205.49577713012695,90.3039051812118,281.2908363342285,220.4246950149536,121.1030140447777,295.7714080810547,129.29437637329102,31.96562358465409,270.64456939697266,171.33564949035645,87.59444292403535,274.62717056274414,193.03929805755615,104.3925433199986,283.3572578430176,205.50501823425293,109.11617200475881,293.83508682250977,130.74560165405273,32.344143900740605,278.5638427734375,161.69448852539062,66.92686839111394,281.5870475769043,180.60637950897217,97.10507976595764,287.96377182006836,192.53252506256104,120.0311637922451
348,13.92,370.39154052734375,128.88620853424072,99.50555817992849,368.40187072753906,159.6772813796997,107.90707412693206,350.07598876953125,190.5672311782837,145.80585465420853,330.5845260620117,215.32779693603516,185.04954820651557,315.81064224243164,231.87363624572754,261.28626300504465,320.16353607177734,154.25251007080078,151.40241909946303,288.69834899902344,193.5485029220581,151.18415624606996,284.5310974121094,219.54906463623047,202.31540013035573,286.81379318237305,237.7199935913086,225.48232884582507,305.05393981933594,140.50716876983643,154.75603897987605,274.01281356811523,187.69550800323486,199.66409610182762,275.3062438964844,214.63139533996582,235.8851316215746,283.1144714355469,229.947509765625,242.3964286019456,296.3031196594238,136.36131763458252,177.17289577048064,269.64996337890625,181.258864402771,249.32337852819333,274.5005798339844,203.69067192077637,266.30315242536403,283.48093032836914,216.25123500823975,268.67320977019256,293.1903839111328,138.8190221786499,202.47802475041078,274.8646545410156,173.253493309021,303.412451506689,278.24132919311523,192.94873237609863,319.69468423040854,284.9630355834961,204.87868309020996,317.6397684535482
349,13.96,369.0255355834961,137.92920112609863,228.63956968749594,370.44010162353516,169.2893886566162,245.64582162173073,354.7437286376953,202.541184425354,321.2897366862521,336.50875091552734,228.43424320220947,359.57907148769704,322.0759963989258,247.64768600463867,424.3195350373516,325.5638122558594,165.3977394104004,309.61581021549466,294.2987060546875,206.91145420074463,362.2261603848796,288.35161209106445,234.6809720993042,390.1689985467337,289.08647537231445,253.15824508666992,390.1159231325536,307.95297622680664,151.6424560546875,287.661948960936,277.87683486938477,200.80693244934082,341.72367457366926,279.9777603149414,226.8295955657959,326.55316795025374,287.74253845214844,239.54699993133545,266.4221459354108,296.8553924560547,147.19502449035645,271.194360052368,267.8874206542969,193.13611507415771,300.1829029598348,274.948673248291,214.63276863098145,273.78169693597323,285.7782745361328,224.0017032623291,202.0945765084262,290.974063873291,149.29531574249268,267.704129294302,268.72753143310547,185.03867626190186,332.18482926914953,272.47690200805664,204.21074867248535,316.2886654544415,280.5138969421387,213.2699489593506,237.44496406618117
350,14.0,368.0355453491211,146.80606842041016,223.29752241260908,371.8065643310547,178.46453189849854,231.90848658482253,357.4810791015625,214.28076267242432,301.36230788404885,339.4167709350586,242.0679759979248,348.5104467399061,324.40330505371094,262.73265838623047,381.5861283249376,328.52405548095703,181.66934967041016,413.46730554346107,299.9094581604004,228.73822689056396,563.4095675243748,293.7351608276367,257.4346733093262,584.5476433501829,292.2622871398926,276.70841217041016,594.0834064207493,307.73218154907227,167.81657695770264,404.39069697127906,281.07343673706055,221.48480415344238,523.0873742213821,284.89192962646484,248.17068099975586,547.4891480213881,293.13514709472656,259.2491626739502,510.6707872424298,293.8000679016113,161.7894744873047,372.77085693359186,267.50011444091797,210.58698177337646,436.3791031437171,276.5563774108887,232.4157428741455,446.38750375057424,288.08067321777344,239.86026763916016,400.6206932555683,285.6499671936035,161.76917552947998,339.0641379592496,261.9386863708496,196.40549182891846,330.99557532341606,267.3275375366211,215.4254150390625,308.5092139763813,277.4435234069824,222.5497055053711,244.36278767285532
351,14.04,368.5076141357422,158.12779426574707,283.28908055230414,370.3976821899414,192.6348066329956,356.00354188781773,355.71044921875,229.7670078277588,389.6784886231766,337.20333099365234,257.20178604125977,382.3705032442018,318.3534049987793,272.0775604248047,278.3079283648896,330.25108337402344,193.9621925354004,310.339140142251,301.6616630554199,245.11802673339844,411.8313253668383,296.7824172973633,271.5890121459961,361.9660549481408,295.69189071655273,288.58205795288086,308.97577257430765,309.34783935546875,178.07175636291504,259.54172928026253,281.3322067260742,235.66832542419434,354.64704068366274,284.7557067871094,261.4530658721924,332.0770849530767,292.5994682312012,272.00666427612305,319.21857614950795,294.0736198425293,169.01321411132812,180.722931617826,264.98470306396484,220.1658010482788,247.58972249538385,271.02394104003906,244.44952011108398,331.11520539096193,281.0746383666992,255.29926300048828,423.8566253032813,284.7668266296387,165.63803672790527,99.20945087415103,257.7595901489258,200.21733283996582,141.41025671251847,261.1354446411133,221.0463523864746,209.0707880870296,270.3183364868164,232.0996856689453,297.8783411184484
352,14.08,367.6313018798828,164.88829135894775,170.42638461544078,371.22772216796875,199.9152374267578,183.18985866425,355.74615478515625,237.3112964630127,188.60932820829282,335.82454681396484,264.5314693450928,186.45593170479466,318.3280944824219,282.8118896484375,268.3589765868375,330.3168487548828,205.2792263031006,282.93062133739835,301.1271286010742,255.56965827941895,261.6322909359786,296.8982696533203,280.59542655944824,225.17898763430867,296.1905860900879,295.5762577056885,175.29890055587825,308.47768783569336,189.5589780807495,288.00328390277883,280.0605010986328,246.36468887329102,269.29239016127707,285.3074836730957,270.0981903076172,216.56787942220305,294.48068618774414,277.7687644958496,151.53543303092638,293.127498626709,180.11630058288574,278.5831053630037,263.602294921875,230.08622646331787,250.4070345041614,269.80066299438477,253.84440422058105,236.8547242085594,280.21223068237305,263.83901596069336,214.57971659053106,283.75600814819336,175.88330268859863,257.37524721670184,255.87207794189453,207.31867790222168,183.69778854295862,258.49365234375,227.80822277069092,181.49028492482313,267.80277252197266,239.1159439086914,186.3396457883181
353,14.12,368.3604049682617,171.5208864212036,166.81372203251235,370.9490966796875,208.43331813812256,213.06590994344344,355.2495574951172,245.14517784118652,196.24013719766404,334.2097854614258,273.4990882873535,227.7960213097008,314.4425964355469,293.3994770050049,281.95090563918984,327.91263580322266,216.75561904907227,293.1380118399031,298.502197265625,267.95605659484863,316.5370512912969,295.0811767578125,290.7473659515381,257.83194625032706,296.82817459106445,302.97486305236816,185.65068033220143,307.01568603515625,200.70396423339844,281.011749762699,278.27247619628906,257.58378982543945,284.0172301396292,282.65750885009766,280.1386070251465,259.6058724588165,291.5241241455078,287.52448081970215,254.84708662877082,292.415771484375,189.6053123474121,237.8916504845939,262.09423065185547,239.0032196044922,226.09044722502563,266.88480377197266,262.1253776550293,219.4834219636008,276.71897888183594,271.9706153869629,221.25454426302574,283.8919258117676,182.80932426452637,173.1838771390974,253.34842681884766,211.27384185791016,117.29273450227286,254.15769577026367,230.078444480896,122.35814751336997,262.8186798095703,240.41954040527344,128.79378865002354
354,14.16,367.23278045654297,177.94512748718262,163.06135791711964,369.54113006591797,216.3687801361084,201.484998056566,352.70538330078125,252.94678688049316,205.14922302636808,330.5624008178711,280.6963634490967,201.71791022967517,311.8412971496582,301.2060070037842,205.71319323971116,328.0958938598633,225.5894136428833,220.89238109451733,297.93481826782227,275.8548831939697,197.9794505910439,293.70718002319336,298.95973205566406,208.16283298018968,295.5742645263672,311.4573669433594,214.36703733175452,306.6910171508789,208.96233558654785,206.61877227598535,278.397216796875,265.7618236541748,204.47462789025673,282.2159004211426,288.1944751739502,201.69907913063568,290.15857696533203,295.6410884857178,205.76691775117428,291.3685989379883,197.13090419769287,189.95246615752035,261.2872886657715,247.3904800415039,210.64972852932775,266.0835266113281,270.83547592163086,218.67192449824535,275.74867248535156,281.13781929016113,230.46030285315894,282.4785804748535,189.51473236083984,171.31849502367484,250.45509338378906,217.7391815185547,177.08048186829325,250.26647567749023,237.93607234954834,219.2086755990535,258.8250160217285,249.85570907592773,256.1623382146522
355,14.2,367.2697448730469,182.71978855133057,119.37010368382106,369.45072174072266,221.69272899627686,133.1179109167734,352.00977325439453,257.2441291809082,108.8319351786579,328.4665298461914,283.91982078552246,96.12281314055586,308.9387321472168,303.53376388549805,93.01658351392223,328.9348602294922,232.34045505523682,170.0742939142341,297.46273040771484,281.4788818359375,141.09444459411787,292.1632766723633,302.7732181549072,102.85400388969184,294.00230407714844,313.5845375061035,66.12447663740541,306.90296173095703,214.90343570709229,148.62198514048478,277.9492950439453,271.1816596984863,135.95784421091247,280.1605796813965,292.5555610656738,120.52855859251093,287.7740478515625,299.03234481811523,103.64180685913016,291.19428634643555,202.24584102630615,127.9476544340456,260.415096282959,252.67104148864746,133.8026736226125,264.0373229980469,275.0913333892822,118.05526251497949,273.6259651184082,284.73292350769043,104.37510748668882,282.45906829833984,193.99244785308838,111.94395013397008,250.4493522644043,222.4299716949463,117.26984224264496,249.78153228759766,242.68243789672852,119.27687327930411,257.92240142822266,255.2212142944336,136.0224231382076
356,14.24,367.7027893066406,184.82385635375977,53.704217703813605,369.3607711791992,224.83456134796143,78.57799322015269,350.7818603515625,259.9702262878418,74.74697123200501,327.1246337890625,285.5261421203613,52.326817090382924,308.6218452453613,304.4187355041504,23.49989460598317,328.0465316772461,239.43042755126953,178.63516872951558,294.2740249633789,288.7302303314209,198.03708209210308,289.5197296142578,307.59326934814453,137.43460843671812,292.60000228881836,314.66949462890625,44.32537551923646,306.33678436279297,220.7076930999756,145.79514887133084,275.4975128173828,275.39483070373535,121.86582274667607,277.0760726928711,295.4230499267578,105.28733224699536,284.8478126525879,300.05910873413086,77.52860995686413,291.1837387084961,206.49736404418945,106.28840254308567,259.3715476989746,256.0429286956787,88.24191529566886,262.40062713623047,277.8300476074219,79.76265147582863,272.1540832519531,286.13651275634766,50.845962276673475,282.841796875,196.9414186477661,74.34257659332293,251.05819702148438,225.0468921661377,67.1703277625459,249.2742919921875,245.47971725463867,71.07243014822114,256.4846992492676,257.62779235839844,70.08301119622784
357,14.28,367.5397491455078,187.13393211364746,57.89555310299599,368.93848419189453,227.86890506744385,76.58968642876015,350.2317428588867,263.08359146118164,79.03983156577338,327.1022415161133,288.9729309082031,86.17153808639398,308.97335052490234,309.02177810668945,115.41110529953018,326.48704528808594,247.21384048461914,198.4526308231541,292.72802352905273,294.89373207092285,158.86093393236698,290.23889541625977,313.17641258239746,140.73176574816313,295.2611541748047,318.4186363220215,114.93963849381868,306.0233688354492,228.24547290802002,188.6073197932389,274.29555892944336,280.47998428344727,130.6318301515505,276.90406799316406,300.4438018798828,125.59243555925703,285.03326416015625,305.0313949584961,124.39358544221557,292.0647621154785,213.12100410461426,167.04941240115755,259.3326950073242,260.7597827911377,117.92535268522803,263.0618476867676,281.3913917541504,90.55517913091047,273.3574867248535,288.3701705932617,63.43011533863632,284.6575927734375,202.13622093200684,137.5751738076657,252.17876434326172,229.56356048583984,116.33992176171803,250.03379821777344,249.6247673034668,105.35146419839711,257.15919494628906,261.1962604522705,90.7913438270806
358,14.32,368.44112396240234,187.9691505432129,30.72118960930501,369.6002960205078,228.34821224212646,20.42869097915185,351.61754608154297,262.6843070983887,36.05446031955889,330.7890319824219,289.1528034210205,92.27939255100233,313.83506774902344,309.4016647338867,121.91341245131477,325.3569030761719,250.40385246276855,84.60717256786931,293.8473701477051,298.4274959564209,92.67019494941013,293.05227279663086,316.38888359069824,106.7563296236948,298.72920989990234,320.38381576538086,99.65358986567196,305.7577896118164,232.50516414642334,106.69905625916817,274.48448181152344,284.42267417907715,98.6803408374593,278.4486389160156,303.95124435424805,95.81183397257044,287.0395088195801,307.85862922668457,86.6684459617724,292.6080131530762,217.5053071975708,110.44578789150144,259.71126556396484,264.36166763305664,90.54311846021437,264.35766220092773,284.3477725982666,80.69744013352206,275.2109146118164,290.4374027252197,69.41111051000487,285.78819274902344,205.72734832763672,94.12243448176419,253.09654235839844,232.57897853851318,78.79983549101075,250.18508911132812,252.21668243408203,64.90817060848717,256.43577575683594,263.45312118530273,59.249238876819
359,14.36,369.783935546875,188.12039852142334,33.78256671630645,369.93892669677734,229.89669799804688,39.62700208821603,350.5816650390625,264.0821170806885,43.495131055005764,328.2992172241211,290.3653049468994,69.23392178382942,310.03896713256836,309.47078704833984,94.91824700961737,326.1432647705078,249.68999862670898,26.551271315794022,295.35974502563477,296.9396781921387,53.038190669004024,293.96728515625,315.39602279663086,33.75481608833677,298.53532791137695,320.91341972351074,14.099436556592392,306.60377502441406,231.73542022705078,28.594110186136394,275.0120735168457,283.7388324737549,21.5927141280184,278.351993560791,303.87242317199707,3.1178020561299062,286.3298988342285,308.5502815246582,24.773085604679572,293.03104400634766,217.05479621887207,15.449822910548363,260.0185775756836,263.4374713897705,24.348759833033924,264.18506622314453,284.0189552307129,9.284066752772333,274.3336868286133,290.8154296875,23.880339296091464,286.0171699523926,205.74089527130127,5.734439780037546,251.97917938232422,232.38824844360352,28.33811467579581,249.51583862304688,251.7037868499756,21.079582779620296,256.1137008666992,262.52503395080566,24.559597789013658
360,14.4,371.61598205566406,186.51849746704102,60.84037207314212,371.7458724975586,229.21646118164062,48.2686185150061,350.67832946777344,263.472318649292,15.435311357234276,326.2337875366211,290.16921043395996,51.8679383868982,307.17296600341797,309.7751998901367,72.05306052895222,327.54112243652344,248.9938259124756,39.04054384932531,296.2516403198242,295.6954765319824,38.271358309224375,293.55138778686523,313.1128406524658,58.018807970429044,296.8530464172363,318.7832736968994,67.8582765779903,307.59044647216797,230.25943279266357,44.38510062708064,274.9557876586914,281.3991165161133,58.50982214696372,278.3353805541992,299.51093673706055,109.03795186230838,286.6816711425781,302.20922470092773,158.77016682673016,294.3706512451172,214.77370262145996,66.1340284683226,259.61748123168945,259.6332550048828,95.63256695620701,263.09640884399414,279.39202308654785,118.83201366815648,272.84889221191406,285.3397750854492,141.8348695991638,288.0148124694824,203.19604396820068,80.88125470781918,253.1025505065918,227.10007667541504,135.15436390638632,249.76531982421875,246.20701789855957,137.5606906400528,255.50748825073242,256.89488410949707,141.56730062797095
361,14.44,373.08067321777344,185.75408935546875,41.30405519890562,371.7262649536133,229.55779552459717,8.547426127976417,349.6881866455078,263.0998992919922,26.44663242002345,324.39342498779297,288.8136577606201,57.1426797659155,305.19847869873047,308.3233165740967,61.27073771266921,329.04396057128906,248.6521053314209,38.529983574663774,295.85824966430664,293.313045501709,60.36728119322121,291.96529388427734,310.02156257629395,86.86085860460744,295.1214408874512,315.44849395751953,93.93885518304276,309.34017181396484,228.98597717285156,54.10191763790001,275.13694763183594,278.8393306732178,64.15470801779668,277.29320526123047,296.2713432312012,85.07752135729191,285.17845153808594,298.67231369018555,96.07747094545296,296.32984161376953,212.56484985351562,73.81335182012914,260.4463195800781,256.1719608306885,88.97868553785545,262.3211097717285,275.27177810668945,104.8138449392072,271.3726615905762,281.06554985046387,113.04937584624592,290.0904846191406,199.8370885848999,98.71358866650529,255.09943008422852,221.74541473388672,142.87217310334273,250.66246032714844,240.26822090148926,150.15444310444224,255.70354461669922,251.3046169281006,139.84260182888363
362,14.48,373.2341003417969,185.25063514709473,13.157840398304776,371.5516662597656,228.2542848587036,32.878799780325444,349.26116943359375,261.99482917785645,29.617600937057276,324.72023010253906,287.77822494506836,27.144551692577835,306.18452072143555,307.3449897766113,34.72573067282266,328.62964630126953,248.36511611938477,12.60007743445793,295.0168800354004,293.02931785583496,22.198032422365955,292.3689079284668,310.07606506347656,10.181933073342986,296.5879440307617,315.2542018890381,36.98294266630322,309.16879653930664,228.69664192199707,8.407004971718766,275.1435089111328,278.49772453308105,8.541728651344496,279.08761978149414,295.8588409423828,46.030435643261406,287.87113189697266,297.8990077972412,70.0380678595431,296.51134490966797,211.97115898132324,15.520395817813167,260.83675384521484,255.84657669067383,12.706144034627547,264.97344970703125,274.6376609802246,68.17721238836764,275.18985748291016,279.7804069519043,100.69315005925657,290.5373764038086,198.8197946548462,27.77812996909447,254.93534088134766,220.41473865509033,33.51887614821501,251.43268585205078,238.86332988739014,40.05438584527564,257.2628974914551,249.54408645629883,58.795455448061006
363,14.52,371.92859649658203,185.33545017242432,32.70640111652841,370.6021499633789,227.9251527786255,25.12355870543254,348.7660598754883,261.9075393676758,12.568636200100652,324.7380065917969,288.01151275634766,5.849102840490687,307.4199676513672,308.13523292541504,36.66412884984383,327.5387191772461,249.20007705688477,34.34459343441962,294.1487693786621,293.1635856628418,21.96081675878932,292.2800827026367,309.8239517211914,6.682582682894613,297.28368759155273,314.31432723999023,29.23422072572852,307.7627182006836,230.24834632873535,52.350040951726754,274.6090316772461,279.24699783325195,23.00918827191905,279.0822982788086,296.5385913848877,16.994281804411745,287.808837890625,299.0136909484863,27.910561071221167,294.93743896484375,214.06545639038086,65.49456828975622,260.3463935852051,257.5224781036377,43.65417169763913,264.88121032714844,276.01964950561523,34.626582883607284,275.4073715209961,281.3020133972168,38.42686666888312,288.70967864990234,201.3290548324585,77.6082539045658,254.79364395141602,220.94115257263184,13.62877545245366,251.6480827331543,238.80650997161865,5.569129151929895,257.60807037353516,249.90760803222656,12.532264726707695
364,14.56,371.1431884765625,186.75835132598877,40.63183366159817,369.52442169189453,229.27443981170654,43.1717045991742,346.66072845458984,263.4455108642578,65.18136580017044,321.2602996826172,289.6438407897949,96.04341516644294,302.58899688720703,310.2750492095947,132.09156921954445,325.98743438720703,250.48991203308105,50.436586209973974,291.9478225708008,292.92137145996094,55.35586334748211,288.83995056152344,309.7546577453613,86.0207489628483,292.22667694091797,315.85018157958984,132.12731850638517,306.2127113342285,231.39796257019043,48.24506962293654,272.2013854980469,279.79082107543945,61.70749469754424,276.6734504699707,297.1043586730957,61.85992437833515,285.1877975463867,299.89648818969727,69.14289305133957,293.6415100097656,214.96015548706055,39.36939111011029,257.63492584228516,257.4770164489746,67.7962207784289,261.1808395385742,276.02073669433594,92.50927370712861,271.0459899902344,282.0662784576416,110.69595165208041,287.83878326416016,201.93975448608398,26.59197294115892,253.69388580322266,217.86718368530273,81.61936314680865,248.80996704101562,235.65832614898682,105.96568448985198,252.94506072998047,248.21577072143555,124.011018719277
365,14.6,370.8867645263672,186.9914960861206,8.664212363607389,368.8576889038086,229.55809593200684,18.114107162869324,345.54229736328125,263.87243270874023,29.928564609144775,320.4207992553711,290.0522232055664,23.33903871276792,302.05371856689453,311.0548210144043,23.645387337868694,324.79515075683594,251.01828575134277,32.60290479198699,291.8467903137207,293.3269214630127,10.448633940196911,287.80553817749023,310.5128002166748,32.062331744690695,289.9102592468262,317.39696502685547,69.63444714290338,304.94285583496094,231.56993865966797,32.03619792878924,270.7356262207031,279.92371559143066,36.79428633887851,275.30296325683594,297.5983715057373,36.42015136037737,283.90247344970703,300.3955364227295,34.470160758963345,292.4598503112793,214.77220058441162,29.912859781126823,256.1041450500488,256.98609352111816,40.189357694037184,259.8984146118164,275.7461929321289,32.78707796274863,269.52470779418945,281.57970428466797,39.930047785222435,286.97017669677734,201.58780574798584,23.430019248143886,251.83074951171875,218.300142288208,47.819517410183934,247.13024139404297,236.92774772644043,52.63618877731917,251.46169662475586,249.87459182739258,55.6330417234068
366,14.64,371.4696502685547,187.12642192840576,14.957455736225485,369.5547103881836,229.22631740570068,19.298897963974046,347.1239471435547,263.6531352996826,39.91950792734673,324.2539978027344,289.84219551086426,95.9737032214094,308.2295608520508,311.32850646972656,154.54758906963522,325.61214447021484,252.6642894744873,45.94022600283379,291.932373046875,294.8407173156738,37.90532851516563,282.600040435791,313.6921977996826,152.4913434626528,278.55777740478516,323.6470699310303,323.98172719215677,306.45912170410156,231.9906234741211,39.33857759115277,270.33573150634766,279.9302673339844,9.998709538608347,271.46337509155273,299.37583923339844,105.77638205744367,277.82360076904297,304.218692779541,179.52927615773467,293.9267921447754,214.01561737060547,41.263910550520166,255.6317138671875,254.32439804077148,67.58242214436059,256.9047546386719,274.4063186645508,81.99566714057873,265.31166076660156,281.54831886291504,105.32909825092783,288.11649322509766,199.67227935791016,55.80816995620306,251.64268493652344,218.18103790283203,5.565189746270028,246.1526870727539,237.24749565124512,25.71297321499188,250.27837753295898,250.116605758667,30.195351628415818
367,14.68,374.5896530151367,181.8358612060547,153.55058184431306,372.8683090209961,223.82952690124512,158.3218313443353,349.9626159667969,257.9128646850586,160.09518148816045,328.6096954345703,284.6290397644043,169.832812452478,320.6898498535156,307.67309188842773,324.6352354578114,327.1974563598633,249.7811794281006,82.2554607877067,294.6651077270508,290.78887939453125,122.18129299181923,281.1125183105469,312.2914123535156,51.081564307023385,272.76737213134766,326.63249015808105,162.8679049926979,308.04248809814453,229.6283197402954,71.09644887682242,272.5514221191406,274.4168758392334,148.54875181655703,268.9162826538086,295.2975654602051,120.20814462716896,272.14683532714844,303.6374759674072,142.66104685800488,296.097412109375,211.68225288391113,79.67190870409065,256.94217681884766,248.32737922668457,153.4632443864537,253.1484031677246,269.1389751434326,161.73876340945833,258.5183906555176,279.38979148864746,178.1989043660368,290.7898712158203,197.15855598449707,91.73928779196639,254.7120475769043,213.2899045944214,144.36103191913023,247.38304138183594,230.23319721221924,178.03467765718705,250.83528518676758,242.81261444091797,183.12979567888405
368,14.72,376.35372161865234,174.04901504516602,199.6041569758384,375.1617431640625,215.48571109771729,216.33177981370352,352.8435516357422,249.45568084716797,223.36034338664476,329.46075439453125,277.8838920593262,169.96565630416796,323.2832336425781,302.5308609008789,143.97955368445454,331.96495056152344,237.2468376159668,335.2599044270249,299.3031692504883,279.49092864990234,305.3228882298749,285.70323944091797,301.21350288391113,299.78617245629067,277.60425567626953,315.5157279968262,303.0860473704666,312.1622657775879,218.21125030517578,303.440730018218,276.0555076599121,264.78790283203125,256.1685683423019,270.6829833984375,286.0300827026367,235.8594234163901,272.08654403686523,295.244836807251,209.8213929635635,298.8058090209961,201.6190767288208,260.5318216639492,259.0989303588867,239.80424880981445,219.7944180584547,254.08424377441406,261.08997344970703,202.58057950283361,258.2173538208008,272.3526191711426,176.0902066451194,291.9679641723633,188.72032642364502,213.00179156507926,256.55933380126953,205.97690105438232,188.56777158914483,249.85162734985352,222.3085355758667,207.50629317591037,253.32603454589844,234.82091903686523,209.27109780313725
369,14.76,378.89087677001953,158.54962348937988,392.6419288468212,379.9092483520508,200.5391550064087,392.0605378163952,357.01881408691406,233.52580547332764,411.69902990705054,330.8423614501953,260.2537536621094,442.10477969119404,322.4531555175781,285.0490951538086,437.53654370881156,338.38401794433594,216.67336463928223,538.7904372222664,303.37207794189453,260.8242702484131,477.62443000285987,288.5537528991699,283.5292625427246,447.8125887442511,280.2767562866211,298.59174728393555,428.34228623454817,318.3125114440918,197.22930908203125,546.6187995588435,280.0317573547363,245.23286819458008,498.87995882495665,274.41497802734375,269.3050003051758,428.40997093324836,276.40188217163086,281.15052223205566,368.5036012052032,304.38724517822266,181.3921880722046,524.5709284169453,264.57427978515625,220.07450580596924,511.8851252585445,260.94858169555664,242.84451484680176,487.3499094118402,266.02333068847656,254.26371574401855,492.53280477960845,296.4818572998047,170.90173244476318,459.53612653835955,260.8547592163086,192.89880752563477,344.13588326672675,255.70539474487305,211.1967372894287,313.9851249198359,260.2848243713379,223.36134910583496,335.17392764691294
370,14.8,382.6233673095703,138.8895606994629,500.2808926813733,383.9913558959961,178.26385974884033,566.1561074541316,361.60709381103516,209.38530921936035,614.3166275497663,331.8062973022461,233.19634437561035,676.864355698389,313.3847999572754,255.59280395507812,770.514504954514,348.3631134033203,181.70559883117676,909.0953579623923,310.64056396484375,226.11652851104736,886.5164358225002,294.9652671813965,247.4003505706787,917.335065446044,285.14015197753906,262.3786926269531,913.4542767826545,325.7912826538086,162.68271446228027,883.6710426640306,288.7904167175293,209.90756034851074,909.8734418358031,282.92306900024414,235.45676708221436,872.5288334487643,283.92993927001953,249.20708656311035,820.4627985216057,308.48222732543945,149.36925888061523,807.0923401304409,270.66139221191406,188.68728160858154,799.300780570536,268.4957504272461,210.00616550445557,842.361614522884,275.09143829345703,219.55927848815918,896.7401173073309,297.048282623291,142.50995635986328,709.9356427267636,268.7786102294922,162.03947067260742,796.5103914449822,268.20133209228516,178.57614040374756,873.3025647536767,275.0572204589844,188.04518222808838,957.0316508308247
371,14.84,383.47652435302734,118.59012365341187,507.9339409112352,384.7084045410156,154.5402717590332,593.3605490495668,364.7946548461914,183.5586404800415,650.5657939071938,336.91200256347656,200.2577018737793,833.3000645318242,317.56914138793945,213.55422019958496,1056.1579064514883,358.5800552368164,146.44978523254395,917.6594864554147,320.2083206176758,186.758394241333,1012.6094695638699,304.09332275390625,209.73323822021484,968.9339345890971,294.00604248046875,226.15532398223877,932.3144756400646,334.7054672241211,127.34169960021973,911.1977070160125,296.7449378967285,170.27461051940918,1010.5830988055889,289.85294342041016,195.0782346725464,1024.2219727181573,290.8399963378906,208.07244300842285,1042.7750803302542,314.8432922363281,116.06901168823242,847.558851155164,281.6474723815918,153.50053310394287,921.5480277172475,279.8147392272949,174.79851722717285,924.5600320802861,285.64184188842773,184.9478530883789,904.5930660459037,301.7331886291504,112.6251482963562,756.2448748902348,276.14147186279297,138.40576171875,618.8517241365117,274.8858642578125,156.64771556854248,573.1158183698609,281.06239318847656,166.11903190612793,568.340878925361
372,14.88,390.9879684448242,99.34999465942383,516.3600706202319,386.37046813964844,132.2848892211914,557.9339719623941,361.8853759765625,152.9513454437256,768.631256268797,334.45850372314453,161.87318801879883,961.571162357049,315.8940315246582,164.73113536834717,1221.2953178624284,357.9165267944336,109.70583915710449,918.748416049197,318.7805938720703,143.980393409729,1070.045489339364,304.19395446777344,168.3665657043457,1034.1698729467148,296.84192657470703,186.27907276153564,999.4240997984106,337.7214813232422,93.0773377418518,859.9210845359866,300.1741409301758,130.78226566314697,991.0236928583442,292.72327423095703,158.3724546432495,920.4459131723547,294.1773223876953,176.06623649597168,804.4932413017748,321.8163299560547,84.71130609512329,803.0912755973153,287.8590965270996,116.66862487792969,933.8006137870498,283.61188888549805,140.72882652282715,857.0159604029307,288.42933654785156,155.98172664642334,727.4985427509777,311.068058013916,84.92982387542725,730.6550063175928,284.52503204345703,104.54851627349854,871.9938182273776,280.4029846191406,122.98233032226562,852.8616464811338,284.64406967163086,135.0417137145996,782.0758085087874
373,14.92,394.3056869506836,82.48021602630615,429.8231374752552,384.34356689453125,110.54284572601318,545.9079501182407,356.02550506591797,129.32167053222656,608.6355762649274,326.94812774658203,140.6637954711914,562.4967108502905,306.9655990600586,151.93402290344238,390.0985402067804,353.93638610839844,86.87933206558228,579.2726829179558,313.4612846374512,116.6878080368042,695.1529809473116,300.5307388305664,139.96335983276367,715.9614395116498,295.1715850830078,154.54022884368896,794.5691654681191,340.4369354248047,69.60668563842773,590.6803286982189,296.939697265625,100.65173149108887,757.5910487000531,289.42773818969727,126.8964672088623,791.2009632391695,290.68836212158203,141.89918518066406,858.6181628499734,330.8367919921875,61.54757022857666,621.4536359619135,288.0834197998047,84.92141962051392,793.6999443221462,284.7066879272461,108.4795618057251,806.6960625506423,290.01243591308594,121.73958778381348,856.9678660422682,324.27433013916016,60.948686599731445,684.4252006619163,288.8889503479004,76.72837257385254,704.0082467720143,283.8592338562012,95.45043468475342,693.6997442083397,288.4122657775879,107.08160161972046,705.3222535883673
374,14.96,400.03490447998047,71.25658750534058,315.0335008719653,387.4614715576172,99.58474159240723,284.82601673109696,358.9906311035156,117.20247745513916,311.9162680698167,329.6957778930664,130.06163120269775,273.8104596518356,310.8250617980957,146.26885414123535,171.3723827856009,348.3967971801758,82.13900327682495,182.27342531072742,310.01380920410156,111.29492282867432,160.01620568636002,300.7879066467285,132.32581615447998,191.0468017321946,297.7073860168457,145.134859085083,243.5303711451518,338.3039093017578,63.05344104766846,172.291205354329,295.6465530395508,93.70310068130493,176.69835193081818,293.77811431884766,118.72392654418945,231.45760057299495,298.2910919189453,131.5224266052246,321.5962325889715,332.3648452758789,53.13609480857849,213.72860357681637,288.99967193603516,76.22098445892334,218.71369695647283,289.90564346313477,97.70450592041016,299.09338842137544,297.95337677001953,108.61777782440186,383.4387486159224,328.6726760864258,50.984963178634644,272.2834362892151,295.58130264282227,66.74261569976807,300.5234179598898,292.7004814147949,83.49364757537842,371.76304312294826,297.86691665649414,93.1244945526123,421.44933038023913
375,15.0,404.3383026123047,69.23716306686401,118.84157139866913,390.71678161621094,98.68542194366455,84.43125683135769,361.3825225830078,119.5518708229065,83.81823357038901,333.3343505859375,134.39532279968262,141.46575137441485,315.9754180908203,150.6836986541748,169.58961866709217,345.06160736083984,88.1440258026123,171.72613856482292,306.9351005554199,118.24945449829102,190.13803815775654,301.7539978027344,138.6115550994873,158.9886910414042,303.56678009033203,150.70924758911133,202.18541320754602,334.79984283447266,70.05340576171875,195.7006448077993,295.3919982910156,105.01698017120361,282.9185695919763,298.1691360473633,126.81527137756348,230.15067487526628,306.13086700439453,136.71083450317383,235.0287880052305,329.6172332763672,59.45716381072998,172.3101945435564,290.78561782836914,88.3302640914917,306.00679725914534,293.83628845214844,106.67994976043701,244.9598974260051,302.6837921142578,115.20699262619019,202.78464721397089,326.85340881347656,55.43190836906433,120.1172732611494,297.40121841430664,75.03183603286743,212.16630733042524,296.5902900695801,89.58129644393921,180.60675533761705,302.08452224731445,97.23179340362549,147.17782775280085
376,15.04,403.89793395996094,76.06520891189575,171.05579245494405,390.83526611328125,107.44279146194458,218.9542752718964,364.10633087158203,129.93614673614502,268.38908071488703,337.6439666748047,146.1955976486206,314.065356796859,320.47462463378906,161.99910163879395,304.4269249555431,341.34220123291016,103.04780960083008,384.0220968971866,307.0878601074219,132.59080410003662,358.5540788014207,304.0765380859375,151.56492233276367,328.9984004968899,306.5273666381836,162.32059478759766,299.5710020920708,331.16695404052734,85.08815288543701,386.68583991346253,297.18029022216797,119.31879758834839,360.32968364434174,299.4874954223633,139.92716789245605,329.4502064604211,305.621337890625,149.99728202819824,332.40535095817705,326.9841766357422,73.81488561630249,364.92907077861696,291.91272735595703,102.27182865142822,349.67627731415513,294.82717514038086,120.41756629943848,344.332655837312,302.9929542541504,130.20174980163574,374.9485997934575,325.85437774658203,68.79093647003174,334.908284903361,298.2549476623535,88.99634599685669,349.7645566693096,296.5321922302246,104.81070041656494,380.7378697348464,301.014461517334,114.76674556732178,439.18929386211386
377,15.08,399.86011505126953,85.24572372436523,250.73122282804826,389.43443298339844,118.6086916923523,281.33572184002463,363.0991744995117,144.0503168106079,353.7514671777575,338.58081817626953,162.46225833892822,407.34041411130875,325.44849395751953,180.0625991821289,468.39441149234415,340.1567077636719,120.17455101013184,429.19304082392387,308.3899688720703,147.02030181884766,362.20323339610314,304.14968490600586,163.67178440093994,302.6770758530569,305.1251792907715,172.4172306060791,254.83840984078162,328.8802719116211,102.22301959991455,432.16936240434836,296.5448570251465,134.6638011932373,383.95386358741945,299.6023368835449,152.60589122772217,316.9810857660002,306.49866104125977,159.6270990371704,241.74246567490138,323.6445999145508,89.58336353302002,402.9560060406191,292.2574043273926,119.0187406539917,418.76146539247327,295.9589385986328,135.22278785705566,371.2104136264626,303.64728927612305,142.28216171264648,302.4529986839589,321.7245101928711,82.84810066223145,366.2817146146324,296.7611503601074,104.0088415145874,377.1657891846787,296.6905212402344,118.50200414657593,342.3054793444952,301.60926818847656,126.18019580841064,285.7234692209489
378,15.12,396.4257049560547,95.45034170150757,269.1762907017561,388.3843994140625,129.0893840789795,263.3290282610304,362.2990417480469,155.962872505188,298.4849196320885,339.04956817626953,174.88755226135254,310.85331711791196,327.4647521972656,192.64863967895508,318.662941716138,337.9473876953125,134.6365213394165,365.74383194522704,305.79580307006836,161.2540626525879,361.70571919759055,301.63326263427734,178.01726818084717,364.1130369895733,302.98200607299805,188.12815189361572,396.41064499499186,327.2059631347656,116.01511716842651,347.3338318710913,294.4593620300293,149.1268014907837,365.3146477537256,297.8255081176758,166.23247146606445,343.54840402700216,305.0271797180176,173.3690643310547,345.51308533738137,322.0445251464844,102.55396842956543,326.7231536845171,291.0620880126953,133.67513179779053,367.6263239114262,295.33702850341797,148.81117343902588,340.06524639657954,303.1039810180664,155.1947021484375,323.0991376199519,320.1092529296875,94.795081615448,301.391989279313,296.105899810791,117.72686719894409,343.3416501451663,296.94746017456055,131.6149091720581,327.885551510821,302.51495361328125,138.12907218933105,299.5787801806284
379,15.16,395.70507049560547,106.32750034332275,272.5251068076134,388.0598449707031,140.45678615570068,284.3008590830205,364.64107513427734,166.34968757629395,266.18960313042373,342.6426696777344,184.6534824371338,260.14872020402066,330.87440490722656,201.28332138061523,232.08761773779622,340.49991607666016,150.2607822418213,395.7847662271756,308.05320739746094,173.61292362213135,314.08330778019246,301.5129852294922,187.91429042816162,247.44382698142203,301.83570861816406,196.99167251586914,223.4334292301491,329.32373046875,130.78818798065186,373.10233155924834,295.7210922241211,160.52488803863525,286.6927144555186,296.91837310791016,176.16422653198242,249.32741101728283,303.39670181274414,183.0655002593994,245.81411665128095,323.6130142211914,115.81216335296631,333.7662829402186,291.9744300842285,144.86443519592285,280.66091484091737,294.5718574523926,159.13275718688965,258.7476784938041,301.89735412597656,165.24569034576416,253.07893062184453,321.42948150634766,106.43407344818115,292.8407570432469,296.8135452270508,128.11881065368652,260.40023377691784,295.9390449523926,141.3325309753418,244.24510585162534,300.27074813842773,147.8917407989502,250.43232193873934
380,15.2,395.4121398925781,115.30062675476074,224.44766362929127,390.0881576538086,150.26922225952148,250.49694937265755,367.4666213989258,176.79445266723633,270.50511720972736,345.8522033691406,195.0490665435791,271.9941123333948,330.6374740600586,210.57283401489258,232.31334067474756,342.62359619140625,164.1462278366089,351.1726930902144,308.5733413696289,190.37864685058594,419.34473789632875,303.38077545166016,205.28254508972168,436.7099368451194,304.6734809875488,212.8900909423828,403.74238420445243,331.33533477783203,143.86659622192383,330.80518627064333,295.92174530029297,175.42316436767578,372.4906871599498,299.69738006591797,188.8291597366333,324.15603182622965,307.61226654052734,191.7361307144165,241.0275119949999,325.60909271240234,127.38508701324463,293.5950563592061,291.9719696044922,157.9586935043335,327.356463489479,297.2528648376465,170.24406909942627,285.7545417590333,306.1357307434082,172.5450325012207,211.0157462335694,323.61209869384766,116.0289716720581,246.0003680303745,296.1701202392578,137.9772663116455,246.98575828737054,297.59559631347656,149.33621406555176,204.33291679943247,304.41532135009766,151.71907424926758,141.03627292032513
381,15.24,394.0647888183594,125.50995826721191,257.44635952020053,387.2585678100586,161.92392826080322,299.83198488921016,364.07337188720703,187.50732421875,280.9356678227358,342.4761962890625,204.21860218048096,244.28186537424185,325.32100677490234,216.9673776626587,207.8987326460328,339.92305755615234,175.08356094360352,281.64490543708115,301.71863555908203,202.4646520614624,347.363744605779,299.79190826416016,215.2804183959961,265.56242008451215,303.9406204223633,218.90896797180176,151.5832388971302,329.47113037109375,154.93606567382812,280.63367137687794,292.3132133483887,186.88344955444336,300.37439077129085,299.7849464416504,197.23584651947021,210.17857070667873,309.6834945678711,196.56845569610596,131.43760465976396,324.91851806640625,138.0583906173706,267.39051867953964,291.05594635009766,168.17370414733887,256.400006141898,299.3652153015137,177.3350429534912,184.97286064655628,309.9402618408203,176.11252784729004,130.3875950661195,324.3163299560547,125.27820110321045,231.90001447386277,297.63654708862305,146.598858833313,218.635348974914,301.61943435668945,156.3379955291748,201.89139447723906,310.27929306030273,156.24791622161865,185.23055537055407
382,15.28,393.30772399902344,130.8794116973877,135.56404685494283,384.77527618408203,168.71599674224854,180.7950005466968,360.25169372558594,193.5317087173462,178.35784353010956,338.3248519897461,209.85892295837402,175.08369064714287,320.5865478515625,221.3571310043335,161.40987364768262,339.1217041015625,181.5650510787964,163.27102033847277,298.2366943359375,206.26230239868164,128.8071784810891,299.65646743774414,218.1587791442871,72.03863900176535,306.737117767334,220.247540473938,77.50876460078338,328.8251495361328,160.6080150604248,142.7154097392151,288.94317626953125,191.21506690979004,137.20436132375318,299.0353012084961,201.9436740875244,119.17845963648925,311.11093521118164,199.941086769104,91.55676908592963,324.5796203613281,143.53042602539062,137.0629945525324,290.52745819091797,172.97767639160156,120.82386213523668,301.0771179199219,182.07860469818115,126.07534602520118,312.13449478149414,179.47500228881836,100.3770783342408,324.4026184082031,131.46793842315674,154.75846864329841,298.02648544311523,154.19483184814453,190.1493787170252,304.96036529541016,163.41153144836426,195.57084703721276,314.99706268310547,161.45708084106445,175.69993285130718
383,15.32,393.9735412597656,133.38412284851074,64.79241166632849,384.5915985107422,172.1872901916504,86.90373877006016,360.75130462646484,196.14634037017822,66.54843035464938,338.58287811279297,210.84599018096924,25.505871653606942,321.50047302246094,219.251446723938,57.38665734900016,339.62432861328125,185.45602798461914,98.08265864000413,299.6585464477539,206.99646949768066,40.00519307797283,304.82879638671875,216.74397468566895,134.05842572486497,314.3177604675293,216.7445182800293,208.77216684558513,329.0999984741211,165.16466617584229,114.12331961070844,290.8954620361328,194.4448184967041,94.34880440302673,301.27613067626953,204.0970516204834,77.69472111690693,313.52338790893555,201.70394897460938,74.69777094440035,324.2511749267578,148.61014366149902,127.25812269281865,292.0037841796875,178.0867624282837,132.95276077270978,302.3777389526367,185.97909450531006,102.79055101958762,313.5043716430664,182.87017822265625,91.52794053451339,323.4539031982422,136.76772594451904,134.60081797949545,300.56636810302734,161.19049072265625,186.06156073773136,307.758846282959,168.96340370178223,155.43242373284076,317.28240966796875,165.86039543151855,124.02618227548182
384,15.36,395.3055953979492,135.37287712097168,59.84099652038135,386.4876937866211,173.67372035980225,60.23211321630192,363.3850860595703,196.97155952453613,69.00086634460777,341.41109466552734,211.08075141906738,70.94858044771793,324.26029205322266,216.98957920074463,89.20708273110736,339.8318099975586,187.4938201904297,51.208187815059524,300.7134819030762,207.75100708007812,32.42506532516744,307.7278518676758,215.11756896972656,83.10279114791008,317.8331184387207,213.54045867919922,118.91104761356901,329.4495391845703,167.550687789917,60.28721802283743,292.8797149658203,195.05616188049316,51.90737195883216,303.2586479187012,203.1269359588623,55.17868142148112,315.0477600097656,200.57785034179688,47.380167479463964,324.65084075927734,150.91668605804443,58.522808613100665,293.31851959228516,179.37021732330322,45.93327819163306,303.4773063659668,186.2693738937378,28.430953859783024,314.6090316772461,183.24840545654297,29.190426850761654,324.0826416015625,138.95339012145996,56.85749661529139,301.7161178588867,163.36608409881592,61.517939657309086,308.64179611206055,170.47476768493652,43.759438198279724,317.8471565246582,167.09434032440186,33.92601334902724
385,15.4,395.8692169189453,137.5555658340454,56.357115994285756,385.82828521728516,176.06532096862793,62.02103037200894,361.9405746459961,198.6397361755371,55.16694301669152,339.854736328125,211.47364139556885,40.1295854703633,322.767333984375,216.24518394470215,41.70617529632057,338.4445571899414,187.69858360290527,35.05708208880925,299.0635871887207,205.97039222717285,60.68742570976391,306.3458442687988,214.05419826507568,43.594023808196376,317.33028411865234,213.78138542175293,13.939333931275003,328.3876419067383,166.33071899414062,40.4347444295676,291.9959259033203,191.74650192260742,85.64071806034674,303.1016159057617,199.73683834075928,84.84331482708153,314.88367080688477,197.6002550125122,74.55283030961981,324.4524383544922,149.07774925231934,46.24021578720031,294.0073585510254,174.77545738220215,116.15269590991389,304.07875061035156,181.97380542755127,108.43674315816459,315.0537109375,179.64537620544434,90.7591573505545,325.0994873046875,137.111234664917,52.60413428402521,302.8118896484375,159.39508438110352,102.98529801884133,309.7647476196289,166.64710521697998,99.72468368260571,318.94256591796875,163.86258602142334,85.30884191341603
386,15.44,393.1119155883789,136.19702339172363,76.8454137991205,383.05126190185547,174.95422840118408,74.77627125243782,359.9418640136719,199.24266815185547,52.19178072163903,337.5704574584961,212.49680042266846,62.57387808107576,319.33549880981445,215.1038932800293,90.41583464270936,336.4229202270508,185.68360805511475,71.35799914830575,298.1357192993164,205.41240692138672,27.0680441395018,305.78426361083984,213.74321937561035,16.04837813236,317.3185729980469,212.82504558563232,23.91028848238011,326.19667053222656,164.306960105896,74.56522145779034,291.5827941894531,190.800518989563,25.806509869292054,302.06926345825195,199.32812690734863,27.757843617615396,313.8772773742676,196.85385704040527,31.324288439447713,322.1110153198242,147.43494987487793,71.50634421939266,292.9072952270508,173.72117042541504,38.092488629694856,302.9150390625,180.73665618896484,42.461473752229594,314.3802261352539,177.69610404968262,51.558484486578436,322.1340560913086,136.1631202697754,77.83276618637478,300.97517013549805,158.51521968841553,50.914759934199516,308.40063095092773,165.6115436553955,42.81648363699761,318.1289291381836,163.02161693572998,29.253566155589088
387,15.48,388.2502746582031,133.72220993041992,136.38239943768974,379.36798095703125,172.12709426879883,116.0798376145781,355.8418273925781,196.36332035064697,125.2521059070317,333.9963912963867,209.5777416229248,115.36586693942475,316.19434356689453,213.44414234161377,88.81733163386009,331.9868469238281,184.7556209564209,113.30243379697045,294.27921295166016,202.65357971191406,118.54263152248127,298.52331161499023,212.2873878479004,185.13655318964354,308.7847709655762,213.90080451965332,215.0334776458178,322.10826873779297,163.5208225250244,104.08242385480622,287.9283142089844,187.17947959899902,128.61558565076473,296.7323112487793,196.75841331481934,148.08461861766926,307.78446197509766,196.21612071990967,153.15251202404707,318.485107421875,146.4475393295288,93.94874822701594,290.0655746459961,169.83701705932617,120.31734920640412,298.73090744018555,178.45413208007812,119.1555541626703,309.2033004760742,178.0450201034546,129.71676282687227,318.92080307006836,134.65767860412598,88.71072929465316,298.67467880249023,153.97154331207275,127.32157953922092,305.06608963012695,162.6181697845459,112.02525650163948,314.35691833496094,162.7582025527954,94.52993122804156
388,15.52,383.2717514038086,129.0392017364502,170.87323433494257,375.88253021240234,167.08635807037354,153.21020754862678,352.6313781738281,193.58280658721924,106.17862595287113,332.32295989990234,209.63753700256348,41.862484145755275,315.35388946533203,214.62807655334473,36.2979279241618,328.37650299072266,177.21848487854004,208.93031669046488,290.89635848999023,199.73093032836914,111.76309690584256,296.5468215942383,210.11130809783936,73.4924991102738,306.8271064758301,210.54778575897217,97.0669390932509,317.8021049499512,156.45164966583252,206.93636020654895,282.97435760498047,184.11809921264648,145.58875279425334,291.88682556152344,195.73737144470215,123.797359740459,302.74805068969727,195.7805299758911,126.38032365637227,313.59018325805664,140.98116874694824,183.4419014218723,283.38207244873047,168.56241703033447,170.09888090233,291.5530586242676,179.3260145187378,180.76520097044764,301.8870735168457,179.84993934631348,188.38940786338088,313.87292861938477,131.7272186279297,145.92085213813803,291.81297302246094,154.4584035873413,171.97390634068958,297.6403617858887,164.79314804077148,193.44244045669922,306.91450119018555,165.7097339630127,200.15792299823207
389,15.56,382.31300354003906,124.42286968231201,117.87100762153702,375.2720260620117,160.86537837982178,156.2716057620146,353.88031005859375,187.45973110198975,156.22876705852423,333.07037353515625,205.0915002822876,115.17670392775867,315.07471084594727,212.27956295013428,59.126225388919586,328.35693359375,167.85397052764893,234.1133699585303,289.2018699645996,191.85224533081055,201.47110315972637,292.8375816345215,205.60644149780273,145.8858375641836,302.25032806396484,209.6167516708374,116.7629144478904,316.9546890258789,147.93555736541748,213.9537651829823,281.8204879760742,178.80921363830566,135.8208405445302,291.5303039550781,192.0512580871582,92.58286605970298,303.61385345458984,193.12728881835938,69.77330734114942,311.60572052001953,133.82752418518066,185.59485929499198,281.810359954834,164.68770503997803,104.5337062018823,290.9161567687988,175.71796417236328,91.59582166873379,302.07672119140625,176.50588989257812,83.73556961312023,310.7696533203125,125.6291913986206,171.05600996316065,290.0452423095703,149.89439964294434,122.35962333876707,295.7137107849121,161.05753898620605,105.07960996345585,304.2592430114746,162.84326076507568,97.68272809874887
390,15.6,387.5168228149414,118.31550121307373,200.59238000372034,380.4835891723633,152.7791690826416,240.50360035114386,359.26502227783203,182.5041961669922,182.94885244241647,339.2205047607422,203.95328521728516,156.36425347990686,323.7136459350586,212.74405002593994,216.28532618607858,332.2486877441406,156.09246253967285,309.7164232389724,294.06627655029297,185.5154514312744,199.7144967762344,297.13247299194336,202.6171875,130.81889015791245,308.86592864990234,210.4226303100586,166.6125961133521,319.6485710144043,137.26630210876465,275.1022626902989,286.2620162963867,174.88028526306152,148.24736928090948,296.0262870788574,191.2291431427002,114.26323017272834,309.31385040283203,195.37512302398682,153.18029374310643,312.8244209289551,125.41339874267578,212.54813814896684,284.87876892089844,162.30731964111328,97.08684330971809,294.26916122436523,175.88768005371094,83.93242207063737,307.210693359375,179.17174816131592,144.62120896171186,311.41530990600586,120.02886772155762,140.9354854945196,293.8501167297363,147.33005046844482,114.70875087038368,299.8832702636719,160.93608856201172,104.28319750939143,309.0065002441406,165.65102577209473,137.88581228624568
391,15.64,393.78326416015625,114.55893516540527,182.65417392492265,388.8768005371094,147.25975513458252,251.1348334850874,369.5439147949219,179.86803531646729,265.2887288028434,350.7656478881836,204.03254985809326,288.635380623623,335.77465057373047,217.9318141937256,328.234605460242,343.9042663574219,148.55286598205566,347.0392890779913,305.73402404785156,183.66695880889893,295.33165323260033,304.7761535644531,204.56133842468262,197.17627822665986,311.88467025756836,216.82618618011475,176.98574920524075,329.4376754760742,130.9546995162964,291.18603744721565,294.16046142578125,174.9012851715088,197.46182614971903,299.8653221130371,197.0851707458496,175.05579339618217,311.3542175292969,206.98974609375,294.8119814638577,320.0307083129883,121.82799339294434,201.22392592451413,291.8830108642578,163.0409574508667,176.06396145473403,298.6679267883301,181.82915210723877,184.8144824032589,310.14326095581055,190.05396366119385,281.76072172750503,316.3777732849121,119.39775466918945,125.06085136808176,300.37220001220703,150.2219009399414,178.36123719326395,305.153751373291,166.5269422531128,192.08659525418267,313.29179763793945,174.2035675048828,239.15181350501618
392,15.68,397.10205078125,119.5944356918335,150.77012757010624,395.8401870727539,152.40953922271729,216.51938163707422,379.92481231689453,186.4107084274292,306.7670174564507,362.01114654541016,212.2903347015381,348.79457651523865,345.8056640625,228.56609344482422,365.4698404128438,355.92601776123047,149.12461280822754,300.88349203658913,319.1514778137207,187.09957122802734,346.2395247325096,314.61923599243164,212.3587417602539,313.9324872300947,317.05772399902344,230.08097648620605,355.71227054885463,339.68441009521484,133.76442432403564,265.6244104114873,304.2901802062988,180.328688621521,287.3020087616589,306.6921043395996,206.90759181976318,299.0452634240458,315.1701545715332,221.95580005645752,386.1218612084992,328.60546112060547,127.50811100006104,257.1358125368965,299.2107391357422,171.13563537597656,272.9691057747794,304.66527938842773,193.5076904296875,328.21153197937923,314.37915802001953,205.99190711975098,412.2809006208163,322.61661529541016,127.86277770996094,262.8922839215087,304.08220291137695,161.50866508483887,297.02184933771304,308.74792098999023,180.9159278869629,370.7770243056704,316.64440155029297,192.48908042907715,464.75795844047025
393,15.72,401.28597259521484,129.21376705169678,262.245993244201,403.56231689453125,163.5232973098755,338.32945094635323,388.05850982666016,201.33524894714355,424.92568828631903,368.60912322998047,227.9564094543457,424.9699948898523,352.8570556640625,246.62055015563965,484.56522435148923,369.4315719604492,166.83600425720215,556.8288456108204,335.99212646484375,210.35516738891602,717.8223142728779,327.85877227783203,237.7629804611206,716.1793878906348,325.26824951171875,257.99903869628906,727.5089891028348,349.6687698364258,151.2744140625,503.91416684977264,316.09264373779297,200.51002979278564,584.4787618485544,315.2334785461426,228.68332386016846,584.774304342993,321.5291213989258,245.1243782043457,600.6348061148935,335.9290313720703,144.56970691680908,464.1744933579225,306.9841003417969,191.72417163848877,550.1777950538899,312.010440826416,214.31227684020996,551.5785371679891,322.06878662109375,225.5427646636963,525.2180610982583,327.44911193847656,144.41518306732178,431.08521990990647,308.3409881591797,181.40899658203125,508.77330750360306,312.0136260986328,201.51615142822266,521.4367410137634,319.5617485046387,211.7782974243164,487.7145717152716
394,15.76,403.76476287841797,143.34767818450928,358.74071867640646,409.29866790771484,180.61975479125977,450.8288071424901,395.16021728515625,222.59881496429443,560.4537718401675,376.8869400024414,251.3656711578369,620.743397075724,364.38011169433594,270.97984313964844,673.6820350495481,377.99564361572266,195.2340030670166,741.5312112947779,347.42992401123047,242.79187202453613,859.8557365666746,338.8475799560547,269.67601776123047,843.7993851870125,334.2157745361328,289.7467231750488,824.6111484456627,357.0263671875,179.23141479492188,722.7240693779559,326.73084259033203,233.1080675125122,857.2497222232269,325.68653106689453,261.2110233306885,854.1507258111955,330.9518814086914,278.04765701293945,856.1288942494423,342.6616668701172,171.10589504241943,684.4238731349824,314.678897857666,221.02213382720947,757.2897799149997,316.91450119018555,246.08325004577637,803.680808250512,325.3175354003906,260.5107021331787,877.9632037778605,333.57166290283203,169.484281539917,645.1479135340815,312.20333099365234,207.8057098388672,666.9446017729941,312.9207229614258,229.3709135055542,696.73820186604,318.7173080444336,242.39862442016602,765.7992169229101
395,15.8,400.1518249511719,169.92763996124268,670.6096519766276,408.86322021484375,208.96727085113525,708.7715082530676,394.96803283691406,253.73797416687012,778.4938064563761,373.0344772338867,284.6567916870117,837.8320891858136,352.9446029663086,301.025333404541,803.7032821284795,378.8664245605469,221.41024589538574,654.7680639278003,346.1398696899414,274.2981433868408,788.3167888399375,338.78978729248047,300.8037757873535,778.1952918953052,336.8088150024414,318.10747146606445,711.9760803944977,356.09920501708984,206.29995346069336,677.1103192937827,323.6589050292969,264.11559104919434,778.9830374664757,322.0929718017578,290.1485824584961,728.9958832477262,327.69886016845703,302.2305679321289,610.0180979461123,338.31878662109375,198.77905368804932,700.296507864507,310.15377044677734,254.1830062866211,836.7049361760319,314.30932998657227,276.56856536865234,764.9106840570148,324.0528106689453,284.9850654602051,612.6754794085643,326.6539001464844,197.72568225860596,726.9079017087878,307.2876167297363,239.6976900100708,806.7150387392502,310.1097106933594,260.67492485046387,785.7492110453616,317.00069427490234,270.20341873168945,696.4433526586488
396,15.84,394.90753173828125,190.01256465911865,518.9573750693061,405.18726348876953,229.74703788757324,527.5600534184504,388.47103118896484,271.90924644470215,482.44570070667135,365.4804229736328,300.741491317749,444.2559073734283,345.25062561035156,319.3315315246582,496.43364181867344,375.6748962402344,247.53710746765137,658.0267607759614,339.7227478027344,297.4237632751465,599.9863272054987,330.5623245239258,322.7302837371826,585.4821167646115,328.7067413330078,335.41173934936523,477.6775093629881,352.0444107055664,231.97325706481934,649.7883669214879,314.9922180175781,288.6302947998047,650.0395005975039,314.9131774902344,314.5620059967041,636.18231231882,323.1056594848633,323.4055709838867,541.6861676525202,332.53257751464844,222.52225399017334,610.9520114186,300.8640480041504,276.66126251220703,608.0557879443196,306.10130310058594,299.478063583374,608.3876302425383,316.44752502441406,306.9394111633301,580.8580210490535,319.5978355407715,219.40618515014648,569.9957529173415,297.1410942077637,262.0235824584961,613.0851250578667,302.093563079834,282.34737396240234,577.6859403426915,311.29608154296875,290.1735591888428,519.2236490062415
397,15.88,390.1190948486328,205.53789138793945,406.1749145094263,399.74639892578125,247.62582778930664,467.2085559088587,380.94093322753906,287.4386215209961,431.4683255820237,354.6411895751953,315.58974266052246,459.5919036248192,333.6741256713867,336.8566703796387,525.0868039686385,367.02579498291016,266.9691467285156,531.7489435786505,328.6708068847656,317.25351333618164,567.5409597208578,319.50695037841797,339.9773597717285,512.1541084225589,317.4053764343262,349.9848747253418,461.0430587670832,344.9606704711914,248.8802146911621,458.2743391565889,306.9293022155762,305.25389671325684,461.8947064856223,307.63179779052734,328.3735942840576,390.33516155243626,314.07846450805664,335.3616142272949,374.5307223609383,326.732177734375,236.94690227508545,388.6797490820801,292.05034255981445,290.64863204956055,413.315791975399,297.1949005126953,311.78369522094727,379.7635588899594,305.86090087890625,318.06467056274414,383.9335941136989,314.4298553466797,230.50708293914795,306.12288281054583,288.1073760986328,271.91365242004395,334.87082091415294,291.839599609375,290.9918403625488,335.2895821122101,299.60981369018555,297.56741523742676,345.72203754802797
398,15.92,387.0296096801758,214.37883853912354,234.1303925381991,393.9994812011719,257.5440216064453,286.5720153030443,374.52880859375,295.23613929748535,252.38441140687365,348.4078598022461,320.3048515319824,195.394875393483,328.0458450317383,337.468900680542,141.53702894469347,361.7197036743164,280.7138442993164,368.3335074086315,322.7535629272461,324.88560676574707,241.4314423527117,310.6048583984375,345.83659172058105,266.4322623230046,306.3939094543457,356.074161529541,314.57493029780966,340.3466796875,261.7573356628418,341.96962170569884,300.3388977050781,313.1833076477051,257.76562680483164,298.20281982421875,334.79942321777344,285.2596437617319,302.8243637084961,339.9853992462158,304.17323672936226,322.55970001220703,247.32250213623047,279.5785252176262,286.2698173522949,297.09654808044434,216.49205068560957,290.22884368896484,316.9270420074463,216.47742930504273,298.2373237609863,320.8382320404053,202.81082833400137,310.48656463623047,237.3058032989502,196.4881360252838,277.7508354187012,274.32809829711914,265.85649765005314,279.49302673339844,293.9681911468506,317.50642293996776,287.4226951599121,300.8833694458008,315.75446392625196
399,15.96,384.4397735595703,218.06528091430664,112.63078097576846,390.1998519897461,261.13494873046875,130.69989420990206,370.13580322265625,296.9008541107178,117.44618874152002,344.35184478759766,321.0237693786621,102.98088617957255,324.41761016845703,336.7837429046631,92.30902380380005,356.2150192260742,284.51282501220703,167.2083381063022,317.24437713623047,327.3698329925537,151.08463692969087,305.54365158081055,346.953706741333,129.57565459120588,301.0638427734375,356.81922912597656,134.5472420429578,335.3357696533203,266.24650955200195,168.19241506708914,295.9749221801758,316.49757385253906,136.995991863018,294.03697967529297,337.6762390136719,126.56592469423973,299.05067443847656,342.59925842285156,114.76331758761003,318.8462257385254,251.84597969055176,146.31246607377628,283.09120178222656,299.9384593963623,106.59519474929323,285.98628997802734,319.64158058166504,125.91659357763156,294.0460968017578,323.8740348815918,129.3794861886924,308.44268798828125,241.2019443511963,109.99246238671718,274.81746673583984,272.5876522064209,85.2709080820446,272.9343605041504,292.3576354980469,168.83792562057172,278.7161064147949,301.59467697143555,218.3899121591728
400,16.0,385.3412628173828,216.3059663772583,49.420836459818155,389.26342010498047,260.0929641723633,35.02353221528304,368.36292266845703,295.87157249450684,51.25015917614017,342.2506332397461,320.29672622680664,55.58597908580845,322.79483795166016,337.16514587402344,41.67476674083444,354.4112777709961,282.8917407989502,60.62898060765725,315.1791572570801,325.67378997802734,66.80987509512367,303.4159469604492,344.932336807251,73.37005248191245,299.23431396484375,354.72996711730957,69.42708136209215,334.0706253051758,264.39419746398926,56.07835084192474,295.11486053466797,313.85539054870605,69.46599278211387,293.0141258239746,335.0931644439697,69.45549039582265,298.3872604370117,340.55222511291504,53.79627954915467,318.07031631469727,249.79863166809082,54.736124720448586,281.98970794677734,296.8699836730957,81.50472353569886,283.6242866516113,317.32091903686523,82.78182816715022,292.1730613708496,323.2009506225586,49.757563151216985,307.48266220092773,239.16460990905762,56.30486847016557,273.056583404541,265.54306983947754,181.53314234440663,268.32494735717773,285.47407150268555,207.1082791043721,272.71507263183594,297.34880447387695,183.77948697035578
401,16.04,388.85494232177734,213.8071632385254,107.79019199857554,390.24620056152344,258.0439853668213,56.81203421878972,368.78284454345703,292.33028411865234,89.15245980224572,342.93338775634766,314.58824157714844,143.7292392080574,323.5070037841797,329.9517345428467,181.21203603402955,356.0809326171875,280.70591926574707,68.76392168328948,315.7690238952637,321.3439178466797,109.24666849801162,302.79102325439453,339.46964263916016,137.4580781831378,297.9983901977539,348.8050174713135,151.31204484782182,336.6580581665039,260.9431457519531,107.832528519425,296.0940742492676,309.0135955810547,123.49554143681176,292.8261184692383,328.9877414703369,152.70792475424756,297.80988693237305,333.6918640136719,172.1153584370589,321.2118148803711,245.2777862548828,137.6296127479807,283.79528045654297,290.5653190612793,163.95290473850918,284.31079864501953,309.24739837646484,202.56640048852694,292.0984077453613,314.0215587615967,229.49238563198068,310.9594535827637,233.4660243988037,166.8868537559288,275.5678367614746,258.91270637512207,177.25002308210372,269.7511863708496,277.8767681121826,193.25044717197136,273.0043029785156,289.08373832702637,206.75313269279627
402,16.08,389.86141204833984,211.32851600646973,66.87989893955432,391.62975311279297,255.46242713928223,73.22337632332253,370.1292419433594,289.3272399902344,82.27643950309161,344.4599151611328,311.1691188812256,93.61051599357992,324.77977752685547,326.23300552368164,98.26271710962241,356.6586685180664,279.57727432250977,31.69797094314063,316.56015396118164,319.9811840057373,39.393291802419775,304.6678924560547,337.9658317565918,60.125312736564304,301.2335014343262,347.1536350250244,90.80545377656215,337.5591278076172,259.75184440612793,37.34238036987046,296.97460174560547,307.43860244750977,45.11050350611766,294.1463279724121,327.028284072876,59.06789750329106,299.3281555175781,331.81800842285156,60.293419375942115,322.53440856933594,243.50343704223633,55.32613077532189,285.06019592285156,289.11961555480957,48.02388575962454,286.4747619628906,307.0053291320801,77.9006247476061,294.7071838378906,311.1572456359863,96.85686082596372,312.6885414123535,231.09463691711426,73.37073373776649,277.1009063720703,257.87487030029297,46.28313778492077,270.9274482727051,277.2527503967285,33.288419260281046,273.7316131591797,288.7738609313965,19.764300190304457
403,16.12,389.0596008300781,211.2597942352295,20.118770954831223,392.33837127685547,255.7046127319336,18.721537792860428,371.58531188964844,291.07349395751953,56.84157043235051,345.7617950439453,314.94114875793457,99.75939999586845,326.27498626708984,332.5232219696045,161.63707826762626,355.85506439208984,281.2107467651367,45.51106879175259,317.6360511779785,322.770938873291,74.75078194470144,307.7451515197754,340.17723083496094,94.73584732383216,305.47372817993164,348.21510314941406,109.2767056411247,336.5351104736328,261.64875984191895,53.89167184525526,299.08281326293945,309.8064708709717,79.2596866029938,297.730770111084,328.9720058441162,101.9383384989422,303.30434799194336,333.37108612060547,106.71854609339026,321.6964340209961,245.69890022277832,58.748722968998045,286.7500305175781,291.5873050689697,74.77061795848802,289.24821853637695,309.5343589782715,93.83513910025076,297.74940490722656,313.4220314025879,94.81680891102762,312.14149475097656,233.54092597961426,62.66772607885378,277.4289321899414,262.4711608886719,115.19952286687898,272.82079696655273,281.81674003601074,123.52826271740946,276.8170928955078,292.06323623657227,112.75020815277831
404,16.16,388.01937103271484,213.91971588134766,71.40229860975423,390.4869842529297,257.7054691314697,68.14992775090383,369.5186996459961,292.3696231842041,60.985844350757525,344.56607818603516,315.889892578125,38.15964524730336,325.93448638916016,332.7773666381836,10.62219608406477,354.2246627807617,283.23941230773926,65.06579985850958,317.29623794555664,323.7607669830322,26.163341717979925,306.9898986816406,341.4601707458496,37.21845698425087,304.15266036987305,349.9408149719238,54.33289434773253,334.6163558959961,264.2355251312256,80.5177534428104,298.46174240112305,311.61312103271484,47.76056049663241,296.6514587402344,330.9989547729492,57.409902212850774,301.6017723083496,335.65629959106445,71.24326531299256,319.43456649780273,248.6715030670166,93.38232020185345,285.6198501586914,294.22070503234863,71.64191776963285,287.23426818847656,312.6105308532715,91.91990198111723,294.91039276123047,317.1181583404541,116.51540752710989,309.7212219238281,236.67091369628906,98.91455802979738,276.26487731933594,264.6064567565918,60.79942529198059,271.76177978515625,283.53858947753906,50.53639090907872,275.7137680053711,293.9145755767822,53.879397534007936
405,16.2,386.4082717895508,217.1656608581543,90.59456234985932,388.2151794433594,260.98923683166504,99.8255584808846,367.36610412597656,294.5812225341797,77.15584536192232,343.19236755371094,316.3992691040039,36.62773322972865,325.1483917236328,331.31738662719727,41.453938712520014,351.4600372314453,286.21524810791016,101.54664303139165,315.2949905395508,326.76727294921875,90.29143544918983,305.48839569091797,344.0376091003418,74.57253055899872,302.1551513671875,352.6121234893799,83.38889093894294,332.1931838989258,267.48656272888184,101.36878214211293,296.51538848876953,314.17073249816895,80.3495098007609,294.44387435913086,333.15367698669434,77.12107614855864,298.4773254394531,338.27362060546875,101.89620187045547,317.62598037719727,251.88766479492188,92.24518962962708,283.4528350830078,296.12792015075684,72.16917557952281,284.33155059814453,314.4500255584717,85.91241972090876,291.3767433166504,319.73599433898926,109.94243866794471,308.7154197692871,239.66773509979248,79.02759209041938,275.51904678344727,264.3390655517578,19.8078463728164,270.02065658569336,282.5753116607666,49.745691697835824,273.02480697631836,293.4239959716797,68.33364729722697
406,16.24,385.2640151977539,219.13121223449707,56.85901072451913,386.94347381591797,262.69174575805664,53.125863800678715,365.76053619384766,294.14073944091797,41.62236283035017,341.25423431396484,313.66430282592773,83.8018533402697,323.5954284667969,326.792049407959,119.60970859661053,348.85597229003906,285.59057235717773,66.94855306788868,316.9269561767578,326.6799259185791,40.85753713198242,305.4523277282715,345.1677703857422,28.26841688337149,300.09281158447266,354.81794357299805,75.49373989221537,329.3986129760742,267.22686767578125,70.16528772945864,294.8723602294922,314.66257095336914,42.87661751174564,289.8995590209961,335.1609992980957,124.1977877073919,292.1467971801758,342.2709274291992,187.17313155964587,315.24131774902344,251.6850471496582,59.831376385958144,280.15689849853516,293.7096691131592,102.19814103528076,276.9993782043457,313.3114528656006,185.50117888664712,282.06409454345703,321.0359001159668,235.07336913435046,307.81354904174805,239.09166812896729,26.753784359268156,274.1353416442871,260.105037689209,111.3598666850462,267.1899223327637,277.01611518859863,155.96017485818732,269.8859214782715,288.26022148132324,151.07359373229522
407,16.28,389.4973373413086,215.95739364624023,132.27372377544197,388.9228057861328,259.9584102630615,84.36852929452863,366.6520309448242,293.35344314575195,29.734222154372237,339.45934295654297,317.7033805847168,110.49825826255197,319.8327445983887,335.57278633117676,238.82411259169797,352.7613830566406,284.8982906341553,99.15734730693924,317.564754486084,323.70649337768555,76.02667195885938,300.8767890930176,342.8641891479492,128.0674634758302,291.8003845214844,354.64611053466797,207.35518016805457,335.46627044677734,264.149751663208,170.0829028308954,294.0582847595215,309.02735710144043,142.34279492605438,280.6190299987793,330.84033966064453,255.9251827132638,277.19560623168945,342.3611640930176,373.7865813482312,322.3446273803711,245.60093879699707,233.81801439062247,278.85549545288086,282.5876712799072,279.9469656136893,269.14215087890625,303.3763790130615,316.6639718406542,271.59778594970703,315.82746505737305,292.26637180318227,315.42022705078125,229.25212383270264,310.92420930516124,279.079532623291,247.77159690856934,332.1885627230496,268.68303298950195,263.24764251708984,346.2298903360217,269.80920791625977,275.3302574157715,323.2547908645905
408,16.32,398.02661895751953,204.01788711547852,366.82800898951234,399.32884216308594,247.37199783325195,408.276385347396,376.9490051269531,283.73459815979004,352.26930054593345,351.3606643676758,312.68162727355957,322.935227299151,336.3904571533203,337.69426345825195,417.3266932605409,361.84776306152344,271.0199546813965,414.7066059357291,326.5799331665039,312.46779441833496,360.1924840786571,308.5210418701172,333.5038375854492,302.1286790154479,297.10819244384766,349.27459716796875,188.7888714763975,343.13758850097656,250.4048252105713,393.5194752781267,302.55653381347656,296.3897895812988,380.72984993396756,286.56543731689453,321.05767250061035,286.2039665572282,280.5371284484863,336.44471168518066,169.87160559439133,329.6735382080078,232.22047805786133,381.4033818601735,287.26240158081055,269.26185607910156,393.90149578435614,276.08015060424805,291.98015213012695,333.5508088696566,276.71775817871094,307.4495029449463,245.46431102992022,322.6074981689453,217.02022075653076,354.6797137831348,288.6736488342285,232.16425895690918,458.0093229170567,278.15914154052734,247.28038787841797,464.18601737813924,278.1808662414551,261.163330078125,411.38978878307074
409,16.36,404.2736053466797,186.58284187316895,463.0102871074611,407.76145935058594,229.1744041442871,501.4114133495901,386.74755096435547,264.7475051879883,534.1589183283371,361.16737365722656,293.82290840148926,531.4031100454382,346.5284729003906,319.2794895172119,525.5254885513718,376.45606994628906,249.19618606567383,656.5437469392709,342.21893310546875,292.34596252441406,637.1157851296315,323.18531036376953,316.1386013031006,568.2166189027969,310.89420318603516,333.43082427978516,525.0471594985842,354.86351013183594,229.64359760284424,596.0944817481243,314.8994255065918,274.46253776550293,629.0624708352192,299.1731834411621,301.9478416442871,572.3530912444193,293.1821823120117,319.09512519836426,536.7177671242708,337.55542755126953,213.95453453063965,497.34851497659207,297.51434326171875,248.5964584350586,576.7153587424864,287.7296447753906,272.9450798034668,557.9228737719199,289.565486907959,288.51917266845703,571.9601919481107,326.7683792114258,203.12519073486328,362.6161799622932,292.9368591308594,222.4928855895996,264.2328812373711,285.2490997314453,239.66043949127197,260.2055924789733,288.8882637023926,253.2051658630371,333.523554322626
410,16.4,406.86668395996094,164.11259651184082,565.4842964734657,415.0562286376953,204.1005563735962,652.8358814529577,393.9677047729492,238.3105230331421,685.1298446624036,365.53478240966797,265.0037384033203,728.7055383496232,347.6226043701172,288.2318687438965,776.6723405644807,384.4887924194336,215.56344509124756,864.467283860201,350.6475067138672,258.32096099853516,876.3352604412638,333.70147705078125,281.14477157592773,913.4953067624997,325.17578125,295.7534694671631,1007.3314181766772,362.43438720703125,196.50464057922363,849.8193382644231,323.51383209228516,242.24790573120117,833.6630456639458,309.4310188293457,271.49614334106445,803.3247772544914,306.4539909362793,290.1603126525879,795.8345781388871,344.4889450073242,184.16778087615967,764.57682641531,307.11669921875,222.80615329742432,687.9975831252146,299.68788146972656,251.03590965270996,624.0047884094004,303.35140228271484,268.32921981811523,611.1902623257726,333.60687255859375,179.06025409698486,625.4429263751628,302.44007110595703,207.42540836334229,445.35092048814624,297.49298095703125,228.97932529449463,406.20101854781694,302.9220962524414,242.96513557434082,434.3146010930811
411,16.44,409.65885162353516,140.61681747436523,591.5275948969893,418.25252532958984,178.71758937835693,639.5854741666773,397.9652404785156,209.14124965667725,736.0480627259587,367.8121566772461,226.61802291870117,961.3303239589256,347.8267288208008,238.5796308517456,1241.3164369153899,389.0544891357422,178.81140232086182,925.8638649598998,352.82413482666016,218.61612796783447,994.1112475275405,334.97684478759766,243.4101390838623,943.9044748329119,328.12732696533203,259.5102310180664,909.0805641511423,366.1073684692383,161.44709587097168,881.2357205664414,325.3564453125,203.1274652481079,979.0952734127028,313.55873107910156,233.7275791168213,949.8363187865467,315.38713455200195,252.94392585754395,956.8374015923002,347.1089553833008,152.6919937133789,789.616058555873,311.47193908691406,189.7721242904663,832.9972939413537,305.61113357543945,220.3359317779541,781.6543181844883,312.21792221069336,238.887619972229,768.6932812891499,335.56079864501953,151.6556739807129,686.8537137285787,306.8087577819824,181.1582851409912,665.6984985953931,304.2545509338379,204.4211196899414,636.8007395698645,311.93737030029297,218.60612869262695,649.3440836823578
412,16.48,414.11128997802734,126.26472473144531,375.6717095765994,415.29197692871094,161.8524169921875,428.076282957517,386.5484619140625,186.49658203125,633.9971434556257,353.43875885009766,197.9425048828125,801.9039452001297,330.6477737426758,203.98093700408936,965.7206226246554,386.14917755126953,148.039870262146,772.7095268612611,340.30853271484375,178.43409061431885,1052.151492805524,321.97181701660156,196.8751573562622,1207.951590429138,313.7889289855957,210.21400451660156,1283.4785749840723,368.3662796020508,130.83811283111572,767.3055626020729,322.4799346923828,164.45734977722168,969.4238443140215,312.9706382751465,188.4404468536377,1132.273763762862,314.28699493408203,203.01119327545166,1248.6212622062528,352.0103454589844,121.5342378616333,788.5228969372882,309.40025329589844,153.16379070281982,916.6726412960564,307.4648666381836,174.87370491027832,1137.5001093505257,315.1701545715332,186.5889072418213,1309.549309201953,339.93221282958984,120.02564907073975,798.2667700158984,306.52204513549805,142.7149200439453,961.1108560301527,304.35747146606445,160.7565450668335,1091.6173979618825,311.2562942504883,170.88841438293457,1193.0643642337152
413,16.52,410.9709930419922,113.77397060394287,321.9864161732905,398.10874938964844,145.4906988143921,593.1742631748261,367.5130081176758,162.39995956420898,767.7058826275363,338.30089569091797,166.70854568481445,867.7251538535462,317.9495620727539,166.33439540863037,993.2606259539725,367.05322265625,127.82255172729492,695.2497132740568,320.5667495727539,147.023606300354,927.4819831360386,304.17192459106445,164.38048839569092,926.2625441855729,296.9409942626953,177.13342666625977,928.0953397077658,357.89058685302734,107.52506732940674,638.9631391640951,308.19684982299805,130.16521453857422,928.6943296275338,298.1139373779297,152.85090923309326,964.1501275713983,299.51831817626953,167.30538368225098,965.9899882641943,349.5412063598633,95.7199501991272,648.3026373796343,301.4664077758789,117.44800329208374,914.6595593116969,295.6680679321289,138.71028900146484,950.9722360251235,299.7760009765625,151.72709941864014,952.7347511263182,343.0302429199219,92.57845401763916,690.5370675801697,305.7575035095215,111.73267364501953,774.7919542615942,299.5696258544922,129.32557582855225,794.8385421180022,302.0595359802246,140.42012214660645,795.6511462632179
414,16.56,403.1114196777344,100.64895629882812,382.45824443461925,385.1945114135742,130.8075714111328,488.8582187371797,353.0678176879883,144.1407823562622,582.0551299389186,321.6322708129883,149.03400421142578,607.3675121043234,297.6167678833008,156.53802394866943,564.2425305953304,340.4035186767578,114.04287099838257,750.0359671314604,293.93848419189453,129.76502895355225,793.3012547375258,286.4083480834961,147.2021484375,617.7782844897781,288.31281661987305,158.81810188293457,506.14756454688194,335.7619094848633,92.5676679611206,667.7397312607579,288.4560966491699,113.9024305343628,639.4213592370254,289.69594955444336,133.0968189239502,536.8231802338086,298.3489799499512,142.81421184539795,612.9767786332694,335.07198333740234,80.2457857131958,529.6273344363079,292.24796295166016,101.41377925872803,462.38246163823044,294.99582290649414,117.58197069168091,528.4752524799776,304.30004119873047,125.85541248321533,656.606391234707,335.8736038208008,75.66333532333374,459.1695789939088,307.87425994873047,93.66724491119385,454.7254481826557,307.25576400756836,107.27762460708618,583.7319979945421,312.43051528930664,114.06874179840088,707.9691280721578
415,16.6,396.9990921020508,99.76768970489502,154.38826704538735,374.3357467651367,128.88373374938965,275.69675487627865,342.4724578857422,140.18674850463867,282.7278207910804,312.6811981201172,146.4939308166504,232.6124394834522,291.1775207519531,156.07749938964844,161.39235283934323,324.1058349609375,111.85687065124512,411.0908445971824,285.4524040222168,128.73528957366943,213.70821205074094,280.81491470336914,143.43000411987305,168.66306970355822,283.2839775085449,153.66418361663818,180.0209993016214,321.70902252197266,90.99992036819458,353.5016482519094,280.9536361694336,112.37753391265869,191.3965499899522,282.6916694641113,129.12407398223877,201.31232257942418,290.18054962158203,138.15035820007324,235.1525898943457,324.08946990966797,77.71186351776123,281.7760224039674,288.61183166503906,98.60472679138184,114.87010734370935,290.1412773132324,113.97876262664795,151.14091371336082,297.55680084228516,123.0366325378418,182.71701290046985,328.10455322265625,70.7746696472168,229.47930093117037,304.6005630493164,87.91354179382324,165.49582878443167,303.63170623779297,102.46666431427002,150.58040555157558,307.8630065917969,111.44267320632935,131.7155361757202
416,16.64,391.91707611083984,100.6235933303833,128.83967156665992,369.29603576660156,129.8958921432495,128.5086367793455,337.8801727294922,142.88164615631104,133.11544874023662,309.34619903564453,151.11602783203125,142.49122717080274,289.50090408325195,160.73096752166748,123.65731152433783,316.1009979248047,116.88561916351318,236.3336195596728,280.9988021850586,133.2936143875122,159.3206170596607,277.3897933959961,147.3253297805786,129.67511801896526,279.81372833251953,156.30917072296143,109.08307080019652,313.0735778808594,96.7732572555542,259.6901073451289,277.07361221313477,118.71040105819702,185.67409651135307,277.7427291870117,135.0226879119873,192.49294818012527,284.384765625,143.9875602722168,205.64538677975705,315.58876037597656,83.79606485366821,261.3421709082322,284.12410736083984,105.73110580444336,210.54237588355002,284.98653411865234,119.72867488861084,193.05580220227264,292.0404624938965,127.6179313659668,179.2663655822024,319.6759223937988,76.91829442977905,260.7512501385167,298.40816497802734,93.05151700973511,201.1600469660742,297.7614974975586,105.7532787322998,168.19108364209833,302.54032135009766,113.43588352203369,142.09122409748096
417,16.68,387.3405456542969,104.90232467651367,156.62888652804438,366.03973388671875,135.9800148010254,172.51820637216483,334.3659973144531,150.9290599822998,219.53117394572374,306.3495445251465,160.0753927230835,236.18075374899297,287.7263069152832,168.89596939086914,208.89059731206981,312.4293899536133,126.42162322998047,255.46046495714955,277.1951103210449,142.7254056930542,254.24736850612302,278.2696723937988,155.60136795043945,208.06698867156928,284.95105743408203,160.7135009765625,169.1712802172451,308.6659812927246,106.42614126205444,265.28884885946184,274.27398681640625,128.7682056427002,261.00447244977954,276.9628143310547,142.6570701599121,191.85290506331256,285.0885772705078,148.02254676818848,102.39771376545177,310.4245185852051,92.77230262756348,258.89457053868335,280.02737045288086,115.79452514648438,271.6335561777099,281.54951095581055,128.51487636566162,235.86339348397246,288.9530372619629,134.01114463806152,177.49184929396822,314.3453788757324,84.71132755279541,236.04297735585922,293.7524604797363,102.2281265258789,257.25200021961456,293.5752487182617,113.84790658950806,227.82624819812852,298.616943359375,119.54423189163208,181.49520424528828
418,16.72,385.8697509765625,105.08862018585205,37.06365302465653,364.3663787841797,136.22673511505127,42.28613996147663,333.50738525390625,151.07741832733154,21.78337768025638,306.9605255126953,159.93046760559082,15.698348974223514,288.78074645996094,168.2471752166748,30.951339165784674,312.54127502441406,125.20447254180908,30.557057969315537,276.6505813598633,142.25927352905273,17.919803707808946,276.40079498291016,154.89553928375244,49.94307311609333,282.304630279541,160.6675672531128,66.17064394069516,309.1341781616211,105.48329830169678,26.317308419798547,275.0988006591797,128.04096221923828,27.49091750241443,276.1700439453125,142.02837467193604,25.295045230134633,282.6338577270508,148.858380317688,64.82797312647358,310.99369049072266,92.1703290939331,20.71124080695593,280.97888946533203,114.6975588798523,36.3036105400067,280.77049255371094,128.21720123291016,20.848863210443135,286.4860534667969,135.5925750732422,73.25866530199441,314.45343017578125,84.54390048980713,4.981647873891968,293.05858612060547,102.16449737548828,17.419642200664843,291.9725227355957,114.92915153503418,48.33361412967774,296.12972259521484,122.64395713806152,99.35593758371184
419,16.76,385.49427032470703,113.89763116836548,220.4252427269277,366.9990921020508,146.0967206954956,255.37692090843257,339.0903091430664,162.77921676635742,324.13454561700115,313.2805824279785,173.18501472473145,367.10534825334713,296.3888359069824,183.15505027770996,418.42544427689984,314.20129776000977,141.75132751464844,415.7478840707379,278.5984420776367,155.79856395721436,341.9672377161606,281.138973236084,166.4630126953125,312.5067742125743,288.99133682250977,168.95750999450684,266.26489987343064,310.3991889953613,121.16887092590332,393.41250691762605,276.38477325439453,140.072979927063,302.5136108890918,281.06983184814453,151.9055414199829,275.64282194248,290.02553939819336,154.66120719909668,234.93317898806944,312.30010986328125,105.8369493484497,343.2229967147451,282.3581123352051,125.2131700515747,265.1418653754463,285.13065338134766,136.81264400482178,240.9520684805194,293.26345443725586,140.43278217315674,208.2077818617162,316.2414741516113,95.25682926177979,271.52801896496544,293.9730453491211,111.08954429626465,224.2943075217764,295.1724433898926,122.16819763183594,197.86877056747818,301.7278480529785,126.09877109527588,164.4588628651266
420,16.8,384.8413848876953,118.65912437438965,120.15114685489978,368.16444396972656,150.6045913696289,116.40162957999787,341.5898132324219,166.84317111968994,119.27710823612342,316.57398223876953,176.66281700134277,119.74345229730004,299.089412689209,183.6696481704712,68.72920570950657,316.2673759460449,148.10289859771729,166.97891763274845,278.55602264404297,160.93904972076416,128.51651959379734,286.7187690734863,168.70330810546875,150.3185058298289,298.01610946655273,168.66622924804688,225.7368015935879,312.0809745788574,126.28503799438477,134.63740244975884,276.0415458679199,143.74902248382568,92.30077842966915,285.157470703125,153.07727336883545,106.30659424721675,296.7743110656738,153.14020156860352,172.9511801560252,313.6966896057129,109.73048686981201,103.41079914359328,284.13646697998047,128.04473876953125,83.59248862451797,291.185302734375,136.32030487060547,151.865846660785,301.7807960510254,136.0845422744751,239.07673765725445,317.75156021118164,98.82488250732422,96.86125344516235,294.73764419555664,114.09600734710693,77.5541402507406,299.3004608154297,122.9157543182373,104.87900428863675,308.69876861572266,123.03412914276123,190.37095988687764
421,16.84,385.7114028930664,122.4027156829834,96.08397113803817,368.7142562866211,154.43604469299316,96.76753120535817,342.1535110473633,170.28273582458496,87.1362459948832,317.04450607299805,179.65556144714355,75.73767224955049,298.8318634033203,185.86677074432373,55.30415467662766,317.1386528015137,151.81304454803467,95.27691985579453,278.6918067932129,164.9040699005127,99.18361243477581,285.1310920715332,173.3402395248413,122.53022905209778,295.6998062133789,173.83512496948242,141.60407775673863,313.05139541625977,129.97475624084473,95.3799551134967,277.1567916870117,147.4066972732544,95.59798017683251,285.78208923339844,157.05445289611816,100.64822806623854,297.0245933532715,157.2671413421631,103.36305287091537,314.9081611633301,113.45030307769775,97.80304173236662,285.23101806640625,131.33886337280273,86.78025042699221,292.188720703125,139.85256671905518,91.80046767998964,302.65357971191406,139.82032299041748,95.90949143698323,319.35571670532227,102.5916051864624,102.35208168140583,296.04162216186523,116.61253452301025,70.85754883778367,300.5990409851074,125.82836151123047,79.72449089581794,310.0375175476074,126.65007591247559,96.39540881192904
422,16.88,386.30374908447266,125.2452564239502,72.5900814270171,368.78150939941406,158.0981969833374,91.56924421869869,342.1012496948242,173.49510669708252,80.31989896439089,316.71464920043945,181.32476806640625,42.53716238599882,298.45287322998047,185.35340309143066,15.952662366457455,318.08019638061523,155.1761770248413,87.31109740426382,278.84098052978516,165.71569919586182,20.630604037931164,283.9564514160156,173.55247020721436,29.841482580203,293.64471435546875,174.24748420715332,52.4013518751016,314.1987991333008,132.82869815826416,76.89895869696177,277.98919677734375,148.78469467163086,40.247477128565016,285.7600402832031,158.41358184814453,33.98269471768872,296.83780670166016,159.269757270813,50.28269962734749,316.13433837890625,116.28298044204712,77.16691168538252,286.5729522705078,133.6175537109375,66.1117286552017,292.9474449157715,142.08027362823486,58.83419766631768,303.26488494873047,142.5063943862915,68.86886831277516,320.3214645385742,105.69243907928467,81.19359468388704,297.8342819213867,120.11435508728027,98.35006443106693,301.95560455322266,129.21260833740234,91.15025814140608,310.7269287109375,130.4753065109253,97.17148785600652
423,16.92,387.50389099121094,127.29649543762207,59.41339331076245,369.42840576171875,160.1937961578369,54.829342074557076,343.2154846191406,175.4565668106079,56.39617254032751,318.45252990722656,182.84613132476807,57.74283242812558,300.17141342163086,185.22960662841797,43.07483280997889,319.0270233154297,155.0454568862915,23.895200866395392,280.4568862915039,165.47879219055176,40.82949577144593,287.1335792541504,173.4012222290039,79.51814749934303,297.2519111633301,173.8758087158203,90.65736139960791,315.51395416259766,132.87112712860107,32.89598159928423,280.3970718383789,149.573392868042,63.34383925537487,288.3716583251953,159.2070436477661,68.23731761615957,299.7136116027832,160.28237342834473,76.22190183855326,317.7580451965332,116.6632890701294,41.69126468909637,290.6642723083496,135.14883041381836,109.21225890677142,297.53856658935547,142.9343605041504,116.7472232358862,308.37833404541016,143.00522804260254,128.4430727039292,321.8914031982422,106.63248538970947,45.74654673349226,301.46509170532227,122.66664505004883,110.95315380029538,306.3524627685547,131.37365341186523,122.48080966929345,315.28276443481445,132.22419261932373,121.99959467940475
424,16.96,389.47052001953125,128.39279651641846,56.288907601776984,371.93748474121094,160.60893058776855,63.579742844341865,345.4434585571289,176.7971706390381,65.00522331492223,321.11358642578125,185.39308547973633,92.08758488000869,304.0138053894043,187.16850757598877,107.59679630018259,320.4421615600586,158.9805793762207,104.54605821765222,281.82178497314453,167.58108615875244,62.6627298513503,289.0682601928711,175.04030227661133,63.39151035979684,300.4345512390137,175.74321269989014,92.25100098056906,316.69179916381836,136.0360336303711,84.42434487400072,282.6273727416992,151.54991626739502,74.50204220162965,291.2922668457031,160.899338722229,84.38682046502505,303.1003761291504,162.11334228515625,96.25039256956585,318.68858337402344,118.8519287109375,59.45610133264015,293.3019256591797,136.82198524475098,78.08914092008206,300.7741355895996,143.89474868774414,84.37732299960462,311.8320846557617,143.8425636291504,88.84510454649156,322.74085998535156,107.67357587814331,33.591723667013476,303.27274322509766,123.59729290008545,50.82881464855875,308.9479637145996,131.48550510406494,64.94774804587156,318.36193084716797,131.96486949920654,77.2516758539634
425,17.0,389.94407653808594,132.42509365081787,101.50023385549218,373.19019317626953,164.33471202850342,98.26852804748611,346.85192108154297,180.81051349639893,106.33287230852022,323.07605743408203,189.55158233642578,114.95756979620009,306.6786193847656,189.37249660491943,86.45374944703214,319.73438262939453,162.92587280273438,100.20694597925821,282.62096405029297,171.4549684524536,98.88646021701885,288.30114364624023,178.64144325256348,92.04850665816247,298.94683837890625,179.44514751434326,99.74220183988413,316.19089126586914,140.36094188690186,108.84547576046701,282.0729446411133,154.8273754119873,83.10057522059837,289.5293998718262,163.88166904449463,86.60973573555066,300.9146308898926,165.14273643493652,93.3900127344365,318.2033348083496,122.97264575958252,103.72974249667446,290.97808837890625,139.58903789520264,90.33548609060078,297.3572540283203,147.23263263702393,119.41667822866616,307.5920867919922,147.81708240509033,145.28932639966476,323.07567596435547,111.36251449584961,92.6025440559046,301.60091400146484,125.95303058624268,72.2171767958206,305.8497428894043,134.42286014556885,106.73280576257451,314.75399017333984,135.53492546081543,126.89201973253306
426,17.04,389.81529235839844,135.56954383850098,78.67715816772242,373.7055969238281,167.77911186218262,87.0686914067233,347.63519287109375,184.83790397644043,102.57128245467581,323.1533432006836,193.89495849609375,108.60159285805638,306.58905029296875,193.37632656097412,100.12079248090215,317.5887870788574,166.22024059295654,98.28669608515797,281.67428970336914,175.3787326812744,100.90873984229931,289.36418533325195,181.36114597320557,73.001885750441,300.08386611938477,180.9995698928833,48.14730660641719,314.1167449951172,143.75980854034424,99.54388881404542,280.21759033203125,158.11114311218262,94.29166824630926,288.9632987976074,166.64660453796387,70.55732912531838,300.71556091308594,167.65703201293945,63.054099337547456,316.9265365600586,126.89103126525879,103.02899694361803,290.2789115905762,142.5431728363037,75.89368152049043,296.87646865844727,150.11043548583984,72.94220232715496,307.12575912475586,150.85958003997803,76.95068774679379,322.83226013183594,116.08680725097656,118.26398781874121,301.75933837890625,129.4231653213501,86.84372949142166,305.84056854248047,138.36999893188477,98.67873620707559,314.9530792236328,139.8451280593872,107.86995321532271
427,17.08,388.5912322998047,136.37550830841064,36.63930397982222,372.65636444091797,169.71450805664062,55.03775540888017,346.4820861816406,187.9738712310791,83.53122791592507,321.9294738769531,196.77984237670898,78.34383800833544,306.55492782592773,193.4311294555664,1.613943155105361,317.71860122680664,167.02450275421143,20.366782653289842,280.7933235168457,177.9700756072998,68.42495698783577,287.84379959106445,185.4978847503662,110.18218014812892,297.9640579223633,185.7650899887085,130.3930801841907,314.0883445739746,144.7597360610962,25.0082690159453,277.6397895812988,160.44596672058105,86.94990652960523,285.4336738586426,170.61171054840088,132.71284292544536,296.7824363708496,172.48645305633545,155.70961811802482,316.7847442626953,128.12703609466553,31.102783174383458,288.63624572753906,144.6374273300171,66.54065027309495,294.1816711425781,153.9016628265381,116.28450670766601,303.7697219848633,155.84866046905518,150.32030138203842,322.7277374267578,117.96227216720581,46.959381702991664,302.2149848937988,131.9168758392334,63.374905786594425,305.2499771118164,142.24266529083252,97.93602173644881,313.6613655090332,144.96548652648926,132.01939997616918
428,17.12,385.0928497314453,135.37908554077148,90.9379559317451,370.3414535522461,168.9248514175415,61.14720982067033,346.03275299072266,186.8644094467163,29.92496624290072,323.3174133300781,196.10146522521973,38.62133061214038,307.109432220459,195.33499717712402,49.574359708065444,318.85581970214844,165.2299976348877,53.112583748685424,279.08050537109375,179.204363822937,52.780283959057805,285.24845123291016,187.6485300064087,84.26560729885676,295.3868103027344,186.9608974456787,71.02887074558325,314.5235252380371,143.33038330078125,37.35330912209972,274.28916931152344,162.3147439956665,95.91332251082714,281.6495704650879,173.4417486190796,118.13274835593586,292.4774932861328,174.9219846725464,123.65362210680999,316.3375663757324,127.22411155700684,25.189789390926304,286.23098373413086,146.07360363006592,70.03520374495577,292.5416564941406,156.0354709625244,67.28105792258242,302.20312118530273,157.4963665008545,56.83953967316455,321.62391662597656,117.41772651672363,30.77082958843101,300.3737449645996,133.8830280303955,67.34203235948327,304.1585159301758,144.61410999298096,65.26406690503703,312.91419982910156,147.1320104598999,57.29355606931749
429,17.16,385.03910064697266,134.66925144195557,17.796653686919896,370.81573486328125,168.96253108978271,11.894392578475573,346.1306381225586,187.88625240325928,25.663014813041436,323.03462982177734,197.03744888305664,24.444221202370453,307.3036575317383,194.1452980041504,30.13622813280228,319.43777084350586,165.31305313110352,14.6962016006446,279.2538642883301,178.9484453201294,7.727693473178318,284.2172431945801,188.23293685913086,29.632344952614677,293.1321716308594,188.49725246429443,68.20823943969297,314.54816818237305,143.18294048309326,3.7371997532676007,272.94811248779297,162.32073783874512,33.52675545952912,279.1209411621094,174.31403160095215,66.8713492103779,289.6150016784668,176.563081741333,82.48885452418106,315.8713912963867,127.34991073608398,12.071263346773636,284.52571868896484,146.5798044204712,44.470271772780805,289.69106674194336,157.48108863830566,79.90491380331082,298.751163482666,159.77588653564453,103.41730866313601,320.9290313720703,118.21586608886719,26.456240907367324,298.4085464477539,134.85201358795166,54.77760845777314,301.43177032470703,146.02098941802979,76.70744469072437,309.8171043395996,148.8822841644287,88.93627814290107
430,17.2,385.5841064453125,132.08124160766602,66.11933445768472,372.3066711425781,166.5190887451172,71.55985903698114,348.5972595214844,185.22296905517578,90.7513750509373,326.0047912597656,194.6839714050293,94.73883577793798,309.8927688598633,195.0406837463379,68.48910997714282,318.7246894836426,163.4752893447876,49.28146685163885,279.0416717529297,177.72937774658203,30.9349258621455,281.2655448913574,187.54639148712158,75.76224084708551,288.7835884094238,188.6943769454956,108.8262206881905,313.8639831542969,141.66601181030273,41.60214651146037,271.5597724914551,159.84140396118164,71.03953310422231,275.7198143005371,172.5212001800537,96.11811884430635,285.07789611816406,176.0346508026123,114.19436862846837,315.2295112609863,126.09466552734375,35.24601496899083,283.7266159057617,144.58335399627686,53.760926531198784,286.94915771484375,156.54383182525635,72.44185360729703,294.23587799072266,160.2324342727661,113.45769836712553,320.75244903564453,117.20699787139893,25.605131343091852,298.14104080200195,133.3258295059204,38.73626468468161,300.2126121520996,145.20681381225586,36.65061874369251,307.81993865966797,149.08088207244873,50.17539164126388
431,17.24,389.41699981689453,129.50685024261475,115.43007217133675,377.86415100097656,165.05374431610107,143.68545653647604,353.0173110961914,186.5723705291748,115.53608814213862,330.1321792602539,197.51159191131592,125.07689993097063,315.18896102905273,199.29119110107422,169.7727603770171,321.0049057006836,165.88565826416016,82.95052864484227,285.0455665588379,182.25063800811768,187.89715802958688,287.51867294311523,191.19946002960205,181.04992441268243,294.3014144897461,191.3144588470459,152.70730545621413,314.4866371154785,144.3868589401245,69.77959524117075,273.0650329589844,163.33990573883057,95.21463832874915,277.48544692993164,176.5202522277832,109.2871100085461,287.86144256591797,180.3889560699463,129.19971262529927,315.1074028015137,129.13046836853027,75.95644050387924,286.9206237792969,148.34997653961182,123.46338445102786,290.78378677368164,160.6899118423462,141.1877285898895,298.85704040527344,164.10974979400635,150.80765421744024,319.9657440185547,120.92611312866211,95.03526674583142,300.94579696655273,137.8612518310547,133.31521108333817,303.3262634277344,150.12605667114258,145.5459003436931,311.36817932128906,153.60576152801514,143.7544474968258
432,17.28,391.14158630371094,131.50211334228516,65.93213076440864,377.01019287109375,167.1978521347046,57.697718896578124,352.82032012939453,189.19312477111816,65.70368253408479,329.29962158203125,200.59598922729492,79.86965588689637,311.8581771850586,200.2635955810547,86.745646461719,324.6665573120117,169.24508571624756,124.23124941158201,286.54022216796875,184.3445920944214,64.31678972794715,285.4712677001953,193.3824348449707,74.82165158424142,289.3001174926758,195.23446083068848,158.8619432177399,317.6469039916992,146.98482513427734,102.27632630189498,276.21267318725586,165.55473804473877,96.21954436965889,277.26680755615234,179.37420845031738,71.55797167292128,285.4297065734863,185.00977993011475,130.5405901520424,317.4370002746582,131.13219738006592,76.78681292426151,287.9004096984863,150.36429405212402,55.99919356927878,288.8016700744629,163.52133750915527,86.40658943328297,295.07015228271484,168.9565086364746,153.76848045401655,321.3888931274414,122.32558250427246,49.89907263289249,300.9625434875488,139.1089153289795,31.194397033155568,301.8595314025879,151.99590682983398,59.41192246483752,308.51985931396484,157.36700534820557,117.95094832981457
433,17.32,392.58392333984375,130.14417171478271,49.524877520698915,378.7455749511719,165.53784370422363,60.0373787377712,354.1752624511719,187.93584823608398,46.210205724026295,330.90450286865234,201.09784126281738,42.03792491388442,313.80605697631836,203.05543899536133,85.10517511881089,327.1209716796875,167.3803997039795,77.06005698723516,285.80434799194336,183.7470817565918,23.697697762049035,288.0595016479492,194.2990493774414,68.64372317190706,296.384334564209,195.38814067840576,177.1470946208914,320.04955291748047,145.58871746063232,69.47049057409332,278.50372314453125,166.61909580230713,63.15540031752786,282.87933349609375,180.11720180511475,141.53728870819742,293.4296417236328,183.85113716125488,202.08509264722574,319.05649185180664,130.22605419158936,46.39402201844816,289.2484664916992,151.9674253463745,52.36462942872715,292.73937225341797,164.12298202514648,99.58499690518732,301.1153793334961,167.8650712966919,153.57409767391061,321.99161529541016,121.60726547241211,23.44212781006685,301.1222457885742,139.83481407165527,18.581472788289087,303.69407653808594,152.04663276672363,45.88115745361106,311.35074615478516,156.31293296813965,75.5189913529514
434,17.36,393.92127990722656,128.08563709259033,61.37022577707509,381.40472412109375,162.46583461761475,101.57606182100609,356.8546676635742,185.27226448059082,94.45200737271257,333.8507080078125,200.26585578918457,76.53563120513597,317.7895736694336,205.93817710876465,122.92930965293598,329.32159423828125,161.63771152496338,153.74737226779501,287.3706245422363,179.73351001739502,107.70904191871698,289.4496154785156,193.6389398574829,38.47207623939605,299.1145706176758,198.00044059753418,94.46659388088034,321.10008239746094,140.7701539993286,123.29377016631669,280.16368865966797,165.9547233581543,44.69952639565044,285.5508804321289,181.67986392974854,77.37520576387753,296.8231773376465,187.1115016937256,117.64900352364882,319.2165184020996,126.71875476837158,87.7737067011756,286.8239402770996,153.07256698608398,66.61299333229054,291.08983993530273,167.36892700195312,91.02580561632949,299.92069244384766,173.34022521972656,140.0994897501856,322.08343505859375,119.35989618301392,56.231105670267326,300.6043815612793,140.49556732177734,20.987767500657462,302.8457450866699,154.5699977874756,66.5537249117964,309.7639465332031,160.80621242523193,119.13095031985921
435,17.4,399.47322845458984,125.62787532806396,151.7908214528653,385.08777618408203,160.1826524734497,108.33337782660838,359.7535705566406,184.41038131713867,75.60787232024462,336.6646957397461,200.7077407836914,71.21178494393975,320.4652786254883,206.5793752670288,68.78649981108651,333.84090423583984,155.59453010559082,188.65345961822894,292.8520965576172,175.80987453460693,168.5256858337869,296.3494300842285,191.54069423675537,180.29502953165272,307.34912872314453,197.66714572906494,206.032510574316,325.5814743041992,134.98093128204346,183.02659146301306,286.50068283081055,162.62836933135986,178.92408696963244,295.28594970703125,178.55865955352783,255.57959932436768,307.05577850341797,182.78586387634277,277.7333131181335,323.13907623291016,121.51472568511963,162.9194176490814,289.51934814453125,149.60025787353516,109.89243077011155,297.41872787475586,163.2611846923828,188.62722734269647,309.1238021850586,167.63683319091797,270.6772865690907,325.35423278808594,115.28018474578857,130.72433590928688,303.70784759521484,136.4891481399536,126.6957380998784,308.02574157714844,149.1639804840088,187.1787025925228,316.0489082336426,153.43571662902832,242.15820223802805
436,17.44,407.2465515136719,121.64860725402832,218.3161780908251,394.92225646972656,157.7415132522583,253.32311775917967,370.0545120239258,186.37620449066162,262.17105086898266,346.04137420654297,203.27516555786133,243.04548062131505,329.2491912841797,207.02889919281006,219.88518787564018,346.72725677490234,151.22830867767334,340.14883811962403,304.4191551208496,175.6222629547119,289.21449858858995,306.1184883117676,192.93750286102295,246.71032227325446,315.83011627197266,200.99919319152832,227.80157222828586,336.64085388183594,130.23568153381348,300.8605073527897,296.85482025146484,163.15428256988525,259.18712648906035,303.4162712097168,183.09062004089355,232.70259129959632,315.5689811706543,190.16090869903564,281.5869157451308,331.2930679321289,118.61128807067871,216.38728389723863,298.1233787536621,150.97091674804688,217.81306272974436,304.8036193847656,168.32176208496094,223.81083832235308,316.8756103515625,174.66513633728027,261.5907765091343,330.31246185302734,114.83522415161133,124.45387044704633,308.9117431640625,140.0822639465332,158.09611453749497,312.47291564941406,155.64392566680908,196.48003524710904,320.3602600097656,162.08197116851807,241.53865076205503
437,17.48,417.75672912597656,122.47252464294434,263.56056384864945,407.5652313232422,156.5452766418457,317.48601856491246,385.1903533935547,186.68134689331055,378.47292328222125,363.76773834228516,208.08885097503662,459.20825393309633,347.47947692871094,217.24546909332275,522.447135611145,361.21368408203125,150.68471431732178,362.4155685754063,320.15872955322266,180.09271144866943,409.0531086006272,319.71567153930664,200.68068981170654,391.18436819844476,327.75047302246094,212.97261714935303,422.38740092236577,350.6704330444336,132.61929988861084,355.7656601796691,312.8707504272461,170.6387186050415,441.9606898242237,317.7637481689453,192.91947841644287,434.7819511420345,328.6682891845703,203.63203525543213,469.7493488166688,344.06822204589844,123.62259864807129,343.07232868380805,312.55144119262695,159.9960994720459,425.4577747440386,318.32366943359375,179.40592288970947,437.0714859067258,330.02552032470703,189.21781539916992,490.3446493157691,341.7316436767578,121.78660869598389,334.21499499494894,321.2614059448242,149.63274478912354,390.29304304843834,324.4146728515625,166.9493007659912,411.1090725162479,332.29732513427734,177.02024459838867,478.0465045712159
438,17.52,425.6576919555664,127.28716850280762,231.30878865150092,419.73670959472656,161.39150619506836,327.5198698130246,399.39998626708984,192.12525844573975,380.41904476455557,379.5796203613281,214.92183208465576,430.6283518218946,367.11559295654297,230.99864959716797,599.3366263158324,378.32550048828125,160.19309520721436,489.40242124227444,340.4239273071289,191.9860553741455,587.4360974473019,336.64363861083984,213.8869571685791,536.7503881438456,340.28114318847656,228.81857872009277,505.04467185514574,365.53470611572266,142.90958404541016,451.9655420808677,330.60447692871094,183.20116996765137,543.3117428481409,331.75689697265625,207.3589038848877,502.68356180949576,339.33284759521484,220.91703414916992,507.75485771344773,357.4339294433594,134.2430019378662,426.7867590146958,326.9110107421875,171.5454626083374,460.69582325447914,329.3156051635742,192.8042221069336,433.25589508849276,337.7524948120117,205.09822368621826,441.5126711734975,353.6268997192383,132.5734806060791,401.4456080225636,332.88272857666016,159.83556747436523,386.6140925229129,333.8685989379883,177.38688468933105,352.06522531730917,339.67193603515625,188.2084035873413,334.9998017736761
439,17.56,422.22705841064453,126.63694381713867,87.29274977552728,418.75415802001953,161.2358522415161,24.870109446579036,398.43555450439453,192.86124229431152,30.329449902838995,379.47174072265625,216.01398468017578,27.43669199654326,366.9678497314453,231.9162368774414,23.23513607505157,377.28755950927734,161.2230920791626,36.556591677483006,340.62461853027344,191.93591594696045,5.171492120612642,336.76944732666016,213.92332077026367,3.2739640063528337,340.003662109375,228.99218559265137,8.182874474281004,364.8897171020508,143.98416996002197,31.332348655578112,330.69583892822266,182.4250888824463,19.536006273159295,331.35719299316406,207.1155023574829,11.699561283571528,339.1514587402344,221.34475708007812,11.614883295147358,356.81751251220703,135.28600215911865,30.28839809382376,326.73961639404297,171.61964893341064,4.669022475567125,329.3783950805664,192.67972469329834,3.485880419434352,338.21380615234375,204.49207305908203,19.043153879685025,352.4387741088867,133.2282543182373,33.91506929178668,331.1617660522461,162.4189281463623,77.60261099046046,332.7259826660156,180.01238822937012,71.58404493903626,338.8485336303711,190.12598991394043,52.17236361430907
440,17.6,426.9831085205078,132.7492904663086,193.61817161482625,429.50984954833984,169.36856746673584,337.10713911427894,411.08673095703125,206.57494068145752,466.44787295136234,392.05005645751953,231.09563827514648,490.9622578955293,380.1542663574219,247.5365924835205,511.0510570714767,394.5489501953125,175.8711290359497,565.9729427628046,360.04119873046875,210.8821964263916,678.2169318679913,352.4535369873047,234.06078815460205,638.1164965831223,351.57958984375,252.1405792236328,647.0366250290313,377.8769302368164,160.05785465240479,516.6182370704033,346.0824203491211,203.34654808044434,649.2564703159655,348.3504104614258,227.19842433929443,657.691604805761,356.4537048339844,240.39971351623535,643.4570132653272,365.78121185302734,152.111177444458,476.59890713721273,339.7953796386719,193.85931015014648,644.7167425190439,346.3878631591797,212.39295959472656,650.9289681852065,356.5797805786133,220.37710189819336,607.0642253119646,358.18843841552734,150.38349151611328,452.32786985385724,341.45557403564453,184.46931838989258,608.3698467477722,346.9053268432617,200.20769119262695,616.8995375436613,355.2625274658203,206.39183521270752,577.7093326846925
441,17.64,426.1835479736328,147.79520988464355,376.6787326515363,434.48726654052734,185.8580732345581,430.60892958486755,419.39708709716797,226.8193531036377,547.0936011639319,396.0476303100586,253.00186157226562,556.6996586186248,378.31424713134766,269.99805450439453,563.4175554525973,407.8109359741211,195.90657234191895,600.6763142825079,375.06622314453125,236.9572877883911,752.3553632508858,367.3685836791992,262.1671485900879,795.4661034382758,365.04024505615234,280.49760818481445,784.7413308904999,387.9743957519531,179.7152853012085,552.4792923392597,356.36104583740234,230.13041496276855,717.2105980369404,356.70963287353516,256.204776763916,754.6709052280926,362.9571533203125,270.8044910430908,777.3132165799941,373.4476852416992,172.38115310668945,541.7833558989869,347.7397155761719,220.97723007202148,706.4409274565527,351.83921813964844,243.19982528686523,782.1365948863057,360.72513580322266,254.42636489868164,857.5168660202173,363.99932861328125,172.09057331085205,561.7850150045343,348.9110565185547,210.63049793243408,680.069635271856,352.0130920410156,229.93306159973145,754.025410362173,357.89344787597656,239.78320598602295,837.3714021887183
442,17.68,424.9103546142578,166.3383436203003,464.6697954386585,438.7422561645508,203.81132125854492,461.264600928343,422.98553466796875,243.0765724182129,416.2136889647122,395.9206008911133,269.3814182281494,409.50123070372484,377.6840591430664,288.66848945617676,467.02668432148056,413.7775421142578,217.44601249694824,558.7641894303478,378.03863525390625,265.36211013793945,713.9980595462778,367.635498046875,288.96517753601074,669.983954409633,363.7985610961914,303.8942813873291,585.7399679047495,393.4796905517578,201.0628080368042,551.1493659727892,357.90950775146484,252.8942584991455,570.4112041150406,354.27249908447266,279.4910430908203,585.3363459121746,358.8976287841797,293.55932235717773,577.8527535151228,378.2274627685547,192.03799724578857,505.740666445677,348.2695770263672,240.8807373046875,497.7639709975448,350.34217834472656,264.11593437194824,524.2403715178465,358.8806915283203,274.16473388671875,495.60895938174207,368.1975555419922,189.17418479919434,439.7974610755317,351.73648834228516,226.61205768585205,405.7349174203968,355.05184173583984,246.58390045166016,423.14627655567654,361.7607879638672,256.15668296813965,420.60006823533627
443,17.72,420.2180862426758,188.58893394470215,568.4992041855219,435.1142120361328,226.21573448181152,567.4066201128558,422.4318313598633,262.8072452545166,493.461015384359,397.2542953491211,287.57832527160645,456.1429099358123,377.4392318725586,302.25460052490234,339.70792083432883,411.8580627441406,248.13291549682617,768.6719134228458,378.82823944091797,292.19298362731934,671.0622395572069,365.9326171875,315.35900115966797,661.2174985859192,358.3724594116211,332.9343509674072,738.5662718686268,389.5991897583008,233.82525444030762,824.7864044521068,357.67730712890625,284.30294036865234,785.2385043368209,350.10894775390625,310.2234935760498,775.3300396078691,348.86302947998047,325.18077850341797,829.3859445413628,371.3128662109375,225.82494735717773,862.1809712091016,345.9279251098633,274.0100383758545,830.2988630464985,345.65269470214844,296.8889808654785,827.6713694535956,349.4771957397461,308.48196029663086,889.556687877065,358.65779876708984,222.977557182312,878.0927285159075,345.9198760986328,261.10779762268066,874.5674115606809,348.53065490722656,281.37353897094727,884.8887027319964,352.59830474853516,292.875452041626,946.1167676822644
444,17.76,417.7889633178711,202.23584175109863,346.53528938271296,431.41929626464844,240.56774139404297,370.5000885349955,417.04463958740234,274.6127414703369,324.41444952311633,391.38668060302734,296.50437355041504,267.0477961482255,371.5959930419922,308.3210277557373,210.572106679124,407.9936218261719,262.15344429016113,363.5838376953157,374.83203887939453,306.52759552001953,372.03050701711794,361.5327453613281,328.79642486572266,353.48552652723765,354.75189208984375,343.9668273925781,290.28439051587156,386.4369583129883,246.42937660217285,324.8688227432589,353.2675552368164,297.14409828186035,339.4308179711797,345.82637786865234,320.87061882019043,286.9033818057268,345.2751159667969,334.31705474853516,245.38829816891493,368.4169006347656,236.47805213928223,275.9928193323946,339.71202850341797,284.82656478881836,311.88400714885506,339.0411376953125,306.83106422424316,298.4938311415187,343.8078308105469,317.8703498840332,274.18465236186955,356.5468215942383,232.22474098205566,237.12685535718774,341.44126892089844,270.917329788208,269.58862591800107,343.08197021484375,289.77264404296875,250.29124396373695,347.2149658203125,300.15698432922363,226.38607851335047
445,17.8,417.15065002441406,213.26249599456787,276.1278549712322,426.6735076904297,253.04800987243652,333.8034699527263,410.24486541748047,286.576566696167,344.02947075445513,383.9259719848633,307.5522994995117,333.2780753945113,364.28733825683594,320.4598045349121,354.2300951211133,403.2978057861328,276.3362216949463,373.4985468475517,367.7870559692383,315.09613037109375,277.3215346155829,353.4963607788086,334.72214698791504,249.62178869691775,346.6429138183594,347.6782035827637,222.94876349803152,383.86104583740234,257.88557052612305,293.5554720843156,347.9051971435547,304.32111740112305,223.9761256231227,339.73663330078125,326.3916778564453,205.49799540343332,338.67053985595703,338.45815658569336,194.88642530585508,366.9419479370117,244.46797370910645,203.1230109941908,335.61161041259766,289.10133361816406,148.0858641630594,332.6041030883789,309.61134910583496,175.29510573898776,335.8327102661133,319.7102451324463,204.6151299137295,354.69268798828125,235.89420318603516,102.78242887032437,333.5074996948242,272.90711402893066,204.4870647761591,331.99466705322266,291.81318283081055,281.8378189916809,334.6498107910156,302.4257469177246,319.2084003762728
446,17.84,414.1965103149414,222.2684383392334,236.95191882864495,422.12596893310547,261.31370544433594,235.85195573267393,405.30086517333984,293.6491298675537,215.7317318849361,379.6454620361328,312.98309326171875,172.87330315292922,359.33162689208984,323.5626697540283,146.1738000178954,399.3062210083008,284.7706604003906,233.28162341164744,362.9029846191406,322.6088333129883,224.0184959523369,348.6008071899414,340.7149600982666,193.4558313883817,342.1039581298828,351.3109302520752,145.34188529954326,380.87432861328125,265.3085231781006,200.03235027483993,344.4630432128906,311.0955047607422,189.96833252636088,336.19712829589844,330.9334373474121,143.95241174034186,334.53895568847656,339.99958992004395,110.24406009288677,363.9350128173828,250.61699867248535,171.1216066389533,329.57157135009766,294.78175163269043,207.28787454932322,329.00909423828125,312.18990325927734,110.60354355341491,334.24522399902344,318.7360382080078,46.56441626810328,350.8698272705078,239.98127460479736,139.90714967782688,321.3119125366211,275.2822780609131,310.61808373804473,321.4738082885742,291.6605472564697,263.04914793180075,327.51747131347656,298.62024307250977,202.1016544013296
447,17.88,412.1501159667969,226.73033237457275,122.71977278212647,417.7488327026367,266.0404872894287,161.0547038105004,399.84729766845703,298.1520366668701,176.80774900588293,375.166015625,318.5383987426758,178.407642663091,355.7337188720703,330.45495986938477,194.3717526332611,394.63409423828125,289.3619155883789,163.7612453321192,358.1983184814453,324.8482131958008,130.26104973936535,343.61328125,341.47547721862793,126.12940104301389,337.32601165771484,350.1869201660156,122.70944127405699,377.68531799316406,269.36699867248535,129.0373300486672,340.2644729614258,312.71718978881836,112.52181590355039,332.3523712158203,331.28336906433105,96.51622017605614,331.10740661621094,338.7487506866455,91.3103493010782,361.8137741088867,253.95426750183105,98.8591703439311,324.5913314819336,295.6300163269043,126.29910464820342,324.99298095703125,311.5176200866699,101.79983592817004,331.78627014160156,316.3955497741699,84.86879646643864,349.52640533447266,242.23669052124023,65.63004006533653,315.6794738769531,273.8154888153076,145.50737942185734,314.9359321594238,289.61259841918945,171.278134039769,321.76029205322266,296.3207817077637,154.9851517135143
448,17.92,412.20252990722656,227.5531768798828,20.6128039860896,418.3812713623047,266.1193656921387,15.933464403902631,400.25787353515625,298.0868911743164,10.39280031788474,374.5267868041992,318.3349800109863,16.770373164909433,354.5962142944336,330.0208568572998,30.43807329281173,395.1308059692383,288.6825942993164,21.038654267856984,357.3876953125,325.69501876831055,29.306458329015683,341.98081970214844,342.4277114868164,47.247227476371314,336.3150405883789,349.8182201385498,26.90262781411355,378.65657806396484,269.0764617919922,25.3445976006061,340.0581741333008,313.7845516204834,27.177891821537308,331.48632049560547,332.3811149597168,34.95613233773238,330.8744812011719,338.8466548919678,6.316619071490296,362.92808532714844,253.37448120117188,31.403041707531816,325.11749267578125,295.3353023529053,15.076926253000975,324.20494079589844,311.3693046569824,20.046894432829504,330.86708068847656,315.9675979614258,25.348224848685565,350.5810546875,241.1151123046875,38.48882105305552,315.9231376647949,270.7887268066406,75.91385042687887,313.765926361084,286.90306663513184,73.78378911119006,320.21724700927734,294.2944049835205,63.67490987527312
449,17.96,414.7183609008789,226.47887706756592,68.39008368984248,418.9497756958008,264.9521255493164,32.458114626965596,401.1186981201172,296.6025924682617,42.896398558538614,376.59114837646484,316.80885314941406,64.18066248226279,357.02564239501953,328.4937286376953,71.738420211161,396.0258483886719,287.7146530151367,32.95841377976347,360.0253677368164,323.86754035949707,80.22232058737855,344.1944885253906,340.66603660583496,70.7275938251624,336.79779052734375,348.36052894592285,38.388728135944646,380.15846252441406,267.65273094177246,51.73651072022437,342.62462615966797,313.3039855957031,65.27643002942064,332.9829788208008,331.4550018310547,44.000509013083864,330.6682586669922,337.2594738006592,40.013056855005395,364.9871826171875,250.63465118408203,85.68310135461638,326.3828659057617,290.4679298400879,125.72908521321102,323.43128204345703,307.66027450561523,94.72147502342095,328.75274658203125,313.75762939453125,76.46228555773332,353.02276611328125,235.95454216003418,142.72665944182847,317.83069610595703,262.71946907043457,207.29161165458746,315.0848960876465,278.3511543273926,216.32568799562756,321.71592712402344,285.6603240966797,219.07960146777322
450,18.0,414.9437713623047,225.53828716278076,24.180560956891757,419.33494567871094,264.17269706726074,21.735119541519186,400.57201385498047,296.0719299316406,19.047086613200324,375.1980209350586,316.580114364624,35.29452418281719,355.1318359375,328.35256576538086,47.47650639436535,396.4003372192383,288.79709243774414,28.634736202662182,358.9719009399414,324.9015712738037,36.90369412284409,342.6585006713867,340.905818939209,38.86478366598269,335.7493591308594,348.1860065460205,26.571442156028276,380.6913375854492,268.3608055114746,22.154647183662508,342.4610900878906,312.5790023803711,18.579974254650068,332.4117660522461,330.70987701416016,23.471991549930575,329.81616973876953,337.49353408813477,22.09128447732257,365.5137252807617,250.74517250061035,13.450421414657098,327.0926284790039,289.4279479980469,31.477423875596894,323.3550262451172,306.6167449951172,26.15779981741512,327.61512756347656,313.3215808868408,30.458120145090017,353.3738708496094,235.50129890441895,14.333177958689475,318.53750228881836,261.36048316955566,38.29505238048589,315.58902740478516,276.9301414489746,37.69471104768623,321.79019927978516,284.69736099243164,24.145577924131985
451,18.04,418.5153579711914,221.20628356933594,140.3622234577332,422.6436996459961,258.79557609558105,157.83948088188907,405.4116439819336,290.5547332763672,183.4759498862738,380.0711441040039,309.90039825439453,206.7092413466483,359.74681854248047,319.39252853393555,251.96767108247053,400.2112579345703,284.32823181152344,146.8286245830758,365.5766296386719,320.84644317626953,193.75645968464679,348.4744644165039,338.5534858703613,156.84168999207404,337.90706634521484,349.3740463256836,61.578907412276486,384.2119598388672,264.5829963684082,129.099339107279,346.7247009277344,308.9399528503418,140.13622585639564,332.6038360595703,330.5651092529297,6.012933581310762,324.873046875,342.4532890319824,175.06004817872915,368.9211654663086,246.5199851989746,135.69924546580862,328.5005187988281,284.29447174072266,133.07595020599658,325.70655822753906,301.138858795166,149.03216910278223,331.6474151611328,308.2733345031738,161.5242528624171,356.8378448486328,230.43880462646484,153.35409225919852,321.1445617675781,255.79258918762207,153.70060694383145,320.4549789428711,269.6769332885742,218.35537689323644,329.3705749511719,275.8440685272217,291.3791374587145
452,18.08,423.2827377319336,212.99903869628906,237.2851372680246,428.19252014160156,249.32724952697754,274.36132301011213,411.6908645629883,281.37608528137207,278.0244932123435,386.26312255859375,302.8329849243164,234.90547082852123,366.49314880371094,316.40421867370605,184.46369530062475,408.0339813232422,273.81099700927734,327.68814166564147,371.5828323364258,314.54023361206055,217.71935765198273,351.55445098876953,334.49103355407715,127.45056911264474,338.3576202392578,347.7037811279297,43.24916648232352,391.34204864501953,253.87776374816895,321.55887081241985,352.67486572265625,301.0810947418213,246.43218115815634,336.44081115722656,325.20649909973145,164.76703378177905,326.9057083129883,339.2441940307617,94.9671102551572,374.95113372802734,236.05971336364746,301.84619852902097,334.407958984375,277.01602935791016,234.3522629847739,333.173828125,294.2940902709961,253.24268976491894,340.7867431640625,300.6574058532715,297.41562411205183,361.79866790771484,221.09105587005615,264.5635228972196,326.0026550292969,248.26375007629395,224.00402968448634,324.8638916015625,263.8513469696045,182.64714409164836,333.2085418701172,270.7719039916992,159.0142351063466
453,18.12,426.52618408203125,190.98565578460693,556.2761069392051,436.68609619140625,226.9423484802246,598.5527488172702,422.25521087646484,262.4367141723633,542.1630238197632,396.60499572753906,286.8259048461914,476.43267708437645,378.0332565307617,303.001184463501,442.1647122339316,417.4988555908203,247.05127716064453,709.6066037241935,383.8180160522461,290.993127822876,663.4031163284716,365.73158264160156,312.82928466796875,647.2163600308586,353.1462097167969,327.3446273803711,629.0854075818661,398.2189178466797,228.95185947418213,646.4286667397535,362.2536849975586,277.9009437561035,627.0332818229793,348.20812225341797,304.231653213501,601.255857760274,339.2818069458008,319.94914054870605,573.0766235005642,380.037841796875,213.99072647094727,566.1905495545718,342.3077392578125,257.7579116821289,520.3854489599696,348.0984115600586,270.3333377838135,705.7180963662356,359.90753173828125,271.67338371276855,868.0718918748674,366.57779693603516,202.6570987701416,476.0848457935465,335.74771881103516,233.40774536132812,444.17560167772746,338.93768310546875,245.83497047424316,571.5447430637167,348.80615234375,248.06073188781738,688.7864286279712
454,18.16,429.0216827392578,167.6766586303711,586.0550645440634,439.3688201904297,199.8796033859253,679.8847237280183,424.33868408203125,229.60421562194824,822.4634572662328,397.49725341796875,244.80277061462402,1050.8151402692286,377.9749298095703,249.41256523132324,1339.7162743510596,422.89794921875,216.7737865447998,768.8776926451455,390.95348358154297,255.96928596496582,893.582814904958,375.54443359375,275.47428131103516,965.5595267789037,364.26509857177734,289.38343048095703,988.901587433468,403.12870025634766,199.86236572265625,737.5231394803607,370.9471893310547,244.29631233215332,867.7731092918442,358.8748550415039,268.5130977630615,931.9315934654705,352.11360931396484,283.8278388977051,958.3200095017278,384.1820526123047,186.79710388183594,687.6897887137004,351.3443374633789,225.56897163391113,835.8334046614059,355.08243560791016,239.92140769958496,780.088970626497,364.54029083251953,244.76858139038086,682.5187015899297,368.9267349243164,178.99048805236816,594.5723108564147,343.2724380493164,210.45893669128418,603.7741811872031,348.5052490234375,223.23593616485596,613.5219379286374,358.69762420654297,226.91359519958496,583.653688908934
455,18.2,421.068115234375,151.69504165649414,446.2841843730571,425.5268859863281,176.38566970825195,681.7092773690218,406.3448715209961,197.68166542053223,916.1149292813894,382.3902130126953,208.6636447906494,979.2404853787298,363.1275939941406,212.49376773834229,994.8118506606784,402.90283203125,178.0286407470703,1090.008897391775,366.8661117553711,201.39912128448486,1491.2461975532137,350.8008575439453,210.15262126922607,1746.27529086019,342.69054412841797,216.8897581100464,1890.8982543440845,392.8913879394531,162.3052453994751,973.1841585882999,355.7738494873047,185.92995643615723,1507.6599713197952,340.9994125366211,198.84587287902832,1798.0985908362734,335.1160430908203,208.38877201080322,1933.256654953733,383.0202865600586,150.58756828308105,905.7042041409161,347.6631164550781,170.34244537353516,1383.7269851066974,337.4822998046875,183.19195747375488,1484.923252060694,334.3290328979492,192.24998474121094,1514.7035807352167,374.407958984375,143.6396312713623,894.3317660227359,348.2341766357422,158.45332145690918,1306.0443296711553,339.34608459472656,169.07253742218018,1373.308972971454,337.48443603515625,176.7430830001831,1361.772660621302
457,18.28,414.2721939086914,108.15414190292358,,403.7430953979492,140.55314540863037,,373.7457275390625,159.99813079833984,,342.24159240722656,169.98383045196533,,320.16292572021484,181.4340591430664,,360.9635925292969,131.7619800567627,,315.99510192871094,155.32263278961182,,308.54747772216797,173.3618688583374,,311.4474678039551,182.79300212860107,,353.6050033569336,109.5063042640686,,306.4433288574219,137.04171180725098,,306.4665222167969,158.15175533294678,,314.4047164916992,167.25831985473633,,349.4038772583008,95.28692722320557,,304.1117858886719,119.85138416290283,,306.5805435180664,137.72216320037842,,316.9660186767578,145.4282283782959,,347.0245361328125,88.14059257507324,,314.1695785522461,107.95324802398682,,312.2687339782715,122.75449275970459,,318.21258544921875,129.70942497253418,
458,18.32,406.5163040161133,108.04059505462646,193.91802538790992,392.4894332885742,139.95859622955322,281.7339165754674,363.68446350097656,158.75959396362305,253.4302265109566,335.1449966430664,170.88891506195068,178.8519806836232,317.2352981567383,183.9415740966797,96.36724804433665,346.1579132080078,133.98440837860107,374.2887653691965,306.0983467102051,157.31333255767822,252.37453494459703,301.32301330566406,171.22734546661377,188.32995681639858,304.6736145019531,178.17420959472656,204.96696841811138,338.3942413330078,112.64156341552734,388.2630642484137,296.4581298828125,140.29533863067627,262.54795522515104,297.6730537414551,156.72194480895996,222.72382837458906,304.53556060791016,163.56122016906738,263.4729397209295,335.1812744140625,97.8160572052002,361.1430898296745,294.9724006652832,121.4846420288086,232.1043589611662,295.8659553527832,137.49010562896729,267.92752082895026,303.5655975341797,145.0975799560547,335.11249526985847,335.45616149902344,89.72432613372803,291.90698823908747,306.90155029296875,107.79257297515869,181.7451018063657,303.6871528625488,122.56612300872803,214.59120672922896,307.0772933959961,130.69122791290283,279.4622806886022
459,18.36,400.46669006347656,108.32979440689087,151.41306342520247,388.38279724121094,141.93964004516602,113.98737382074715,360.7312774658203,162.47474670410156,118.64776557980063,334.92523193359375,176.3829803466797,137.46147160294134,319.80785369873047,191.11332893371582,190.47983728466164,334.9312973022461,142.83020496368408,357.320778433196,296.58409118652344,163.83004188537598,288.3016634443096,291.65916442871094,177.6741600036621,290.42145322755295,294.8273468017578,184.7570514678955,296.102594921777,327.93750762939453,121.47421360015869,342.1978494164141,288.13501358032227,146.77223682403564,263.65753733764257,292.28973388671875,160.95449924468994,171.19917075919187,300.98236083984375,165.8186388015747,105.24129261540595,326.81854248046875,105.63209295272827,286.16614514101053,289.94754791259766,128.1881332397461,209.44262281303892,293.5295104980469,141.66071891784668,119.51200191978958,302.3835754394531,146.79156303405762,51.64031189984992,329.12261962890625,95.83489894866943,220.0182559857654,301.30273818969727,111.85232162475586,172.8949393158409,301.4567756652832,124.55283164978027,74.67259230515123,308.6551094055176,129.5553731918335,48.60342906677084
460,18.4,401.1346435546875,107.72003889083862,22.6103357971667,387.45872497558594,142.46676921844482,26.59622526575577,360.0367736816406,162.48825073242188,17.365876471920114,334.8188781738281,176.91842079162598,13.647517913080485,318.502197265625,190.79784393310547,33.580774884223274,336.6188049316406,142.56999492645264,42.68629216988708,295.7878875732422,164.60391998291016,27.75819139962607,293.4132194519043,178.3738660812378,47.21160887023845,298.05030822753906,183.6624813079834,85.09393407818477,329.5460510253906,121.73422336578369,40.73555675806314,288.25077056884766,149.36456680297852,64.87282944402848,293.3418273925781,162.66883850097656,50.2858070850814,302.3537826538086,164.76983070373535,43.16245632717187,327.91603088378906,106.03249311447144,29.206175341724833,289.4695854187012,131.80709838867188,91.25978336153592,294.7760009765625,144.70876693725586,82.32684571896314,303.9518356323242,147.17496871948242,40.36118147552287,329.73201751708984,95.87592601776123,15.269434471373009,297.68707275390625,115.03120422363281,120.35969819933634,299.4515800476074,127.00613021850586,79.21285932716813,307.93216705322266,129.11988258361816,21.099432969061553
461,18.44,397.5872039794922,114.36935663223267,188.41071155470348,384.3039321899414,148.59971523284912,172.41980805571674,357.8289031982422,168.96689414978027,171.11310696572778,333.9207077026367,182.65637397766113,145.19559428674825,318.3739471435547,195.52010536193848,118.10006640571538,332.227783203125,151.68256759643555,252.88343718749132,291.2480163574219,169.11731243133545,160.04128773877434,287.36400604248047,180.41666507720947,159.62066480153808,291.6781997680664,185.11985778808594,163.41609548947253,325.59818267822266,130.3155755996704,236.1478226776124,284.1938781738281,153.83618831634521,150.94240388218282,287.73998260498047,166.1700439453125,165.1497513390927,296.5019226074219,169.14555072784424,182.67319133476565,324.33216094970703,113.36393594741821,204.0131394622412,286.6633987426758,136.0566759109497,127.31258966258852,291.53160095214844,148.2150363922119,119.42585830018085,300.7053756713867,151.60810947418213,137.36866279502624,326.7741012573242,101.38484716415405,156.3199459381301,297.7659797668457,117.28551149368286,56.39219573936811,298.4662628173828,129.21900272369385,60.558106230681766,305.36441802978516,133.2041358947754,120.60902784685888
462,18.48,394.84344482421875,120.75807094573975,173.8244173040662,382.7857208251953,155.2726650238037,171.0870112337672,357.5431823730469,174.4450807571411,137.14081471023215,334.65370178222656,186.26641273498535,92.09254906782888,319.38087463378906,195.40527820587158,25.336340579789095,331.0788345336914,160.09989738464355,212.38456248107917,288.8843536376953,177.4240207672119,215.91130243392877,291.1225891113281,186.1110019683838,170.57333341487072,300.0834655761719,186.57824993133545,213.2712488657326,323.97815704345703,138.48587036132812,208.2339422825762,282.78284072875977,161.65992736816406,198.74908713994813,290.60150146484375,171.58523082733154,153.1187022226228,300.93910217285156,171.09389305114746,121.15228099545163,322.60936737060547,120.92752933502197,193.93291792717412,285.3877830505371,143.2437515258789,182.48501871513378,293.09349060058594,153.65379810333252,141.4647222460598,302.916316986084,153.95450592041016,80.59868865212228,325.7413101196289,108.33123207092285,175.56857778210085,295.972900390625,125.7846450805664,217.15548199550474,299.9554443359375,136.40949726104736,183.57708409363693,309.8451805114746,136.9284725189209,145.66209979621368
463,18.52,393.5032653808594,123.99184226989746,87.51199174023161,381.0426330566406,159.74560260772705,120.01438871693398,357.2166061401367,178.05785179138184,90.6875356021659,333.6322021484375,188.48745346069336,61.11711813745772,316.72534942626953,195.965895652771,67.85142799501195,329.7166442871094,163.50102424621582,91.59430316752656,289.70258712768555,179.62735176086426,58.758900983864905,295.54126739501953,187.81002044677734,118.35165177525191,305.5097961425781,186.94228649139404,135.96319822146285,322.5962448120117,142.30543613433838,101.54667679745108,283.537540435791,165.01524925231934,85.97876407173295,293.4607124328613,174.29161548614502,98.42384518338581,304.97875213623047,172.31982707977295,105.53934713286178,321.87694549560547,125.06372451782227,105.01354791525372,287.13512420654297,147.3367166519165,111.25860820188214,296.44725799560547,155.97368717193604,101.94864218848802,307.2364616394043,154.37228679656982,108.50746139694962,325.45162200927734,112.55288600921631,105.78953509205115,297.4640083312988,129.57152366638184,101.7467822416513,303.2271957397461,138.81624698638916,101.54063684295416,313.50358963012695,137.64101028442383,93.17881782729151
464,18.56,390.33092498779297,128.2512331008911,132.77366507668583,374.66365814208984,164.2494821548462,195.21823034655708,348.4746551513672,182.49568462371826,245.09700546137304,322.8350830078125,188.61897468566895,269.94800375427604,305.82197189331055,186.02334022521973,368.89874123545405,328.0632781982422,166.47883415222168,85.15049640240878,286.5780448913574,180.17319202423096,79.29653909420712,295.02044677734375,186.88337802886963,26.57442716294697,307.0953941345215,184.95633602142334,63.53207979650748,322.14595794677734,144.10484790802002,46.372412274613154,282.8217315673828,163.79895687103271,35.28233882613679,294.0973663330078,172.20703125,54.490937469890596,306.7063331604004,169.96862411499023,72.94129307478644,321.1863708496094,126.13228797912598,31.80724379490855,287.023983001709,147.01548099517822,8.49796720442691,297.1112632751465,154.86692905426025,32.26662887469402,309.1267204284668,152.79427528381348,61.55890788514895,323.37108612060547,113.63481044769287,58.62587992209847,296.8762397766113,131.73590183258057,56.06918003790725,303.72108459472656,139.30694103240967,17.405222777120212,314.28844451904297,137.11289405822754,23.649840710710677
465,18.6,387.1213150024414,130.60302257537842,99.47521673254138,371.6469192504883,166.99976921081543,102.05633380128032,345.0865936279297,185.0057888031006,105.41460963129781,319.0620803833008,189.53248500823975,97.05040544098634,302.2616767883301,183.75473499298096,105.54107889315245,327.12230682373047,169.4734239578247,78.47370272690102,285.0315856933594,181.43657684326172,49.92292341719228,295.72948455810547,186.9173240661621,17.746247983647233,309.3215751647949,184.30880069732666,57.961107517791056,321.3981246948242,146.75501346588135,68.84144852849022,281.2127113342285,164.22479152679443,41.61040483421491,292.95000076293945,172.27020263671875,28.727582297748505,305.99071502685547,169.94962692260742,17.896756102307116,320.2581024169922,128.58256816864014,65.50551164844413,285.777587890625,147.99860000610352,39.68645677823217,296.033935546875,155.50859928131104,31.348601587491093,308.0949401855469,153.20098400115967,27.72614346656055,322.3018264770508,115.82366466522217,60.901554633946375,295.7361602783203,133.13153743743896,45.05260816514928,302.78858184814453,140.31240463256836,34.28299891734886,313.731746673584,137.70073413848877,20.24025152851684
466,18.64,386.6448974609375,130.19488334655762,15.683416878088623,372.04334259033203,165.88976383209229,29.46675462668888,345.6186294555664,185.00754833221436,13.300968428835139,320.44044494628906,191.47504806518555,59.54746058141611,304.4993591308594,185.7469081878662,74.89983438101984,325.2579879760742,169.72040176391602,47.015175757594506,284.82906341552734,180.40876865386963,26.189274369478532,295.65807342529297,185.54692268371582,34.306518138870715,308.57688903808594,182.87538528442383,40.38283339845833,319.40900802612305,147.3606777191162,51.98205405084162,281.2333679199219,164.5229959487915,7.472975136747491,292.60921478271484,171.94822311401367,11.720865405310251,305.6010055541992,169.7734022140503,10.692538899393162,318.1484031677246,129.57947731018066,58.334481434907204,285.53640365600586,149.4906234741211,37.7847841741886,295.61975479125977,156.14001274108887,18.878371478867994,307.8713798522949,153.9488124847412,19.51324331479128,319.85595703125,117.34359741210938,71.9916353689871,295.6783103942871,135.7214641571045,64.76431802273578,302.70986557006836,142.0572280883789,43.664954084918215,313.1182861328125,139.59561824798584,49.79281840479199
467,18.68,385.8527374267578,129.29301738739014,30.00916243475319,372.7824020385742,164.77901458740234,33.35390487461065,348.16558837890625,186.267728805542,71.04160129167593,323.763427734375,193.43676567077637,96.47069041294476,309.43437576293945,187.95321464538574,135.14385239301347,324.8741912841797,169.2007827758789,16.149763803185625,286.4362907409668,180.08198261260986,41.00281082134406,296.1852836608887,186.19301319122314,20.847415553371786,307.4611473083496,184.52446460723877,49.77663998058476,318.39305877685547,147.91142463684082,28.890688859805174,282.9375457763672,164.9498462677002,43.92054872971614,292.7550506591797,173.4772825241089,38.39995753956796,304.8381805419922,172.64516830444336,74.2838410977622,317.27787017822266,131.54688835144043,53.78506932157173,289.14337158203125,150.2248764038086,92.02358727566327,297.27474212646484,157.78995037078857,58.42343954692058,308.355655670166,157.1202278137207,80.20441951920736,319.26355361938477,120.74675559997559,86.35836472959062,299.32092666625977,137.36462116241455,99.9018838940847,305.0564765930176,145.05131721496582,95.10242173235117,314.27099227905273,144.551739692688,127.21013922398375
468,18.72,385.46688079833984,127.33085632324219,49.99350819951711,374.166259765625,162.68178462982178,62.81637775936473,351.6282653808594,184.94845390319824,92.63712231001536,329.4375991821289,196.30874633789062,158.98996542782135,314.6259307861328,192.9457426071167,180.0652295133448,324.3526840209961,168.31908702850342,25.60953455860316,286.9996643066406,181.31195068359375,33.82132491250774,294.99114990234375,188.96917819976807,75.55233115184902,305.9248352050781,188.4437656402588,105.24131634632097,317.68503189086914,147.26599216461182,23.951580682273622,282.7223777770996,166.4901351928711,38.881126855719906,291.8609428405762,175.7160472869873,60.26761389209173,303.40471267700195,175.54771900177002,80.93064419037738,316.7659568786621,131.18273735046387,15.70551610460475,289.7664260864258,151.07282638549805,26.306083978966004,296.8844795227051,159.05731201171875,33.1522098508774,306.89342498779297,159.10597801208496,61.6508435606158,319.6099853515625,120.98646640777588,10.531981545391117,299.6420669555664,138.12100410461426,20.54334199726639,304.48225021362305,146.56994819641113,40.589222650524064,312.9943084716797,146.75457000732422,63.65131056726607
469,18.76,384.75231170654297,125.63973426818848,45.89732285248575,374.30179595947266,162.1659278869629,13.334125369603575,351.23634338378906,184.98640537261963,9.843880263227774,328.47801208496094,196.72101974487305,26.11006462023005,311.84560775756836,194.3054437637329,77.37483189993564,326.5382766723633,166.49182319641113,71.22020583102994,287.5886344909668,183.76044273376465,62.958315563629554,297.41493225097656,190.2577257156372,68.62523030105494,309.5927429199219,187.23938941955566,96.51447134240233,318.7763023376465,145.16478538513184,59.1921717699132,282.6049041748047,167.19656467437744,17.903258425100173,293.1633758544922,175.62423706054688,32.64162290520915,304.8385429382324,173.5854434967041,60.75768663203209,316.5945625305176,129.17993545532227,50.25305621152981,287.89249420166016,151.62543296813965,48.842826647830776,296.74041748046875,159.21884536743164,5.411036004152119,307.33638763427734,157.75384426116943,35.571069587388486,318.13594818115234,119.42723751068115,53.6422194572872,297.8765869140625,138.28914642333984,44.3367202235845,304.3312072753906,146.63884162902832,4.150321843518747,313.46715927124023,146.06154441833496,20.974275101284135
470,18.8,385.9011459350586,122.56064414978027,82.16072678707317,376.65077209472656,158.95507335662842,99.45877192008312,354.70367431640625,182.59394645690918,105.31572609197069,331.72637939453125,195.755352973938,84.72161209799575,313.78917694091797,195.6950283050537,59.730678716761666,327.9404067993164,162.9938793182373,94.2124602552767,288.36246490478516,183.37620735168457,21.59933937346981,296.01850509643555,192.16778755187988,59.15205520631901,307.3830032348633,191.10510349273682,111.31794209412533,319.3431854248047,142.21012115478516,75.21384990726506,282.57606506347656,167.624773979187,10.729483418007932,292.9580307006836,177.620587348938,50.1720857782988,304.61395263671875,176.46234512329102,72.1413706403633,316.85686111450195,127.12009906768799,51.91174295729265,287.0315170288086,152.34050273895264,27.979975756132376,295.9117317199707,161.4530324935913,59.573023489819946,306.62506103515625,160.8456802368164,79.31517521462258,318.6756134033203,118.32011461257935,30.79122910342069,296.9259452819824,139.10970211029053,31.39497519539336,303.08475494384766,148.88410091400146,64.20101572194467,312.37356185913086,148.97086143493652,77.70167631259532
471,18.84,386.99222564697266,121.92711353302002,31.541797469024154,377.31929779052734,158.43093395233154,21.237477502674984,354.7031784057617,182.83390045166016,5.99886267993354,331.7173767089844,196.7292594909668,24.348703151531513,313.9217758178711,196.01833820343018,8.736123015868866,328.5996627807617,161.95485591888428,30.763087392548705,288.57080459594727,183.06288242340088,9.406710955399857,295.0192642211914,192.7023983001709,28.33164064860783,305.92132568359375,192.27052688598633,46.7353783913917,319.6849822998047,141.1904525756836,26.885743375518338,282.4692153930664,167.3580265045166,7.1837954500824335,291.9105339050293,178.20545196533203,29.99287578342325,303.309268951416,177.81658172607422,47.01167604311797,316.67829513549805,126.3264799118042,20.33650002832532,286.7477035522461,152.59079933166504,9.46039355028145,294.9580383300781,162.30830669403076,32.02562489497807,305.30792236328125,162.20643997192383,47.34528314440534,317.93664932250977,118.07075500488281,19.497565980763238,296.3467597961426,139.68226432800293,20.36055193504219,302.0794486999512,149.97419357299805,37.07208054263592,311.0475158691406,150.51391124725342,50.86379293552281
472,18.88,393.3689880371094,117.12421417236328,199.57915229436395,384.4331741333008,153.6999750137329,213.58430580653902,360.6239318847656,180.91498374938965,155.5987690130243,335.54603576660156,195.38146018981934,101.47411349590504,317.44781494140625,196.82470321655273,90.42668451254004,336.11072540283203,159.20732975006104,199.94524525640495,297.08316802978516,179.94024753570557,226.67595245139083,291.20508193969727,193.9888858795166,100.63248968485095,292.8213119506836,202.85282135009766,421.0072118797343,325.15445709228516,138.91817092895508,148.0675909585689,287.254638671875,167.79799461364746,120.14014705338765,292.2149085998535,181.61404609680176,85.55392271814307,302.933349609375,186.16159915924072,208.83700479017935,320.1866912841797,124.9288558959961,94.41330820403361,289.09204483032227,153.5965061187744,63.77392771408273,294.95662689208984,165.56060314178467,81.30741885058012,304.5619201660156,169.60853576660156,185.9898206756067,319.8170852661133,117.56887435913086,48.65647131019959,299.7186088562012,139.83568668365479,84.38344218147816,303.42674255371094,152.41527557373047,69.70510231808107,310.97145080566406,157.0149278640747,162.53654001882973
473,18.92,403.30650329589844,112.32386112213135,275.90487369464915,396.8092346191406,148.33080768585205,337.2636495977124,373.9229202270508,178.8613986968994,336.41520337230577,349.65953826904297,197.74722576141357,357.760219653262,331.17530822753906,205.044207572937,400.00337794311304,351.7349624633789,155.51685333251953,401.3542698731045,315.0707244873047,183.21209907531738,457.067555051844,305.49184799194336,200.28050422668457,390.2692545362369,300.65378189086914,212.30850219726562,306.9583498288177,337.50823974609375,136.56333446502686,314.4053918007252,300.0555229187012,171.26073360443115,331.5241307383749,305.23128509521484,186.50221824645996,347.59916214089986,314.40860748291016,190.6898546218872,308.40987419252474,329.1107177734375,123.55281829833984,225.73730342360716,297.5151252746582,155.9315013885498,218.51843040351872,303.3577346801758,170.37772178649902,242.10437328801612,312.2418022155762,174.4804286956787,227.37074488535544,325.8617401123047,116.88833713531494,152.07108354850112,304.78660583496094,141.6547393798828,134.61413857850465,308.5805130004883,155.04714488983154,144.67222849235327,316.3459777832031,159.27663803100586,145.77566907644197
474,18.96,417.6274108886719,114.62471008300781,362.61403397890075,412.314453125,150.59107303619385,391.72742465935397,389.4547653198242,184.24163818359375,410.9327719652687,364.7287368774414,205.60827255249023,424.90940457264975,346.654052734375,215.01646041870117,460.3241781123896,370.6725311279297,159.68048572540283,484.7469324475161,335.1818084716797,192.7351427078247,556.2958178058364,328.70121002197266,207.92635917663574,610.9079225610939,327.51243591308594,214.8420810699463,674.4471429387722,356.4820098876953,141.1087417602539,487.76574863467647,321.00467681884766,179.34456825256348,561.3685463614609,322.21954345703125,196.98144435882568,499.0084556409795,328.48045349121094,203.4400749206543,474.72687394202194,347.33333587646484,128.38542938232422,471.313285152395,313.97592544555664,162.57731437683105,443.793851735703,318.06285858154297,178.22615146636963,416.71221888915306,327.2861099243164,183.06774616241455,433.0655375559276,342.6069641113281,121.9542932510376,437.3688647354044,317.0460891723633,146.9787311553955,334.14052070739314,318.79472732543945,160.74960708618164,292.45539123176513,325.99998474121094,165.3823184967041,285.56871359454846
475,19.0,429.10308837890625,116.85577869415283,292.26362351427315,428.77025604248047,153.24126720428467,416.6960663867771,410.2233123779297,188.69534969329834,531.0179452690467,387.71392822265625,212.96020030975342,603.3085150464873,371.0708999633789,230.00969409942627,716.3184892251775,400.5900192260742,171.59173965454102,805.0365148034549,366.1603546142578,208.3656120300293,867.4610554443572,355.3709411621094,228.57413291931152,843.2100567236752,350.74310302734375,241.60494804382324,885.9722566321184,383.0419158935547,153.94525051116943,737.480747186162,346.48223876953125,197.55666732788086,782.9378629879005,346.3768768310547,217.65878677368164,794.9564630708196,352.25353240966797,225.76908588409424,815.3772178678281,369.24251556396484,141.32479190826416,636.1206927329423,334.6479034423828,182.14479446411133,711.6077532897668,339.1865539550781,198.39922428131104,730.2240123032617,348.06224822998047,202.7464771270752,715.410885119338,359.6514129638672,134.73455429077148,532.5928961989636,333.05126190185547,165.75499534606934,616.8030738507939,336.9782257080078,179.3047857284546,649.4874266852324,345.6224822998047,182.2838830947876,647.4494653543468
476,19.04,430.6360626220703,123.14423561096191,161.81528903499898,439.5302200317383,159.0494155883789,305.68714879532206,427.8346633911133,192.44590759277344,450.15717329261633,405.7154083251953,216.7839002609253,460.07741685415124,390.064697265625,234.59219455718994,488.4693224785304,422.2658157348633,178.7101936340332,570.3685986648131,396.94156646728516,227.44451522827148,905.3616509401254,385.04024505615234,251.7410945892334,941.0684441675531,377.6958465576172,267.83042907714844,940.1549869695675,399.6337127685547,165.63265800476074,507.37265487417756,370.9010696411133,218.20137977600098,799.4073794069632,365.71044921875,244.6578598022461,830.1870894834531,367.4985122680664,259.4590187072754,924.4663949116244,380.596923828125,158.02000522613525,504.76029877955983,353.7910842895508,207.4752902984619,793.7629495642225,355.48404693603516,231.9082260131836,931.5516204601137,362.3153305053711,244.30789947509766,1098.4370094422106,366.93397521972656,156.28038883209229,568.5830519218588,349.55028533935547,196.1513328552246,864.6368848979516,353.6076354980469,215.89772701263428,1004.8571483650268,360.35377502441406,226.05018138885498,1154.4749487600993
477,19.08,432.5657653808594,145.53059577941895,561.7344091790386,447.34519958496094,180.59005737304688,572.8618692105628,436.8973922729492,220.0722885131836,726.8725720274434,414.3115234375,248.2606029510498,815.7343345364059,396.13128662109375,266.3828372955322,809.1077153741653,432.9841613769531,203.1917381286621,668.1265571290561,408.9354705810547,255.72641372680664,768.0004551478725,398.27091217041016,279.9437427520752,778.7971156234092,390.48587799072266,295.3623962402344,758.944217288509,410.05054473876953,189.61076259613037,653.5766443627476,383.7114715576172,246.57983779907227,778.3971018339491,380.55431365966797,270.9535789489746,754.9027905068198,382.41214752197266,280.8794975280762,652.5207991890614,389.5321273803711,181.43091201782227,626.45252180888,366.5934371948242,235.50241470336914,770.3164699976032,370.8128356933594,256.18672370910645,717.8166614540237,377.88307189941406,263.0391311645508,608.8994235071647,373.8248062133789,178.64152908325195,584.9701622279084,358.0879211425781,221.94891929626465,679.3409910031386,363.58917236328125,239.73621368408203,646.0962220215466,370.37464141845703,245.75477600097656,552.65767666076
478,19.12,434.9515914916992,165.64207077026367,506.3123989560065,450.83362579345703,200.0220823287964,493.56655534803144,443.34362030029297,236.090669631958,431.67000521725265,424.92481231689453,261.3543891906738,421.3736012483808,408.3854293823242,277.7970600128174,418.6649130363727,439.15122985839844,222.24326133728027,500.62040898229014,415.1607131958008,272.1104049682617,438.1700687322557,402.4915313720703,297.91940689086914,461.6127487381503,393.69384765625,314.68517303466797,489.68151156034895,415.2854919433594,208.11377048492432,480.7324965401848,388.7812042236328,263.8217353820801,449.29474009815965,383.63426208496094,290.67787170410156,499.0827880925783,383.55518341064453,303.4613227844238,565.2683892138167,393.27991485595703,199.2881155014038,456.1562418844252,369.3027114868164,252.52301216125488,430.8718668385042,373.0686569213867,275.480432510376,485.6284129358862,380.0511169433594,284.49119567871094,539.0335629811615,376.7258834838867,194.62440490722656,406.10079485736134,356.28467559814453,237.4363660812378,389.80179451460856,361.1903762817383,255.58799743652344,400.80642988151965,368.95076751708984,262.03136444091797,408.4687473741327
479,19.16,435.3797149658203,188.13451766967773,562.4130250714632,448.1584930419922,223.9030408859253,600.7581235641285,440.7383728027344,255.96917152404785,501.21237514485483,423.055419921875,279.96362686157227,467.5724239479794,405.47760009765625,294.36716079711914,420.5827141825749,436.9178009033203,249.68853950500488,688.4000919710329,413.48838806152344,297.2442054748535,629.7343682358706,399.5716857910156,320.2433109283447,562.8511069166202,390.2878189086914,335.548095703125,528.4781062749985,415.34297943115234,236.13162517547607,700.4478416842176,390.3363037109375,289.2564582824707,637.0554643411507,383.29429626464844,313.4388542175293,569.0880323682048,381.45111083984375,325.2400875091553,547.004178639434,396.2165069580078,224.78131771087646,641.5444899161752,369.87518310546875,271.6252899169922,477.77134908571765,368.24390411376953,293.3704376220703,463.22950747379224,373.95641326904297,302.98187255859375,486.7305108797107,381.5599060058594,214.20733451843262,504.2685952820616,353.7793731689453,242.5400733947754,142.13630914550095,351.3966751098633,260.82077980041504,277.5997499907024,357.97290802001953,271.43497467041016,361.3700358407111
480,19.2,432.57537841796875,199.45913314819336,291.66678248672287,444.63321685791016,233.8035249710083,262.7346062248913,435.42030334472656,265.3010559082031,268.5213316938672,416.9594192504883,289.5362663269043,283.7215299800797,401.0749816894531,302.7890968322754,237.58163784859354,431.8488311767578,262.3432159423828,340.80354478747654,406.8614196777344,305.8012390136719,270.57754542852643,392.15660095214844,326.4319324493408,241.4571901726759,383.2438278198242,339.50883865356445,202.0292292891925,412.0195770263672,247.0876979827881,286.2260196322714,387.29976654052734,296.64027214050293,199.59531726306744,378.9038848876953,317.79104232788086,154.55026166017348,377.1663284301758,327.26091384887695,118.43537107192937,394.0581512451172,232.83472537994385,208.44045083002865,366.2154769897461,276.1358070373535,145.21151285824942,361.0284423828125,295.23576736450195,186.31683874335124,366.44432067871094,302.64527320861816,187.99074812362008,379.6162414550781,219.20448303222656,134.04599293450715,350.4098892211914,244.5391845703125,97.94726759310534,347.1099853515625,258.7738609313965,118.75812061777347,355.3639602661133,266.5114688873291,139.30074833486415
481,19.24,430.42816162109375,204.5945119857788,139.1551646955266,440.63587188720703,239.6303415298462,176.65389541620823,429.9342727661133,270.93106269836426,196.52211702302816,409.6825408935547,293.3396244049072,205.27191005334652,392.85491943359375,305.09127616882324,213.40901630998368,427.1544647216797,268.9434814453125,202.48546417540453,399.67430114746094,310.0547218322754,208.78635739727335,384.49092864990234,330.4606533050537,216.4964254593464,375.726318359375,343.372163772583,211.30284762513148,408.26499938964844,251.87939643859863,152.18661924091285,379.93080139160156,299.5474433898926,198.0424386958521,370.92689514160156,319.68810081481934,204.98657930482628,369.12464141845703,328.44011306762695,203.19209013878137,390.6005859375,236.15570068359375,119.85312580375849,359.3163299560547,277.9764175415039,178.51133861130796,354.84203338623047,296.50952339172363,157.90446219525165,360.4182434082031,303.7569236755371,153.19386008978134,375.87257385253906,221.5672731399536,110.67357467874102,346.9959259033203,248.0522346496582,122.46598097982215,344.8660659790039,261.62535667419434,90.71315409622942,352.7427673339844,268.28593254089355,79.13348550575729
482,19.28,429.8976516723633,206.0463523864746,38.643250985736074,439.5513153076172,241.38705253601074,51.61332515392276,428.7454605102539,273.30156326293945,66.29737695759904,409.54750061035156,295.8681106567383,63.30224425220955,392.13375091552734,307.6852226257324,67.30825661073176,426.03553771972656,269.23805236816406,28.92630360382905,398.8583755493164,310.4699993133545,22.888178826619683,383.50353240966797,330.63672065734863,25.07427775347083,374.31575775146484,342.808313369751,37.9770366912832,408.14220428466797,252.14089393615723,7.222342895339222,379.2238998413086,300.33639907836914,26.483023809911337,370.40042877197266,320.15753746032715,17.63408635455541,368.8202667236328,327.4108600616455,26.832882173407796,391.34456634521484,236.395525932312,19.541989998883196,359.4254684448242,277.8461265563965,4.249040371892777,355.1871109008789,296.69477462768555,9.791466678355679,361.1849594116211,303.57630729675293,19.69257008020939,377.51399993896484,221.85956954956055,41.681206708390775,346.4706802368164,247.9441738128662,13.406158907133836,344.4456100463867,262.358922958374,21.13797951197948,353.6343765258789,268.7205219268799,24.797112804250933
483,19.32,427.19005584716797,208.56183528900146,92.39429563533677,437.07340240478516,243.87070655822754,87.70899916804125,426.17916107177734,274.8234558105469,74.59075736304453,407.0523452758789,297.26128578186035,71.44375879147111,390.47801971435547,309.2302894592285,56.616458133345084,421.66027069091797,272.36180305480957,134.39861403139977,394.5067596435547,313.21640968322754,128.6451779873244,380.06683349609375,332.87890434265137,102.58620491201525,372.5666809082031,344.18100357055664,55.58522842796385,402.76283264160156,255.50016403198242,158.552701906441,374.32106018066406,302.4924659729004,133.8993586422341,366.45904541015625,321.6898441314697,105.71916376428415,366.40113830566406,328.3847236633301,65.19486471969068,385.6020736694336,240.15300750732422,171.56429173555742,354.05975341796875,281.0265827178955,155.9370849586454,349.83917236328125,299.1079902648926,146.68004361871857,355.8404541015625,305.2292060852051,139.85664851489696,372.2716522216797,225.84365844726562,164.6116147438831,342.82604217529297,251.38137817382812,125.24416258483097,340.69263458251953,265.2003765106201,117.68252610827858,349.0858459472656,270.99225997924805,127.10705183810016
484,19.36,425.34839630126953,208.56951713562012,46.041889172838516,435.60340881347656,244.04537200927734,37.00835360326409,424.3242645263672,274.8006248474121,46.375926183825385,405.00083923339844,295.78840255737305,63.13706337856352,388.35704803466797,306.6046714782715,84.38153918349562,417.6686096191406,273.09139251708984,101.44474757045418,391.25965118408203,313.6494541168213,81.89643165702269,377.67608642578125,333.56346130371094,62.170580799638046,370.95130920410156,344.58930015563965,41.654320332668014,398.64261627197266,256.74593925476074,107.61081160322131,370.8003234863281,304.07243728637695,96.4750493076202,364.27982330322266,322.95613288879395,63.010397000583396,365.1688003540039,328.6314582824707,31.419886212640264,382.0247268676758,241.5065574645996,95.62134838415747,351.03187561035156,282.10716247558594,80.37294566033621,347.7444839477539,300.3311061859131,60.641013938579036,353.81988525390625,306.39830589294434,58.360371981844814,369.86812591552734,227.1236801147461,68.07805342759978,341.4466094970703,253.04672241210938,54.06134215942274,339.06578063964844,267.187557220459,64.20446307009607,346.2123107910156,273.16137313842773,90.00783365744893
485,19.4,424.0455627441406,208.89746189117432,33.586856062646206,434.6910858154297,244.51855659484863,25.693346716459388,423.6907958984375,275.430965423584,22.3412698908854,404.7698974609375,295.9625816345215,7.231547776223322,388.6968231201172,306.41369819641113,9.744161812225602,415.1350784301758,273.86223793029785,66.20509297120502,389.0776062011719,314.355525970459,57.33594951000831,376.04400634765625,334.11681175231934,43.08336468687495,370.5105209350586,344.02273178100586,17.945995745239905,395.82592010498047,258.3419895172119,80.93652504207748,368.58226776123047,305.1669216156006,61.8347957593184,362.43072509765625,323.7644290924072,50.45113308071328,364.683837890625,327.81566619873047,23.72637396943234,379.47338104248047,243.68545532226562,83.87848872730683,349.4088363647461,283.97741317749023,61.907663503545166,346.0538101196289,301.7276859283447,54.82251459298719,352.8810501098633,306.30346298217773,23.59033972589288,367.95135498046875,229.75077152252197,81.3004461945599,340.17112731933594,254.20855522155762,43.13286350646989,338.03810119628906,267.8462219238281,30.51602273568544,345.9973907470703,272.87569999694824,8.937273390561332
486,19.44,423.5338592529297,209.86876487731934,27.446196842774206,432.8291702270508,246.03610038757324,60.05033732776487,421.3600158691406,276.1209011077881,60.768756329359555,401.85176849365234,295.97705841064453,72.95412191385954,385.17173767089844,305.4807758331299,91.16116072718424,413.4684753417969,274.4805908203125,44.440452790669625,386.7406463623047,315.04114151000977,60.88642067690289,372.73494720458984,334.58006858825684,83.5332243345208,365.28839111328125,345.3077030181885,134.44745943091232,394.27764892578125,258.4149742126465,38.749761371092795,367.0272445678711,304.5934867858887,41.43462196500289,359.90665435791016,324.17813301086426,63.94374496084965,360.49121856689453,329.802303314209,115.98702465770398,378.06243896484375,243.49116325378418,35.60641580460447,348.23192596435547,282.727746963501,42.91549645039268,344.23851013183594,300.61763763427734,53.19493197689901,349.8415756225586,305.6433391571045,77.75831395824108,366.42669677734375,229.69602584838867,38.14101897230087,339.3183135986328,254.58520889282227,23.307177412449658,337.2535705566406,266.9462585449219,29.847763818244626,344.6900939941406,270.12499809265137,76.13879500016301
487,19.48,424.10667419433594,210.30313968658447,17.972173491650388,433.8877868652344,245.59307098388672,28.689547739224324,422.53822326660156,274.3722438812256,52.71370058770851,403.05233001708984,292.54634857177734,90.86775407858767,386.3536834716797,300.6816101074219,123.56422302489831,414.2097473144531,274.80969429016113,20.276113275725734,387.4961471557617,313.88837814331055,34.456900873753874,373.9573287963867,332.88886070251465,52.16800305719267,366.5797805786133,343.73491287231445,50.875802168915364,395.6092071533203,258.9910697937012,36.27097179424019,367.32093811035156,303.1149959564209,37.684471517747134,358.42716217041016,323.226900100708,43.972585083193195,357.3893737792969,331.02593421936035,83.36183808549742,379.90966796875,243.3134651184082,46.39390868010433,349.0128707885742,280.1920223236084,66.33143234843682,344.4276428222656,297.3871421813965,80.90068002523635,349.6194076538086,303.2080364227295,61.13539285058642,368.88938903808594,228.41222763061523,69.43068051606275,340.8802795410156,251.07728004455566,95.99903127657355,337.5971984863281,262.44120597839355,112.95347156363967,343.9558410644531,266.10445976257324,102.17587725455944
488,19.52,428.25103759765625,204.58322525024414,176.58774231567443,436.12674713134766,239.7676420211792,156.02196494561605,424.22420501708984,268.43029975891113,154.4126662868181,404.18025970458984,286.9699001312256,142.23440729583504,386.6182327270508,297.0597267150879,90.78830326707198,417.9795455932617,270.7074737548828,139.2829682314195,390.48702239990234,310.220947265625,118.30940360083022,375.00526428222656,330.2304267883301,71.43808358715734,365.54805755615234,343.48923683166504,26.514254562700618,401.2457275390625,253.9720630645752,188.68093207498984,371.9023895263672,295.5102252960205,221.95471648880059,360.8833694458008,316.0588073730469,189.430903517665,358.52020263671875,325.90707778930664,131.05691763571724,386.4168930053711,236.7163896560669,231.65893886953478,355.7901382446289,271.1379146575928,282.7412905363984,348.6170196533203,287.7737331390381,262.1646806497254,352.7751922607422,294.6034812927246,229.1251643079776,375.07640838623047,220.78086376190186,245.60756669815112,347.65403747558594,240.98639488220215,303.8397603136814,343.01929473876953,251.79425239562988,298.7021388066456,349.1674041748047,256.3338375091553,276.84093952141956
489,19.56,431.6851043701172,193.6262083053589,287.0638375521014,440.4806137084961,228.7800693511963,295.46880900291916,426.9023132324219,264.303674697876,122.98703693731386,407.91439056396484,294.62093353271484,212.84096966050873,400.70335388183594,320.28345108032227,679.0305641764943,424.71900939941406,257.1924877166748,377.5539862120671,396.09222412109375,300.3596305847168,283.57522482624154,379.52526092529297,323.140811920166,210.19783632364138,369.5157241821289,338.43332290649414,160.67172291979622,407.7829360961914,239.874587059021,388.4857827567308,378.74427795410156,283.81115913391113,338.82110538138164,368.7724304199219,307.0866107940674,298.6820995067872,367.2897720336914,317.8384208679199,297.91837380749234,392.5474548339844,223.1428098678589,372.3454852362413,362.2220993041992,259.13683891296387,340.4004462579231,355.9149169921875,278.04983139038086,303.94651131632503,361.3469696044922,285.1453685760498,319.1113275490149,380.3361129760742,208.06300163269043,344.06441031263824,351.3368225097656,227.9707431793213,338.16609718698453,346.7106246948242,240.10783195495605,306.3885804422484,353.87340545654297,245.32811164855957,299.2411754988643
490,19.6,433.76163482666016,175.98275184631348,444.130846822745,444.64195251464844,211.8326711654663,436.2704478913233,431.4389419555664,249.9579620361328,376.1486341402808,411.37428283691406,282.33304023742676,319.142578028222,401.90635681152344,309.1197967529297,280.7071360759596,427.81494140625,238.18583965301514,481.42851598573867,400.5522918701172,280.5108833312988,508.5917885789805,386.04915618896484,305.0013828277588,481.92329343594065,377.2623825073242,321.21508598327637,472.0158882067542,408.93733978271484,221.79797172546387,452.8359731934205,381.11488342285156,266.60937309265137,434.10915483446286,372.5851058959961,292.14380264282227,385.5385922080104,372.3116683959961,303.9320182800293,369.6345120607484,392.7854537963867,206.451416015625,417.3272638443477,364.35646057128906,246.73473358154297,314.61058734381464,361.0900115966797,267.009973526001,304.8155854684461,368.8053894042969,274.22143936157227,330.68135662695977,380.6614685058594,193.20696830749512,371.48989082819895,355.4719924926758,215.45727252960205,329.47550979639027,351.1091613769531,229.73490715026855,281.6743398276354,357.10968017578125,237.01768398284912,222.95835099490336
491,19.64,426.77978515625,152.89329528808594,603.0491423665669,435.25474548339844,187.2072458267212,658.849010093388,419.18296813964844,222.68817901611328,747.4330907075447,395.9674072265625,248.9267921447754,919.6973781156967,380.75416564941406,268.5870552062988,1142.9999803817784,423.2890319824219,198.23654651641846,1005.1212234807883,393.4227752685547,237.15152263641357,1098.5399875633555,381.23645782470703,257.87166595458984,1184.3701591168603,375.54088592529297,268.9226531982422,1308.0190358561451,404.74578857421875,180.6233310699463,1034.685983355713,369.86209869384766,226.68495655059814,1036.998131742735,367.22015380859375,246.47214889526367,1149.6419733271869,372.5167465209961,251.1587905883789,1319.3406539897421,387.0405960083008,168.81817817687988,951.7299975678792,354.2734146118164,212.1518039703369,900.5716366267283,356.494140625,230.25803089141846,925.9546821402669,365.3470993041992,234.841947555542,988.2763231118736,373.6592483520508,160.75206756591797,830.0420430722274,347.65560150146484,193.56502532958984,581.144590223641,350.61683654785156,209.50201034545898,505.97214402785016,359.84893798828125,215.10011672973633,552.202005416759
492,19.68,428.57582092285156,153.8326120376587,50.670876934758994,436.19850158691406,186.90502166748047,24.774167813366567,421.9705581665039,218.8344383239746,118.90641141268814,399.21905517578125,243.7068271636963,153.7474568678915,383.7158966064453,263.0149555206299,157.75801320548902,425.4529571533203,195.54983139038086,86.24460241707541,395.89149475097656,234.2329216003418,95.56675641485047,382.4345016479492,255.32873153686523,70.27546004499524,375.96458435058594,266.9554138183594,50.308741371141544,406.1090087890625,179.06344413757324,51.790543272558665,372.67581939697266,221.15415573120117,155.13458249822247,367.0409393310547,241.95207595825195,113.0906085426232,369.6071243286133,249.83779907226562,79.88632505023087,388.0699920654297,168.16613674163818,30.463238867779157,356.3990020751953,209.21477794647217,90.63747820759748,356.0354995727539,228.14263343811035,54.11364199688826,363.25439453125,235.1057481765747,52.731655781784006,374.3572998046875,161.64406299591064,28.316643489916533,349.4345474243164,189.18591499328613,118.16634444172387,349.8515319824219,205.99976062774658,89.62227737525743,357.01358795166016,214.55559253692627,72.17910200814137
493,19.72,421.1952590942383,148.87664794921875,222.25305531067758,429.5127487182617,180.60819625854492,229.60468969964083,411.6825485229492,213.4245729446411,290.5918377299006,386.52225494384766,235.7505226135254,374.59271067445627,371.42333984375,257.03779220581055,341.7175670931591,416.06578826904297,183.68857383728027,378.16032512921225,381.4985656738281,221.42055988311768,481.737104259688,369.1720199584961,240.4566764831543,498.16628880556067,365.83683013916016,249.97398376464844,494.3053029480677,397.2101593017578,164.53777313232422,425.87016826613,361.3562774658203,207.82382011413574,437.1998092939881,356.3655090332031,228.19281578063965,435.3748763131571,359.3541717529297,236.21509552001953,426.248965241849,379.4521713256836,153.41697692871094,427.05718988332376,347.25120544433594,195.58310508728027,410.4149486644515,348.84185791015625,214.1059684753418,394.31621483182374,355.7978057861328,220.5818510055542,408.1546158842457,365.3078079223633,148.42025756835938,400.5951301766429,341.3478088378906,183.03674697875977,253.9778634990432,344.94579315185547,198.06570053100586,233.20535892805464,352.35958099365234,201.89424991607666,337.2400644642181
494,19.76,417.62767791748047,143.23544025421143,166.8660759991499,424.74609375,175.72444438934326,170.6092610073982,405.1687240600586,207.6229763031006,218.07170942789477,380.9170913696289,229.82428550720215,203.92729239564648,369.8661422729492,250.75787544250488,161.7525479485473,405.77606201171875,177.8476095199585,295.7990561670348,374.37225341796875,217.70410537719727,200.92965258795746,362.2723388671875,236.76848888397217,195.58937683403556,357.38048553466797,246.19400024414062,231.56807784811733,387.77976989746094,160.10348796844482,260.52246691897284,355.1388168334961,203.52327346801758,188.99655778932137,351.9870376586914,222.94199466705322,170.920547960711,355.8302688598633,228.4679889678955,212.77269492601246,371.4926528930664,148.78519535064697,230.2272440791726,340.55896759033203,189.9699354171753,218.36569276094698,342.44617462158203,207.86673545837402,223.37299714794355,349.50016021728516,211.61726474761963,273.8888306489239,359.033203125,142.62691497802734,213.50275720123815,332.33936309814453,174.76341247558594,305.7778589590776,333.9028549194336,191.243577003479,324.5071784933272,340.81787109375,196.14508152008057,322.35850060435826
495,19.8,415.85304260253906,140.4828643798828,81.87644825044742,420.814208984375,173.14908027648926,117.50589911768859,402.1780776977539,208.27696323394775,76.53293641500517,381.1089324951172,233.66718292236328,96.19207205144535,374.7980499267578,256.5971374511719,191.08357777350574,400.56095123291016,179.9280881881714,140.36953890564732,370.9872055053711,218.47990036010742,86.8202425492261,359.2525863647461,237.88352966308594,80.4760100708892,351.96006774902344,249.74169731140137,161.95501584541546,382.36915588378906,162.35547065734863,146.5140139117776,350.11280059814453,206.0456371307373,140.58617829694882,349.32273864746094,224.8412847518921,81.79926668226803,353.90708923339844,230.43967723846436,68.85752732975273,366.6023254394531,150.56519508361816,130.10500963870797,336.8909454345703,192.34321117401123,109.2211756973666,341.1063003540039,209.57744121551514,54.324127008826416,349.5413589477539,212.3246669769287,17.715022745958013,354.9801254272461,144.39904689788818,110.58902060506439,329.2176055908203,177.88427352905273,110.35494905525591,331.9108581542969,193.4577512741089,74.458960227407,338.95851135253906,196.9872236251831,51.029537845879894
496,19.84,413.2044219970703,143.81116390228271,106.33898868277649,418.2964324951172,177.21073150634766,119.46811594226104,401.49139404296875,213.13652515411377,122.69595678361999,382.7309036254883,239.92143630981445,161.5287818435962,377.94132232666016,264.02149200439453,201.5583071842144,397.6262664794922,186.88289165496826,188.7155032444899,367.2549819946289,226.42207145690918,219.38489872967838,355.4499053955078,246.28151893615723,230.47045144718044,346.52137756347656,259.8423957824707,286.7963787012337,378.96141052246094,168.8814640045166,184.0538603489036,345.8656311035156,215.4668426513672,258.35726496710583,348.6050033569336,231.2112808227539,160.2575932094626,353.5170364379883,234.74604606628418,108.09993543136822,363.15757751464844,156.49128913879395,171.36379251506855,334.6691131591797,201.9686508178711,246.963594226908,343.11229705810547,213.84482860565186,117.88399465778903,352.16197967529297,212.38088607788086,65.53059202063201,351.32835388183594,149.59389209747314,158.74872453723486,328.126220703125,186.69201850891113,221.87763041160568,334.07745361328125,198.6357021331787,140.32398000215795,341.2974166870117,198.29116344451904,66.94558058637294
497,19.88,412.62950897216797,150.73156356811523,173.6059772175508,417.04662322998047,184.22194004058838,178.04330286097453,401.36383056640625,221.0800266265869,198.61314169091338,383.69373321533203,248.81269454956055,223.58096115407992,380.2049255371094,272.87816047668457,228.53401814939446,394.7931671142578,198.80516052246094,306.35655999390286,365.65433502197266,237.7873992919922,286.9372182311688,353.4123229980469,257.7546215057373,291.3157914945434,345.12523651123047,270.97211837768555,280.4237138735358,376.94122314453125,180.71089267730713,300.01722842882816,344.0560531616211,227.11177825927734,294.61744012380393,346.0976028442383,243.21481704711914,306.5655916976752,351.2594985961914,247.25558280944824,317.79020854539067,361.5763854980469,167.13672637939453,269.0556427545824,332.7183151245117,212.02919483184814,256.19835922244147,340.7965087890625,224.60314750671387,275.1184982012128,349.8583984375,223.79005908966064,290.9850891066371,350.00831604003906,158.2056427001953,217.80832793315858,326.38771057128906,195.2780055999756,219.0056959967332,333.00880432128906,207.1532106399536,214.60714467407973,341.0087585449219,206.63844108581543,208.80668024497163
498,19.92,411.5647506713867,156.73729419708252,152.4846521514509,416.5245819091797,191.1320400238037,173.24478512832638,401.9797134399414,228.00704956054688,173.85870419956183,385.03246307373047,256.1458969116211,186.35995834120638,381.20731353759766,279.58431243896484,169.5163263610589,395.43670654296875,209.71296787261963,273.1693661728946,367.3374938964844,248.31461906433105,266.5231930948622,355.31471252441406,267.9356861114502,258.9318955050383,346.02108001708984,280.42656898498535,237.41994949990786,377.66021728515625,191.81040287017822,278.0693248723041,344.70760345458984,238.76715660095215,291.83938441359504,350.3854751586914,251.1401653289795,225.2734371461719,357.0155334472656,250.6574249267578,167.15349794029564,362.3056411743164,177.66443252563477,263.82334352620757,334.03202056884766,222.42899894714355,262.0612376322961,344.498291015625,232.05265045166016,207.96376754686355,353.2225036621094,228.461651802063,143.92051285521893,350.60585021972656,167.56615161895752,234.4890380088716,327.8171920776367,205.19813060760498,250.564734080816,336.30786895751953,214.49841499328613,201.30178598661496,344.43477630615234,211.1174440383911,140.97664955021878
499,19.96,411.01806640625,163.7618923187256,176.14596655958974,416.71939849853516,199.77822303771973,216.2094387012538,401.3214874267578,233.35437297821045,134.69207757308152,379.36866760253906,258.26279640197754,151.16183916534553,364.96204376220703,279.1040897369385,406.30915255409406,396.4202117919922,217.24685668945312,189.94532647459613,366.5453338623047,257.6923370361328,235.2779099788233,355.21800994873047,276.4035129547119,211.7094749231945,348.7215042114258,286.3677978515625,163.15347696724947,378.9055633544922,200.36119937896729,216.02518338021625,345.7998275756836,247.1030616760254,210.17889248109998,348.3115005493164,261.1941719055176,256.6422837840192,354.39815521240234,261.9205570220947,289.08131795109193,363.2186508178711,187.28429317474365,241.5772463383833,334.08191680908203,232.32812404632568,247.481271215681,342.25624084472656,243.66482734680176,295.66602909034685,350.49747467041016,241.52369499206543,333.5816572661505,351.1851501464844,177.37940311431885,245.7583840334254,329.4429397583008,214.29595470428467,231.048505209553,336.7908477783203,225.12024879455566,265.82021866659954,344.45140838623047,223.4430170059204,308.1396047289044
500,20.0,410.70350646972656,167.3664093017578,90.45541247844629,415.9981918334961,203.42476844787598,92.92951792228203,401.9537353515625,233.04850101470947,17.55874241787721,380.9611511230469,252.00170516967773,161.51096553769662,363.7617874145508,263.9010429382324,381.25880913079857,394.9384307861328,222.18006134033203,128.77350046879522,364.12261962890625,263.14295768737793,149.11993859912548,353.23219299316406,279.9615955352783,101.86823790792548,351.6098403930664,285.27122497558594,77.23728847884071,378.54137420654297,206.33198261260986,149.5469954534178,346.8981170654297,250.66680908203125,93.22866839490759,344.0194320678711,266.2217903137207,165.26266726774531,349.0325927734375,268.36835861206055,209.70724479318204,363.4223937988281,193.58031749725342,157.48300200323965,335.5366516113281,235.59431076049805,89.38760049883192,338.3784866333008,249.11333084106445,167.18845663506346,345.64090728759766,249.65758323669434,236.83642129103393,352.1458053588867,183.9052677154541,164.90483473329775,331.070556640625,218.04684162139893,102.22001204694983,334.1739273071289,230.66092014312744,153.1896531783088,340.1539993286133,231.87602519989014,236.62120547413275
501,20.04,411.2255096435547,163.53195190429688,96.74564217068624,416.4997100830078,198.91965866088867,113.32347160728138,401.78077697753906,227.37796783447266,141.82925726756693,380.57064056396484,245.41926383972168,164.85037223014578,363.85387420654297,257.6953125,155.16034095666927,394.49432373046875,216.88583850860596,132.82042969000537,363.6529541015625,255.55386543273926,190.09028604355314,353.3994674682617,272.3444938659668,190.4734538437174,350.50506591796875,280.0063705444336,134.48796140838166,377.5130081176758,201.25718593597412,129.4485856477514,345.7955551147461,245.8714485168457,123.0120060330288,345.2973937988281,260.88778495788574,137.1240299005492,350.85620880126953,262.98791885375977,142.0270823858729,362.5390625,189.31039810180664,109.0082732728976,335.24951934814453,231.04491233825684,113.96126244488671,339.7843551635742,244.1810703277588,128.21773496558367,346.6990661621094,244.7508430480957,125.48854400431553,351.81026458740234,180.22260189056396,92.44800967010485,331.31744384765625,214.20659065246582,96.20447234077578,335.27957916259766,226.97801113128662,96.1323463220101,340.8448791503906,228.5777235031128,84.2470660138359
502,20.08,413.31321716308594,153.98174285888672,244.39340147871897,419.85538482666016,187.79183864593506,290.56941002795315,404.20108795166016,216.51384830474854,278.26134115205446,381.35780334472656,233.553729057312,297.2904103271645,364.0998077392578,244.57594871520996,328.0417174500962,397.4068832397461,204.04369354248047,329.20708739528993,365.5379867553711,242.2382354736328,336.20989474004347,355.9642791748047,258.9929008483887,339.8927176303767,354.22779083251953,266.7217540740967,344.9091506771782,379.6934509277344,187.6769256591797,343.85480223618464,346.3356018066406,230.7672929763794,377.84517747023824,344.84214782714844,247.45768547058105,335.9453277075306,350.0527572631836,252.2384548187256,269.48621418189697,364.17266845703125,176.07446193695068,333.4091654624519,334.63134765625,216.29107475280762,369.16955770559696,340.3683853149414,229.07268047332764,377.9918444979866,348.59519958496094,229.61359977722168,381.38846321604603,353.0157470703125,169.51618194580078,269.35178676108933,331.6941833496094,203.13311576843262,276.9970426959082,337.5290298461914,214.52646732330322,316.32753158321725,344.9314498901367,214.4040012359619,368.77708656219204
503,20.12,415.44239044189453,141.89629554748535,306.78923502937147,418.47877502441406,176.54345512390137,283.3076799241408,399.01344299316406,206.48262977600098,282.33070744573894,375.1226806640625,225.71725845336914,250.35852588012676,358.0337905883789,239.51687335968018,197.46962982900348,395.31822204589844,187.14131355285645,425.7735276061733,361.5077209472656,220.68552017211914,548.1574701625925,352.1750259399414,236.02449417114258,581.9719416396317,350.2715301513672,244.5669651031494,562.63146959424,379.1808319091797,169.8677158355713,445.4146472666606,342.7648162841797,209.7688865661621,532.4962329773276,347.51529693603516,221.24094486236572,658.8167491214783,356.98448181152344,221.12091064453125,797.0062580710209,364.98119354248047,158.38841915130615,442.6128544150136,331.03755950927734,196.68664455413818,498.2776564450683,339.5121765136719,207.55574226379395,538.3491684215403,350.0777053833008,206.51378631591797,578.6834224065971,354.7737503051758,152.70659923553467,422.5315419195554,330.6026077270508,184.4827938079834,467.0559699919396,336.7264938354492,195.2520990371704,482.2767209276877,344.7984313964844,195.10273933410645,482.5430064536159
504,20.16,415.4722213745117,128.52805137634277,334.2069363656187,418.42010498046875,161.42257690429688,378.0248010268027,398.3171081542969,190.0971508026123,410.0067098499597,373.42296600341797,207.44473457336426,458.7851886183763,354.87770080566406,219.48145866394043,507.06184580065104,389.85145568847656,170.30516624450684,442.5362913049388,355.86902618408203,201.92596435546875,489.7166355852992,346.36566162109375,218.11652183532715,470.66720393064816,343.8880920410156,227.4398374557495,456.95102552066425,375.1169967651367,153.81664752960205,413.9380613697303,339.87255096435547,191.9563865661621,451.14462407459894,341.0676956176758,206.96564197540283,391.59596147930375,347.3950958251953,211.01420402526855,348.30109305979306,362.27603912353516,142.0663547515869,413.61791448972076,329.4117736816406,179.38795566558838,434.37297972205073,336.60648345947266,190.32939434051514,436.74228305938175,346.6328811645508,189.4870948791504,434.2918338952657,352.8246307373047,136.1108922958374,417.74435657332197,327.6435089111328,166.20994091033936,462.77250000763433,333.13880920410156,175.8008337020874,494.48407718917633,341.0832214355469,174.36402797698975,526.7215427811753
505,20.2,412.95482635498047,120.72938919067383,204.872535937811,413.6343002319336,155.8416223526001,183.79843035103468,390.38944244384766,184.04302597045898,249.37460664120326,362.6732635498047,200.95068454742432,313.9753061355203,342.1700668334961,214.02807712554932,345.7088111527736,377.783203125,159.96429920196533,397.3161926660079,341.1600875854492,190.4016923904419,467.14673753426644,334.0792465209961,207.01493740081787,413.97552235039086,333.55224609375,216.65602684020996,373.4302836854481,364.8655319213867,141.7982053756714,394.91730404131744,329.1414260864258,177.96735763549805,440.77344773752367,327.880859375,196.40713691711426,422.3259102555254,332.2607421875,205.3576898574829,403.92203189568426,354.77039337158203,129.96562957763672,355.98654108098316,322.75672912597656,165.31182289123535,389.25179183843306,326.9380187988281,179.9677276611328,354.2980253867799,335.0862121582031,184.64891910552979,312.9831364852175,347.56275177001953,124.12302017211914,327.29616588131927,323.0771255493164,152.82312870025635,353.60518074108904,325.8025360107422,166.01160049438477,305.82878294316026,332.33654022216797,169.6095085144043,248.88487244178194
506,20.24,407.5951385498047,123.04846286773682,145.99733749412272,403.84090423583984,157.07111835479736,246.75679518977302,381.3601303100586,183.5142946243286,226.11948507063033,354.92706298828125,200.1364231109619,194.72198904183855,334.6712112426758,214.36457633972168,187.6600431850033,364.92687225341797,159.1084098815918,322.11972736111903,327.6199722290039,190.6092882156372,338.5426670787641,322.4394989013672,207.56744384765625,291.321330345092,324.3634796142578,217.16620445251465,230.07296479966982,352.2454833984375,140.5408000946045,317.0633737544117,316.57459259033203,178.28955173492432,314.27407739528184,320.08800506591797,194.34089183807373,201.55326065527564,327.2410583496094,200.22385597229004,179.50187358551247,344.0582275390625,128.2560396194458,271.1931906507634,311.79235458374023,163.8477659225464,276.5422344665535,317.8179740905762,177.32344150543213,237.3913761514737,326.7633056640625,181.28455638885498,224.42942793832717,339.89444732666016,121.69149398803711,201.11441491710892,317.07374572753906,149.51671600341797,171.34200850626468,319.9605941772461,162.9082202911377,165.37694267917448,326.11019134521484,167.45022296905518,164.7534794850497
507,20.28,403.63101959228516,125.46549797058105,116.07190066330382,399.59423065185547,158.82699966430664,114.88406031189311,374.3313217163086,186.3200855255127,189.20328490267624,348.41800689697266,207.28443145751953,241.68915279013206,336.8318176269531,228.23527336120605,350.94912007440223,356.9431686401367,166.3350534439087,269.2163402376148,321.62220001220703,197.55603790283203,229.44307951690584,310.8895683288574,214.46874618530273,336.3674239070653,304.6651840209961,225.9917449951172,539.6254575795114,343.40869903564453,148.81597995758057,302.66251795430816,310.4819107055664,185.74185848236084,240.64710730502136,317.22421646118164,197.86421298980713,113.50957313942074,325.47428131103516,199.81192588806152,45.35407574246772,335.6924819946289,136.40198707580566,291.9141124500345,307.4462127685547,171.35331630706787,216.82688263378304,314.26143646240234,182.70870208740234,161.3420114158478,322.9341506958008,184.38526153564453,123.17873238279257,331.2669372558594,129.66705322265625,293.72976007578757,311.82031631469727,156.38720512390137,216.22057798460125,315.91718673706055,167.21398830413818,147.66681649308947,322.4894332885742,169.4181203842163,103.02460003964424
508,20.32,401.51363372802734,129.06213283538818,104.340504026795,396.6945266723633,163.77718448638916,143.42378843278357,373.07987213134766,193.95225048065186,193.3521204405211,351.32686614990234,217.73889541625977,271.2900648037461,344.7641372680664,240.22501945495605,359.40550416745924,356.75811767578125,177.47723579406738,278.59297301753315,321.739501953125,207.40808486938477,246.31863152290174,308.78578186035156,224.8623561859131,265.1097017626098,299.18176651000977,238.6719846725464,345.3769189928965,342.50831604003906,159.8550510406494,276.8932329389596,309.4518852233887,195.02278804779053,233.44780745972207,316.6994857788086,206.62954330444336,219.525564874721,326.26033782958984,208.93062114715576,228.81281661899706,334.4402313232422,146.4900541305542,254.13730128255878,307.86169052124023,180.12037754058838,219.42251541728055,315.5080223083496,190.86243152618408,206.21178438708955,324.61021423339844,192.2219467163086,200.34785936419453,329.8053741455078,138.2644271850586,218.01806945602914,311.23090744018555,164.64982509613037,207.09039636537773,316.79622650146484,174.8766803741455,192.82368997862577,324.3762969970703,176.25290393829346,177.26131995856267
509,20.36,401.0060501098633,134.43626403808594,134.9512118166185,397.96627044677734,169.67126369476318,150.7429557689759,375.4637908935547,200.38228511810303,171.4431649695179,354.32716369628906,224.57096099853516,186.54574755164975,348.3024597167969,247.26539611816406,196.98767301381116,358.97193908691406,184.48362350463867,183.69552592407237,324.7582244873047,215.59327125549316,218.10255889388728,311.8355369567871,233.3414125442505,225.27122940482286,301.3218879699707,247.9779052734375,238.72091196294858,343.3595657348633,167.15503692626953,183.73625794394675,312.13571548461914,203.8776397705078,231.31599585632537,320.8976745605469,214.446759223938,221.82996554105551,330.7286834716797,215.2384614944458,193.25333539179118,334.6201705932617,154.25436973571777,194.1600096529306,309.72883224487305,188.7092399597168,219.73674003060881,318.64336013793945,199.1658067703247,221.8901526525351,327.7976608276367,199.3654203414917,195.55854498207162,329.92027282714844,146.59119129180908,208.18891990886397,312.13985443115234,172.98834800720215,209.6979210836038,319.0931701660156,182.48333930969238,198.64731680772692,327.3397445678711,182.68145084381104,176.96792933559436
510,20.4,401.4370346069336,142.03665733337402,190.3150773713407,398.0592346191406,177.7419662475586,201.78094873067417,375.1951599121094,209.64669227600098,231.70752387371758,353.7271499633789,235.27791023254395,268.0937084063637,348.5805130004883,259.1135787963867,296.2861226976246,361.65103912353516,190.24988651275635,158.95629526109028,327.2490692138672,223.7854528427124,214.06212096290255,314.40391540527344,241.67704582214355,218.05869335767056,304.25573348999023,255.96699714660645,212.76900398858731,345.59566497802734,173.3199405670166,163.9477369563533,314.3657875061035,212.4539566040039,221.53785180177996,319.68544006347656,226.05494499206543,291.7827630524589,326.31309509277344,230.01000881195068,385.43484443322063,335.5648422241211,161.2445068359375,176.34203478258303,309.4247817993164,198.66990566253662,249.13263023535066,316.8794250488281,211.2161636352539,304.4693822565995,325.01617431640625,213.1097173690796,350.5730736903492,329.5402526855469,154.61710453033447,200.87262540656204,310.8169174194336,184.8747682571411,298.9953476802925,316.53465270996094,195.72940349578857,337.2723565561636,323.89892578125,196.76024436950684,362.3289778136185
511,20.44,399.0019226074219,152.73054599761963,274.1908837988676,396.1286163330078,188.4834909439087,272.8411165049284,373.38016510009766,222.3144006729126,319.92679064593693,353.61629486083984,248.56761932373047,332.2542856967054,349.544677734375,271.67452812194824,314.9474773607055,364.9040222167969,203.33779335021973,337.1527884275607,331.407470703125,237.14050769805908,349.68717550045756,318.9756393432617,255.17638206481934,356.31160761859394,309.66211318969727,267.5351142883301,319.22785324714033,349.40296173095703,185.59078216552734,321.1980134012065,314.13631439208984,225.17269134521484,318.0201166272162,322.5136947631836,235.86410522460938,255.2188388350972,332.70294189453125,234.82526779174805,200.0263438782091,338.09471130371094,172.2897434234619,283.2815393233522,309.1392517089844,210.25187015533447,289.63708859635364,319.33813095092773,220.26164531707764,234.3421291205821,329.2403793334961,218.37661743164062,168.7900772694674,330.1596450805664,163.9667844772339,234.2543516784441,309.15998458862305,195.39813995361328,266.3254332906564,317.04797744750977,204.605712890625,222.2785003647465,325.9886932373047,202.6747226715088,156.82032235419376
512,20.48,397.5017547607422,159.37345504760742,170.2548534818855,397.735595703125,196.0589075088501,193.59964945146933,376.4861297607422,228.81016731262207,180.00347342262452,355.7809829711914,254.41617965698242,155.90769021039665,348.0291748046875,277.0180892944336,138.85783002315807,366.669921875,213.6278486251831,261.0120197958367,332.38834381103516,249.3244171142578,305.5832136218765,322.5306701660156,266.8622016906738,305.3651753216306,317.0201301574707,277.0642948150635,300.9834870980433,349.9760437011719,196.4182949066162,271.0667066229122,315.2129936218262,237.5200080871582,309.8542690621072,323.61446380615234,247.4765110015869,291.6115357105447,333.4551239013672,245.40904998779297,265.26192638683233,337.6860809326172,182.82212734222412,263.50769651043987,309.18643951416016,222.29413032531738,301.058815568605,319.7920799255371,230.4541540145874,255.06531420937208,329.25086975097656,227.1672821044922,219.76677330664006,329.4270324707031,173.4451675415039,237.6663453630575,308.8974189758301,205.0645351409912,241.7490132084107,316.2249755859375,213.0393362045288,211.84212025847998,324.3955612182617,210.65016746520996,203.32515413659942
513,20.52,397.19261169433594,163.0275535583496,91.67880535364803,398.0424118041992,201.58076763153076,138.25943759453028,377.33436584472656,230.99261283874512,58.5372366995341,352.1199417114258,250.36548614501953,136.4994071268364,333.7276077270508,263.937463760376,484.53430298998353,368.22620391845703,217.9993486404419,116.00653586704281,331.4811706542969,258.5131645202637,230.83549611639822,323.08815002441406,272.75336265563965,147.93698258814663,322.4571228027344,277.11999893188477,135.93194982527586,351.3459777832031,201.2790584564209,126.25307341858225,315.92472076416016,243.32968711853027,146.3278125748383,320.92552185058594,254.74462509155273,193.73934045703805,330.2271270751953,253.8347625732422,225.57232221946725,338.6860656738281,188.01010608673096,132.0868391819124,309.3997573852539,228.03646087646484,143.65728460638854,318.3018112182617,238.0917263031006,194.54018107152822,328.01368713378906,235.83459377288818,218.87912244173765,330.66551208496094,178.60774040222168,132.726199130842,309.3778991699219,209.9022674560547,121.53835600625197,314.54334259033203,220.32257080078125,186.87127206307937,321.2177276611328,219.89966869354248,244.5044722108107
514,20.56,396.14036560058594,161.21681213378906,52.35698585451427,395.76404571533203,200.35810947418213,64.64250248787131,375.19996643066406,229.27086353302002,68.5569176420002,349.6900939941406,246.4109230041504,116.03536520258781,331.74415588378906,258.3738899230957,147.66396618972385,366.94091796875,213.31705570220947,121.38736325276899,329.9485397338867,253.7303638458252,125.55909920632602,320.5789566040039,269.0932846069336,110.93980052163859,318.4189224243164,275.2470588684082,111.28501352841332,349.94335174560547,195.93355178833008,138.16159320690014,313.86945724487305,239.89797592163086,100.00234332453553,316.4794921875,254.48787689208984,111.33592020033194,324.19517517089844,256.39360427856445,163.80650675539277,337.00439453125,183.3518886566162,123.81187205293776,305.7347106933594,225.19031524658203,116.00946136056123,313.41102600097656,237.5031280517578,123.15190808280943,322.83740997314453,236.75135135650635,131.42081672753469,329.1746139526367,175.62891483306885,83.27731913765048,307.50619888305664,208.74451160430908,55.02079479673226,312.54871368408203,221.36332511901855,56.24563330038201,319.05723571777344,221.94442749023438,74.36718015180509
515,20.6,395.88497161865234,153.5218906402588,192.4789645610691,396.8585205078125,192.18741416931152,206.09181333268936,375.43556213378906,223.21460723876953,151.5209260238079,349.0176010131836,242.53875732421875,98.25322469986972,330.2033233642578,257.2733688354492,47.33729711865436,367.0326232910156,203.50351810455322,245.34915178010172,328.9994430541992,241.9676971435547,295.02236404222094,319.322452545166,259.22844886779785,248.61338787614335,317.84704208374023,268.0650329589844,180.11895945383688,350.31524658203125,186.2487030029297,242.29966178968292,313.828125,229.31814193725586,264.49786801055035,315.6136131286621,245.76656341552734,219.10479128291084,323.67977142333984,249.4778823852539,173.37252220401786,337.7967834472656,174.65449333190918,218.33541517075875,304.51587677001953,215.8164882659912,236.31836100208182,311.4222717285156,229.5582675933838,204.74977298410298,321.43909454345703,230.22191047668457,166.93727160970883,330.123291015625,168.91608238220215,169.48839872401498,307.3430824279785,201.7227602005005,175.59114398725598,311.75119400024414,214.8634672164917,163.7150542847803,319.0030860900879,216.2084197998047,143.40658197683734
516,20.64,400.33912658691406,142.6921033859253,292.7496674372735,400.03894805908203,179.47447299957275,327.61829218058136,378.5455322265625,207.79964447021484,393.13880431556265,353.8699722290039,224.75592613220215,460.8243914577711,335.72216033935547,237.5918483734131,511.0160279135406,368.6656188964844,189.745774269104,346.3580067009073,332.6863098144531,220.09164333343506,554.6140081236199,322.940673828125,237.36167907714844,554.1023970856578,319.61231231689453,247.9127597808838,505.73603122136063,353.74290466308594,172.81436920166016,346.6177330689319,317.5065803527832,210.26903629302979,485.02542435120415,318.8953399658203,227.0222282409668,475.7361612346124,325.32073974609375,232.74251461029053,420.39067514602147,341.90128326416016,161.41852855682373,346.44415339469765,307.5694274902344,198.30991744995117,444.2720124948435,313.46683502197266,212.55753993988037,428.0807311488889,322.8196716308594,215.33781051635742,373.69976645971343,334.0592956542969,156.0210943222046,337.0579045052257,308.82490158081055,185.38264274597168,410.17924925382994,312.95026779174805,198.42271327972412,412.1105494636802,320.89420318603516,201.44293785095215,372.1523386434598
517,20.68,401.0848617553711,131.51309967041016,280.0962390556312,399.2549133300781,166.88881874084473,315.25129220246976,378.5381317138672,194.5335817337036,331.651620017753,354.83970642089844,210.66381454467773,353.1359453154773,336.10706329345703,219.85609531402588,443.49822918730376,366.0158157348633,169.70170497894287,505.4615282739861,328.55308532714844,197.99733638763428,561.9396898676694,320.57727813720703,215.0415802001953,561.1218968887318,320.0487518310547,224.94206428527832,574.3710315430642,352.0865249633789,153.4673023223877,485.44605167608677,315.28148651123047,189.2543649673462,528.3035665754966,316.9561767578125,207.58239269256592,488.40784705008684,324.56077575683594,214.70486640930176,451.3412635465001,340.94032287597656,143.39258193969727,451.28856920430565,307.3698425292969,177.51153945922852,519.983389879913,312.5892448425293,192.82921314239502,493.6959101710752,321.8566131591797,197.74210453033447,440.55104043575204,333.97552490234375,139.41129684448242,415.25021808379915,309.439697265625,166.59154415130615,470.0288289885175,311.95377349853516,180.00370502471924,461.1486107904533,318.7535095214844,184.90686893463135,416.85140080935827
518,20.72,400.8753204345703,120.74031829833984,269.37047682460957,399.2646789550781,154.40155506134033,312.18168745229644,377.19409942626953,184.52848434448242,252.37422183870336,352.1007537841797,203.6666965484619,187.85220553528893,332.2781753540039,211.23478889465332,235.8327098146111,360.93685150146484,154.25004959106445,406.6244673450959,322.5564956665039,187.64647006988525,299.06053012523665,317.8272247314453,206.76339626312256,218.07556464238345,320.81016540527344,218.36543083190918,165.51408212554506,346.6375732421875,137.66332626342773,417.92398690734893,309.9502754211426,176.24927043914795,351.3850233135015,313.56170654296875,195.7219362258911,308.41617138753196,323.8650131225586,204.07708168029785,266.2633727736801,336.9257354736328,128.65237712860107,381.92812632428013,305.628604888916,164.66794967651367,324.0271082669398,310.994873046875,181.15638256072998,294.530341402877,321.3361358642578,187.54610538482666,255.23187397654365,331.7311477661133,125.90117454528809,342.3819443151374,310.7766914367676,153.32475185394287,333.34978933082334,313.6094284057617,168.21085453033447,297.71265084256834,320.78479766845703,174.35214042663574,268.71037546669874
519,20.76,398.54217529296875,121.3002061843872,59.9845849819016,394.7079086303711,155.71208953857422,118.53706279089813,373.02677154541016,186.22183799743652,112.4557364603983,350.4294967651367,206.04437828063965,72.65703012799287,331.66385650634766,214.35401916503906,79.47871226890102,358.2265090942383,154.14124488830566,67.8131367608496,321.33445739746094,188.16643238067627,33.201452675755284,316.291561126709,207.489595413208,42.46784013003694,317.6693344116211,219.94032382965088,87.83901213663196,344.2177200317383,137.17236042022705,61.72892868882035,308.2000923156738,177.4079418182373,52.47416190010248,311.77682876586914,196.95839881896973,54.282987800430696,321.14208221435547,205.4414176940918,76.1403534984203,334.3628692626953,127.75935173034668,67.84991514867833,302.8617858886719,165.21952629089355,70.5315715727838,309.13251876831055,181.42315864562988,47.034116197459824,319.0963363647461,187.56882190704346,55.99786736114696,328.90403747558594,124.97192859649658,74.39779326427895,307.9562759399414,153.95918369293213,72.27226012214383,311.2038230895996,169.04643058776855,63.664767949512736,318.1030464172363,175.09045600891113,69.53820744945929
520,20.8,396.9818878173828,128.24323654174805,177.90476305755652,394.3373107910156,161.27238750457764,139.31586465043358,374.02870178222656,192.0321750640869,147.4022579277927,351.75968170166016,214.556565284729,215.38732489102856,335.3339385986328,231.85704231262207,447.0915187834441,357.10166931152344,162.8867769241333,220.43932714931088,321.8650436401367,196.67083740234375,213.02351180896656,314.40467834472656,217.19063758850098,247.07102460597574,312.89459228515625,231.21849060058594,306.18132708337816,342.30072021484375,146.17451190948486,230.1000050705132,307.68198013305664,186.4529514312744,226.49591488273865,310.4983329772949,205.79346656799316,223.177302849153,318.59039306640625,214.54934120178223,236.46536232831986,332.65979766845703,136.98091506958008,234.43773596974893,302.61926651000977,174.79914665222168,239.56724253875862,307.82052993774414,190.7540988922119,235.56814377268753,317.078857421875,197.03254222869873,241.9093626901397,327.2774124145508,134.36917304992676,238.42466368686544,306.2424850463867,163.09826374053955,232.45949021201392,308.6287307739258,177.2003173828125,213.77115436348402,315.3352355957031,182.96673774719238,208.71121011546526
521,20.84,397.31136322021484,134.65413093566895,160.4838795858437,396.1233901977539,170.13200283050537,225.94643083398688,374.7700881958008,203.8428783416748,295.84874273589725,352.3314666748047,227.09654331207275,313.8251772302713,339.3682861328125,247.44858741760254,402.6259420876762,363.58734130859375,176.21317863464355,370.5206841421548,326.8846893310547,210.19866943359375,360.7276347260361,315.8346748352051,230.98780632019043,346.77690502458677,309.905948638916,247.16405868530273,405.58070435222186,347.3378372192383,158.590407371521,334.9692223176724,312.3288345336914,198.965106010437,333.6795506484836,314.62846755981445,218.33295822143555,330.0538427632632,321.4018249511719,227.75146007537842,337.4537857203946,335.6355667114258,148.4484100341797,296.18263174961885,305.59974670410156,187.81682968139648,333.8631209375326,312.7460479736328,202.5634002685547,319.8831104082747,322.9380416870117,206.87759399414062,286.4165285439375,327.78419494628906,144.995698928833,265.96508322233217,307.7749252319336,177.1211814880371,352.66006567529104,313.46242904663086,189.66290473937988,334.1787719653446,322.07202911376953,192.12829113006592,284.2956727734163
522,20.88,399.4626235961914,144.81162071228027,259.5699806497403,399.96864318847656,180.33900260925293,272.6820665239262,379.2428970336914,213.98221492767334,277.0516257221758,356.8748474121094,238.8083553314209,314.0549805574047,346.7321014404297,261.45787239074707,395.66861240142487,369.68944549560547,191.59305095672607,413.65455708288914,334.06776428222656,228.7727451324463,497.86597959494657,320.60302734375,248.33109855651855,449.67138782144707,310.9305191040039,263.1240463256836,399.8210147358442,353.15513610839844,173.69858264923096,404.7359684008749,318.1826972961426,215.29008865356445,433.570040146359,316.5416717529297,234.06437873840332,396.18330808338294,319.7077941894531,243.80850791931152,403.6540332419631,340.8932876586914,161.8970489501953,360.996466614188,308.34096908569336,202.53551959991455,374.29444714591443,312.4241638183594,218.98268222808838,410.560919258705,321.12049102783203,224.73828792572021,448.82337709020385,332.1181869506836,156.48732662200928,307.0433537514811,308.90634536743164,190.11209964752197,326.002364015052,312.51834869384766,205.07143020629883,385.93550689946966,319.97108459472656,209.99294757843018,449.6942835764783
523,20.92,401.18003845214844,151.84401512145996,180.9766644379249,401.82579040527344,188.88230323791504,218.57061418531708,381.07521057128906,221.6604709625244,197.34644131069126,358.8074493408203,245.88529586791992,183.40194514372033,346.61094665527344,268.34524154663086,172.21086705581627,371.46434783935547,202.2910451889038,271.1057899159908,336.6783905029297,240.64152717590332,303.8126030747724,321.2709045410156,260.5802249908447,306.6830187208117,309.9868583679199,275.75843811035156,316.73959271903476,354.1709899902344,184.60651874542236,273.8784276232757,318.1047821044922,226.07686042785645,269.67632924460617,316.092586517334,245.78069686889648,293.1230416605722,319.2379951477051,255.91581344604492,302.9104222551781,341.9944381713867,171.99142456054688,253.85644493304383,307.8907585144043,211.76317691802979,230.96583775943205,310.94600677490234,229.6758270263672,269.870679588019,319.31827545166016,235.78253746032715,279.7581866157606,334.68433380126953,165.02986907958984,222.9912292254153,310.1275444030762,197.30451107025146,182.3837115096713,311.60619735717773,214.2166042327881,229.76377547897218,317.8441047668457,220.80689907073975,275.5285716425754
524,20.96,399.8817443847656,159.7842264175415,201.14131057515004,400.6217575073242,198.03025245666504,230.67112699709074,379.4746398925781,230.20113945007324,217.23380939634887,355.2936553955078,253.51738929748535,210.05296654613477,341.4529800415039,275.286283493042,216.19245316760015,370.5095672607422,211.63720607757568,234.87008285198456,335.25672912597656,251.60931587219238,276.48859600936345,321.6807556152344,270.31474113464355,243.57850692451072,313.80542755126953,282.4776363372803,193.21150234391655,353.3656311035156,193.38375091552734,220.35256905744066,316.77188873291016,235.57331085205078,239.73836702641603,315.3350830078125,254.1518783569336,210.13461618774366,319.33671951293945,262.2576713562012,158.5656572466559,340.6974792480469,180.10997772216797,205.53741734611654,305.7650566101074,220.12938022613525,215.80078541690693,310.59404373168945,235.6343650817871,149.22310005004903,319.5997619628906,238.90827655792236,78.45970128926079,333.12694549560547,172.4595594406128,189.7790774744685,309.7946548461914,204.99266624450684,192.38396736817847,313.6677932739258,220.09966850280762,155.84572285022105,320.8837127685547,224.27523136138916,115.29458379086672
525,21.0,399.1725540161133,164.6158218383789,122.08415460668462,400.8074188232422,202.84449577331543,120.44555003232101,381.2459945678711,231.52090072631836,55.22379023096838,357.22679138183594,248.36491584777832,137.57951653401364,339.32708740234375,259.8951244354248,388.4321020542932,369.6837615966797,218.47280502319336,172.13252151345338,336.18194580078125,260.14466285705566,214.63366180446766,326.41231536865234,277.2300338745117,209.4769250094119,325.5466079711914,284.40502166748047,297.45811875815787,353.0427932739258,201.5676212310791,204.75588759237104,317.76275634765625,244.40903663635254,222.2777946136989,315.5558204650879,262.2173881530762,201.71324525287795,321.7675018310547,268.50242614746094,167.52922334816594,340.9246826171875,188.3968734741211,207.2502451365975,307.7358818054199,227.32508182525635,186.51788361654565,311.71281814575195,242.43616104125977,172.32977917328202,320.96240997314453,245.50289154052734,168.34814442221924,334.57263946533203,179.7700595855713,186.3019112615695,310.60726165771484,210.62121391296387,142.17260347511439,313.6846351623535,224.4080114364624,107.70939630313983,320.83118438720703,227.47087955474854,79.90199702826598
526,21.04,398.50650787353516,166.48455619812012,49.597036021070565,399.3101119995117,204.49576377868652,55.72596875533017,379.7325897216797,231.76348686218262,38.31809511990701,355.1466751098633,247.45064735412598,56.804327428741885,336.8705368041992,258.31146240234375,73.06942878295047,370.52772521972656,219.63164806365967,35.839850284491334,334.8536682128906,259.020938873291,43.49624223841374,323.89049530029297,275.6561279296875,74.31670564353743,321.6390609741211,283.2993507385254,101.52410962872808,354.17858123779297,203.2381296157837,50.50131534322837,317.5636672973633,245.77028274536133,34.39319899375206,314.6143913269043,262.29546546936035,23.61653141259375,319.95750427246094,266.9464874267578,59.67116380997302,341.15894317626953,190.58120727539062,54.9214903573161,308.2627296447754,229.9988079071045,68.12846232756064,311.62818908691406,244.03953552246094,40.14015916578211,319.8519515991211,246.01275444030762,30.547892490840567,333.6342239379883,181.99300289154053,60.32257373650274,310.41311264038086,213.09481143951416,62.030126573139235,312.9906463623047,226.20999813079834,48.275100343998325,319.34919357299805,228.40918064117432,43.85135190467058
527,21.08,398.8106918334961,164.1067600250244,59.92934653764218,398.2179260253906,201.7679214477539,73.45914674367795,377.3033142089844,228.77936840057373,96.19752631141321,351.4882278442383,244.51698303222656,117.23540087401231,332.8455352783203,255.25288581848145,126.3811892714812,370.02655029296875,214.76839542388916,122.22520849196145,331.7054748535156,251.66190147399902,200.10396184263678,321.7064666748047,267.4362373352051,212.62728896800382,321.10435485839844,274.4139575958252,222.5366850804251,353.8151550292969,197.7212905883789,138.219914138933,315.80371856689453,239.7733497619629,156.2462494374878,313.73788833618164,256.2521266937256,152.6642579523701,319.4873046875,260.5269241333008,160.9190023901744,340.55606842041016,185.45479774475098,129.04343417790946,306.5623092651367,224.28690433502197,148.9909222995221,310.50283432006836,238.4630298614502,142.2230614618881,318.69163513183594,240.56485176086426,139.25241898468775,332.44140625,177.8296136856079,108.2722948081997,309.69837188720703,208.77366542816162,109.49645312656094,312.6735496520996,221.91754817962646,107.60366195830161,318.44886779785156,224.3267583847046,104.51303142883815
528,21.12,402.1147918701172,152.93967247009277,291.14098980509925,403.71410369873047,189.78806018829346,329.51199220669565,383.0632781982422,217.46709823608398,317.356898294286,357.8636169433594,232.57494449615479,338.43192683519777,339.83821868896484,242.31671333312988,367.62938186122824,373.7812805175781,202.54488945007324,319.6796221918014,337.14271545410156,236.72972202301025,397.2826202034826,325.21324157714844,254.70602989196777,330.1095005482674,321.263427734375,265.7285499572754,217.17160557329248,357.0030212402344,185.97614765167236,304.25202709113603,319.65946197509766,225.0635576248169,380.168336026904,314.26645278930664,244.9507999420166,282.8420128026427,317.6184272766113,254.17613983154297,165.50144263794087,343.9981460571289,174.71938133239746,281.84333414574996,309.6959686279297,212.20098495483398,312.1390598219242,309.853458404541,230.47194957733154,200.43554635296235,316.1290740966797,237.80721187591553,94.11195724362393,336.3145446777344,169.3046236038208,234.08953572159268,311.25207901000977,198.9889669418335,247.68216817602132,311.68277740478516,215.11688232421875,171.81146229762453,317.2646141052246,221.7446994781494,71.01709743708501
529,21.16,404.6738815307617,139.68180656433105,337.5647607000551,406.3964080810547,176.91524505615234,328.73253397111927,384.14146423339844,203.78545761108398,343.1014566768629,356.6605758666992,219.4054126739502,330.6091690427223,338.7079620361328,232.79767513275146,239.6476167750457,377.31449127197266,184.8125696182251,452.02236176289176,339.7538375854492,217.79508590698242,477.84568876311886,327.8037643432617,235.23294925689697,491.1158707612445,324.07203674316406,245.82412719726562,502.540004609985,360.9872817993164,167.2982883453369,477.4520659644264,321.38248443603516,205.07866859436035,501.475694800205,318.1850051879883,224.4492244720459,521.8175265670691,323.17935943603516,233.13300132751465,544.1378757846176,348.2050323486328,156.292462348938,472.5259486873595,311.9918632507324,193.21477890014648,478.11292629858036,313.2338523864746,211.4452028274536,483.117581027825,320.69225311279297,217.98346996307373,508.55392177234825,340.26309967041016,151.68511390686035,451.4132035144382,314.94197845458984,181.1708164215088,454.9051040299916,317.1350860595703,197.54815578460693,459.88301630054906,324.1259002685547,204.03714179992676,474.7597068140675
530,21.2,407.31143951416016,128.09499263763428,297.08055419330634,407.4595642089844,164.50183868408203,311.47126543883456,383.09814453125,192.65434741973877,279.4974620778787,354.3772888183594,206.89693450927734,317.87912968337315,334.1657257080078,216.59491539001465,420.6849579416521,375.63350677490234,166.0663890838623,470.5349306283709,335.6167984008789,197.7066135406494,512.7510453594872,325.17520904541016,215.0315237045288,509.2929518593258,323.8044738769531,224.35275077819824,536.8260863728691,361.3249206542969,149.0888786315918,455.31349235954144,321.42608642578125,184.87059116363525,505.20311174052244,317.56818771362305,204.64772701263428,495.2775518785951,322.5847625732422,214.32247638702393,470.4980034269983,349.39598083496094,138.50197792053223,445.7575675846928,312.6658248901367,172.76501655578613,511.52162969431646,313.7017822265625,190.29842376708984,528.7988883800037,321.5629577636719,197.79634952545166,505.1472298697435,341.2457275390625,134.20978546142578,437.5733237156281,315.01298904418945,161.00961685180664,504.0331155993084,315.7444763183594,176.1395502090454,536.3430502849335,322.04933166503906,182.80693531036377,533.2880347163419
531,21.24,406.4137268066406,117.71363496780396,260.5024894005177,405.1514434814453,153.28436851501465,286.3117381967731,382.39612579345703,181.8285369873047,271.2137093548313,354.8830795288086,198.11548233032227,219.90015719362788,333.5232925415039,207.1849536895752,235.79665442012953,367.3298645019531,154.59922313690186,353.94770963752416,326.7272186279297,184.55009937286377,396.9559906233091,320.07030487060547,202.09874153137207,347.5961210336817,321.65821075439453,212.6566457748413,297.2849197747908,354.28882598876953,136.12322330474854,368.79435851565825,313.6708068847656,170.87077617645264,400.10871993952975,315.34570693969727,190.20382404327393,365.3472267743784,324.52056884765625,198.33799839019775,402.5317400242192,345.02220153808594,125.12067317962646,351.9492700542574,309.2309761047363,157.67253398895264,386.9602823681808,312.3922538757324,175.27390480041504,377.03699642873136,321.3043975830078,182.27592945098877,388.0643411977707,339.48814392089844,120.25566101074219,351.609415189643,314.0925979614258,145.26180267333984,394.367191796515,313.8142395019531,161.3069486618042,373.9417424768801,319.0998077392578,168.96326065063477,353.8599824375976
532,21.28,403.1647491455078,115.94757556915283,92.44870754269637,398.6521911621094,151.00533485412598,172.18136357097634,374.72644805908203,177.13378429412842,224.81194835802972,347.99205780029297,193.30957889556885,210.03405718931805,327.3046112060547,203.96358489990234,175.08786085659753,355.94757080078125,152.3386287689209,290.11516764498475,317.3531723022461,182.75485038757324,238.61012058802214,312.0825386047363,199.99505996704102,206.503459478079,313.8570213317871,209.1812038421631,213.50827418805704,343.5731506347656,133.8350486755371,273.93137989532795,306.0007858276367,169.4068193435669,195.21205237086681,312.27914810180664,184.62678909301758,159.1129746882422,322.3023223876953,187.9152488708496,266.4046791305021,336.3920593261719,121.51011943817139,233.8742355917441,303.18334579467773,155.8743381500244,157.73264691059953,310.4704475402832,169.3145513534546,156.53919855896345,320.3776550292969,171.66815757751465,266.2044278845293,333.1127166748047,114.93259191513062,207.6372094045428,310.9510040283203,141.66850090026855,119.32474091969138,315.27942657470703,154.42339897155762,175.94393548844434,322.9138946533203,157.1770477294922,309.69952576098973
533,21.32,398.1184387207031,117.0595121383667,129.18410273096583,392.69405364990234,151.23221397399902,149.06138993172192,369.16587829589844,177.15133666992188,139.01493664604814,343.6158752441406,195.6835412979126,124.46553552217219,326.28662109375,212.74786949157715,221.07685266707242,347.22469329833984,156.7192268371582,244.0264219275789,311.7948341369629,186.64814472198486,169.65565112531152,302.0062255859375,203.33285808563232,265.3688239192841,295.95272064208984,215.2708911895752,472.7897756775238,334.4963073730469,139.2062759399414,263.67494894719465,299.7967529296875,174.6243667602539,202.65861880915264,306.88459396362305,186.95330142974854,146.87127442669626,315.9860610961914,188.99456977844238,160.19536963524703,328.7447738647461,126.80900573730469,232.5929531118644,298.8146209716797,159.39744472503662,140.30777891383454,305.4619026184082,171.7510986328125,139.24413111282797,314.77943420410156,174.7181510925293,159.37874867999554,326.54571533203125,120.05262851715088,208.17703019607995,306.8310356140137,143.44571113586426,112.17345930630857,309.88555908203125,155.96468925476074,140.24394431142315,316.1968421936035,160.27979850769043,184.9761067986168
534,21.36,394.6638488769531,121.30363941192627,136.8091903499013,388.1908416748047,155.5684518814087,156.28874975969862,364.2828369140625,181.19253158569336,158.46006887379295,339.70703125,199.9916410446167,145.4277844801355,326.1832809448242,219.97023582458496,180.57764021769265,342.38162994384766,163.26979637145996,203.66213424343803,306.7378807067871,193.9742946624756,222.54950424781734,293.40993881225586,210.25938034057617,275.9901004153119,282.38019943237305,222.9865550994873,390.3082127938545,328.68927001953125,145.50925254821777,214.25626733774442,294.69776153564453,180.0095272064209,185.40439967050023,303.33824157714844,190.7065773010254,129.09225144969778,312.9429817199707,191.7655849456787,102.89210716520473,323.1602478027344,132.82882690429688,205.28208978722319,295.7464408874512,164.01021480560303,138.49949649146993,303.1353569030762,175.5607795715332,111.59772572834339,312.5131607055664,178.28111171722412,105.56598642344663,321.5973663330078,125.91809749603271,191.84936173721263,303.8329887390137,147.7164602279663,130.45014103189902,307.5680732727051,159.29388999938965,101.40980621488809,314.9305534362793,163.02240371704102,75.52057067151756
535,21.4,394.7309112548828,125.39008140563965,102.17480587979406,388.6515426635742,160.65979957580566,127.80372340598736,362.91934967041016,187.9689073562622,172.80474177441428,336.17542266845703,208.93787384033203,240.45184082311644,324.57454681396484,231.39219760894775,288.3674267614539,341.98463439941406,169.16135787963867,147.62304712288562,306.9685745239258,200.462007522583,162.2953283994745,293.98990631103516,217.39294052124023,178.92743492613877,282.92572021484375,230.69254875183105,193.13196766406514,327.33299255371094,150.8519983291626,137.80516373692174,296.55323028564453,186.76982402801514,175.25762714908396,307.1796989440918,197.10262298583984,186.52445400046912,317.8606414794922,196.95539474487305,178.74126423099406,321.06407165527344,137.9954481124878,139.39137605612558,296.56049728393555,171.4637804031372,187.44720578972726,305.25806427001953,182.00607776641846,169.64624109206397,314.81624603271484,182.39386081695557,117.84233954066616,318.15399169921875,131.22333526611328,158.11858023669961,302.4862289428711,155.43777465820312,195.94715244021998,308.5845756530762,165.52871704101562,157.92867323631145,315.8319282531738,166.45617485046387,88.75267868232099
536,21.44,395.1540756225586,134.5191764831543,228.47243408173532,387.6722717285156,169.63891983032227,225.8090621926532,360.57334899902344,197.6330280303955,248.61987495265438,334.3180847167969,219.61681365966797,270.98138765844675,325.75672149658203,242.91220664978027,289.51267813461556,345.09368896484375,174.984712600708,165.03348239489864,309.7223472595215,207.86606311798096,197.4894040497077,297.1358871459961,225.72911739349365,222.75131910304466,286.4019966125488,238.93864631652832,223.72223660119758,330.68931579589844,156.71625137329102,168.9200429782117,297.3509407043457,193.79675388336182,176.8015927248446,306.65456771850586,205.39875984191895,207.81850485892645,317.0223617553711,206.0749912261963,228.95107675827248,323.49117279052734,144.06097412109375,163.32755753742637,296.4925765991211,179.00556564331055,188.55227694912972,304.8118591308594,190.22870063781738,205.86801887293237,314.10682678222656,190.6897258758545,208.15356823212193,319.82778549194336,137.24749088287354,156.3090619484111,301.8191719055176,163.55484008789062,203.61071355792953,307.6774787902832,173.90396118164062,210.60558387297425,315.015869140625,174.7502088546753,208.35209462918382
537,21.48,393.9691162109375,143.29769611358643,221.45334682088188,388.4839630126953,179.04860973358154,236.11584394147621,360.9794616699219,207.97908782958984,258.8506819456554,333.9412307739258,230.24497032165527,265.8708955089888,324.05330657958984,253.79453659057617,275.3710307473518,347.2538757324219,184.29539680480957,238.94984727360412,310.54752349853516,217.9062795639038,251.85171989984065,297.2410011291504,235.9965705871582,256.69978091335963,286.22339248657227,248.62378120422363,242.16953930390991,332.57030487060547,165.53011894226074,225.30865138530456,294.9922180175781,204.75670337677002,280.2722622860791,302.2918891906738,218.1835126876831,337.71555085648765,311.4472961425781,220.10032653808594,377.3189857384311,323.95267486572266,152.64299869537354,214.86060882429058,291.89579010009766,189.65994358062744,290.092889593994,300.1646423339844,201.9948148727417,316.26538316978133,309.7734260559082,202.6288604736328,317.5308024415936,319.06810760498047,146.06884002685547,221.34999324030255,297.0691108703613,174.82983112335205,305.868132010599,303.00891876220703,185.9712266921997,323.4717430067108,310.91516494750977,186.39428615570068,308.62630221645844
538,21.52,390.8254623413086,153.82115364074707,274.5743501061994,385.55057525634766,190.5194091796875,295.99831467201284,359.1551971435547,221.17522716522217,333.0409457067408,332.5532913208008,244.02179718017578,346.1640996471119,322.28275299072266,267.66117095947266,349.4803362956488,348.06678771972656,199.40128326416016,378.1935942922413,308.93327713012695,232.89087295532227,376.7822899600484,293.5338592529297,251.41888618469238,396.54028742390665,282.6320457458496,265.12739181518555,422.2461771662015,332.5680160522461,179.92292404174805,359.82013203692935,291.56105041503906,218.390851020813,351.48159010846155,293.90926361083984,235.40024757385254,478.72511146294244,300.7907485961914,241.86095237731934,605.7468750040694,322.67822265625,165.8576774597168,331.89979971278086,286.15623474121094,202.16978073120117,344.0916677024452,291.2798881530762,218.3016586303711,464.25478604890446,300.57952880859375,222.92917728424072,557.1302637204933,316.8798828125,158.25369358062744,309.49453132213785,290.9858703613281,187.0039701461792,340.23473150703734,293.8033676147461,201.9261074066162,460.5027080130603,300.7792282104492,206.69137001037598,567.1798802746654
539,21.56,387.0127868652344,162.3154878616333,232.76894141774028,383.5725784301758,200.9765911102295,266.06522387940885,358.39874267578125,231.93785190582275,269.7293952612533,332.18570709228516,254.7531223297119,268.4404701583297,319.65404510498047,277.0286750793457,243.23373350596552,345.94615936279297,213.51885795593262,356.8989526164979,306.3955879211426,250.02525329589844,433.0320832346887,291.4882278442383,267.74866104125977,411.43510630961373,281.1362648010254,279.21924591064453,354.2754158866053,329.8550796508789,193.61121654510498,348.86366926720166,287.89955139160156,234.2438507080078,406.75866169390986,291.1892318725586,250.45520782470703,382.46764635396454,299.02889251708984,254.8249626159668,327.0795949681279,319.53399658203125,178.8255214691162,333.58950809519746,282.9925346374512,217.18324184417725,383.57936999512754,288.63922119140625,232.68653869628906,365.63121491581103,298.1375312805176,235.5898904800415,322.3517203241032,313.3810615539551,170.12206077575684,309.3338508772414,286.906795501709,200.17211437225342,344.63646976657583,289.07182693481445,215.5981206893921,361.68997809782485,295.62610626220703,220.53465843200684,369.28249699409866
540,21.6,385.06561279296875,168.5141658782959,162.43286309649528,380.0948715209961,207.775297164917,190.91367382308,354.96376037597656,236.57246589660645,144.21934302378494,327.3176956176758,256.18263244628906,126.83905867852023,306.44954681396484,270.7163715362549,365.8927021149365,343.5369873046875,220.34770488739014,181.03394091100867,304.66487884521484,259.6204090118408,243.74982963927434,292.12074279785156,276.16456031799316,210.99087036330823,285.33092498779297,285.2156352996826,182.94784056429438,326.7824935913086,201.28533840179443,206.6593382912816,286.4721870422363,242.5696563720703,211.18180695430132,286.4589309692383,258.72819900512695,238.24636632493838,292.9911994934082,263.58409881591797,265.96076310415253,315.55261611938477,187.2874116897583,233.79341374189386,278.2489776611328,224.9392318725586,227.28934492724449,283.57614517211914,239.09571647644043,204.19399261894648,293.4493637084961,241.15304946899414,181.87848470840075,310.32325744628906,179.00153160095215,234.78070632021954,284.93980407714844,208.19201946258545,206.43996240164532,287.6340866088867,221.44855499267578,150.61266294255714,294.3678665161133,224.14339542388916,95.54498264963325
541,21.64,384.2469024658203,168.11875820159912,22.72985138768846,380.14015197753906,207.31195449829102,11.638748495349773,357.66162872314453,235.44794082641602,73.0712420011184,332.1804428100586,254.38482284545898,129.61102773747623,313.0692481994629,268.6526298522949,173.3484139155855,345.13427734375,222.12096691131592,59.66465491805869,305.76759338378906,258.8459014892578,33.68828854476564,294.8455810546875,274.08342361450195,85.71709829628135,292.9410934448242,281.3299369812012,213.6195733170344,328.03314208984375,203.62399578094482,66.30158371007633,287.9930877685547,243.35809707641602,42.827982701039495,285.28039932250977,259.55474853515625,35.9871588897717,290.97251892089844,265.29985427856445,66.2329603625982,316.18080139160156,190.11242866516113,72.35043904300208,279.9855422973633,226.7790126800537,63.247777408744014,283.0161666870117,241.02676391601562,50.265048229815726,291.77040100097656,244.27379608154297,88.59308379106231,310.87364196777344,182.03413009643555,77.05345853812207,285.27652740478516,210.7318353652954,64.05099247393224,286.9169807434082,224.2472791671753,72.22836106419548,293.685245513916,227.89720058441162,95.38417261201494
542,21.68,385.19195556640625,162.74552822113037,136.39264502241153,380.81275939941406,202.12836742401123,130.6760682484598,356.66709899902344,231.65263652801514,98.08613590111935,328.9244079589844,250.60638427734375,124.69553160706735,309.40189361572266,265.79687118530273,116.20253656596074,347.7842330932617,213.694167137146,220.8410343271836,307.00740814208984,249.75746154785156,229.31539580271436,296.69599533081055,266.9087219238281,185.2369721185505,294.69181060791016,275.8783435821533,143.14520855949428,331.41185760498047,195.09564399719238,229.33123244509653,291.44054412841797,236.44165992736816,193.20012000172736,290.8626174926758,254.43769454956055,189.31686597942166,297.0197868347168,260.30445098876953,196.09229849931475,319.38390731811523,182.24149703979492,212.44330453625886,281.90074920654297,221.16474151611328,148.298807748121,286.81941986083984,236.72595977783203,143.53059547368906,296.246280670166,239.6922254562378,160.12551367544998,312.5107765197754,175.71478843688965,163.19905129823624,286.9412422180176,206.30820751190186,118.16238507535594,289.4925880432129,220.79781532287598,107.6236317448897,296.04400634765625,224.45942401885986,104.22949554182037
543,21.72,390.6648254394531,150.60181617736816,332.99966858947414,388.14701080322266,189.63390827178955,362.20052557320065,362.77164459228516,215.87615489959717,422.90871464183965,332.20542907714844,230.46724319458008,510.1164714609903,310.5247688293457,243.4105110168457,560.3625892766044,353.23680877685547,194.24983978271484,504.85916838980785,312.96142578125,226.1026096343994,609.8167476252503,302.9700469970703,244.08536911010742,591.7501362328053,300.6650161743164,254.23736572265625,561.2547925484629,338.1239318847656,175.64362049102783,514.4372894372863,296.7994499206543,213.89017581939697,579.4864681132237,296.67491912841797,233.43416690826416,544.8228058756539,302.24903106689453,241.54292106628418,486.91631742019933,326.76517486572266,163.79366397857666,496.7429260089795,287.7743721008301,201.0240125656128,524.492855386171,292.0942687988281,218.6561393737793,470.5996445715008,300.7173728942871,224.03610706329346,407.0509096004501,319.69995498657227,158.96658897399902,455.6495859458681,291.8941116333008,188.53350162506104,461.29646433214555,295.0896453857422,204.26748275756836,436.3047570328785,302.46089935302734,209.62905406951904,403.9774039756832
544,21.76,394.5699691772461,135.69733142852783,385.1897367217532,392.11483001708984,172.74012565612793,433.83715290069125,369.8985290527344,198.6149024963379,466.8667614009488,343.701171875,212.7288579940796,528.4425299853398,324.65232849121094,223.28152656555176,614.7987257224896,356.1088180541992,173.78308296203613,516.6820661961444,315.0259017944336,205.024995803833,529.4619119914898,305.75613021850586,223.3938503265381,521.9561818818986,305.4902458190918,233.8033103942871,524.9008586674192,341.13880157470703,155.71101665496826,503.9829702806337,300.9328842163086,192.65780925750732,540.7741377500759,300.90675354003906,212.50213623046875,533.8880563748527,308.39717864990234,221.15069389343262,532.4722104084578,329.9827194213867,144.78458404541016,481.9865875164454,293.1229782104492,180.60510635375977,527.6950576589578,296.72607421875,198.0510377883911,527.9819083028463,305.8515739440918,204.50107097625732,504.9614189109027,323.1473922729492,141.08470916748047,455.27906912840155,298.19549560546875,170.0291919708252,488.69527554534244,300.6815719604492,185.161771774292,497.6807680339639,307.3739814758301,191.11513137817383,478.8682682680796
545,21.8,397.4866485595703,123.88913154602051,304.0770904356751,395.1377487182617,159.99123573303223,327.55937605370286,371.96815490722656,185.72686672210693,326.32883845846305,343.4577941894531,200.28412342071533,311.1778543888826,321.3011169433594,209.2663335800171,360.2570725019096,354.4725036621094,160.101056098938,344.48819271520364,311.0888671875,187.65252113342285,445.3251043270489,304.9079895019531,204.72629070281982,467.1704219153802,308.861026763916,214.1367244720459,498.83411948192145,341.09561920166016,141.6023826599121,352.71750197909455,298.6210632324219,175.72747707366943,427.18604269439504,303.0783271789551,192.59589672088623,500.6084444716368,314.3890953063965,197.59431838989258,607.662474200395,332.1595001220703,130.167818069458,369.4491015473418,294.40162658691406,162.00716972351074,466.04599328646907,299.83741760253906,176.9018840789795,534.4197555972314,310.3874206542969,180.7535219192505,604.4212063998833,327.40116119384766,125.20335674285889,411.02912371527526,301.0299301147461,149.67564582824707,513.7490021677895,303.1777000427246,163.20271968841553,552.5116649862241,310.9899711608887,167.51449584960938,596.901048517774
546,21.84,399.62841033935547,116.40386581420898,194.6412510832114,394.43912506103516,152.121262550354,197.52302541493583,369.6376419067383,177.6256513595581,210.7441891189441,341.1235046386719,192.87909507751465,194.10588680938426,319.0448760986328,201.09084606170654,212.0277383260619,348.16150665283203,153.33104610443115,231.3840403107327,306.2509346008301,182.47097969055176,177.22507482956766,303.7862205505371,198.52187633514404,157.62519473854474,309.83964920043945,205.10807991027832,227.0381637742903,335.9376907348633,134.53049182891846,218.82622385423446,296.44670486450195,168.25376987457275,194.58952568479393,304.3705749511719,182.22229957580566,261.34438729531644,316.42492294311523,183.62867832183838,352.8311358469416,329.3766403198242,121.82271480560303,219.92194235023513,294.8234558105469,154.13469314575195,197.09424674706926,302.33619689941406,167.23092555999756,249.71400722922056,313.2222366333008,169.43253993988037,291.76276173035563,326.8690490722656,115.1276421546936,252.24388963374963,304.0739440917969,138.79274368286133,282.5150219441018,307.2479057312012,152.03308582305908,297.20289264303995,314.32363510131836,155.91339111328125,301.7645464295964
547,21.88,397.9174041748047,115.61569690704346,47.09533098775077,389.52808380126953,153.11634063720703,125.27097292982377,365.11962890625,178.05925369262695,113.46930327136904,338.7215805053711,194.01612281799316,66.43639639135309,317.6903533935547,205.11513233184814,106.15322575946044,340.3347396850586,154.79042530059814,199.0415609961184,302.3349380493164,185.34986972808838,121.50883928673302,300.1849174499512,200.45843124389648,102.22410716442778,304.7991943359375,207.34319686889648,137.84486991674717,329.84527587890625,135.73917388916016,155.27884413981684,294.1603469848633,169.88399505615234,70.20090142068179,299.40744400024414,184.96872425079346,141.80866804306834,309.0893745422363,189.4755506515503,234.5157062725063,325.57430267333984,123.09701442718506,100.2547103115249,295.3499984741211,155.35932540893555,33.3257722771919,300.5056571960449,169.50878620147705,73.05616293138854,309.97867584228516,174.51091289520264,150.64560746658552,324.4730758666992,116.48988962173462,68.90394474942919,305.34963607788086,140.67097663879395,56.76238345126924,308.18790435791016,154.2647123336792,60.537975174251656,314.9386215209961,159.63911533355713,94.40348663429474
548,21.92,396.85237884521484,116.81302070617676,40.061384404428004,390.4981231689453,152.9381275177002,24.656848577083853,365.97545623779297,178.77422332763672,27.87945032189879,339.81544494628906,197.08309650421143,81.4051096640285,324.11876678466797,215.3192138671875,301.5043311327573,339.6720504760742,162.8016471862793,200.96460056643218,303.8545036315918,190.70855140686035,139.24921205621405,294.4267463684082,206.0542917251587,200.73332547510302,288.5879325866699,217.42333889007568,477.2409445646984,327.0266342163086,144.4931173324585,229.91338944072677,294.5095443725586,177.9719066619873,202.386160840133,299.5333671569824,191.15188121795654,154.61097697523846,307.6390075683594,195.42938232421875,153.19855569118272,322.48294830322266,131.14731788635254,215.58620321452412,296.18858337402344,162.27835178375244,174.24148223398905,301.09119415283203,173.893461227417,110.58997640740587,309.2013168334961,177.42475032806396,75.39369840083374,321.5484619140625,123.58547687530518,191.86701977702933,305.17948150634766,145.38215160369873,117.85616797647687,308.1924057006836,156.78255558013916,62.94618175389394,314.4854545593262,160.49019813537598,24.105266938744013
549,21.96,399.58805084228516,120.07577419281006,106.44676366056306,392.8480529785156,156.2376594543457,101.27031003350272,368.1510925292969,183.51716995239258,130.4533823780354,342.4681091308594,203.36324214935303,170.4348420223494,330.0457000732422,223.59935760498047,254.5698805408366,343.7184143066406,169.16619300842285,188.54791130419778,308.10211181640625,195.94475269317627,168.5600397531233,296.71348571777344,211.725754737854,152.8779528666297,288.41522216796875,224.63479042053223,180.3379848798707,330.145263671875,150.61062812805176,171.66425810161846,300.35499572753906,183.35462093353271,198.65628997174622,308.95009994506836,194.84601974487305,252.8852455391842,319.60187911987305,196.51073455810547,300.29112791979355,325.0092315673828,136.5334939956665,148.7300411217422,301.66751861572266,166.62554740905762,174.85143906221884,309.2909049987793,177.683687210083,225.833277769273,318.8133430480957,179.30538654327393,244.85689765160453,323.40084075927734,128.0970811843872,121.92692695813503,307.20203399658203,149.50929164886475,114.90214186473584,312.61585235595703,160.21465301513672,139.96913301547636,320.2875518798828,162.33508586883545,152.20862341347438
550,22.0,406.75994873046875,122.23194122314453,187.22509110231738,400.4204559326172,159.6214199066162,207.3510328187986,375.1601791381836,189.44829940795898,229.54519123361445,351.42066955566406,211.9087028503418,309.40793941001516,342.5831604003906,233.78697395324707,403.8683559607403,354.84317779541016,175.35181045532227,318.21987866140415,320.0586700439453,203.82192134857178,357.9534455362854,309.6044158935547,220.25261878967285,386.39640538819407,303.88559341430664,231.8470573425293,426.7238426764224,341.31961822509766,156.51793956756592,315.99300637488676,310.38684844970703,189.20366764068604,290.3117036283264,315.9921646118164,202.49327659606934,259.8932618870075,324.97753143310547,206.33219718933105,279.90932238106336,334.81082916259766,142.21007823944092,283.16837316249376,310.67989349365234,172.7847719192505,272.89987576410095,317.0732116699219,184.8258876800537,264.0730541405162,325.31810760498047,187.35607624053955,258.75370352683257,331.91795349121094,133.0887794494629,246.80237648018215,314.4506072998047,156.9362497329712,259.44835868056947,319.8478317260742,167.82424449920654,262.4492905356059,327.3563003540039,169.99889373779297,260.64961639464923
551,22.04,413.28758239746094,128.3657741546631,223.93345512985462,411.05796813964844,166.59693717956543,318.01582820273245,388.20884704589844,198.08115005493164,391.14722648476896,363.8697052001953,223.29980850219727,421.8528893839528,356.9804000854492,248.0570411682129,506.7761641424326,376.0662078857422,184.6136999130249,578.8996040667598,335.81417083740234,218.25791358947754,534.2247170152957,343.05835723876953,222.62433528900146,838.4476842215108,352.9963684082031,218.9862585067749,1269.1700947850898,360.99403381347656,167.25388526916504,560.3253289674287,323.01097869873047,204.42302227020264,494.34136730306176,334.13707733154297,208.95548343658447,481.53269285175185,345.738525390625,203.10633659362793,525.2529430468909,350.45188903808594,153.1076145172119,476.57570945885954,319.52978134155273,188.06512355804443,441.45332505657365,330.9988021850586,192.1501064300537,393.35595480836224,342.42340087890625,186.0356569290161,428.90453858147055,342.9388427734375,144.40940380096436,394.9814364933056,323.3601379394531,171.2560272216797,421.63058738141626,332.6693344116211,174.95731830596924,366.80348370092,341.56749725341797,169.50618267059326,355.4933908577424
552,22.08,420.3635787963867,138.03927898406982,299.63146188501935,424.5538330078125,177.7161169052124,437.1602440116951,404.0726852416992,212.32003211975098,532.920681690989,381.77845001220703,238.58651161193848,588.6459211121361,376.44840240478516,263.79833221435547,625.8950381778471,391.3363265991211,202.8298044204712,594.244788022416,355.61851501464844,237.82937049865723,696.084573632534,346.8070602416992,254.0244483947754,790.5772721797857,344.8933410644531,264.292688369751,1150.6334231256958,374.1885757446289,185.4991579055786,562.9086906139837,340.09002685546875,225.78673839569092,683.7864490424959,348.4605407714844,232.16784954071045,681.8978777405541,358.9178466796875,228.43528747558594,713.8146916484073,361.01390838623047,170.92044353485107,517.7192351568483,331.9013214111328,210.00656604766846,629.7231049331841,343.90830993652344,214.5477533340454,646.2922990127125,355.81241607666016,208.98839950561523,664.3107893492469,351.71924591064453,160.88420391082764,466.7135885046539,333.5332489013672,192.93371200561523,598.6517164820705,343.3292007446289,197.28399753570557,618.5231178304559,352.93697357177734,192.23851203918457,635.424951447776
553,22.12,420.4862976074219,153.30605506896973,381.6817325444832,427.4320983886719,191.68311595916748,356.51216158764805,411.95728302001953,231.51991367340088,518.8944580789523,394.7906494140625,262.80369758605957,687.290618015232,391.0893249511719,288.7785530090332,723.8646472062927,401.8233108520508,222.0367670059204,547.0856025797297,371.0676574707031,259.47566986083984,664.8487979912702,360.5708312988281,278.85632514953613,709.781435054432,353.3915710449219,291.7720413208008,719.0856830940365,382.55126953125,205.9526538848877,552.4265478009293,348.2197952270508,251.09298706054688,664.5013897949628,359.18968200683594,255.4936408996582,641.8756763235399,371.05884552001953,249.04203414916992,597.9349156211571,366.94923400878906,191.63897037506104,538.7981096119753,339.47776794433594,234.45931434631348,639.9899615557324,352.8483200073242,236.54212474822998,593.5466251542074,364.1778564453125,228.22657585144043,524.4568748206009,355.3603744506836,180.8657455444336,507.76460041822975,337.97847747802734,215.76111316680908,581.4047110623709,348.7596893310547,218.77657413482666,554.2004686688226,357.7818298339844,211.56269073486328,498.0565445207813
554,22.16,419.11624908447266,168.38403224945068,378.50233553633774,427.8710174560547,207.39801406860352,393.02566116736295,412.5101852416992,247.1224021911621,390.30704965258553,395.0410461425781,276.98930740356445,354.6954894837104,389.4340133666992,301.77812576293945,327.61348055463077,402.7463912963867,238.55767250061035,413.66683142293977,373.94702911376953,277.94849395751953,467.39705495285585,362.7223587036133,296.42629623413086,442.5303337675257,353.9026641845703,308.23588371276855,411.7943377046293,383.1569290161133,221.6141653060913,391.8304507437624,351.38946533203125,269.2416572570801,460.5845731764006,362.4739456176758,275.1083564758301,497.1942870998761,373.1709289550781,268.46912384033203,488.5390915174458,367.58975982666016,207.73291110992432,402.66704740133247,342.12127685546875,251.6722869873047,435.36950291013625,355.1430130004883,256.4497375488281,500.98569300393655,364.88948822021484,249.74000930786133,538.1300022223375,356.4040756225586,197.30175018310547,411.7277321078038,338.32855224609375,232.87141799926758,427.84714253668426,348.0915832519531,238.99100303649902,505.6366664622554,356.5576934814453,234.30606365203857,569.4073242522165
555,22.2,416.7580032348633,179.33886051177979,280.14458961436804,426.2684631347656,217.18236923217773,247.86814327334872,411.02935791015625,252.98761367797852,151.23151823224507,388.2073974609375,275.755090713501,173.60523671198672,369.8686218261719,289.1690254211426,581.9116973195123,403.3953857421875,247.71471977233887,229.50042010766413,373.2457733154297,296.50062561035156,464.13450943578664,359.87213134765625,309.0901565551758,324.5161342402541,351.8949890136719,310.48842430114746,75.4349831565918,383.39317321777344,232.17517375946045,264.0912613034466,351.1935043334961,279.9686336517334,268.2191539632242,358.4210968017578,283.9222526550293,242.52622201319576,367.9559326171875,276.946964263916,248.8347406562829,366.7622756958008,218.48623752593994,269.6279369290712,341.36512756347656,261.9766330718994,258.30131385515995,352.66345977783203,265.35258293151855,231.04225816406037,362.4458312988281,258.87654304504395,236.44199589978373,354.9959182739258,207.7210235595703,262.84996292088584,339.4528579711914,243.1614589691162,258.7820107308596,348.2646942138672,248.26251983642578,231.8283189890459,356.22718811035156,243.61141204833984,232.78039889677734
556,22.24,416.7529296875,180.392804145813,26.34889614151276,424.2290496826172,217.1876335144043,50.985506160276614,408.74366760253906,250.3557586669922,87.14585826786677,386.92737579345703,271.5259838104248,110.46436265507195,368.5182189941406,284.5114517211914,121.23474280098834,402.3108673095703,249.5343017578125,52.95669712455291,368.3987808227539,294.40486907958984,132.01688258582163,359.51942443847656,304.8966693878174,105.20734523603453,357.45777130126953,303.6771583557129,219.85491033669072,383.9433288574219,234.61140632629395,62.43947242899072,351.50135040283203,281.3173484802246,34.585048169310674,357.8947067260742,283.9222526550293,13.159751892089844,366.1851501464844,275.0448989868164,64.96885252227351,368.11656951904297,220.89081287384033,68.99318065668803,343.4851837158203,263.9835834503174,72.98325112021683,354.26036834716797,265.56610107421875,40.27799473720648,362.479248046875,257.0192527770996,46.43977160292385,356.1183166503906,209.57160472869873,54.108853128575575,340.2813720703125,244.28913116455078,34.98285466480921,349.0633773803711,248.40497016906738,20.282179643199242,355.92113494873047,242.32995986938477,32.93732898140597
557,22.28,417.05238342285156,173.22509765625,179.3489769627558,424.0825653076172,211.54436588287354,141.12921214529337,408.72264862060547,245.18717765808105,129.21559368763883,386.0097122192383,267.55030632019043,102.00526316630747,368.00304412841797,282.1701908111572,59.93177262065606,401.6815185546875,239.81516361236572,243.48732788580492,366.43672943115234,282.23673820495605,308.13253504529274,358.2270050048828,296.43144607543945,214.08286030290577,357.6438522338867,300.95749855041504,68.15045657420623,382.7186965942383,224.0319585800171,266.2522755727083,350.0395202636719,270.3551959991455,276.4798075517741,351.3295364379883,282.5518798828125,167.6666753681235,358.01124572753906,282.447452545166,275.6928914506685,367.00889587402344,211.34167671203613,240.32912633062637,341.03931427001953,254.7597599029541,238.56497828002117,346.6980743408203,265.5816078186035,189.0577476221933,354.4184112548828,265.28300285339355,288.6029442748539,355.59993743896484,202.11763858795166,186.79923754234483,338.2064437866211,236.43113136291504,203.18324282677992,343.22601318359375,248.18824768066406,146.03464786395242,349.4554901123047,250.60495376586914,262.5358155776715
558,22.32,419.92095947265625,162.8283405303955,269.6308672142333,425.8461380004883,200.82748889923096,271.52536820429947,407.2465515136719,233.67691040039062,290.11324837526604,382.3267364501953,255.6797218322754,310.7200172583901,365.08228302001953,272.77719497680664,245.91565652228752,402.8292465209961,227.10330963134766,319.08904627017097,367.76519775390625,266.7549991607666,388.4657899327661,359.6835708618164,279.5573902130127,423.4201115203755,359.3558120727539,282.647066116333,459.75723377464203,384.8325729370117,210.9678840637207,330.84977346210496,350.9351348876953,254.48412895202637,397.4079254752883,353.46866607666016,264.8778533935547,445.07519586163136,361.038818359375,262.97292709350586,492.7114632371067,369.7528076171875,197.76005744934082,346.4006291953455,340.2920913696289,238.8812255859375,397.402656413761,348.4206771850586,247.20162391662598,461.5132506195863,357.1698760986328,243.95639419555664,537.5841769149488,358.4000778198242,188.26952934265137,353.2093180947124,339.43729400634766,221.93601608276367,363.68200330807423,346.43260955810547,231.11765384674072,434.2287949282996,353.51829528808594,230.09795665740967,522.6395246144325
559,22.36,420.85880279541016,147.07693576812744,394.4824949243908,427.93087005615234,184.46332454681396,412.41058326080537,409.03682708740234,215.202956199646,464.0124395161096,383.12259674072266,232.78759002685547,572.6490483919648,363.34510803222656,242.75144577026367,751.8990093225741,403.8500213623047,208.14429759979248,474.66179965930905,367.44091033935547,249.54339981079102,430.3663515768543,364.1530227661133,253.76930236816406,654.3133208842174,368.67137908935547,248.10341835021973,894.4423506542001,385.84224700927734,191.7623233795166,480.80206616577925,350.72254180908203,233.28928470611572,529.8977604367929,354.3526077270508,238.11309814453125,669.4836986352911,363.0430221557617,232.87270545959473,754.171803730764,370.86204528808594,178.11467170715332,491.91690683608095,339.77527618408203,216.86708450317383,550.505168883451,348.0990982055664,221.61905765533447,639.614683595435,358.5025405883789,216.731915473938,681.4269202866222,359.92244720458984,168.6864709854126,491.0535759763713,339.0341567993164,200.78696250915527,528.8223866922683,346.46034240722656,205.2358102798462,647.0464606251819,355.04138946533203,200.45494079589844,742.0529821206196
560,22.4,422.8196334838867,132.9750394821167,355.9391941138569,428.03314208984375,171.00088119506836,336.57079545750366,411.2094497680664,206.28082752227783,229.57116196297838,388.89156341552734,228.1866216659546,184.47541562667973,370.8546447753906,240.6236457824707,195.12924384395666,400.0737762451172,186.46057605743408,550.2521053524126,362.88482666015625,225.06106853485107,622.5664839982617,358.94962310791016,241.18964195251465,340.33368200933074,362.5689697265625,246.26689910888672,159.3192607527603,381.7502212524414,169.76205825805664,559.4396416332241,348.31085205078125,215.41656017303467,450.8675870791295,355.069580078125,228.89033317565918,231.26478739647482,365.3704833984375,228.65125179290771,120.51386563416445,366.72374725341797,159.00574207305908,488.797441677341,339.3526077270508,203.29081535339355,339.5711750243282,349.8146057128906,214.4303798675537,184.76345408423282,361.32293701171875,213.12795639038086,114.40923547932582,356.2626266479492,153.37204456329346,393.64160662437456,339.1779327392578,188.43307971954346,308.8679850481969,347.87525177001953,199.62530136108398,144.6542836222572,357.1432113647461,200.1771068572998,53.00263551403462
561,22.44,421.08497619628906,129.89367485046387,88.40193683757957,426.68540954589844,168.5436201095581,70.06476937614731,410.33302307128906,204.51666355133057,49.246816338803,388.93238067626953,227.78157234191895,10.177518228804244,370.8513641357422,241.31418228149414,17.26360729757922,398.9501190185547,184.7063684463501,52.08076603693962,362.62264251708984,222.49242782592773,64.5496689399608,357.664794921875,238.83567810058594,67.0444315539024,360.88916778564453,245.44793128967285,46.72019671418676,380.56079864501953,168.13045978546143,50.4779637244145,347.86609649658203,213.89267921447754,39.686432496226345,352.5652313232422,228.30543994903564,64.29357847324832,362.9500198364258,229.0077781677246,61.164506205429994,365.22613525390625,156.82053565979004,66.22862282311198,339.24163818359375,201.1387538909912,53.87301491431248,347.7308654785156,212.8716516494751,65.0557790581845,357.965087890625,212.77406215667725,84.41116576273669,354.7064971923828,150.37675380706787,84.38492755230286,339.40135955810547,185.80204010009766,66.0127308861418,346.4752960205078,197.59652137756348,61.62296813143411,353.9958190917969,198.97710800170898,84.20983973547764
562,22.48,419.1947937011719,134.607253074646,126.96113957706554,425.3653335571289,171.95058345794678,91.34412909907513,410.84163665771484,207.7575159072876,82.01300115457737,390.9656524658203,233.20119380950928,144.711979078593,374.0316390991211,250.94650268554688,253.5938499956985,397.7537155151367,192.50066757202148,197.13967162178528,363.21067810058594,230.4743242263794,200.0881930471548,358.39237213134766,248.26297760009766,236.38335449175284,360.75965881347656,256.02742195129395,264.5070831201879,379.56504821777344,176.83095932006836,218.93236835986625,348.0493927001953,221.41834259033203,188.1973810008668,351.29005432128906,237.03439235687256,220.54008496840208,358.9167785644531,240.3120231628418,300.0551929099624,364.7458267211914,165.92511177062988,227.93091393648518,339.3342590332031,209.4647455215454,208.16266964480107,346.28196716308594,222.29209899902344,238.2804736466924,355.00640869140625,224.40922737121582,300.1362733966629,354.930419921875,159.13033962249756,218.91123488881723,338.9250183105469,194.46743488311768,216.96193175548711,344.530029296875,206.71833515167236,233.17315073191284,351.3093948364258,209.3378734588623,267.5844914905239
563,22.52,417.20863342285156,143.2171869277954,220.90126981129168,424.35924530029297,181.0405397415161,228.6366096256033,408.99986267089844,218.14839363098145,263.8210464586632,388.3530807495117,245.1456069946289,305.6698968144754,373.416748046875,265.9968566894531,376.57274085579166,396.5762710571289,205.06537914276123,315.49400975649934,364.01256561279297,242.1833324432373,293.41086487709475,354.27196502685547,261.6222095489502,349.5057518929339,350.2583312988281,273.91133308410645,518.4786380461152,379.36004638671875,188.77874851226807,298.7386946940209,347.11795806884766,231.49410724639893,252.96813519310163,347.0396423339844,249.50303077697754,329.32976075768397,352.008056640625,256.7362403869629,445.45296472095356,365.2983093261719,176.79368019104004,272.0650387981049,338.70460510253906,219.17744636535645,243.32722534912773,343.20762634277344,233.4660243988037,289.7285155098805,350.60691833496094,237.40015983581543,342.89196703940456,355.48519134521484,168.62693309783936,237.8195993921376,337.3992919921875,202.014799118042,192.50088911020185,341.0879898071289,216.08963012695312,249.5856633536545,347.08255767822266,221.20559692382812,314.94941320280606
564,22.56,415.45421600341797,153.96869659423828,272.34277642020646,423.74134063720703,192.11305618286133,277.24360510718213,407.02953338623047,229.02824878692627,276.4207003196841,385.5146789550781,256.7984962463379,299.83990797094395,374.2233657836914,280.8413028717041,371.65862581733893,398.6446762084961,217.23680019378662,308.6480502444758,365.9895324707031,256.85829162597656,370.1881489293134,354.09889221191406,276.2474727630615,365.65718087550067,347.2768783569336,289.62352752685547,399.8141098150215,380.30677795410156,200.9518575668335,305.24670833096417,346.17210388183594,246.51878356933594,376.36048108172804,347.31021881103516,263.03629875183105,338.3993145208861,353.44112396240234,268.38300704956055,293.3650196872301,365.98480224609375,188.03682804107666,281.6021640840207,337.80513763427734,232.22618579864502,326.99258642620765,343.6338806152344,245.0364875793457,289.45780231869406,351.78028106689453,246.6232681274414,232.43615609957087,356.1751174926758,178.59003067016602,249.6739265079702,336.9649124145508,212.3184299468994,257.81957581180797,341.7030715942383,225.8302116394043,243.99955661529802,348.4972381591797,229.60370063781738,212.91058401081338
565,22.6,415.0959014892578,163.47116947174072,237.73065126147407,423.22959899902344,201.6481590270996,238.72063399826243,408.5586166381836,239.34918880462646,260.83986759165197,387.90637969970703,267.71910667419434,279.486095996815,376.6370391845703,292.1854877471924,289.95295930478903,399.7206497192383,228.33048820495605,278.6436262111778,370.90736389160156,268.6844730377197,320.19879827600414,358.61724853515625,289.1770362854004,342.40797736579765,350.0244903564453,304.02929306030273,366.6362743787414,380.5514144897461,211.91958904266357,274.2614864965618,349.15306091308594,258.8868713378906,318.0563038528231,351.55941009521484,275.2246284484863,322.6947157956703,357.0947265625,280.08336067199707,306.4382960416989,365.50559997558594,199.0268611907959,275.01189002476286,338.9052963256836,242.91277885437012,268.5768282597977,347.203369140625,256.28957748413086,295.1411534525397,356.2681198120117,257.8010559082031,301.12667213516744,355.341796875,189.82325077056885,281.60217625661403,338.10794830322266,225.3647232055664,327.4067604237996,344.27894592285156,239.16418075561523,339.51239019076684,351.20460510253906,242.9336643218994,340.05309106165765
566,22.64,412.6554870605469,176.19887351989746,323.9888818707036,423.0489730834961,213.2323122024536,289.63903236552943,408.93798828125,251.17987632751465,295.91921417401346,387.1128845214844,279.87905502319336,304.6452634296432,371.39862060546875,300.7495594024658,250.97852563333777,401.75514221191406,240.58233261108398,310.49038939909474,373.670654296875,285.5823612213135,428.0584064478771,362.3017120361328,303.2926940917969,364.7148428886862,356.60213470458984,312.5244140625,268.5987783998779,381.5761947631836,225.65553188323975,344.35292608783146,352.97000885009766,273.1392288208008,368.8654779985205,355.0994110107422,287.43335723876953,317.78989241775804,361.62487030029297,290.17810821533203,276.61585530380853,364.9422073364258,213.99258613586426,374.4081449412035,341.6023254394531,258.2818794250488,390.09872019156666,349.1020965576172,270.13893127441406,349.4726082009768,357.8880310058594,270.82763671875,328.1728963991971,352.88684844970703,205.82523822784424,404.73013721618213,339.30484771728516,241.2114143371582,397.29569279965557,346.07826232910156,252.82994270324707,344.5926845015201,353.26934814453125,255.24805068969727,312.15708730227146
567,22.68,411.37943267822266,188.46047401428223,308.19551573488377,421.6291046142578,224.45055484771729,282.6935117290782,408.3070373535156,257.1471405029297,150.01320944420317,386.0747528076172,277.95390129089355,54.68051725891895,367.0857238769531,290.4510498046875,279.12853012363877,401.5484619140625,252.1999740600586,290.4869936658663,368.5902786254883,297.49377250671387,323.73980270850024,360.81958770751953,310.299596786499,179.04848836713828,362.96688079833984,309.22359466552734,179.24390074932955,382.4820327758789,236.5748691558838,273.921143966422,351.4408493041992,285.4738426208496,310.725991141278,351.2543487548828,297.374324798584,266.46685977893867,358.1973648071289,295.3512954711914,155.14038056276578,365.8732604980469,223.8498830795288,247.52924451635906,342.48722076416016,269.55885887145996,282.7911167832932,348.3644485473633,279.40080642700195,232.28007868890268,357.10693359375,276.91097259521484,153.33192865701574,353.5778045654297,214.38334465026855,214.64884971068864,340.4800796508789,251.38724327087402,256.0867340692243,346.9309997558594,261.44033432006836,216.3128592369451,353.8666534423828,260.80498695373535,139.7236430007085
568,22.72,411.02611541748047,187.23754405975342,31.823642551786445,420.5959701538086,223.5226535797119,34.71641881492886,406.16504669189453,257.0653438568115,53.58879713725243,383.74595642089844,279.6695137023926,72.31276926174502,366.1216354370117,294.57982063293457,105.99591699746225,401.65199279785156,252.0439052581787,4.682154606746669,367.5260543823242,294.36524391174316,82.61455837686647,358.27110290527344,307.39219665527344,96.65580139834425,357.9106140136719,308.7183380126953,127.03621059310113,382.9718017578125,236.69470310211182,12.605401380282647,350.43888092041016,283.99532318115234,44.65115043083704,350.6913757324219,295.87632179260254,40.007433918181455,356.90967559814453,294.9056911468506,34.06525642797626,366.38038635253906,224.53936100006104,21.3973776897409,339.19288635253906,268.7388038635254,84.87170255608413,345.7710266113281,277.5897216796875,79.08012274057636,354.08294677734375,275.01291275024414,89.25779882203926,354.1490173339844,215.42401313781738,29.67822147569953,337.7958679199219,251.23065948486328,67.21937545570846,344.46876525878906,261.3805103302002,61.57402875973177,351.5772247314453,261.45973205566406,59.530323003095354
569,22.76,412.2984313964844,180.77924251556396,164.56086789184675,422.17884063720703,216.78317070007324,173.07171283198758,408.05908203125,249.86200332641602,186.2046667372458,385.63236236572266,271.13619804382324,218.48341401215788,367.07603454589844,284.7073745727539,247.96177738491835,402.6630401611328,244.17394638061523,198.36593316604626,366.4297866821289,286.4216423034668,200.47226956224895,358.3367919921875,299.54601287841797,196.1614687513987,360.0286102294922,299.93605613708496,225.8516976260407,383.8108825683594,228.63235473632812,202.64735036801457,350.0347900390625,275.2254295349121,219.47995923140846,350.07015228271484,288.24520111083984,191.40911915660564,356.95995330810547,288.1487560272217,168.92805432156877,367.3664855957031,216.48998737335205,202.73875970649843,339.4146728515625,260.3467655181885,209.87421357916122,344.15340423583984,272.06597328186035,143.8934034975595,352.2108840942383,272.15314865112305,85.45053171315674,355.3384780883789,207.8546905517578,191.5552487176943,337.9463577270508,243.02939414978027,205.06614828891782,342.835693359375,255.66587448120117,148.58496457271644,349.1571807861328,259.0385055541992,85.58238161502408
570,22.8,415.3172302246094,166.8572187423706,356.138923302805,424.7832489013672,203.37215423583984,341.53907628773334,409.76505279541016,236.7067050933838,331.6362915983695,386.0531234741211,260.07405281066895,276.75361003713556,369.77142333984375,277.53642082214355,191.51974187391008,405.1066589355469,228.23827743530273,403.04839772140434,371.62471771240234,268.5581588745117,465.0882635491424,363.1892776489258,283.75319480895996,413.03731643146523,362.9166030883789,288.7199306488037,289.54919025298295,386.1285400390625,212.95339107513428,396.2333889582496,352.40039825439453,258.05142402648926,433.4040893264224,352.86144256591797,272.14831352233887,408.42769516306447,359.6234893798828,272.9461669921875,385.8538727402193,369.85755920410156,201.5330457687378,379.0741598670867,341.4167022705078,243.35062980651855,427.8410561498161,346.5519714355469,256.8029022216797,386.25967851922087,354.3544006347656,257.9726314544678,358.54020967332787,357.79186248779297,194.38829898834229,342.2013266617668,339.6628952026367,228.47837448120117,366.2979271546479,344.98714447021484,241.8563747406006,349.40219032654693,351.8450164794922,245.52452087402344,344.4671996817353
571,22.84,419.4424819946289,149.70140933990479,441.12037644203764,428.77384185791016,185.17094135284424,465.8386137903176,412.308349609375,217.1665334701538,492.62477210677673,387.74715423583984,236.2427043914795,597.2870476676463,368.77330780029297,246.4925193786621,776.4985719010057,407.05596923828125,208.33648681640625,499.92566978423304,373.93795013427734,248.2748508453369,510.36973659054325,362.70904541015625,263.08459281921387,516.8545075827008,360.35987854003906,268.8680076599121,500.3971465077554,388.15460205078125,192.79438018798828,506.51421945945935,353.89007568359375,234.5350456237793,589.0878499969832,351.1309051513672,248.67141723632812,588.5147719934824,356.8648147583008,251.6740894317627,536.2552851747065,372.4989318847656,180.7422924041748,523.9467262424239,342.18406677246094,221.14844799041748,555.3859725868955,345.4367446899414,233.58850479125977,581.0292477317735,354.906005859375,234.98876094818115,574.7622181028258,361.69410705566406,173.1650733947754,539.4747545430836,342.2721862792969,204.1748857498169,611.0789456154893,346.9700241088867,215.67237854003906,656.4742324972092,355.53600311279297,218.3168363571167,686.4225553088326
572,22.88,423.49754333496094,135.223388671875,375.8794728182102,428.5851287841797,169.23181056976318,398.5061972105632,409.2322540283203,198.98740768432617,460.93856583654906,385.1045227050781,216.68094635009766,493.4862454244184,366.883544921875,227.0628547668457,488.0337274873514,403.51417541503906,189.4698143005371,479.90600336642,370.54332733154297,226.73505306243896,545.1412388666924,357.46490478515625,238.41649532318115,630.4839634006121,352.8641891479492,241.77566528320312,702.7536796948797,386.3953399658203,172.5442886352539,508.15918456824704,351.41284942626953,211.12694263458252,588.4704407842099,347.2121047973633,223.8269805908203,628.7900228053045,351.92691802978516,226.51469707489014,640.9845200298047,371.68251037597656,159.18923377990723,539.2128986663851,339.01832580566406,196.03015422821045,632.9250535180809,342.3373031616211,206.85527801513672,672.8075280360177,351.83380126953125,207.82822608947754,683.3433867997439,361.33548736572266,150.9067440032959,556.5304547942623,340.05748748779297,180.82796573638916,586.2932099483593,344.3569564819336,190.69157123565674,627.9275714611279,351.72115325927734,192.6210594177246,649.4353470149389
573,22.92,421.76971435546875,123.3466100692749,300.045062196448,422.8550338745117,158.4458827972412,305.33815842834764,401.25736236572266,185.35190105438232,394.9097508335071,376.1424255371094,201.57448768615723,439.12148021180764,358.06652069091797,212.73788452148438,420.52399516835754,393.34747314453125,174.61787223815918,449.9597329771434,358.44032287597656,206.56650066375732,588.033386971898,347.5038528442383,219.64706897735596,531.2214234202524,344.0741729736328,225.94727039337158,452.63290115527764,378.60328674316406,157.52808094024658,422.93807685368137,342.7928924560547,192.12295532226562,521.6890788193774,337.52315521240234,206.3766574859619,498.9924351404723,339.91737365722656,212.43028163909912,462.7363681166105,366.0066604614258,143.96926403045654,406.09631818287585,332.659912109375,177.81198978424072,482.39697115075717,331.88716888427734,192.24120140075684,449.1495725990673,337.44842529296875,198.08305263519287,434.3871024509389,357.4253463745117,134.946870803833,410.7970568861237,334.70691680908203,162.49960899353027,477.33457048056323,335.1280975341797,175.6406593322754,441.3769552497642,339.55394744873047,181.99800968170166,403.80230538146924
574,22.96,415.02002716064453,117.19982385635376,228.2285832988107,413.2428741455078,153.40773582458496,271.3122504306267,389.9831008911133,179.93468284606934,312.70515757093267,362.6203155517578,195.1834774017334,373.90880481705994,342.33909606933594,207.95830249786377,410.94121351786885,376.12281799316406,163.58232021331787,511.41479836362976,338.8944625854492,189.7291660308838,644.9498488430012,328.3643341064453,203.76394271850586,621.7891911999303,326.82945251464844,211.5043544769287,562.3489818819988,363.8926696777344,145.5677890777588,473.97971731499416,328.4971618652344,176.47715091705322,529.8343541921142,322.1983337402344,193.01648139953613,508.27186267176677,323.7535858154297,201.70522212982178,484.95807735834296,354.2019271850586,132.36634254455566,413.8081641399121,322.70042419433594,163.59088897705078,434.04428611754844,319.37891006469727,179.5589303970337,445.32048607539355,323.3821105957031,187.7611255645752,436.17899681041274,347.72327423095703,124.38272953033447,358.5833974868809,324.9271774291992,150.23324489593506,392.19493758939853,322.1854019165039,164.35576915740967,429.28874032417326,325.01426696777344,172.33845233917236,436.3981528818712
575,23.0,403.4157180786133,118.31441402435303,291.4428551555107,401.55933380126953,153.17903995513916,292.1444599596075,377.15938568115234,179.14371013641357,321.2021458653449,349.77169036865234,195.00708103179932,321.2458995606578,329.95147705078125,209.56445217132568,312.2827462036804,357.3225402832031,159.22751426696777,482.45127785224355,317.0618438720703,188.28048706054688,547.0157165491679,316.22215270996094,203.314847946167,303.76209356550044,323.31207275390625,208.7885570526123,111.0954432886493,345.7477569580078,139.57420349121094,477.7296082708351,308.46561431884766,174.68828201293945,502.7816058310363,315.7246398925781,187.76561737060547,208.38708735712902,325.1057434082031,189.47547912597656,307.6066320154239,339.10945892333984,126.28337860107422,406.8054269001668,307.2231864929199,161.0443925857544,392.13321296548804,315.08352279663086,173.11609268188477,193.58542947238504,324.73602294921875,174.72840785980225,327.571375269292,335.98941802978516,118.38462352752686,329.4509229106594,316.18494033813477,145.68233013153076,246.3959396850627,321.07112884521484,158.42458248138428,150.87366375394407,328.4367370605469,161.48687839508057,284.46216642114797
576,23.04,402.5272750854492,117.11548805236816,37.305784055577156,398.88614654541016,153.12252044677734,66.8446172090283,374.7840118408203,179.45706367492676,59.898827834067816,349.9307632446289,198.17972660064697,79.41577332857167,336.4863586425781,216.99914932250977,247.46135954506912,350.3523254394531,165.64132690429688,236.80277594814441,314.26910400390625,193.99558067321777,159.02376192888738,308.66899490356445,209.60512161254883,245.73580280240117,307.8458595275879,219.3193531036377,467.77493054234753,338.4182357788086,146.8538475036621,258.2574994849449,305.2321434020996,179.02424812316895,135.2218923624105,309.5662498474121,192.92434215545654,200.83919151001854,316.79386138916016,197.40325927734375,287.1596690289452,333.9599609375,132.94159412384033,210.4298628013801,306.1327934265137,163.16423892974854,59.59606510402003,310.2198028564453,176.41509532928467,146.92513000698278,317.55130767822266,180.84199905395508,235.84440158517057,332.6585006713867,124.28764343261719,169.44883897575968,313.4383201599121,147.87391662597656,87.8456521621058,315.77112197875977,160.44881343841553,141.83525600118486,321.66908264160156,164.75223541259766,187.8558336632744
577,23.08,404.0809631347656,119.57323551177979,72.69142456659218,399.94056701660156,156.06346607208252,78.10635257882821,376.2411880493164,184.34557914733887,127.52682567459004,353.2012176513672,205.27655124664307,195.3535130260194,343.6641311645508,226.07065200805664,289.19346827758517,353.83296966552734,171.89236164093018,178.8685262754112,318.5395812988281,201.56105518341064,217.18854264616107,307.34859466552734,217.3681354522705,196.86264352385206,299.31257247924805,229.4245147705078,330.6539733646658,339.79000091552734,153.10503959655762,159.9983245470799,307.08520889282227,186.69618129730225,197.31385268981094,312.2024917602539,200.1465082168579,192.2066824434727,320.6752014160156,203.86785507202148,188.5069613977085,333.6275863647461,138.51033210754395,139.46620466029736,307.9296684265137,170.11542320251465,179.49185663905473,313.94643783569336,182.83111095428467,185.49438126396046,322.0848083496094,185.60810565948486,164.44680088241773,331.24378204345703,129.09014225006104,125.1634523527156,313.59779357910156,153.3668088912964,137.380168714953,318.5995292663574,165.12142181396484,136.54934276615256,325.9559631347656,168.0272626876831,134.86833397619736
578,23.12,409.12864685058594,122.36678123474121,144.22856990128906,404.3923568725586,159.9148178100586,147.16347867935264,380.3368377685547,188.88985633850098,152.93953423823416,355.1611328125,210.75995922088623,145.57865239027961,344.53319549560547,232.8735065460205,171.45353356705556,359.7037887573242,174.66715335845947,162.33835399458877,325.5709457397461,205.52225589752197,201.75975347935747,313.55838775634766,221.81130409240723,190.89145769830506,304.72448348999023,234.38847541809082,183.5920853736369,344.8663330078125,156.18451595306396,148.43416499715835,314.0035057067871,191.28141403198242,207.49576808530753,322.55653381347656,202.013840675354,263.0269916644206,332.7806091308594,202.44489669799805,304.71883195497,337.72098541259766,142.0252561569214,134.88561551793615,313.39773178100586,174.41482543945312,173.89755684693347,321.7581558227539,185.55078506469727,206.79030014759797,331.11377716064453,185.82425594329834,225.78889301712542,334.2431640625,133.24321746826172,128.07304132845184,317.34256744384766,158.6464548110962,161.82164629721228,324.0556335449219,168.4757137298584,160.117824108526,331.9985580444336,168.65750312805176,151.88432328383442
579,23.16,413.0354309082031,129.3628692626953,200.32506297224538,408.8632583618164,168.16340446472168,234.55828423620758,383.7129592895508,197.1083164215088,222.12226737278863,357.61817932128906,219.21823024749756,220.19795966636076,344.83509063720703,241.80184364318848,223.3359912737818,372.5871276855469,181.06830596923828,359.64841919395536,333.6409378051758,213.6706781387329,286.7071207665141,323.80699157714844,228.46389770507812,305.4616199818338,319.69879150390625,236.85782432556152,379.4136796776509,357.1645736694336,162.2393560409546,342.6986758264082,319.7831344604492,198.60743522644043,233.28455675393215,328.32672119140625,207.731294631958,203.076866792949,339.6240997314453,206.37107849121094,197.24392746302811,347.3611068725586,147.84606456756592,281.5290308256742,316.8817901611328,182.96512126922607,230.82220101839957,327.5979232788086,190.42981624603271,190.24298477414192,338.8917541503906,187.0689582824707,196.92354158111857,341.09569549560547,139.21746253967285,227.27845148487282,320.22613525390625,166.90971851348877,218.79855222682122,328.19393157958984,174.15574550628662,175.69197407140416,337.2795104980469,171.74476146697998,152.92895178114162
580,23.2,417.0738983154297,140.2190065383911,289.5739710635081,418.4035110473633,178.53193759918213,352.24538735845124,393.0028533935547,210.28082370758057,402.9710602707878,363.2619094848633,231.8565845489502,346.0307876550545,346.5121078491211,254.05217170715332,309.11458676741205,385.2396774291992,195.0170087814331,470.80604098086985,342.9123306274414,227.177095413208,409.55923904317393,333.2929992675781,242.36371994018555,420.70580581214784,330.9098434448242,250.8937168121338,449.0921143795115,369.3006134033203,175.65470695495605,452.25483729328226,327.22171783447266,215.9164524078369,470.99270057917073,338.31493377685547,223.1318235397339,458.8986007900919,351.9618225097656,217.94775009155273,422.9647803724651,357.24365234375,160.4930591583252,401.25675786276497,320.7332229614258,198.8254451751709,408.03140888344717,333.99871826171875,204.6159839630127,389.08348309483404,346.9912338256836,198.43678951263428,348.9530393620019,348.3332061767578,150.97882747650146,345.2456245532445,325.14556884765625,183.1584119796753,424.42672088463087,335.3730010986328,188.49084377288818,400.8070619640257,344.6809768676758,182.77268886566162,332.03622461576094
581,23.24,415.2790832519531,157.53303050994873,435.1700725002196,419.46414947509766,196.1724328994751,441.8088021942051,396.80870056152344,230.5733299255371,516.1578496882886,371.37012481689453,256.5746212005615,650.3482200814555,360.80944061279297,281.1753273010254,766.5178135261107,390.85044860839844,218.2320499420166,597.0860958191658,345.9572219848633,258.9445209503174,797.8254385493308,349.92462158203125,261.4706325531006,633.2875385676847,360.0398254394531,255.0856590270996,735.7514146015185,374.5277404785156,198.6965274810791,590.6819949316559,332.14111328125,240.8683204650879,635.80469245095,344.46277618408203,241.6538429260254,487.89161732541305,358.3140563964844,232.2835922241211,392.0038623865045,360.6269836425781,182.53849983215332,557.5887738630198,325.98217010498047,222.35476970672607,602.6921680193977,339.05853271484375,222.95572757720947,475.62322150424654,351.41845703125,213.72130393981934,397.8195936812423,349.4670867919922,171.40849113464355,511.5276400366944,326.4546585083008,204.60880279541016,537.2574929022447,336.26407623291016,206.1578893661499,442.23757394167933,346.18114471435547,198.13453674316406,385.8730958648661
582,23.28,413.36315155029297,173.963885307312,413.5545487428641,418.6560821533203,212.51174926757812,408.9821452196018,399.4346237182617,249.7222137451172,483.20235406664136,377.33142852783203,277.8384017944336,552.090066858642,366.2230682373047,301.67415618896484,530.0408886550036,390.9335708618164,238.07839393615723,496.1629515862045,353.78562927246094,279.1204261779785,541.0355304968865,340.21270751953125,296.7733669281006,915.3566002893326,334.58885192871094,303.38250160217285,1364.8115839205398,372.7072525024414,218.83423805236816,505.4957736742453,331.12548828125,262.602596282959,543.9498135558562,336.60064697265625,274.390926361084,841.6983231728361,347.1377944946289,273.0438709259033,1056.6187669713909,358.4747314453125,202.6023244857788,504.47327063238976,323.08055877685547,243.10163497924805,523.7197288004347,333.0189895629883,253.9921474456787,790.4648314975168,344.3967056274414,251.9780158996582,972.3942753440365,349.34520721435547,190.49188613891602,477.09460508408085,326.57859802246094,223.371319770813,469.0731581103912,334.22576904296875,233.37401390075684,682.308641160564,343.2196044921875,232.07393646240234,851.7091543588069
583,23.32,409.59930419921875,186.2063455581665,320.199527517551,415.3751754760742,225.79623699188232,342.0909626126388,395.6563186645508,262.6234531402588,336.078085243641,372.20226287841797,289.41850662231445,316.6298786476084,358.89869689941406,312.02622413635254,317.0289086607929,387.2569274902344,250.43457984924316,322.289695771271,351.8690490722656,294.1417121887207,378.57653872788694,336.9859313964844,311.3441276550293,373.0944521077015,328.4020233154297,319.98779296875,443.00998130617575,369.0354537963867,231.85811519622803,338.2893376942106,329.0577697753906,277.0981979370117,366.058334774365,329.9054718017578,291.2691307067871,453.9404920418581,337.0608139038086,292.5209426879883,548.2368684320998,354.70069885253906,217.12552070617676,375.1387663814364,319.5213317871094,259.4757843017578,418.912925618487,326.66988372802734,271.935338973999,475.8343114503729,336.5804672241211,271.5868663787842,527.7313473079,345.5461883544922,206.62357807159424,414.32477365922784,323.5083770751953,240.45782089233398,434.00372783592456,329.0435028076172,253.24974060058594,513.5053524431149,337.17891693115234,255.48362731933594,604.4126964599836
584,23.36,407.4935531616211,192.1388339996338,157.3781404382581,411.4197540283203,232.8052282333374,201.20157344710555,391.6716766357422,264.94677543640137,115.31261474113828,367.4748992919922,286.00327491760254,145.79903565167592,349.2064666748047,300.9434509277344,368.07539030789604,383.87420654296875,258.99258613586426,230.05742844031874,346.6942596435547,297.2193145751953,150.52010264565303,334.49424743652344,312.42496490478516,67.90019383618517,331.41544342041016,317.61646270751953,95.86418758107698,366.3505172729492,241.0613250732422,239.67159324696215,327.5631332397461,283.30810546875,159.68110784940896,325.1370620727539,297.5243854522705,196.63726642372447,331.2299346923828,298.72175216674805,212.79272568939342,351.94690704345703,225.917387008667,230.32623928982585,318.22582244873047,266.3974857330322,176.04739267725117,322.72705078125,277.5768756866455,172.0698770237164,331.96189880371094,276.17700576782227,162.78926919642328,342.90477752685547,214.37737941741943,204.7841645350006,321.33888244628906,247.5490379333496,185.39158905483595,324.49981689453125,259.4982719421387,193.1470061946703,330.74546813964844,260.6407070159912,206.13213958307958
585,23.4,407.0254898071289,189.0322208404541,78.54190213115098,409.7831344604492,228.50840091705322,114.94903380385715,390.49304962158203,260.55261611938477,113.73708097469766,365.4994201660156,280.63347816467285,143.04115435981907,346.9831848144531,294.09899711608887,179.91235750066792,383.3848571777344,254.37223434448242,116.1548359878438,344.7860336303711,291.6096782684326,148.1328500273082,332.8851318359375,304.3281841278076,206.3781601309869,330.6619644165039,308.2463264465332,235.0095532084526,366.03599548339844,236.72643184661865,108.65721111116152,328.43421936035156,277.89605140686035,137.0426945296787,326.5269470214844,290.8206081390381,171.1585712798902,332.0579147338867,292.97962188720703,145.03794998282044,351.47388458251953,222.55947589874268,84.77660817814268,317.7842712402344,260.82186698913574,139.82688369689092,321.53076171875,272.68089294433594,126.00038326839096,330.09220123291016,274.011812210083,71.51849476155594,342.14351654052734,212.1297311782837,59.32664291970383,321.0182571411133,242.21177101135254,133.67221752986654,324.60216522216797,254.96675491333008,113.31681738204257,331.14978790283203,258.9671516418457,43.04258110604071
586,23.44,407.96165466308594,181.36181831359863,193.1830083779365,411.87767028808594,219.74352836608887,225.29157658452056,392.1425247192383,250.9657859802246,243.1924138091298,365.8113098144531,270.7877254486084,246.26728581296206,346.6422653198242,285.2357482910156,221.74507581480282,386.1098861694336,242.1609878540039,312.7901891212633,346.5996551513672,279.99444007873535,293.89941011426635,336.20567321777344,295.0377559661865,246.65011972266404,335.2431869506836,301.3120937347412,207.7726871020375,368.5774230957031,224.82746601104736,304.18358176506405,329.5355224609375,267.429141998291,263.1172042628502,327.0201110839844,282.7244281768799,202.77965376886544,332.82691955566406,286.63201332092285,159.85052182953828,354.21783447265625,211.1949920654297,292.27636086974,319.79461669921875,250.43912887573242,264.38931946560484,321.80469512939453,264.8414611816406,196.10540831945374,328.83636474609375,268.1575584411621,149.6859472206391,344.76734161376953,201.629319190979,270.5816765762539,322.79273986816406,232.7295684814453,241.1702637230342,325.46092987060547,246.9760036468506,200.9191107824079,331.4975357055664,252.23819732666016,168.44835022596834
587,23.48,411.39270782470703,165.35808563232422,409.18484937400297,416.5950012207031,203.90779495239258,413.0856931962514,396.9844436645508,234.07689571380615,439.23142640305537,371.39026641845703,252.3559856414795,481.4391116142435,353.4691619873047,265.99156379699707,510.48087314087985,390.323486328125,222.13801860809326,511.5379529663511,350.1073455810547,260.0338554382324,506.66114868642904,341.27880096435547,274.3626880645752,532.2094617426134,343.0474090576172,277.9470634460449,615.8482580382758,371.98577880859375,205.17781734466553,498.57646190042635,332.02632904052734,247.1147060394287,511.66421224253963,330.75809478759766,261.9055366516113,528.7950728480371,338.1170654296875,263.8861083984375,583.824585230439,357.18700408935547,192.37764358520508,476.2539842608545,323.49693298339844,232.5154209136963,457.5522189983207,327.2764205932617,246.09835624694824,488.1366113502593,336.3273620605469,247.06707000732422,559.5331442053913,347.4644088745117,184.28456783294678,438.8298157322268,326.41456604003906,215.16129970550537,448.44292599710013,330.89637756347656,228.90605449676514,471.74354388044594,338.86436462402344,232.42315292358398,528.5038747550101
588,23.52,416.15345001220703,146.8626308441162,477.45844976191967,421.1690139770508,185.46375274658203,475.06860398325097,399.34337615966797,215.8028268814087,460.64231935399187,372.0783996582031,231.3719129562378,524.8838167961258,352.5809097290039,239.93911743164062,651.6896086779689,393.68438720703125,202.00883388519287,510.19587680032214,354.35970306396484,236.39622688293457,600.4269459521566,344.3465042114258,251.94631576538086,565.6326934660054,344.7937774658203,259.36354637145996,466.6348341306084,376.6855239868164,184.12659645080566,539.2364427261415,336.4285659790039,222.20646858215332,632.356694877634,335.38745880126953,237.89029598236084,611.4341724447443,342.80033111572266,242.75084495544434,541.1979410822795,362.0783233642578,171.0439109802246,547.182071566356,325.6277084350586,207.9460573196411,616.5396537542625,329.94022369384766,222.51591682434082,593.3102561474687,339.61681365966797,226.0204553604126,532.553095896641,351.6046142578125,163.66610527038574,525.7508315849603,325.98339080810547,194.97173309326172,504.85425624063566,330.03028869628906,208.40855598449707,512.8946987359453,337.8433609008789,212.20187187194824,506.1760167989477
589,23.56,418.404541015625,133.60480785369873,336.1893822227581,420.89637756347656,169.37968254089355,402.1595182538907,398.3529281616211,197.61282920837402,455.4235683554937,371.0514450073242,214.68292236328125,418.0139373175506,352.17620849609375,229.063081741333,272.08906563931885,390.030517578125,183.76859664916992,465.0651954910741,351.13147735595703,215.00269889831543,540.8930583133583,340.9098815917969,229.96201515197754,556.2822173199446,339.28531646728516,237.76100635528564,557.344640753589,374.51637268066406,165.97314834594727,457.0646121479773,334.4046401977539,201.70868396759033,514.9365553596285,332.2439956665039,217.74473190307617,509.73345519508723,337.2768020629883,223.80600929260254,493.34076172591085,361.4845275878906,152.61457443237305,460.9725039373341,324.5450973510742,187.62996196746826,508.6230044921196,327.7104949951172,201.3636875152588,531.7356573135819,335.7647705078125,204.35513019561768,550.1275709665287,352.3970413208008,144.36872005462646,482.84121148647364,326.1245346069336,172.83170700073242,553.5118996856717,329.4322204589844,185.27114868164062,578.6283902011006,336.16771697998047,188.99644374847412,581.6461966604825
590,23.6,414.8921203613281,123.29861640930176,272.20704544208235,415.54290771484375,160.31084060668945,263.2768664445751,391.18839263916016,188.2020092010498,295.69209329856375,362.37266540527344,203.9656162261963,344.76610388146815,340.8697509765625,215.5755615234375,439.99231759564907,377.57568359375,170.85745811462402,448.48382623887517,332.8282928466797,201.42409801483154,569.750474513624,328.3071517944336,215.17991065979004,485.6306541262211,332.8785705566406,219.3527126312256,487.2830741691819,364.12811279296875,151.8618106842041,438.06805557044333,321.4955520629883,187.3608684539795,482.50930462774403,324.3392562866211,200.605731010437,471.8515764131742,333.7299346923828,202.08439350128174,550.2322581933146,354.1666030883789,137.881121635437,411.26835088243797,316.747989654541,172.98952102661133,414.681654536086,322.7429962158203,185.49628257751465,415.670079194924,333.4115982055664,186.60311222076416,447.6826178105845,347.85518646240234,129.1816520690918,396.29177977849344,321.8153762817383,158.02210807800293,385.5945617839016,324.2691421508789,170.40445804595947,393.44302960584304,331.1854934692383,172.7541446685791,424.7314081508975
591,23.64,411.2165832519531,119.79419231414795,126.96102079252347,409.06394958496094,157.16747760772705,180.030603981692,384.82715606689453,183.4252166748047,198.8766539326589,357.50762939453125,198.79400253295898,177.50733009142513,337.23155975341797,211.25372886657715,141.23268232351202,363.2693862915039,166.68904781341553,372.53002139045367,322.0770263671875,196.1799716949463,299.05119939147295,322.38353729248047,210.3547239303589,191.00333070006246,330.0446319580078,214.41620349884033,142.30322026166502,350.29693603515625,146.8842887878418,367.4890940002666,312.13550567626953,181.62288665771484,274.4709723447445,319.5423698425293,194.93499755859375,185.6867951675715,330.09727478027344,196.22011184692383,172.45654771326681,343.1385803222656,132.6533317565918,305.1096863703991,309.98729705810547,166.41948223114014,235.6803637311228,318.2333564758301,178.31461429595947,212.00414189762137,329.0031051635742,179.6275520324707,206.296586923109,340.07869720458984,123.85369777679443,235.6651253867486,317.9096031188965,149.7229814529419,229.30679059173676,322.94918060302734,162.22656726837158,207.0932701374609,330.99681854248047,165.36967277526855,184.67204608961617
592,23.68,407.44747161865234,119.59551572799683,94.3586074841875,402.86170959472656,157.94538974761963,156.27085499593076,378.78623962402344,184.36476230621338,152.83859432267408,352.21343994140625,202.07897186279297,155.76317252388705,332.55123138427734,217.98974990844727,205.06013313096042,354.7775650024414,170.4219102859497,231.9015025881531,318.2337760925293,200.1844310760498,138.75848534542018,315.1299476623535,214.09257888793945,204.0007999466468,317.1700859069824,220.6992244720459,358.14652079291733,341.8644332885742,151.3453245162964,238.49520742257835,308.3045959472656,186.45472526550293,154.15603637931335,314.25790786743164,199.01009559631348,166.83068209879775,323.39290618896484,201.31927013397217,210.57951800403535,335.98541259765625,137.12572574615479,210.90595726275788,307.64949798583984,170.27611255645752,112.74667946452924,313.95835876464844,181.78592205047607,137.671672279502,322.8178405761719,184.3461799621582,194.4912394476298,333.9223861694336,128.1174087524414,187.21544548567414,315.6008720397949,153.02029609680176,100.63089441189943,319.52213287353516,164.24626350402832,99.44794186075308,326.33018493652344,167.2318410873413,125.61135506676789
593,23.72,405.1031494140625,122.26391315460205,88.7981961572361,399.91424560546875,160.50846576690674,97.65021328898952,376.3902282714844,187.76576042175293,104.00618546329241,352.54390716552734,208.0825424194336,150.31647451040698,337.6703643798828,228.41217041015625,290.2933556563304,352.5061798095703,175.46967029571533,138.3814289621785,315.4364776611328,204.05662536621094,119.42248305660902,305.6627655029297,218.86622428894043,265.0651198929833,300.45284271240234,229.20687675476074,468.93920674107443,339.4178009033203,156.6492462158203,146.02567287820912,305.0200843811035,190.01532554626465,121.10401156550591,308.44459533691406,203.93677711486816,190.50392607952503,316.0121154785156,208.32192420959473,254.35363622116589,333.95992279052734,141.8285322189331,128.01122431057746,306.90662384033203,172.65339374542236,62.266201945106545,312.07592010498047,185.23691654205322,98.27556374904559,319.8347282409668,189.21964645385742,142.84964746668038,332.4250030517578,132.17463970184326,108.11821995472341,314.451847076416,155.46837329864502,67.60797083486455,317.96403884887695,167.52037525177002,90.64858219511697,324.3399429321289,171.42361164093018,116.0064750617155
594,23.76,408.7492370605469,125.63525676727295,124.14687088420422,402.9838562011719,163.75592708587646,111.71535880155841,378.6827087402344,192.8450345993042,139.316395459982,353.1559371948242,214.17968273162842,153.19452654907488,338.28086853027344,235.1704216003418,169.64424995282138,353.9668655395508,177.95116424560547,71.98704321399583,318.27295303344727,207.9215955734253,119.8530017365048,306.16241455078125,222.90992259979248,101.86125735592108,296.6339111328125,234.29419040679932,159.03026167173073,340.32562255859375,158.4532642364502,50.48899122915784,306.1473846435547,192.8296709060669,75.79308051350613,308.24323654174805,208.82330417633057,122.26684977640888,313.95681381225586,215.61344146728516,189.391276294817,334.8038101196289,143.5860300064087,48.74002652594521,307.8365135192871,175.10076999664307,65.45201166726218,313.3151054382324,188.82489681243896,94.8985731940426,321.4203643798828,193.02618026733398,103.08958979383209,333.1260299682617,134.38193321228027,57.89852858061422,314.2679023742676,158.4798002243042,75.42598931251075,318.41352462768555,171.3233184814453,95.7353600866874,325.28316497802734,175.42157649993896,102.69308290282385
595,23.8,411.2934875488281,131.51304244995117,160.12021866127745,405.28770446777344,171.0448694229126,191.10925740947374,378.68335723876953,200.74231624603271,197.4320418338697,351.58058166503906,222.99804210662842,223.94922291653953,338.9593505859375,245.76278686523438,265.35181811695884,361.73656463623047,184.08536911010742,247.4831981325002,322.85701751708984,213.18071365356445,174.41324879979715,309.7419548034668,230.44904708862305,208.64369520590728,299.8394584655762,244.07346725463867,257.28120482420974,346.76258087158203,164.20287609100342,215.7725492288811,307.5417137145996,200.4869556427002,194.57993713419927,316.12443923950195,213.21177005767822,225.51605923253547,327.30777740478516,214.45232391357422,335.03397479078376,339.22691345214844,149.44008350372314,183.4287760950503,307.7837371826172,184.4068193435669,232.65497494827736,316.33142471313477,196.85729026794434,214.50164129936294,326.22676849365234,197.17394828796387,158.71653201899883,335.7383346557617,140.54546356201172,167.35673379116523,314.2365074157715,167.80985355377197,233.2526537551766,320.59532165527344,179.48719024658203,211.2596750257664,328.95702362060547,180.50148010253906,156.72957988474016
596,23.84,411.54361724853516,139.99314308166504,212.09471880310554,407.1511459350586,181.7803144454956,272.3992863597711,379.5099639892578,214.35190200805664,340.8666375338722,351.0084533691406,237.09274291992188,352.6576968208893,337.27508544921875,260.2925491333008,365.67637725974015,367.8807830810547,197.5498867034912,370.0039309928508,326.66004180908203,228.8372039794922,402.79390130945956,311.8716812133789,246.53783798217773,405.72845521789986,301.7958450317383,259.11128997802734,379.11373677328373,352.3099136352539,176.9179916381836,346.81322798540504,310.40653228759766,214.63171005249023,360.79882099435736,315.086727142334,230.36948204040527,429.72660413251714,322.79170989990234,234.8480987548828,522.2442538494411,341.954345703125,161.94093704223633,319.87324235060737,306.2995910644531,199.06004905700684,368.2049622279864,313.8930892944336,212.54766941070557,396.96778620696136,323.6198043823242,213.9276123046875,423.8819999886562,335.5546569824219,153.16466331481934,315.51341085695486,311.85407638549805,184.07137870788574,410.8780064933239,316.5288543701172,196.72080516815186,442.6720283165349,323.7367248535156,198.83272647857666,476.5016480274959
597,23.88,404.17137145996094,156.5152645111084,452.3069370574186,402.26802825927734,198.90791416168213,445.25239350384174,375.96752166748047,232.85033226013184,470.86411216109497,349.1426086425781,256.3539218902588,483.7835207191009,334.6360397338867,279.49673652648926,484.6167143477356,363.47190856933594,217.0156717300415,498.97079145474083,320.1446533203125,251.52339935302734,590.0814285364555,303.4832572937012,269.59293365478516,613.3428345597708,292.0819854736328,281.8183135986328,617.4382505670768,346.90547943115234,194.88065242767334,468.9516844147802,304.5784568786621,235.48089981079102,541.2111282518781,308.708438873291,251.95040702819824,562.5938169384274,316.4615058898926,255.9496307373047,550.764318250963,335.89927673339844,178.92884731292725,450.86926846453474,299.7718811035156,217.71504878997803,494.1027299378629,306.11270904541016,233.71599197387695,563.821889517129,315.31288146972656,236.91530227661133,611.0640609426351,329.3628692626953,169.36655044555664,433.6180503646814,306.0453414916992,200.72982788085938,441.05366022385954,307.55916595458984,217.47028827667236,565.1307147147592,312.4666976928711,223.76100540161133,683.9374067971607
598,23.92,397.8419876098633,172.7862310409546,436.46696018803357,396.5190124511719,216.14015579223633,454.14847130072167,367.8524398803711,252.49820709228516,531.4446924607008,340.72925567626953,277.0814895629883,559.2498154689426,327.8736114501953,301.19550704956055,568.2028018811686,358.56380462646484,237.2901964187622,521.503736604286,314.8773765563965,272.13993072509766,531.9689666249626,297.98789978027344,290.13227462768555,531.5446134859304,285.64735412597656,302.06860542297363,531.2007621601302,341.8482971191406,214.6809196472168,510.897295759047,295.36163330078125,255.40966987609863,548.9226454962037,301.4420700073242,271.26977920532227,516.017355458204,310.26676177978516,274.34377670288086,485.23155580134676,330.5400848388672,198.1181001663208,498.0890751373456,290.2638816833496,236.9959259033203,537.4443431845312,299.1525650024414,251.61824226379395,480.19147908783896,309.39632415771484,253.35182189941406,436.7241890892771,323.78162384033203,187.84741401672363,482.6312119522124,296.09533309936523,219.5039463043213,531.1956969809296,300.0558662414551,234.42408084869385,463.49931847324433,307.05297470092773,238.42052936553955,390.6805276393376
599,23.96,390.8396911621094,186.70427799224854,389.50624712628945,390.64456939697266,229.56507682800293,366.34818309703513,365.1749038696289,265.1997184753418,324.5165543762161,338.26488494873047,289.11892890930176,307.17774689392706,322.40787506103516,310.6930160522461,273.94907320052494,353.6053466796875,250.7845973968506,359.41372658069145,312.94286727905273,287.0395088195801,375.6159554133296,296.70948028564453,305.9517574310303,396.7763795338367,284.0951156616211,318.32573890686035,408.2767392981868,335.62992095947266,229.21600341796875,395.2347896234463,290.33573150634766,271.48143768310547,420.98204332966515,299.9435234069824,284.2613410949707,326.94258120307,311.16085052490234,283.02781105041504,218.24849259688287,323.0631637573242,212.80988216400146,412.1231666072317,283.8844871520996,252.45969772338867,418.19920005937564,295.6703567504883,264.27160263061523,328.0942155869772,307.0683288574219,261.793212890625,218.91300210455086,315.6882095336914,201.8494462966919,404.3206208476513,289.5074272155762,234.1066074371338,400.4982959494143,297.3886299133301,245.44916152954102,283.5782009090032,306.92922592163086,244.3037223815918,147.11235889725452
600,24.0,385.92445373535156,197.17446327209473,289.162950120374,385.9903335571289,241.2282657623291,313.9385761684467,362.6510238647461,273.940372467041,227.44367775569017,336.04827880859375,292.7109432220459,105.52224174152387,315.435791015625,302.9278564453125,260.89708178874855,350.5963134765625,260.75806617736816,260.43756489496127,307.6741600036621,303.02721977233887,420.83709575582617,296.8626594543457,316.94149017333984,274.77000564689894,296.81217193603516,318.4886169433594,317.95248224124214,332.67799377441406,240.7602024078369,297.89092427384503,287.75699615478516,283.3838939666748,304.4650447872437,289.1621971130371,297.26388931274414,422.27305799390615,299.6533203125,297.5742816925049,463.6964657311764,319.94903564453125,224.40706729888916,300.20045069476873,279.65890884399414,264.03416633605957,308.04203822655774,286.4876174926758,276.32580757141113,378.83584590795977,298.76806259155273,275.2430248260498,395.1201250748157,314.1457939147949,213.27931880950928,288.3368598539239,288.8595771789551,243.4445571899414,234.00990264290874,293.2386589050293,255.4775047302246,271.32766943360417,302.1461486816406,256.3558101654053,324.1630066730111
601,24.04,385.59303283691406,197.90102005004883,19.96441464694378,385.47706604003906,240.12147903442383,30.500209068615774,363.4868621826172,271.31155014038086,68.96254653237735,337.8794860839844,289.61588859558105,89.9051000578005,317.40222930908203,301.24131202697754,64.76549832371695,351.62220001220703,265.48954010009766,121.03534779529788,308.45834732055664,302.99760818481445,19.6186549311803,298.82863998413086,316.6145324707031,49.824572143219434,300.4226493835449,318.79932403564453,90.59555140904038,334.0138244628906,245.71932792663574,128.39725839040895,290.15344619750977,287.0845413208008,110.2206980530267,290.0033187866211,300.13609886169434,74.82092522672637,298.25464248657227,300.5576992034912,82.37520753237057,320.6604766845703,229.31200504302979,123.90662469009473,282.0446586608887,268.74512672424316,132.01550564196808,288.1472587585449,279.9049472808838,98.6301493944034,298.5870170593262,279.0300750732422,94.78438379916246,313.4426498413086,216.81681632995605,90.16755339105514,286.6324234008789,249.6511173248291,164.85145332081572,289.9017524719238,261.871919631958,180.318271534686,297.565975189209,262.902774810791,199.7509938784791
602,24.08,390.85693359375,189.83997344970703,240.6879767856872,389.67472076416016,230.9667205810547,251.78104019473682,367.3355484008789,261.08253479003906,273.227401449056,341.96475982666016,277.47121810913086,320.33428123704874,322.04166412353516,286.81623458862305,378.8198900038806,355.93433380126953,253.22662353515625,324.97463410000256,313.83928298950195,291.25439643859863,322.9333239906006,303.17468643188477,305.8344268798828,290.5800193957657,303.4388732910156,309.2801856994629,249.63924136060922,338.3524703979492,234.00525569915771,312.2932683195922,295.0514221191406,274.8581027984619,329.27568907889275,293.5977554321289,289.48373794555664,281.06134549043225,301.2306213378906,291.5646171569824,236.8174070073989,325.71598052978516,218.38568687438965,300.98021929536503,286.58092498779297,255.7034397125244,345.2022163712881,290.66125869750977,269.7975540161133,260.3838444271306,300.5201721191406,271.30099296569824,199.17925141446426,319.55127716064453,207.58604049682617,276.72476195675017,293.231258392334,236.65071487426758,364.4817271834574,295.7710647583008,250.4853630065918,320.256243594179,303.1205940246582,254.0486240386963,261.3065444814204
603,24.12,394.3634033203125,174.60411071777344,390.85390743347307,397.6067352294922,214.81196880340576,449.92559001162056,375.89656829833984,244.68372344970703,462.4743743309761,348.5060501098633,262.3349189758301,412.23175370619015,329.0589904785156,274.8454284667969,346.8997228835143,364.8300552368164,231.16753578186035,594.6307742868979,319.77760314941406,269.8124027252197,556.2276628808338,311.75939559936523,285.29165267944336,556.6096047390756,314.9337387084961,288.4328842163086,595.1585451034853,345.12340545654297,212.70471096038818,558.7702836005241,299.19376373291016,254.64800834655762,515.7560662513213,302.7967071533203,268.6736869812012,568.8139710770354,314.18643951416016,268.1919479370117,668.0825599629893,330.9146499633789,198.97497653961182,502.37053032375474,290.9299087524414,237.65368938446045,464.1572650316249,299.60330963134766,249.77886199951172,548.1265279105833,311.2819480895996,247.80389785766602,646.1082052152045,323.2412338256836,190.99518299102783,424.9061168125637,295.2774429321289,221.57100677490234,380.44748942278255,300.6385040283203,233.7774896621704,435.0610565918844,309.75202560424805,233.70087146759033,535.0274055420728
604,24.16,401.4360809326172,155.77118396759033,502.93010112325646,402.48889923095703,195.83358764648438,489.90718296593434,379.70726013183594,224.2031764984131,520.8011710780502,351.30828857421875,238.19369316101074,607.5829800597264,331.83101654052734,246.87206268310547,702.7594368615183,369.9700164794922,210.038423538208,543.6327952884814,325.17024993896484,245.7890796661377,615.5285788439654,315.0571060180664,261.7500400543213,594.2865570354702,316.98902130126953,266.9036865234375,540.6769713949377,353.5443878173828,190.88609218597412,584.6821086842776,307.1258354187012,228.98590564727783,671.5007800520926,307.17823028564453,244.82600212097168,606.1712929073303,315.66003799438477,248.98982048034668,481.4646867521345,340.79246520996094,176.89079761505127,604.8151540024505,297.41981506347656,212.8396224975586,641.2179813612787,301.81217193603516,227.9447364807129,548.6392882917994,312.0847702026367,230.97360134124756,421.23583372007045,333.26263427734375,168.6193084716797,612.937714779277,301.71037673950195,197.45059490203857,624.0877874379086,302.42340087890625,212.80159950256348,526.2923526633787,308.7816047668457,217.88535118103027,396.1316057639947
605,24.2,405.76663970947266,138.21361541748047,452.0937075925237,404.6925354003906,177.828369140625,453.48918524244937,378.78990173339844,205.18964767456055,475.89115402490876,346.6507339477539,220.21438121795654,464.3197127546893,324.44042205810547,233.0060577392578,392.81593964795735,373.25016021728516,187.19118118286133,577.0375996114387,324.71778869628906,217.173171043396,715.4871362755354,315.7142639160156,232.18653202056885,739.2702752396202,318.1544876098633,238.12728881835938,719.9997294258575,358.00537109375,167.551531791687,593.92869973311,309.8065376281738,203.21906089782715,647.6478849836952,311.2860870361328,218.34915161132812,669.8405127307099,321.0209655761719,221.15578651428223,708.6399788332205,345.3707504272461,154.14324760437012,580.0925179547073,302.4489974975586,188.9983320236206,609.1488977550796,307.7223777770996,203.48937034606934,628.9850285694521,318.15093994140625,205.75538635253906,648.438886150945,336.51702880859375,146.57389640808105,557.1082013503358,308.41800689697266,174.83513832092285,589.7304356132454,311.65929794311523,189.19299602508545,633.7724121961347,319.1145706176758,193.67693424224854,658.0357294423283
606,24.24,408.23974609375,123.36240291595459,376.39305250083316,406.04347229003906,162.61718273162842,381.7764581933511,380.72479248046875,188.45868587493896,421.0618162332989,349.5281219482422,201.43670082092285,474.9214690336296,327.0430374145508,213.84990692138672,483.30355423030227,363.5413360595703,167.1389865875244,556.973840619269,318.7971878051758,197.56048679351807,512.1711740212331,312.99488067626953,213.77511978149414,465.2789122140624,316.5645408630371,221.14314079284668,426.4601496698357,350.33935546875,147.9132843017578,527.0368583164123,306.3564109802246,181.59198760986328,547.5135117567017,309.06179428100586,197.7605152130127,517.7109636434149,318.8410758972168,202.49569416046143,469.6747316398448,341.8959426879883,135.22719383239746,480.81400973308206,304.0647315979004,167.44036674499512,540.4607199171772,309.03066635131836,182.65904903411865,521.7841417629865,318.6983108520508,186.69668197631836,476.6640768232343,337.1294403076172,128.63083362579346,448.8377698659969,311.64073944091797,153.99212837219238,527.26716945295,313.8576126098633,168.5105323791504,519.9740918061838,320.9634017944336,173.57571601867676,504.65158202950147
607,24.28,406.93023681640625,118.9886999130249,114.13832754952847,403.43299865722656,157.39917755126953,145.86412909335667,377.9543685913086,181.50213718414307,187.19778680089178,348.0447006225586,194.47989463806152,177.83013505764157,325.96981048583984,206.13162517547607,194.813515235994,354.7441101074219,161.41518115997314,262.3846568323157,309.08119201660156,191.04692459106445,292.43275586964467,308.9934730529785,206.08755111694336,216.66502795201302,318.1086730957031,210.05573272705078,279.86041383321134,342.8362274169922,141.17976665496826,252.03817972271244,299.7398376464844,175.04726886749268,232.6644392917344,307.2780990600586,190.22837162017822,193.5115560895323,318.9859962463379,192.38327980041504,252.83631821899837,336.67713165283203,127.63941764831543,230.23131851519344,298.6208724975586,160.0085163116455,230.30957802495558,306.45212173461914,173.85742664337158,229.28891306821933,317.79760360717773,176.0758638381958,266.47355809728094,334.57496643066406,120.30389785766602,217.7487027437765,309.0325927734375,145.58655738830566,220.0228008131314,312.8640556335449,159.83576774597168,218.28693402583536,320.9160614013672,163.74205112457275,245.84447111226285
608,24.32,405.3535461425781,117.66616344451904,51.448130380659464,398.44749450683594,156.3010597229004,127.62521889928414,373.12469482421875,181.1256980895996,121.10804857754216,346.0768508911133,196.31309509277344,67.2358557277354,327.35363006591797,210.31702995300293,110.2059713160777,347.99171447753906,165.46653270721436,196.86336648452755,307.3619842529297,194.4923973083496,96.26447157514166,303.5801315307617,207.26829528808594,138.5153945276563,306.23077392578125,211.76939964294434,300.02202313898863,336.70520782470703,145.56730270385742,188.48055904602992,298.550968170166,177.92468547821045,77.83370487518586,305.38578033447266,189.78172302246094,48.60790270782882,315.20774841308594,190.6612730026245,103.8040946359712,332.4654006958008,131.07423305511475,135.8690420340514,298.1971549987793,161.77165031433105,45.33333507336062,305.29218673706055,173.2899570465088,32.28264764084642,315.26599884033203,174.809832572937,70.76306354716712,331.90574645996094,122.49884605407715,86.39492475302323,308.6490058898926,145.66546440124512,9.790467746701777,311.83969497680664,157.29409217834473,68.50834550505999,318.9894104003906,159.46022987365723,117.38285997206907
609,24.36,405.59925079345703,118.5654616355896,23.306490672212707,398.11534881591797,157.0540952682495,20.57582459700314,373.1591033935547,181.13664150238037,0.9026723959430676,345.8687210083008,195.12805938720703,30.079349972061557,327.52994537353516,208.35402488708496,49.27268498189281,347.0525360107422,165.46852111816406,23.479514292690258,306.5264129638672,195.67977905273438,36.2978544993001,304.3109893798828,208.33537101745605,32.33422922995729,309.0148735046387,211.96500778198242,69.77406846857585,335.9184265136719,145.68443298339844,19.88630706320865,298.39744567871094,178.98483753204346,26.780257801094344,305.4997253417969,191.41366481781006,40.89787195030315,315.85826873779297,192.56263732910156,50.23919656787213,331.9547653198242,131.210618019104,13.213377350271685,298.6133575439453,162.23957061767578,15.65594872733864,306.2757873535156,173.54551792144775,25.40646489442179,316.8185615539551,174.46247577667236,39.7736385974099,331.9268798828125,122.5041389465332,0.5446537156615573,308.6116409301758,146.371808052063,17.68328117999733,312.5252151489258,157.86994457244873,22.382245840419607,320.28263092041016,159.48550701141357,32.33668821065266
610,24.4,405.1660919189453,120.15987396240234,41.305094105181865,397.9230499267578,158.12759399414062,27.264656348261497,372.10044860839844,183.46778869628906,64.0068218717866,345.93406677246094,200.44512748718262,132.93674070933056,331.0090637207031,219.33096885681152,287.8775384040464,345.4850387573242,171.75208568572998,161.90319506236347,309.4034194946289,198.47119331359863,100.21589243291808,297.1921730041504,212.89850234985352,211.3937589962502,288.0826187133789,224.14844512939453,605.493309337794,333.16905975341797,152.35559463500977,180.38745688849642,297.8849411010742,183.16636562347412,105.32045777507557,303.3975028991699,196.03174209594727,126.85123409217287,311.66927337646484,199.33640956878662,199.11000805515226,329.5834732055664,137.03890800476074,157.30541640398127,299.30458068847656,165.7016086578369,88.25919508420358,304.59033966064453,178.21393489837646,124.08376957694924,312.9266166687012,181.34867191314697,197.74815457396164,330.1282501220703,127.71471977233887,137.8069790469652,307.82936096191406,148.2269525527954,50.333407564840215,310.3326225280762,160.73275566101074,90.14970094860885,317.0263671875,164.58317756652832,151.2231351900848
611,24.44,415.6528091430664,125.36293029785156,292.6634515195486,408.62548828125,165.26719093322754,321.6325846213392,380.69103240966797,192.50637531280518,311.7432618266379,353.14781188964844,211.3106918334961,326.05464187351436,339.08203125,231.4535093307495,364.1160462951221,363.60435485839844,177.7236557006836,476.94946300298716,321.7136764526367,207.1710205078125,376.8532701707016,306.64371490478516,222.17993259429932,331.16894449997864,296.0019302368164,231.83049201965332,275.82754964536343,350.1884460449219,156.8658685684204,440.1718987323551,312.36886978149414,191.30498886108398,415.34727805721053,317.0383071899414,205.03515243530273,408.60505032208573,324.5243453979492,208.3562707901001,392.59614517442174,342.59761810302734,141.4639949798584,343.6471320167021,311.7698669433594,174.20331001281738,377.2120485760025,318.4597587585449,186.91895484924316,409.3731171393276,326.9445037841797,188.8744068145752,397.75765626577936,338.9990997314453,132.1347713470459,247.7761448303926,318.1715202331543,158.05634021759033,356.7011356308343,323.1070327758789,169.94532108306885,393.7455704789485,331.04095458984375,172.16408729553223,398.3394064560697
612,24.48,426.05926513671875,128.52068424224854,271.8751279553462,424.4300079345703,169.0362024307251,406.1929107121215,396.58580780029297,197.0832395553589,413.5150926909931,364.61761474609375,215.65893173217773,306.6589797541888,344.89063262939453,236.6786813735962,195.32388624738556,385.1749801635742,180.45879364013672,543.5835122155366,340.77789306640625,211.56063079833984,489.0763191973658,330.9545135498047,227.78645038604736,623.7226810189119,328.3518600463867,236.44999980926514,816.952343661493,369.93785858154297,160.61322212219238,502.54474564374226,325.10677337646484,198.0893611907959,360.7993693721347,334.3312454223633,210.32037734985352,452.0642343100608,347.0481491088867,209.82792377471924,564.2957425610153,359.97108459472656,146.0020351409912,448.90919630411463,323.12374114990234,181.45058155059814,336.74304395221816,334.82086181640625,191.00074768066406,421.5645902384046,346.64039611816406,187.65475273132324,493.34048265035585,353.6006546020508,137.78197288513184,391.3887851700838,328.4246063232422,165.52465438842773,317.11737862844706,336.6135025024414,174.2645502090454,354.5071091646414,346.30760192871094,171.59249782562256,381.93359656117923
613,24.52,436.76780700683594,137.79075622558594,354.08959279424425,437.5459289550781,177.54336833953857,390.83185004573653,413.17901611328125,209.60044384002686,519.6242423751595,383.1719970703125,229.23136711120605,574.7152042268309,363.2974624633789,248.06190490722656,541.0575076608387,405.8880615234375,193.905029296875,617.3699219050396,361.3161087036133,230.98551750183105,706.7286099539399,355.4376983642578,248.50650787353516,801.8521999655965,360.56034088134766,257.5136947631836,962.115339631824,390.80322265625,174.5322561264038,627.0481069964194,346.11888885498047,217.2167730331421,710.3550523634296,354.18312072753906,226.42278671264648,639.0346921427715,366.8501281738281,224.18402194976807,611.4613283458826,377.3770523071289,159.7409963607788,554.3728254771447,335.80726623535156,200.06393909454346,563.0990630275267,347.98290252685547,206.85885429382324,515.2177094550938,361.64424896240234,202.64190673828125,530.1711901592698,366.74083709716797,150.63890933990479,459.59575376564203,338.04405212402344,183.60324382781982,511.96260461108585,347.3536682128906,189.80090618133545,472.1821128982053,358.51619720458984,185.15151500701904,456.1364554163164
614,24.56,435.9456253051758,152.57746696472168,370.2387719713937,442.9512405395508,192.8206443786621,405.1331235692877,424.49554443359375,232.8150987625122,645.6508423649485,399.75738525390625,259.4564151763916,861.9123475386244,384.0500259399414,283.3871841430664,1024.2510202395497,419.17083740234375,222.16029167175293,780.54147348269,382.75230407714844,262.152099609375,945.6698394387732,379.7365951538086,280.3219413757324,1000.8303409300879,384.17911529541016,291.07672691345215,1026.012802046816,402.25128173828125,203.7136173248291,783.665225933019,359.34814453125,248.8996124267578,858.3470735189808,368.87176513671875,257.51049041748047,859.57896532942,382.8697967529297,255.15950202941895,871.8192715340656,386.9694519042969,188.15415859222412,749.717412605484,349.1011047363281,231.2426233291626,847.3622648741118,362.7983093261719,234.6724033355713,787.833179092723,376.9108581542969,228.53805541992188,751.5317162134926,374.5127487182617,176.88355922698975,684.2807619782983,348.7457275390625,212.8132724761963,777.7176666084491,359.5566940307617,215.41977882385254,709.4189852377168,371.0789489746094,208.13019275665283,654.7148058299143
615,24.6,435.672607421875,177.88086891174316,632.6218701054429,445.38230895996094,215.27830123901367,564.7214165641825,430.1525115966797,258.0202388763428,645.8039396955469,410.71739196777344,291.4570426940918,845.6365607837258,404.2842102050781,320.0236415863037,1046.3186138987626,424.8412322998047,248.53288650512695,674.3826512719138,396.29886627197266,295.5171775817871,900.2561355676022,384.15863037109375,309.6639919281006,741.8348561508817,376.9676971435547,313.92826080322266,599.0602812302368,405.73036193847656,231.47488117218018,699.4604033832227,365.5318069458008,277.41007804870605,729.333741694012,374.6983337402344,279.1318416595459,559.8167843278271,386.8764114379883,270.97283363342285,407.82534378450225,389.1541290283203,216.91195964813232,721.0166154931115,354.6141815185547,257.4148750305176,668.6650762553908,366.781005859375,258.8324546813965,612.1529387684186,377.8874969482422,251.2324333190918,567.8845676962942,376.74938201904297,206.2093162536621,735.2731438509719,353.9581298828125,239.99510765075684,691.9272458368127,363.7651062011719,242.33153343200684,680.9704789331778,372.9593276977539,236.62628173828125,713.9515527117978
616,24.64,434.5066833496094,201.9715118408203,602.9710065990856,442.4537658691406,240.8756446838379,644.108082965835,428.0259323120117,283.0103874206543,627.0116943291082,412.2277069091797,316.9576835632324,638.6331771638943,412.0377731323242,342.9477596282959,604.9963460994809,428.01658630371094,277.2754955291748,722.936912254192,397.66258239746094,319.30091857910156,595.5701351951827,381.25926971435547,336.26383781433105,668.9348311817516,370.33199310302734,343.6813545227051,762.1020084254532,410.0614929199219,258.5522747039795,685.5399040420454,368.05519104003906,304.44560050964355,678.8257057333047,367.47291564941406,312.7407646179199,859.4207238778172,373.63414764404297,310.5962562561035,1044.441588458875,392.864990234375,241.51419639587402,622.0131348505299,357.9844665527344,283.6498832702637,661.2651125641482,365.62217712402344,290.01620292663574,780.1318152483668,375.2720642089844,286.9804000854492,896.0878920138695,378.06419372558594,226.94449424743652,519.4205523087537,353.8496780395508,263.4114074707031,585.4137741055058,360.7948303222656,269.4299125671387,681.5170075593128,369.2927932739258,266.5180206298828,752.8942192652307
617,24.68,430.7783508300781,218.5487937927246,424.78431312926784,438.40709686279297,256.85975074768066,412.20988033032853,423.6961364746094,297.52538681030273,378.675602656054,406.5569305419922,329.31427001953125,339.892385045105,403.6067581176758,352.8943061828613,325.9752699011123,423.27625274658203,293.82296562194824,430.32656836412747,389.7983932495117,335.45740127563477,449.21974305323215,373.5956573486328,346.9475841522217,328.7033144650056,363.6801528930664,348.29051971435547,202.31686463128628,405.7551956176758,274.4385051727295,411.48854400940866,365.65502166748047,319.6557140350342,384.95808738763947,369.2909240722656,319.9570083618164,186.04322145150232,377.74627685546875,311.64161682128906,106.07304488743318,388.7751007080078,257.1019649505615,402.88469570429857,354.3246841430664,298.14391136169434,373.72354220842203,363.1192398071289,298.0455780029297,210.26108669953888,372.70008087158203,290.9605407714844,118.47103593417808,374.0346908569336,242.35050201416016,398.1064310244391,349.84764099121094,277.7981185913086,373.3243876008151,357.8066635131836,280.26214599609375,280.92083175054785,366.6633605957031,274.40394401550293,207.8185865321835
618,24.72,426.88697814941406,223.21809768676758,151.9563674931546,434.9828338623047,259.1492557525635,102.97879109280359,421.5076446533203,293.03300857543945,124.9273755450603,400.51563262939453,315.1121520996094,385.8411540713053,381.2980270385742,328.76598358154297,821.5288468432508,420.35572052001953,297.3900604248047,115.25426732597468,383.71341705322266,342.1227550506592,225.62950307921378,370.42476654052734,349.7223472595215,105.33832048025013,368.8206100463867,344.3320941925049,162.1986289190665,402.7907943725586,280.05929946899414,158.86512216140602,362.83782958984375,324.1695213317871,133.02026987107803,363.2388687133789,325.0374126434326,197.54411173788148,370.7912826538086,317.2671604156494,223.6329094145906,385.74073791503906,263.50399017333984,177.1180476977906,351.75525665283203,304.2491340637207,165.59684075509688,358.9112091064453,305.2327537536621,208.21115731663465,368.60084533691406,298.5453128814697,215.54074430530562,372.06363677978516,248.83418083190918,169.41654506491327,347.3701477050781,283.6766052246094,159.48075526675842,354.7603225708008,287.2059631347656,189.56659382745795,364.0229797363281,281.8663215637207,197.8931052277633
619,24.76,424.5641326904297,219.69337463378906,105.53223330611637,432.8702926635742,256.95834159851074,76.08767618166794,420.677490234375,291.88456535339355,35.426668922910274,401.0997009277344,314.9538516998291,15.128507727470081,381.70421600341797,329.0555477142334,12.470887651386278,422.08251953125,294.10932540893555,92.68581697573939,383.79188537597656,337.6666831970215,111.41906715879553,372.86197662353516,344.3429660797119,147.64343633058235,371.7942810058594,340.83852767944336,114.69450171105599,404.5281219482422,277.5941276550293,75.39636586731714,363.4283447265625,323.8410472869873,16.893107411032837,364.6830368041992,324.7786045074463,36.67938049671355,372.5971984863281,316.46103858947754,49.441660019508035,387.04296112060547,262.7716827392578,37.350196243857404,352.66719818115234,304.7699546813965,26.25465990628342,359.8873519897461,305.6444263458252,26.485010521956532,368.7159729003906,299.2111587524414,16.89313987544361,372.18467712402344,249.48735237121582,16.607299311852454,347.49755859375,285.5300045013428,46.44433774387924,354.9585723876953,288.06901931762695,22.138328819519685,363.52996826171875,281.84597969055176,12.33577383822484
620,24.8,425.2103042602539,221.07358932495117,38.09962509123952,432.58331298828125,258.18366050720215,31.461919065236195,420.07755279541016,291.95302963256836,15.095783521289588,399.5412826538086,314.1257858276367,44.118877799046686,380.1381301879883,328.0422306060791,46.633118213938474,421.77547454833984,295.2571105957031,29.70361359007291,384.09000396728516,337.7409553527832,7.680781519697123,371.37916564941406,343.72281074523926,40.18178243813389,368.56143951416016,340.1393795013428,82.6894502241421,404.5822525024414,278.3147621154785,18.06661531812287,364.4732666015625,323.803653717041,26.139768599860965,363.5953140258789,325.026798248291,27.891990062912313,369.3413543701172,318.1183433532715,91.3344814033817,387.1983337402344,263.29848289489746,13.730874310115565,352.17403411865234,304.9306297302246,12.96695954766923,358.0790710449219,305.87937355041504,45.58700585390912,366.64783477783203,300.12096405029297,56.48529108304964,372.3270797729492,249.6558952331543,5.516181351912055,347.4105453491211,285.74180603027344,5.724464625524862,354.09412384033203,288.883695602417,29.69605129514053,362.6105499267578,283.7376880645752,52.58261741662318
621,24.84,426.4174270629883,212.26369857788086,222.30514000495526,435.48736572265625,249.16643142700195,236.83319890911486,423.64185333251953,282.716588973999,247.50766952524793,401.9462585449219,304.60461616516113,245.50532170719026,382.4620056152344,318.02510261535645,257.07884270185184,426.69647216796875,284.76542472839355,289.7107284761568,387.451171875,328.1150722503662,254.89590424971666,376.1907196044922,334.9360942840576,250.44639849655002,375.2931213378906,331.7273139953613,269.3491997538535,407.51564025878906,267.65241622924805,276.4624562290354,369.4813919067383,314.70462799072266,259.655526901202,365.1765823364258,320.8523654937744,111.59720620360763,368.86878967285156,316.59865379333496,39.78672636446903,389.13150787353516,252.93325424194336,263.5990412274909,357.244873046875,296.4818859100342,246.34158141590748,360.1150894165039,301.30127906799316,125.26052824862957,367.6354217529297,297.83918380737305,62.15831154380239,373.5727310180664,240.58691024780273,228.8533041177717,352.22755432128906,278.0669116973877,226.53308044702376,356.3494110107422,283.4993362426758,145.94015454941075,362.8157424926758,280.2572822570801,87.16123197110677
622,24.88,431.11141204833984,197.70259380340576,382.4748907575073,442.07592010498047,233.5934829711914,422.73349498840264,428.50345611572266,270.6140327453613,326.06273254638575,406.14654541015625,298.37390899658203,187.8565303144321,387.4197006225586,316.3362407684326,130.9365164011802,430.85784912109375,262.7789783477783,559.4198348477133,393.0045700073242,309.1966724395752,492.91612003022357,391.8397903442383,312.26866722106934,688.615306554334,397.1459197998047,304.0260887145996,882.0794616531671,412.01393127441406,246.3076114654541,545.341242059578,376.4699935913086,296.6239070892334,484.60874800137066,381.73160552978516,296.82291984558105,729.504562653717,390.263671875,286.1447238922119,930.4511106401308,393.4832000732422,233.6997413635254,492.9916598212267,363.49708557128906,279.6672821044922,448.4842963999599,372.5725555419922,278.1568908691406,657.1011943409443,381.94766998291016,268.3138847351074,820.2833865132023,377.53108978271484,224.41599369049072,416.2084411785284,357.0616149902344,263.1130886077881,392.89388480390477,364.8323440551758,263.69361877441406,538.6479587059569,372.75360107421875,255.38718223571777,669.5534464567188
623,24.92,436.63387298583984,169.40045356750488,720.8973213723006,443.4287643432617,197.2080945968628,910.2632430661812,422.376708984375,229.09785747528076,1049.1454378050755,393.21746826171875,244.66461181640625,1381.0887099265851,369.3155288696289,246.70706748962402,1798.6075875434046,422.7495574951172,221.80712699890137,1044.1614446669491,374.910888671875,262.80115127563477,1244.9713069842282,369.7602844238281,260.33291816711426,1410.8567015037404,374.90001678466797,251.42157554626465,1427.8732013549898,410.4681396484375,203.14714908599854,1079.7033691480206,366.1494827270508,245.75966835021973,1297.5177568627535,365.8049011230469,244.82614517211914,1359.5322011868611,372.4738311767578,236.21551036834717,1325.095467122207,396.1269760131836,187.3440456390381,1160.775623592331,356.4490509033203,228.2470464706421,1297.5253912066512,360.3028106689453,228.2819366455078,1284.0506459197609,369.75196838378906,221.62699699401855,1206.3375938257911,382.7534484863281,175.27281761169434,1235.4970623044776,356.3513946533203,208.49318504333496,1365.6130213014972,358.0284881591797,211.23597621917725,1322.4259708738125,364.6890640258789,207.1104383468628,1223.6422982008833
624,24.96,433.97247314453125,140.77473163604736,718.7293497957199,435.6890869140625,174.69354629516602,595.1929791764459,409.1464614868164,202.2367000579834,748.5658064941103,377.61119842529297,217.89228916168213,774.7229014847775,355.2398681640625,228.27195167541504,579.8586677919479,408.1007385253906,193.7432098388672,791.4272485409989,360.396728515625,225.00688076019287,1012.1350357152435,356.9993591308594,231.13205909729004,796.6850792300497,364.32315826416016,229.56374645233154,607.0598348095656,394.0617370605469,174.26952838897705,830.3188480175056,349.30965423583984,209.23672199249268,1005.4555666036439,352.9048156738281,214.28368091583252,828.8751140264177,363.56056213378906,211.8203830718994,649.3114626482402,380.8388137817383,158.4574556350708,817.0690708533664,341.29905700683594,192.96930313110352,959.8311994153815,348.33221435546875,197.55585193634033,824.3889622226097,359.36351776123047,195.0708246231079,712.894714057963,370.1939392089844,147.1512508392334,769.969070411948,343.0463409423828,178.4320592880249,821.8484257785532,348.1969451904297,183.6122703552246,733.0281213929266,356.0392379760742,181.35930061340332,679.1265462247628
625,25.0,424.30973052978516,133.01273345947266,309.856025570727,419.0406799316406,169.76318836212158,434.07796275574714,389.05601501464844,194.6124029159546,537.2126827203746,358.558349609375,208.61751079559326,529.759710707539,337.40734100341797,220.48948287963867,486.41921573137256,381.0383987426758,182.4137020111084,733.4541491013422,333.46458435058594,205.45709609985352,831.9910116672263,333.3486557006836,212.493896484375,752.8017992504703,342.7335739135742,211.92898750305176,696.9105374930974,370.44483184814453,161.30537509918213,673.529640370831,324.9431610107422,188.94295692443848,792.7652918448289,331.00406646728516,196.6625690460205,702.7385712946184,343.59130859375,194.67002391815186,658.0776483672421,362.2909927368164,144.23532485961914,584.3215453137168,323.5969543457031,173.87836933135986,650.8783449940357,331.8400573730469,180.52001953125,592.7746344876633,343.8182067871094,177.51368522644043,586.2539110083526,356.77051544189453,132.3290491104126,499.92872599547303,331.0558319091797,158.83169174194336,574.4272771731055,336.9738006591797,165.27402877807617,537.5000449483599,345.7676315307617,162.34070777893066,540.3776297477302
626,25.04,412.5343322753906,131.01317882537842,298.5990442720865,406.2104034423828,168.6874294281006,321.8824048419389,377.63526916503906,192.23567962646484,291.6357417183428,350.5061340332031,206.8218469619751,206.25012770982295,331.5398406982422,222.02882766723633,151.65162010002967,360.9832763671875,177.13093757629395,518.4806731990784,316.04862213134766,202.84186363220215,440.2805787803054,320.21854400634766,211.2964153289795,329.61511098482794,331.1268615722656,209.88543033599854,294.63101634597535,350.41736602783203,155.84369659423828,518.970928421785,309.708309173584,185.81002235412598,388.8412188172232,320.2785873413086,193.8650608062744,277.10778006175485,332.17655181884766,191.13258361816406,298.75800837190616,344.59171295166016,139.34042930603027,459.0918395279048,309.9929428100586,169.78729248046875,355.1461315974794,321.1090850830078,177.075777053833,281.75407332107653,332.91297912597656,173.95942211151123,286.7455063197182,341.83624267578125,128.27629566192627,386.86020857579376,318.34373474121094,153.43088150024414,345.2953135313328,325.82237243652344,161.00382328033447,298.52659680294585,335.8185577392578,158.57055187225342,265.98654203437064
627,25.08,407.0747756958008,132.0977783203125,139.15619396507745,400.0157165527344,170.8732795715332,164.2256194049946,372.62508392333984,195.21047115325928,145.66944768899853,348.0809020996094,212.35576629638672,151.05051541516175,336.89647674560547,231.08176231384277,262.9747795174937,352.9629898071289,184.2916488647461,268.7945110372682,309.0381622314453,210.27362823486328,255.41347986831292,307.280216217041,220.78011989593506,401.04627094080297,312.5704574584961,222.5786018371582,562.0591252213678,342.0045852661133,162.9527235031128,275.35561522312264,302.8120231628418,191.13282680511475,217.7886130595219,312.4330139160156,200.07409572601318,250.13138673280122,323.93383026123047,198.8163185119629,281.7159923959199,337.6789093017578,145.8017635345459,236.55825698267589,306.0637092590332,173.46045970916748,134.468941089778,316.314754486084,181.60208702087402,164.83531135336042,327.03914642333984,179.8388671875,207.77058414891945,336.6557312011719,133.83885383605957,190.0324850176553,315.2641296386719,157.18774795532227,121.4444655719125,321.90357208251953,164.82001304626465,136.7486301214096,330.90038299560547,162.83856868743896,162.79667215541903
628,25.12,412.0176696777344,134.04743671417236,132.83770353655143,403.85372161865234,172.95437335968018,109.14793356116479,377.65586853027344,200.740385055542,186.8969327062707,353.4868621826172,221.14073753356934,257.8760894998794,344.8273468017578,242.03596115112305,338.09500515225596,354.739990234375,189.98063564300537,149.00147038209403,315.7969284057617,211.92378044128418,173.93231891931302,302.8722953796387,221.9701623916626,114.14346030994069,294.97493743896484,228.83511543273926,466.86874971011366,342.8527069091797,168.29110622406006,135.13336097339638,306.74177169799805,194.05413150787354,122.41564625264235,312.3700141906738,203.91460418701172,96.02562875475769,321.22127532958984,205.32940864562988,176.3843412594323,338.0032730102539,150.57030200958252,119.48894039641786,308.68072509765625,175.96388339996338,90.53970839927794,315.73143005371094,186.21278285980225,116.18622850975436,324.9342346191406,187.15345859527588,190.28580669312595,336.829833984375,138.59044075012207,118.86938730443035,316.13962173461914,160.17618656158447,77.85102646025508,321.2229919433594,169.55686569213867,119.63737478977616,328.9295959472656,170.57557582855225,199.60160490891283
629,25.16,416.9927215576172,138.35223197937012,164.473408722342,410.35167694091797,177.53758907318115,198.79211762328887,383.1803512573242,206.46132946014404,198.82327938717015,357.5185012817383,227.52347946166992,188.7351125690036,347.4721908569336,248.27113151550293,169.32319235163828,361.70875549316406,194.35725688934326,205.72813183604964,321.4783477783203,216.90736770629883,188.93561753097975,308.2947540283203,227.0707654953003,186.1101989036012,300.7352066040039,232.7918243408203,174.70733784852132,349.6952819824219,172.34210014343262,198.79541205682537,312.3220634460449,198.81822109222412,183.4328991093163,319.1399383544922,208.27617645263672,201.33179364565243,329.9308776855469,208.4769630432129,231.52250415002374,343.71776580810547,154.51419353485107,173.58302822385622,315.6932258605957,180.47618865966797,208.47071992696021,324.1822814941406,189.60302352905273,227.63817488458042,334.2000198364258,188.77159595489502,235.15040958854308,340.9416961669922,142.0467710494995,134.28893696809115,321.6866683959961,164.9618911743164,183.1541278947476,328.46717834472656,172.67566680908203,197.17561497431743,336.89083099365234,171.77075386047363,201.2612015388889
630,25.2,416.06266021728516,139.7571086883545,42.121050736441326,408.90869140625,179.52391147613525,61.378355008801556,382.3121643066406,207.5004243850708,33.85139255209656,357.69542694091797,227.22179889678955,8.74334933330424,346.3005828857422,247.36141204833984,37.08313925403576,361.75689697265625,195.12571334838867,19.249073540957543,321.55384063720703,216.22309684753418,17.210566883048177,308.2290267944336,227.36728191375732,7.592844315907935,299.97350692749023,234.24848556518555,41.094770955152065,350.04859924316406,172.43062019348145,9.105935083745173,312.61558532714844,198.1838035583496,17.475709963653184,318.9370346069336,207.88899421691895,10.928175008571166,328.9636993408203,208.15918922424316,25.451106932344537,344.31385040283203,154.1892671585083,16.972293490303098,315.6051254272461,179.13069248199463,33.70943534911587,323.67809295654297,188.33508968353271,34.1125189452132,333.3129119873047,187.90380477905273,31.02440431380179,341.52164459228516,141.4912462234497,20.077163774383383,321.5983581542969,163.9724636077881,24.83401910931767,327.92903900146484,171.67589664459229,28.38501293123283,336.33121490478516,171.01062297821045,23.597790218169976
631,25.24,421.84478759765625,144.61724281311035,188.8350814094363,416.2425994873047,184.48001861572266,221.28771672930196,387.1372985839844,215.1293706893921,225.66947969959165,360.7853698730469,237.55680084228516,269.6757457313451,349.6953582763672,260.2543258666992,333.30890953479184,372.27176666259766,202.39151000976562,319.52531758153077,330.6702423095703,226.05106830596924,335.12852239820074,320.01575469970703,235.503830909729,358.0593388992941,318.1976127624512,238.30322742462158,466.74334825905663,359.96742248535156,179.78726863861084,308.7305974217081,320.2117156982422,206.97388172149658,290.43789216552625,327.17193603515625,214.60573196411133,265.6691639722026,338.79188537597656,212.742919921875,271.1132464603731,352.15084075927734,161.33344173431396,265.11512619120407,321.026611328125,189.5991039276123,294.7246040460568,330.3981018066406,197.16124534606934,277.3305143740025,341.24401092529297,194.89309787750244,264.28269473732524,347.5762176513672,148.3390188217163,228.51401008107368,326.2178421020508,173.2366132736206,258.8002378458393,333.5176467895508,179.12508487701416,232.81288400116966,341.81995391845703,176.39569759368896,192.23241885552693
632,25.28,426.9696807861328,154.03168201446533,267.9741075053974,422.7620315551758,195.6718397140503,323.8053562564222,394.90447998046875,227.31634140014648,361.2922656509187,367.22484588623047,249.69094276428223,343.42416512559,354.99847412109375,273.2585048675537,351.09801796369385,385.30540466308594,215.99892139434814,471.06087990104726,337.347412109375,244.49881553649902,490.47424398289195,345.21411895751953,243.83746147155762,663.5166537145311,358.29368591308594,236.65244579315186,1003.2510161021056,372.97122955322266,192.92229652404785,462.0795087222694,329.59606170654297,222.8018045425415,460.01976236928226,341.1672592163086,224.87101078033447,433.9102874728973,356.1365509033203,217.8724765777588,452.182052483668,363.39717864990234,173.80807399749756,419.89326474993067,328.76953125,203.32955360412598,394.0796693213213,339.7269058227539,205.94836235046387,320.39039625507155,352.63782501220703,199.3945598602295,306.2700599849526,355.92350006103516,160.07456302642822,360.0348259261697,332.39269256591797,186.67495250701904,369.72772042664764,341.2676239013672,188.7758445739746,309.4342700418724,351.2693405151367,182.39493370056152,279.823315816777
633,25.32,428.9147186279297,168.6158037185669,367.83129462267425,427.9566955566406,211.82194232940674,424.1243542396041,401.7852783203125,249.59921836853027,583.0265816097739,376.3966751098633,277.3861598968506,729.360808914042,369.5937728881836,303.153018951416,831.6792945641877,395.0175476074219,238.03314685821533,601.9929465760727,346.50726318359375,270.53452491760254,690.0004686045274,360.64109802246094,263.6239242553711,627.2438683266342,377.0033645629883,253.40380668640137,627.8237048320674,380.31505584716797,214.77420330047607,576.3232677940784,337.33142852783203,249.70230102539062,699.764518822081,352.2611999511719,246.33925437927246,604.1321276488286,367.87525177001953,235.69321632385254,533.4884389186954,368.47652435302734,194.8247480392456,540.5439046396582,336.5839385986328,227.83833503723145,643.1102790084401,349.1365432739258,225.59573650360107,544.6102896084619,361.2809753417969,216.02213859558105,468.4952122355444,358.58497619628906,179.563250541687,491.7395120169887,337.12467193603516,207.57235050201416,535.6613154086035,347.2345733642578,206.46225929260254,466.6461128976576,356.3968276977539,198.53825569152832,423.4515687418808
634,25.36,424.3244171142578,192.84805297851562,616.5796644507424,427.4856948852539,233.5876750946045,544.2707072533218,406.95892333984375,274.17646408081055,627.8970902892445,387.2953796386719,304.60058212280273,732.8909099836548,381.50516510009766,331.7013645172119,773.3406829181695,398.30371856689453,266.0034370422363,704.0667815241422,353.48316192626953,304.6539115905762,870.6304146306701,342.4378204345703,315.2819538116455,1369.2861581355817,338.9875793457031,317.0233154296875,1852.8089854366763,382.313232421875,243.4420394897461,718.4347314642297,337.88707733154297,281.27660751342773,789.4798824992184,348.18675994873047,283.88729095458984,944.2113481614122,361.6058349609375,276.57986640930176,1034.1130687502107,368.91613006591797,222.93830394744873,702.9248177198917,334.22508239746094,258.66122245788574,772.8254134683881,347.3675537109375,259.49761390686035,848.6999674279714,359.4797134399414,251.50651931762695,888.2517308124774,358.11466217041016,206.46962642669678,672.7621508324718,334.6515655517578,237.23884105682373,744.2348911073702,345.3031539916992,238.39625358581543,799.8087163158327,355.2045440673828,230.72633743286133,805.2538987960513
635,25.4,417.5392150878906,220.86351871490479,720.6356946150966,419.8391342163086,263.19165229797363,764.3891991001137,400.56190490722656,302.7362823486328,731.6868628032923,378.60939025878906,330.09756088256836,673.3973276339982,361.2451934814453,349.56501960754395,675.2669024055156,395.5412292480469,304.83118057250977,973.1472829463681,358.30509185791016,345.8360767364502,1036.5874704914238,339.481201171875,353.2379722595215,951.7749648288856,328.52054595947266,351.75527572631836,906.8723221722028,379.0650177001953,284.45408821105957,1028.511983157442,333.3524703979492,321.56307220458984,1013.52167507485,340.1724624633789,318.03239822387695,876.8257076718681,353.4759521484375,308.6429214477539,826.9425966110778,363.5672378540039,263.6787986755371,1027.2531816037588,326.93233489990234,297.7101230621338,993.1014564432701,336.84757232666016,294.26937103271484,908.2074040193664,348.55358123779297,285.6140327453613,895.3710254420739,350.64342498779297,244.94104385375977,979.7542242465223,326.8023681640625,275.38747787475586,973.6941224973739,334.7562026977539,273.65535736083984,920.0688087769562,343.88587951660156,265.6819438934326,918.560895585945
636,25.44,413.45386505126953,229.74958419799805,244.50491392242694,418.9541244506836,269.9703884124756,170.90660021504556,400.59459686279297,305.41969299316406,67.09024449921154,375.54351806640625,325.5296802520752,137.53432697526102,352.3027038574219,334.6240997314453,435.31540822414473,395.9470748901367,308.41235160827637,90.10236079252083,356.47350311279297,352.48437881469727,172.39967708580593,344.10675048828125,354.73777770996094,121.56562751163005,344.7515869140625,346.52915954589844,426.29140620063214,378.4720993041992,290.27944564819336,146.38634989019752,338.0104446411133,331.4900779724121,274.13747413975113,342.1428680419922,327.5074768066406,241.94474097117867,353.34259033203125,317.1583557128906,212.91196258362825,362.9631805419922,271.6230010986328,199.17837071221248,330.6410598754883,309.0772247314453,298.920601189722,339.9033737182617,304.9544906616211,277.8372990944427,350.52318572998047,294.70075607299805,232.44338381725146,351.119384765625,255.02254486083984,252.31825174998556,328.22532653808594,286.6841411590576,284.64826089963077,336.8479919433594,285.0581645965576,289.8270983523715,345.8826446533203,276.0852813720703,264.83072624985755
637,25.48,413.7290954589844,227.4898338317871,56.91124391827893,418.8243103027344,267.1453857421875,70.69959246763112,401.25797271728516,303.0343723297119,61.896194308571175,377.7532958984375,324.95349884033203,57.09150049577802,355.91739654541016,337.06480979919434,109.03860802316589,396.8706512451172,305.7286834716797,70.95362900718726,353.40728759765625,347.1807861328125,153.1538705856931,344.29508209228516,351.9624137878418,69.54366296286108,345.90648651123047,347.2202396392822,33.646923847230106,379.13692474365234,286.82496070861816,87.946926689822,337.30690002441406,327.26820945739746,107.00218685194723,342.23716735839844,326.8246364593506,17.233022459834693,353.0348205566406,318.25218200683594,28.40750556598261,363.10272216796875,268.95280838012695,66.84590965114234,329.90478515625,307.04418182373047,54.05647467463447,339.21329498291016,306.6730499267578,46.29831671327041,349.62940216064453,299.01391983032227,110.11990812947397,350.29518127441406,253.9497184753418,33.821848045541344,326.7365264892578,287.3808288574219,41.09363799941174,335.46619415283203,288.31578254699707,88.46411647149507,344.5376205444336,281.4405155181885,138.0389949734233
638,25.52,413.4812927246094,216.13537788391113,283.92899207748655,420.2339172363281,257.04174041748047,255.0375469351398,401.5513610839844,293.3166790008545,243.05302966564014,375.6235122680664,318.23266983032227,176.25535611362554,357.06897735595703,337.19249725341797,28.965954683752333,399.6781921386719,290.1848316192627,394.8841731119305,357.3152542114258,330.6581497192383,424.46268763395597,347.14588165283203,341.17578506469727,278.92474046033107,345.08182525634766,343.43456268310547,96.86142228021114,380.31261444091797,271.5519046783447,382.9560082177589,341.8248748779297,313.76715660095215,355.92355658337095,349.70420837402344,314.9436092376709,350.8164667701259,360.64857482910156,306.8240547180176,343.30320732085,363.1064224243164,255.61440467834473,333.4601053758294,332.0533752441406,296.9389057159424,258.27921492593845,343.5811996459961,295.82653999328613,292.32405913932627,353.9949417114258,286.52149200439453,330.83104501717423,348.6834716796875,243.55530738830566,262.96552728451087,328.76285552978516,277.78038024902344,245.299081305587,338.6658477783203,277.94651985168457,271.2924991677569,347.5373840332031,270.09243965148926,293.446552698396
639,25.56,416.57569885253906,197.38569259643555,475.0829188572949,425.8109664916992,236.96020603179932,521.0395268596051,404.29187774658203,272.4850273132324,525.2785829992874,375.4848861694336,295.7284355163574,562.6165319586329,356.23146057128906,312.85531997680664,608.789594275912,402.2027587890625,263.3089542388916,674.8547166506503,356.5003967285156,302.85987854003906,695.2552918127235,364.40807342529297,299.6173095703125,1125.025041445355,376.6854476928711,289.0249729156494,1573.0528459362838,383.52333068847656,244.4026279449463,683.4617426971437,343.7481689453125,288.2101535797119,640.731741593797,356.0679244995117,286.935510635376,718.0487754331501,368.4716796875,275.67895889282227,802.8145659125212,366.929931640625,229.80717658996582,652.2232383992509,335.9619903564453,271.9182014465332,633.1039183229359,349.6856689453125,270.38990020751953,653.9720889577115,360.9557342529297,260.0911617279053,683.2893747025126,353.602294921875,219.96887683868408,602.3467274751345,334.31671142578125,254.85666275024414,589.6726524507743,345.2065658569336,255.2585220336914,590.2998379918681,354.0495300292969,246.7708396911621,605.3434305127809
640,25.6,419.962158203125,174.69346046447754,573.5882157871612,431.10145568847656,211.50687217712402,649.933400558654,410.953369140625,245.09828567504883,704.6315904204514,381.3264846801758,266.737117767334,739.3497049711772,358.7013244628906,279.6672248840332,831.9968011995334,405.6834411621094,231.58756256103516,797.7945536610675,361.1898422241211,273.9375686645508,732.5003871970058,364.5768356323242,274.48988914489746,628.1996786045058,374.54586029052734,266.0112190246582,577.8249639853,387.93262481689453,213.8226842880249,772.4048601492078,347.02388763427734,260.53393363952637,696.7350119964717,355.8735656738281,262.4975109100342,610.9693148641585,368.59596252441406,252.9309368133545,568.7090395973063,371.77833557128906,200.0099229812622,754.7281560669209,337.97847747802734,243.91141891479492,701.9820546547053,349.9768829345703,244.37347412109375,650.4513970591862,362.01847076416016,235.36545753479004,618.7133103959269,359.38350677490234,191.05751037597656,737.0929051137961,337.59422302246094,226.99832439422607,701.2618529411629,346.92230224609375,229.0369176864624,656.9419142415234,356.37508392333984,221.24347686767578,640.8268358320416
641,25.64,423.1159973144531,167.68946170806885,192.03303706640799,432.0419692993164,207.30255603790283,107.70573351350308,414.03820037841797,241.15954399108887,125.07465225473106,386.24046325683594,263.3412837982178,149.32948845941007,365.8171081542969,278.75779151916504,179.34158502007173,406.61075592041016,227.65130996704102,101.10018899799358,369.9928283691406,262.60894775390625,358.6696049347665,362.9172134399414,275.81565856933594,53.10373332112267,362.8520202636719,281.53181076049805,485.8206088698708,388.59466552734375,210.67275524139404,80.46874743145976,352.70313262939453,252.03357696533203,255.57519356233965,354.0628433227539,264.9440002441406,76.09215422177384,361.2786865234375,267.82304763793945,414.817349027096,372.3805236816406,197.80633449554443,57.109722982588174,339.83150482177734,239.36668395996094,122.6996489053021,348.2066345214844,247.07819938659668,80.81351297077106,359.15252685546875,244.36903953552246,236.21775352902432,359.5328140258789,190.02217769622803,26.151080438356907,339.04449462890625,224.5913600921631,70.25295760618835,346.9270324707031,231.59852027893066,64.04017399631351,356.3589859008789,228.7826442718506,188.47961477056845
642,25.68,425.54847717285156,149.02381896972656,470.5868524359665,432.081298828125,185.2865982055664,550.3998240410397,409.93988037109375,214.9692678451538,662.7248634816191,378.7037658691406,229.65228080749512,863.0435714748899,356.35009765625,236.12468719482422,1091.7892058738541,409.6183395385742,205.4177713394165,560.9009488795236,372.0378875732422,237.40264892578125,632.2280876793084,358.0714797973633,247.65483856201172,714.3672541223656,350.3816604614258,252.60555267333984,787.495349399903,391.83467864990234,185.68915843963623,629.8203087920966,354.3198776245117,221.991605758667,752.1360824184876,348.2524871826172,236.30355834960938,730.596994924889,349.79251861572266,242.69883155822754,690.6329917294502,374.9513244628906,170.49415111541748,685.8226709792402,340.7437515258789,206.11789226531982,831.5325997829174,344.49302673339844,216.65459632873535,766.2353203430888,354.1176986694336,218.6892557144165,654.2174676481959,360.5142593383789,161.1760139465332,721.5713746641925,339.54822540283203,191.17810249328613,835.4263612302659,344.6230697631836,200.0271463394165,791.3832417775989,352.7227783203125,201.67027473449707,683.8779987591827
643,25.72,425.2638244628906,132.18006134033203,421.1540678919315,428.78063201904297,167.9536485671997,441.11049108381854,406.5740966796875,195.71494102478027,488.6573449022663,378.4773254394531,211.72734260559082,448.15921055628013,358.39759826660156,221.93249702453613,358.4781379134331,396.0597610473633,185.06279468536377,611.4328076786932,357.059326171875,210.10704517364502,778.3826524628489,347.093505859375,223.34684371948242,666.7995037151258,346.5074157714844,230.28273582458496,566.4130140523532,380.5103302001953,166.23222827911377,562.8126903563424,342.2940444946289,196.64271354675293,701.4213243653135,338.1838607788086,212.04580307006836,656.6086776295925,343.6259078979492,218.59396934509277,622.0286719973057,367.56065368652344,150.958571434021,522.1714804621413,337.13096618652344,182.50222206115723,597.2604630205501,338.6371612548828,194.81494903564453,565.2772297671074,346.1402130126953,197.818021774292,558.596837837267,357.72132873535156,140.13416290283203,530.6599409571508,339.32918548583984,167.620210647583,588.9727533485111,342.6331329345703,177.16113567352295,573.8108858514653,348.78040313720703,179.06325817108154,573.7048021320012
644,25.76,418.06957244873047,123.40059757232666,283.7651384694816,416.50508880615234,161.8590259552002,342.6308016238478,391.7831802368164,188.61539840698242,410.1636217733132,362.344970703125,202.64801502227783,462.7952157163013,341.1386489868164,214.01890754699707,474.66845578072537,374.52537536621094,171.651349067688,634.2301633774672,333.6328887939453,193.0184841156006,724.9210677965972,326.60972595214844,206.90752029418945,656.6185127078569,328.2496643066406,214.22475814819336,607.8672427057445,362.61817932128906,151.63201332092285,577.3297042737622,327.9000473022461,179.76343631744385,554.5815736651126,323.4766387939453,196.05900764465332,543.0699808070993,326.6892623901367,204.23073291778564,555.1759415514306,354.4770812988281,136.9456958770752,479.2836763067048,327.15126037597656,167.45299816131592,451.4377504516942,326.4488220214844,182.70634174346924,429.51570389256455,331.37447357177734,190.19811630249023,415.3989201931943,349.195556640625,127.41179466247559,382.87354591174136,332.899169921875,153.90981674194336,378.5828849147757,333.3795928955078,167.2289514541626,339.3710051531395,337.2759246826172,174.32656288146973,311.0358769285634
645,25.8,407.9244613647461,123.90536785125732,253.9415187854213,406.0771942138672,160.71322917938232,262.2663673148978,380.00377655029297,185.9697389602661,301.821413585585,352.2079849243164,200.12908458709717,261.1315415851835,331.9477081298828,212.34346389770508,233.56009031082888,356.31153106689453,170.11356353759766,456.9661560883748,313.36313247680664,192.67082691192627,506.818438081781,316.5597152709961,206.58485412597656,251.37972788615207,327.75569915771484,211.08080863952637,79.56294709772529,345.9821319580078,148.6821985244751,422.3886533800055,312.87410736083984,178.15332412719727,377.79899780499045,320.9565734863281,191.81530952453613,123.38887431952146,332.3099899291992,193.546142578125,301.8205683791542,341.8036651611328,132.6071834564209,334.8863301772778,316.45700454711914,163.06686401367188,288.9693760744597,325.15602111816406,173.1350040435791,241.45631015382995,336.1735153198242,173.17917823791504,442.0655031676183,340.43994903564453,121.87352657318115,259.0041963478691,324.41417694091797,146.8553066253662,275.86366523132784,330.78102111816406,156.68981552124023,271.36916909284156,339.02618408203125,157.6662540435791,418.799846689273
646,25.84,404.5532989501953,120.35031795501709,122.48243698087278,399.99603271484375,158.52365970611572,161.58345300390826,375.55946350097656,184.9903678894043,113.77358594695077,348.4870910644531,200.82866191864014,94.65219080658225,330.0351333618164,215.2230405807495,86.42158337539823,348.01769256591797,172.6460838317871,216.79687515154967,310.9500312805176,194.97704029083252,83.44787869000135,302.54722595214844,208.5843801498413,353.86081411952426,300.5881690979004,219.58577156066895,711.6921226208581,336.71817779541016,152.18014240264893,247.55865226947256,306.73723220825195,181.60191535949707,175.98653735077602,303.79533767700195,197.8923511505127,455.1362772752456,307.0938491821289,208.07490348815918,727.55525896534,332.5276184082031,136.1019515991211,247.81349808597187,312.3541069030762,165.04945278167725,113.92000290915331,314.60079193115234,177.0406150817871,281.365710388762,321.4354705810547,182.77064323425293,439.60647423146196,331.2548065185547,125.95756530761719,251.30436656028462,319.28112030029297,149.22863960266113,141.37932110323806,322.40142822265625,161.51816368103027,241.77794958209185,328.16810607910156,167.26245403289795,362.27140391623914
647,25.88,409.4451141357422,116.56837463378906,154.58199906224587,405.37567138671875,155.30455112457275,156.7306054582524,380.51307678222656,186.6526222229004,130.62679187623354,354.50374603271484,207.76508331298828,229.55674511855327,340.12149810791016,228.52137565612793,417.2682512247688,354.00279998779297,172.39824771881104,149.75591305161856,317.93771743774414,199.49606895446777,208.04052774437477,305.7567596435547,215.0540256500244,180.55023437798297,298.408145904541,228.71984481811523,234.76556843474228,339.276123046875,152.16466426849365,63.949802003839665,316.7222023010254,186.39381408691406,276.8821061925551,322.95162200927734,197.17117309570312,479.24636618713566,331.46305084228516,200.39746284484863,638.7493074286455,332.83355712890625,137.08489894866943,25.73645265971948,322.26490020751953,169.43414211273193,270.9350988397223,330.16407012939453,175.7102108001709,390.5009633698291,339.26910400390625,175.02593994140625,486.0677101462296,329.7570037841797,128.60827445983887,76.11534027699756,322.98641204833984,154.24118041992188,155.83395085564885,331.1088562011719,161.94547176361084,217.94766315344404,339.10778045654297,162.46772289276123,298.6071020072245
648,25.92,415.2791213989258,118.87897968292236,156.87283153871647,411.91429138183594,159.93324279785156,200.27845934914416,385.3741455078125,191.35336875915527,169.0543683866635,356.5570068359375,211.36792659759521,103.67123413551076,340.9560012817383,232.43947505950928,100.1495708986891,361.68540954589844,171.93589210510254,192.41274375645781,324.1603469848633,200.44994831085205,157.382901523673,313.29151153564453,216.96857929229736,194.3547042852515,308.35453033447266,230.72619438171387,253.66809244480643,346.4175796508789,151.07518672943115,180.60205517759323,323.4185791015625,187.9945993423462,172.12636290088693,331.0004425048828,200.04658699035645,213.67544962519096,340.40069580078125,202.95958042144775,232.44077724289363,338.55186462402344,137.18763828277588,142.98075915023944,326.8588638305664,172.5071668624878,138.17557418573034,334.4473648071289,181.4415979385376,178.87742281053605,343.05347442626953,181.49203777313232,187.30303098039863,334.30591583251953,130.2995252609253,121.32840273331217,326.66542053222656,158.8921594619751,148.2538141881364,334.56592559814453,168.16662311553955,177.9291519100533,342.28118896484375,169.20620441436768,186.20830871900444
649,25.96,416.96739196777344,129.43488121032715,267.25142021360693,415.2302932739258,171.20747566223145,293.7943532777294,389.9920654296875,201.4427375793457,277.39924701894114,360.1547622680664,221.15544319152832,260.6953744626199,341.86832427978516,242.1467399597168,243.75105781253308,373.36124420166016,179.4144630432129,346.63934624570095,328.87962341308594,211.34106159210205,296.74054166792547,318.2253074645996,227.45604515075684,289.75127523546684,316.01293563842773,238.2424020767212,268.2635713180866,356.6983413696289,159.44353580474854,331.4016895740733,323.6643981933594,199.36471939086914,284.3194252769622,331.86309814453125,210.0791072845459,251.73850297225653,343.63521575927734,210.39692401885986,202.75631794699467,346.06353759765625,145.8383560180664,286.4220533130215,325.48656463623047,185.29207706451416,321.45872008767793,335.92052459716797,192.03432083129883,267.3667636059779,346.9450378417969,189.2534637451172,217.05989803460938,339.33868408203125,138.07518482208252,231.5567396237759,329.0157699584961,169.7583246231079,277.9362423904334,337.76248931884766,176.1609935760498,215.24401658407712,345.2196502685547,174.09459114074707,142.5896201079536
650,26.0,414.87125396728516,142.993483543396,342.99188378097136,416.2049102783203,185.2691888809204,352.3862023316064,390.2825927734375,218.0486011505127,415.2101208136049,359.48001861572266,240.5133819580078,484.24236718503613,343.26839447021484,264.0410900115967,548.4767319200871,377.0730972290039,194.38040256500244,385.4844344024018,330.57830810546875,231.97391510009766,517.566525655484,323.0165100097656,249.71271514892578,569.1633010592165,323.95153045654297,258.02576065063477,532.9180073837847,359.9610137939453,173.8516616821289,369.32296388698927,322.1781539916992,218.09208869934082,469.6563125326697,327.7574920654297,232.11602210998535,560.402542988313,337.3910140991211,234.36504364013672,619.2035269968463,348.32202911376953,159.21531200408936,339.15679944933925,319.2011260986328,202.36463069915771,454.82058634263865,328.58158111572266,212.60516166687012,546.0194502638252,340.0503921508789,211.64528846740723,585.7313556556096,340.3423309326172,150.67583084106445,316.0138318732824,325.6534957885742,185.24245262145996,396.1242761614353,332.95814514160156,194.2416286468506,467.70121841894803,340.6300735473633,192.83719539642334,482.408947862571
651,26.04,415.0012969970703,142.78088092803955,6.230522733492335,417.29331970214844,186.436128616333,39.89347863343938,391.8728256225586,218.02764415740967,39.759273367854945,361.4970016479492,240.27379989624023,50.779056439458024,345.6591796875,264.2042827606201,59.908710909407084,375.7529067993164,197.03131198883057,74.03640803676943,332.52330780029297,230.87931632995605,55.796338816168145,323.44261169433594,247.98442840576172,44.500967069479934,322.2433853149414,257.5005912780762,44.67635486649096,359.4166946411133,176.02307796478271,55.96501146203908,322.18772888183594,217.20269680023193,22.236085940448838,327.2618865966797,231.1074686050415,28.093648670444928,336.4812469482422,233.72859477996826,27.757244779832373,348.95790100097656,160.77208042144775,42.04061252396904,320.0985336303711,201.55194282531738,30.267576074775484,329.7231674194336,212.0348596572876,31.9028179687377,341.0913848876953,210.82730770111084,33.097945670155795,342.7955627441406,151.7188596725464,66.64390193583513,325.6539535522461,185.073823928833,4.2157328488543016,333.13514709472656,193.95019054412842,8.52444496464292,342.1131134033203,192.22017288208008,40.15691096781733
652,26.08,408.3716583251953,159.96671676635742,460.5058783427956,412.3491668701172,203.88314723968506,453.35079275743794,386.9982147216797,237.96205043792725,513.0438487544864,358.1779479980469,260.7382392883301,518.2961247946539,339.5688247680664,283.6806106567383,510.159148796836,369.02156829833984,219.33866500854492,582.5208777164604,322.11334228515625,254.91110801696777,654.7396399114791,315.99477767944336,271.9266700744629,626.8478521718217,318.5241889953613,279.1026306152344,547.9966496177852,352.2191619873047,197.03598976135254,555.2853649662172,313.88994216918945,240.5112075805664,618.5365485995658,321.3071823120117,253.5384750366211,580.1985396458095,331.8490982055664,253.59183311462402,509.9050396358197,341.4543914794922,180.23398876190186,521.4574116066692,311.44216537475586,222.72405624389648,571.8342734055473,322.12013244628906,232.6689863204956,549.7575169769001,333.74378204345703,230.4795742034912,524.5229059805445,334.78416442871094,169.30535316467285,483.13252343241453,317.19268798828125,203.99884700775146,518.2600176802746,325.14949798583984,213.18151473999023,520.5852607982453,334.3978500366211,211.3060712814331,514.6581429259362
653,26.12,399.83036041259766,181.2544870376587,573.4342448983598,400.75164794921875,225.59975624084473,615.4843375494245,373.974609375,262.6229667663574,697.2154842585871,348.41114044189453,288.4999179840088,735.7399905201802,334.5478820800781,313.30644607543945,751.2073572473315,359.5999526977539,244.51818466186523,672.1119003266626,312.952938079834,279.83433723449707,663.8337328702835,302.8080749511719,296.63904190063477,700.2635441919242,300.5155563354492,304.9306297302246,787.1611924201061,343.0484390258789,221.2192440032959,646.5929676802543,300.64353942871094,262.5706386566162,643.2756431742289,307.21839904785156,275.1716423034668,645.4105959870641,318.12719345092773,275.2724075317383,641.4524422898613,332.2235107421875,202.47705459594727,602.060595415871,298.99608612060547,243.3336639404297,601.9036562262235,310.1802444458008,252.99070358276367,589.2437515322966,322.2446060180664,250.89397430419922,585.7574053814352,325.8124542236328,189.01690006256104,541.4313582484095,307.6271057128906,221.9556999206543,508.64337384046286,315.89073181152344,230.18657684326172,484.05635532367614,325.03772735595703,227.8553867340088,475.32340210767427
654,26.16,393.47240447998047,197.05708980560303,425.8417090617006,394.1495895385742,242.41865158081055,451.706774159331,368.62537384033203,282.01412200927734,502.88618397976944,345.54359436035156,310.3157901763916,550.0881179662003,336.40552520751953,336.066198348999,570.885913264819,353.76766204833984,266.90314292907715,578.3067799857948,309.44257736206055,299.71435546875,504.6891105937866,298.71959686279297,316.04930877685547,495.90454807683574,294.6061897277832,324.3632125854492,507.7806429262588,336.83826446533203,242.65070915222168,557.8272394422869,296.00406646728516,284.42811012268066,558.6108709611854,304.93764877319336,295.41930198669434,509.39274169295896,316.06067657470703,292.76939392089844,440.46497072849104,325.4779052734375,222.52927780151367,528.9109380521248,293.93272399902344,264.17667388916016,536.2303024920525,305.87406158447266,273.25361251831055,517.885538370607,317.55382537841797,269.58157539367676,481.6831540862356,318.50419998168945,207.23756790161133,490.79229094768596,300.1072120666504,240.37874221801758,497.46688830840844,309.94043350219727,247.81843185424805,465.2206204442238,320.13671875,244.1854190826416,426.24071973992807
655,26.2,387.8945541381836,213.07761669158936,424.09439997193897,389.5744323730469,257.9343795776367,404.4053337624051,367.57652282714844,297.4585819244385,387.00083213644,346.95201873779297,328.0139923095703,443.85387373958923,340.39432525634766,353.86608123779297,456.0334120738241,350.6021499633789,284.2287254333496,440.3097459973389,306.99779510498047,322.2352981567383,566.3312965041897,295.6184387207031,333.61693382263184,445.98110355935995,291.22005462646484,334.71691131591797,272.3336514343326,333.36681365966797,260.77932357788086,461.4499103981681,292.77137756347656,301.49977684020996,434.37604824564505,304.5639991760254,308.0709743499756,316.429719299245,319.05778884887695,301.78765296936035,237.58114172996926,321.85943603515625,240.73968887329102,464.16079583985396,291.8511962890625,279.9300956726074,397.2586181369496,305.73400497436523,283.57970237731934,258.1759908840757,318.60363006591797,276.21405601501465,167.87623617251418,314.1824531555176,224.8194980621338,452.632414188804,296.29486083984375,255.18576622009277,382.24826820615306,307.0855712890625,258.6909484863281,281.0269739843075,317.58249282836914,252.9602336883545,228.475164710745
656,26.24,386.0563659667969,222.97584056854248,251.68652585074827,388.3946228027344,266.8007469177246,223.61297540557965,366.77661895751953,304.84774589538574,185.80835286356285,344.40113067626953,333.4039878845215,149.07859127071202,336.43199920654297,357.4371528625488,133.35240032076962,348.6701202392578,295.66274642944336,289.9025428851049,307.7543640136719,334.319372177124,302.69336943902505,297.2284507751465,345.7188606262207,305.2138299361568,291.2118911743164,347.5390434265137,320.5533677325825,331.1513900756836,272.69113540649414,302.9019671205164,289.5965003967285,313.8310146331787,318.33479872875085,301.85218811035156,319.93712425231934,304.3018985736078,314.8252487182617,313.4446907043457,310.0412520054195,319.35760498046875,252.69965171813965,305.4708147642326,287.6632881164551,291.3398838043213,303.8521845330294,302.08080291748047,295.4385566711426,310.21999293904014,314.1411018371582,287.7377128601074,308.9385307750671,312.464599609375,236.50726318359375,295.333364967043,292.73292541503906,268.0063247680664,332.65419869259347,303.7198257446289,271.6797924041748,335.44588739472687,314.0742492675781,264.6719455718994,305.64682245710384
657,26.28,385.6662368774414,228.7860631942749,145.58263904681056,387.11753845214844,274.4944667816162,194.97478968855134,364.13219451904297,309.09759521484375,125.13542626118557,335.7762145996094,331.4846706390381,220.89725555425196,314.5898628234863,343.74561309814453,644.4654678958324,350.8970260620117,303.81351470947266,211.2376225636472,310.46356201171875,343.0469226837158,228.4593667888941,300.0970458984375,351.298770904541,156.8523124938585,296.9282341003418,349.420223236084,150.44810966711978,332.4598693847656,281.84314727783203,231.12691237094919,292.41493225097656,320.7214164733887,186.11353328783096,302.25887298583984,324.3581771850586,110.99296605538038,314.6399116516113,316.6728687286377,80.8373489823714,319.2353820800781,261.8090057373047,227.75434831724147,289.5304489135742,298.81367683410645,192.5874341928293,302.7366828918457,301.1748790740967,144.34241678082378,315.2071189880371,292.0401191711426,110.81260259781804,310.82502365112305,245.57109832763672,230.27336586281834,294.21993255615234,275.12171745300293,181.7278241260988,304.3902015686035,277.8743362426758,155.76781020255768,313.44749450683594,270.3263854980469,142.22673889015098
658,26.32,384.5465087890625,230.0929355621338,43.02402219819886,386.7692184448242,274.62106704711914,9.265340479704324,362.5823211669922,308.76256942749023,39.64175265415374,334.5528793334961,328.38337898254395,83.34626233354973,312.9964828491211,339.25649642944336,119.08775180491607,350.7682418823242,306.2816047668457,61.786193321412185,303.7042236328125,345.4291248321533,179.17090723066485,303.3995056152344,349.2930793762207,96.59528549521053,311.7572212219238,342.47995376586914,409.3181826000724,333.4962844848633,284.00158882141113,59.85934637108984,291.40771865844727,324.3123149871826,93.23703447847097,304.2994499206543,324.9597930908203,53.185382889487606,318.79804611206055,315.4818534851074,108.13359648340332,320.9857177734375,263.7348175048828,65.05971297388186,290.0901412963867,301.97731018066406,80.3190182756771,304.345645904541,301.5963935852051,41.5815197781458,316.597843170166,291.44628524780273,37.80503008254413,312.6629829406738,247.13547706604004,60.33953506623154,293.8967514038086,278.9134883880615,95.13796850228013,304.3642044067383,280.5235004425049,66.23229390788724,313.1495666503906,271.8985176086426,40.002815376016024
659,26.36,391.52427673339844,212.83990859985352,465.26617707378824,396.13040924072266,256.9045829772949,500.9401791341638,373.4279251098633,292.1692657470703,495.583527215808,345.47889709472656,313.74363899230957,456.68633320666004,322.7208709716797,324.70367431640625,437.5702485114966,362.41832733154297,286.05454444885254,583.5550852757134,315.12537002563477,327.3003101348877,535.6634363420696,307.4637985229492,338.2376003265381,294.47208468893155,308.61976623535156,338.4880542755127,126.93227853336604,342.3747253417969,265.7786178588867,506.76879759849294,301.9011688232422,312.92919158935547,387.04650451463397,306.98883056640625,322.1096420288086,97.96724367751614,316.5961265563965,317.3858070373535,72.77314433706958,326.3077163696289,249.63332176208496,376.8088467993496,293.7874412536621,295.2417755126953,192.08958560636086,303.2504463195801,303.2146739959717,48.851136237870215,313.7160110473633,297.97313690185547,178.36891001872465,314.3574333190918,238.61034393310547,217.2974013581093,292.66368865966797,275.0555419921875,101.2552286440834,299.7271919250488,283.3882141113281,136.26369004545583,308.2075881958008,279.7986888885498,232.96439816190423
660,26.4,398.1573486328125,196.8489933013916,432.8012064630393,406.28414154052734,240.68063735961914,478.48373210421045,383.5976028442383,276.7478656768799,461.8183661800329,352.30743408203125,298.51415634155273,417.25745888831307,327.41405487060547,310.6717872619629,369.8984906513131,374.63008880615234,265.5136013031006,597.4202162369508,324.23648834228516,310.58950424194336,475.8305308692275,332.1493148803711,312.95299530029297,883.4187742676752,343.66641998291016,302.9620170593262,1247.589490574507,353.4187316894531,244.47229385375977,599.9632899282884,310.2328300476074,292.25955963134766,557.1412882054072,324.26448822021484,294.83399391174316,807.1591105451151,337.03651428222656,284.2566776275635,973.1869893014139,336.55017852783203,228.1285572052002,595.4845347011909,301.7430877685547,274.0240287780762,566.5052338484855,317.3800468444824,275.3361225128174,781.3686885012274,330.06900787353516,264.9081802368164,922.1957033548039,324.6799850463867,217.22655773162842,593.6230845795375,302.320556640625,254.03712272644043,578.2673730811946,313.4202194213867,256.50309562683105,754.2830196372379,323.3331298828125,247.8346824645996,884.0530661376679
661,26.44,407.3985290527344,177.55711555480957,534.7756320076056,416.34254455566406,220.48089981079102,564.1369892679261,394.28226470947266,257.3876094818115,552.8231629062524,363.7845993041992,280.8259105682373,527.1381223610617,341.11671447753906,295.54418563842773,510.2739528820971,389.1305923461914,235.27639389038086,838.3590053769173,338.50894927978516,281.04772567749023,820.2209389714935,350.0398254394531,280.80519676208496,919.7660432542868,364.61971282958984,267.3083782196045,1033.870894875186,368.6274719238281,214.90621089935303,831.2111046477444,323.7425994873047,267.15803146362305,712.6537494941224,339.14573669433594,267.8786373138428,769.7575939331905,353.3971405029297,252.9576301574707,882.9285301160704,350.2177429199219,200.17355918884277,777.9316448548313,313.40030670166016,249.12826538085938,687.2453111810551,329.98294830322266,248.42645645141602,742.8674396867743,343.5694885253906,234.65210437774658,828.2862972053019,336.4457702636719,191.4860486984253,707.551900511412,313.0017852783203,229.76446151733398,662.9718731697744,325.11390686035156,229.8262596130371,728.180912285478,335.25718688964844,217.84471035003662,806.8385692529125
662,26.48,408.7303161621094,174.58620071411133,81.39407186405869,418.50425720214844,215.9497833251953,125.50900906908944,398.5049819946289,253.46755027770996,144.04470971285866,369.17198181152344,277.12334632873535,163.42596226552726,346.79298400878906,292.7797508239746,157.84116944486786,388.6269760131836,233.40099334716797,48.54609026710751,342.24864959716797,275.95836639404297,157.89026327611998,342.30579376220703,287.7004909515381,259.03707256847434,349.7690963745117,284.6308422088623,570.4212082723229,369.25533294677734,213.8126564025879,31.524503381636432,326.4072799682617,263.0137252807617,123.17618429229742,336.35242462158203,269.3302631378174,78.69962622458368,348.55159759521484,259.6435546875,206.42927495233246,352.0545196533203,199.58619117736816,48.21015161027727,315.3147506713867,247.0070743560791,71.43417895530992,328.12747955322266,249.830961227417,58.17751900453105,340.7712936401367,238.93145084381104,127.8248332496454,338.84952545166016,191.74734592437744,60.44788687410249,314.07833099365234,228.85748863220215,35.19188908296308,323.91368865966797,230.76401710510254,38.0781502568813,334.0693664550781,220.37263870239258,69.82719357200634
663,26.52,415.9288787841797,150.76217651367188,622.1954239460223,427.9181671142578,187.63485431671143,745.9712228819526,409.8487854003906,224.5843505859375,775.7742504038207,382.6478958129883,246.42422676086426,838.166227702373,362.05394744873047,260.0453567504883,902.9249555173194,399.6651077270508,197.98258781433105,927.4642183870131,354.83814239501953,234.4126796722412,1085.282052651882,349.46014404296875,253.62276077270508,870.5158033032704,352.38685607910156,262.28991508483887,562.3442510108357,379.9752426147461,178.35275173187256,926.1213819424632,338.8030242919922,227.25338459014893,946.1951581359924,348.8095474243164,243.23278427124023,722.9532798329042,361.385498046875,241.69672966003418,551.5872150947641,362.3609161376953,166.2931251525879,871.2957498115651,326.9334411621094,212.72263526916504,904.9919655111344,340.92288970947266,224.5247983932495,708.9271817577886,353.60240936279297,220.53428649902344,560.7434722186478,349.21852111816406,161.12503051757812,808.2551701062123,323.61595153808594,200.4673147201538,748.7356761592972,333.8434600830078,210.21815299987793,570.4893142897888,344.0569305419922,205.33421516418457,451.32140633418345
664,26.56,423.4306335449219,131.99646949768066,505.2400941015196,434.7620391845703,169.84166622161865,476.6000206555249,413.6786651611328,205.26771068572998,492.3163083933132,385.3647232055664,225.1153564453125,537.0341616264193,362.8072738647461,232.56544589996338,687.2558662180808,402.2058868408203,166.29950523376465,794.619909261638,357.63004302978516,203.55824947357178,774.5121739032613,351.7719268798828,227.71704196929932,650.2166017019738,354.88983154296875,239.13856029510498,582.1566127194938,383.03295135498047,148.1605625152588,758.6657170783101,340.14278411865234,196.93305015563965,758.7479969551903,346.6139221191406,218.4669542312622,621.5741649482618,358.6940002441406,222.69995212554932,479.66245756575574,366.3669967651367,139.18378829956055,685.09343642148,330.0813674926758,186.3058376312256,665.0923984805216,340.11016845703125,203.98069381713867,514.0043462050858,352.21065521240234,205.9652280807495,365.8845811951905,355.306396484375,137.33508110046387,613.9136338603405,330.1067352294922,175.42814254760742,646.6695524063308,337.5648498535156,190.59402465820312,499.34654486799326,347.18570709228516,192.50192642211914,330.20531213682267
665,26.6,428.8039779663086,119.31921243667603,344.22528675058845,433.97708892822266,159.18889045715332,267.04140408478816,409.18922424316406,192.42802619934082,340.048321443029,378.38111877441406,208.95469665527344,440.1261578372984,355.69568634033203,215.09406566619873,471.5823127979514,398.0971908569336,156.91112995147705,256.2017919642098,349.2960739135742,187.46712684631348,453.03095136771685,342.4654006958008,208.31501483917236,537.9649653864476,346.36898040771484,218.44965934753418,559.3721516617726,381.26026153564453,136.7991542816162,287.4717662735101,336.8461608886719,177.62656688690186,489.64784598633946,340.18428802490234,197.90369510650635,538.6254614860209,351.9981002807617,203.87699604034424,499.4614300080741,367.6191711425781,125.21796226501465,350.5462144093137,330.52051544189453,165.74925899505615,514.031720900034,336.79473876953125,182.5390863418579,542.4104794438273,348.38146209716797,186.38591766357422,498.7560252304397,358.1257629394531,120.45116901397705,427.9422526406421,334.15584564208984,154.3546485900879,536.4742786885377,339.1188430786133,168.46954822540283,554.4746118901573,348.05530548095703,171.37052536010742,528.7321582103094
666,26.64,423.2504653930664,112.91858196258545,211.8513222271341,425.3092575073242,152.55228996276855,272.9191359899283,401.19503021240234,182.99639225006104,309.09429907662616,369.9049758911133,199.52526569366455,316.97709542437644,346.7947769165039,211.24281406402588,242.45918145436264,382.46315002441406,154.50499534606934,395.45283891716196,334.1853332519531,186.5332317352295,378.48930254142886,328.9655303955078,205.11048316955566,346.87490661828343,334.5112609863281,213.008451461792,326.1635451849604,367.5306701660156,132.79176235198975,357.5619432827547,325.02891540527344,172.55737781524658,321.465364249294,329.9966049194336,191.29539012908936,303.58131296656705,342.15343475341797,195.87773323059082,317.12147203868756,357.4418640136719,118.8849663734436,299.6710877766048,321.7565155029297,158.563814163208,283.32656992606275,328.7779998779297,174.46529388427734,284.4448838353859,340.8991241455078,177.32950687408447,293.6877142591687,351.2247085571289,111.9265079498291,274.1970070113781,329.1415786743164,144.84987258911133,268.6582867380558,333.5064697265625,159.7331714630127,259.5946522672897,341.2007141113281,163.13183784484863,267.93352116088437
667,26.68,414.9052047729492,115.11160612106323,215.71498814602842,412.5022888183594,154.91382122039795,325.571878470107,387.2528839111328,182.65126705169678,348.6604319468206,358.0620574951172,199.1861057281494,296.1943466885709,336.0123062133789,212.96878337860107,272.9934117091978,365.51563262939453,159.6546220779419,442.81556638465895,319.7319030761719,191.65713787078857,383.3699730125294,318.05614471435547,208.2326889038086,283.6843146297633,326.34410858154297,214.0233278274536,205.74916834668872,352.02938079833984,137.5704288482666,405.5286869808482,311.229248046875,176.04829788208008,355.859296382949,319.20642852783203,190.14729022979736,271.2771183916803,331.5660858154297,191.61479473114014,285.33379814791095,344.9561309814453,121.88675880432129,321.0376605148025,312.31775283813477,159.23483848571777,236.56462420938786,321.33533477783203,170.2208948135376,214.1964449750335,332.77652740478516,170.33673763275146,267.9498547710599,342.1554183959961,112.12968349456787,226.78914260938555,321.04381561279297,141.3138198852539,220.9035922708009,326.85264587402344,152.4898910522461,245.8893081368283,335.5378723144531,153.48455429077148,279.6625837384243
668,26.72,410.24402618408203,113.26433658599854,125.34699480963845,405.1111602783203,151.64637565612793,202.02874425878085,380.7246398925781,178.22718143463135,197.15238952540028,353.6600112915039,195.64380168914795,141.25758537922883,334.32422637939453,212.50114917755127,43.79137523457248,356.74793243408203,160.03201961517334,219.39547000791632,314.3256187438965,191.88360214233398,135.2756360816984,310.56217193603516,205.44869899749756,199.85968171545943,314.49487686157227,210.2344036102295,311.00667102715346,343.5835647583008,138.75380516052246,213.2079209342804,306.8556022644043,175.85044384002686,109.45296835993237,314.19456481933594,187.3414707183838,143.59535369217497,324.9290466308594,187.7928113937378,191.47102549880574,337.3828125,122.5845193862915,190.13485781668322,308.46893310546875,157.7318286895752,103.29705883355251,317.1980857849121,167.64644622802734,121.82111564927038,327.9934310913086,167.76093006134033,135.81419980282806,334.63733673095703,112.02033519744873,187.97192106182936,315.4753875732422,139.99245643615723,143.07644852548242,321.6639709472656,150.74718475341797,136.83788935164395,330.2608108520508,152.39304542541504,134.71908105647952
669,26.76,414.1798782348633,105.55525302886963,216.39215075938267,406.00921630859375,143.5001564025879,204.8892883368005,380.22937774658203,171.16576194763184,176.96915296993342,353.70433807373047,189.56432819366455,151.99087728772508,337.85118103027344,207.46235847473145,153.76284673194758,359.2428970336914,150.8078098297119,238.89183551283506,319.64385986328125,179.31073665618896,341.2849204995472,309.0250587463379,193.80975723266602,293.5000876949201,304.76200103759766,203.54106903076172,295.30661988601827,346.02012634277344,129.97713088989258,227.71534259858362,309.20555114746094,165.2085256576538,272.45720117261214,314.0428924560547,177.99602508544922,233.6669084721871,323.53633880615234,180.51172256469727,185.3272268539133,339.2099380493164,114.34212684631348,211.06193190040545,309.0411186218262,147.77589797973633,249.30898570378716,315.9005546569824,160.10278701782227,191.36088502430817,325.0304412841797,162.40007400512695,153.13002288208673,336.37046813964844,104.52469825744629,192.334860360976,315.5763626098633,130.67596435546875,232.9259816008507,320.2327346801758,142.4694299697876,210.01437675512355,327.7444839477539,144.94444370269775,196.5540140663553
670,26.8,427.75867462158203,91.92410945892334,481.00921660638056,419.74891662597656,128.20040702819824,514.0900308619505,392.58819580078125,154.57353115081787,517.229703874124,364.3604278564453,173.01464080810547,492.0901861047761,349.1044235229492,191.7024564743042,484.12935878623557,370.2722930908203,130.57295322418213,576.1385462886526,330.85086822509766,159.4261121749878,570.6330515205283,319.81489181518555,175.77667236328125,525.3645446021459,314.65246200561523,186.5151071548462,492.2553935458758,357.48897552490234,110.32856941223145,568.7708620920247,320.4004669189453,145.38743019104004,569.1012457305194,323.8485336303711,160.26642322540283,506.51343821956584,331.49681091308594,164.85955238342285,439.0042337131013,350.4785919189453,96.34178638458252,530.9159636725308,319.07506942749023,130.0758934020996,508.65652139904734,323.4150695800781,144.46035861968994,433.84437065620415,331.0277557373047,148.73323917388916,373.12041869381505,346.9915008544922,88.39842796325684,482.7414742456867,325.03917694091797,115.09596347808838,455.7146053200314,328.03943634033203,128.86130332946777,392.2098461519583,334.1836166381836,133.73534202575684,323.17409221749193
671,26.84,438.21117401123047,73.12078714370728,537.8311035890492,440.0288772583008,101.71404361724854,833.9680187159141,421.75987243652344,123.63335609436035,1063.0972292858914,398.86016845703125,138.4701633453369,1220.5411260695607,385.84224700927734,154.4809341430664,1307.4568346525432,416.45076751708984,83.08128833770752,1656.0324827027916,378.8926315307617,113.7397313117981,1657.4182517348095,377.15370178222656,131.5046739578247,1811.0337122844353,378.80130767822266,139.5373821258545,1987.7721590431897,400.88531494140625,68.38400602340698,1508.8465529651126,366.6927719116211,106.06287002563477,1518.5104818821417,376.8368911743164,120.19158840179443,1660.9030716270897,387.46116638183594,119.37596797943115,1802.9083333026886,387.4644088745117,61.552584171295166,1269.4091259587226,356.68434143066406,98.06808471679688,1234.644978689131,369.71351623535156,110.05316734313965,1442.0907075822931,380.8816146850586,108.89034748077393,1595.474708051622,376.7277145385742,60.00136613845825,1027.9334622638582,354.92713928222656,88.16491842269897,1005.7868439345432,362.8078842163086,99.22635555267334,1142.1129260710804,371.7789840698242,99.51343059539795,1270.9619571085204
672,26.88,448.2099151611328,72.52462863922119,250.41244670695474,449.17606353759766,100.64146041870117,230.2464054360609,430.5901336669922,121.61496162414551,226.45009057697644,405.6625747680664,134.6720838546753,194.77252667823072,388.16577911376953,151.64628982543945,91.63108727412285,423.92852783203125,81.88613891601562,189.31666835602965,387.86895751953125,103.73995542526245,335.9407928095357,378.48182678222656,123.27027797698975,208.52037248314605,376.2623977661133,136.92744255065918,91.02832020852742,406.86317443847656,65.02663850784302,171.40361869225129,373.46508026123047,98.11666488647461,261.01524919030606,376.7451858520508,114.36021566390991,145.80234453334987,384.4783020019531,118.20672512054443,80.09607033053831,393.33343505859375,56.98910593986511,185.86083826040462,363.7912368774414,89.37285661697388,280.75228694457684,372.083740234375,100.75873374938965,239.79738535138262,381.9657897949219,101.49114847183228,186.95517785483062,382.7073287963867,55.1379132270813,192.69302156119898,361.7466735839844,79.84907627105713,268.8625099189578,368.3268356323242,87.19671964645386,330.8804209685747,376.58851623535156,85.28471231460571,375.48969989650953
673,26.92,461.78733825683594,60.789549350738525,448.6497129071768,468.0268859863281,86.93078756332397,582.7392519068551,457.3907470703125,110.51590919494629,725.1990432031166,435.55877685546875,121.48448467254639,816.8903198407694,413.73985290527344,123.7789535522461,945.5889967556351,453.8859558105469,68.63462448120117,818.936095608216,426.70867919921875,86.37293100357056,1063.642772920974,416.97998046875,103.9293622970581,1077.0848552369853,411.42711639404297,115.42433023452759,1030.4553833929551,436.05396270751953,52.39645600318909,795.150783605287,412.0326232910156,81.20211839675903,1052.840579784957,410.0720977783203,99.76592302322388,909.5591089311173,413.58333587646484,107.49892473220825,775.3063854022998,421.4497756958008,44.113043546676636,773.1112442514103,397.6487731933594,72.16460466384888,949.4922000291572,399.9598693847656,90.22491216659546,744.9999889041101,405.40904998779297,98.1191897392273,592.1130351150475,410.6624984741211,41.134958267211914,781.6545989594165,391.16382598876953,63.583152294158936,840.3679024795438,390.0993347167969,77.92348623275757,591.6262409284767,392.52880096435547,84.38665866851807,399.139055963713
677,27.08,488.16036224365234,144.68204498291016,,517.3342132568359,149.07697677612305,,548.1082916259766,147.6357364654541,,564.9447250366211,146.3474464416504,,564.842643737793,140.78593254089355,,551.3840103149414,94.41635370254517,,552.8493881225586,118.64614248275757,,546.5358734130859,131.54253959655762,,542.4448394775391,133.81831169128418,,531.3005065917969,84.27443504333496,,532.5653076171875,111.4271593093872,,527.9340744018555,125.31273365020752,,524.791374206543,129.99717235565186,,509.2245864868164,81.60649538040161,,510.89447021484375,106.61393165588379,,509.2786407470703,119.86131191253662,,507.2982406616211,124.78064060211182,,487.5600051879883,83.46465110778809,,490.31726837158203,103.9433240890503,,490.4493713378906,116.1894178390503,,489.3047332763672,120.4361629486084,
678,27.12,495.5811309814453,149.7914457321167,225.24123828103427,514.8627090454102,159.7848415374756,274.7347593754188,534.361686706543,171.01952075958252,678.1272533258981,545.5895233154297,180.5452823638916,982.3809773429751,554.1041946411133,191.1774730682373,1288.0755135377615,542.9957962036133,136.17055892944336,1064.7111668509613,546.416015625,168.1774091720581,1248.6829715591734,542.4670791625977,190.7113552093506,1482.713691949979,541.3994598388672,204.5705509185791,1768.9990415248462,523.4881210327148,126.28422260284424,1068.2507953773231,525.3370666503906,166.49322509765625,1388.4611690807324,521.8657302856445,192.1779441833496,1678.500294152895,521.0946273803711,207.58858680725098,1941.9856998856603,502.33760833740234,123.45592975616455,1060.3082174543033,504.1420364379883,157.87320613861084,1292.5528476638708,503.3264923095703,183.12326431274414,1588.5336580688484,503.32752227783203,199.40640449523926,1868.2831759927624,481.71287536621094,125.69352149963379,1065.7938419682828,483.272705078125,152.8238010406494,1234.6373199778486,484.89803314208984,172.9344606399536,1425.3984614486983,486.50299072265625,186.8613338470459,1662.105797291478
680,27.2,459.52281951904297,219.42219257354736,,480.2119445800781,234.4094181060791,,493.7384796142578,256.6238307952881,,498.00968170166016,276.83584213256836,,497.3710250854492,292.72167205810547,,488.68621826171875,266.65563583374023,,486.43638610839844,298.33871841430664,,483.70697021484375,289.78766441345215,,483.9412307739258,278.1865882873535,,472.4222946166992,267.3214530944824,,470.5131149291992,296.8552780151367,,468.64246368408203,288.5991382598877,,469.3376159667969,276.72821044921875,,456.1283874511719,265.9757137298584,,456.29039764404297,290.7883071899414,,455.3139114379883,282.54212379455566,,455.8249282836914,271.299991607666,,441.0026168823242,263.029146194458,,444.0230178833008,283.3762550354004,,444.71057891845703,275.8717346191406,,444.63077545166016,266.3544273376465,
681,27.24,460.1125717163086,214.44305419921875,125.34858047882767,481.53919219970703,231.22721672058105,86.19741839839334,493.5531997680664,257.57649421691895,24.262834442802223,496.93897247314453,281.66799545288086,123.73389784896165,495.0236129760742,299.5078468322754,179.5176030310478,489.89356994628906,260.06452560424805,167.51946183121404,484.4007110595703,297.06873893737793,59.983439257439585,482.04456329345703,287.44763374328613,71.76062773899801,482.31334686279297,274.7280693054199,95.56202036020915,472.65453338623047,259.2305660247803,202.35548612026005,468.05599212646484,295.876522064209,66.12212034936609,467.32486724853516,286.1210060119629,70.16587402884447,468.3205032348633,273.44112396240234,86.02127600655129,455.6068420410156,257.4067211151123,214.62124202654684,452.97332763671875,290.5685520172119,83.10853509655033,453.58348846435547,280.8551216125488,60.41698865888247,454.58133697509766,268.4252071380615,78.30591089394647,440.1586151123047,254.80278968811035,206.73848268604425,440.3367233276367,281.1797046661377,107.277680215372,441.9186782836914,273.5013771057129,91.56044416077013,442.540283203125,262.9258632659912,100.39051696571919
682,27.28,457.98126220703125,211.5469264984131,89.89589772241395,481.63150787353516,228.40813636779785,70.51478665447858,494.9671173095703,254.3353271484375,88.40364380209766,498.35987091064453,278.64160537719727,83.5837501397778,493.3919143676758,296.0441207885742,95.72042119652149,484.8370361328125,251.9062328338623,239.95608339621245,482.8734588623047,292.6167869567871,117.66577590664163,484.2695617675781,283.3278465270996,117.05571567766111,483.8566589355469,270.1223659515381,121.43495053388243,465.81661224365234,251.8179702758789,252.12068202642007,466.241455078125,292.3121738433838,99.99100878046988,469.15111541748047,283.6143207550049,77.53488469725555,468.7367630004883,270.4181385040283,76.28774997509014,448.5532760620117,252.05552101135254,221.34268619416795,451.00929260253906,288.3296012878418,74.45776480676892,454.4004440307617,279.7383785247803,34.591649295395364,453.8840103149414,266.87939643859863,42.39542420428929,433.98460388183594,252.30606079101562,166.49337422916807,438.73741149902344,280.9420108795166,40.42196696522689,442.2713851928711,274.66793060302734,30.467700375558277,441.3074493408203,263.92224311828613,39.6283684854072
683,27.32,457.0449447631836,213.23397159576416,48.23647165365192,480.27801513671875,230.3726291656494,59.64045680903938,491.6135025024414,257.6729679107666,118.28614176266339,493.44165802001953,281.7283058166504,145.16485809337178,488.3111572265625,298.84843826293945,145.08249727311141,480.65067291259766,252.76820182800293,106.85453768566464,476.7070007324219,296.0230350494385,176.11738261790222,479.1621780395508,286.16394996643066,146.04975878083454,479.54978942871094,272.14762687683105,118.98215928352388,460.9404754638672,251.69583320617676,121.94165448834788,461.4165496826172,294.7257900238037,134.87321625786487,465.70838928222656,285.59054374694824,99.2403035447477,465.5726623535156,271.67452812194824,85.11039807284767,443.7673568725586,251.65861129760742,120.05873512795957,447.05604553222656,289.70349311828613,104.62952845843773,451.8729019165039,281.0595989227295,71.30082607912033,451.95629119873047,268.3022117614746,59.898374529363,429.82513427734375,252.20120429992676,104.01977658845054,434.78092193603516,280.8771228790283,98.92554054263037,439.500732421875,275.2693462371826,70.8793761542926,439.26509857177734,265.0703716278076,58.57364882237165
684,27.36,458.0572509765625,215.30981540679932,57.73804745063313,478.94432067871094,235.44661045074463,131.15836560437452,487.7618408203125,264.6257972717285,198.7101120920783,487.8913879394531,290.91882705688477,268.41104047061594,481.5022277832031,308.4221649169922,293.7024027514565,480.0956726074219,260.4458427429199,192.44186680195244,471.9793701171875,301.2553310394287,176.29416567375614,473.4455108642578,292.2571849822998,208.87765041957863,475.3226852416992,279.3805503845215,209.4391204442726,460.6580352783203,257.65820503234863,149.2264433921228,456.8278121948242,297.70771980285645,136.81286703714588,459.7994613647461,288.73334884643555,167.31828394437252,461.3456344604492,275.52958488464355,143.02365943342267,443.23299407958984,255.2625274658203,91.08291326456231,442.890625,291.96805000305176,118.5299173590628,446.36837005615234,282.98091888427734,145.75523446060967,447.96703338623047,270.1750087738037,110.1747093937088,428.7751007080078,253.29937934875488,37.98485664216255,431.89796447753906,279.73259925842285,77.54586556363799,435.2671432495117,273.35472106933594,116.16009107505346,435.3352355957031,263.7722969055176,103.46744957765486
685,27.4,458.6519241333008,216.50658130645752,33.409250047047045,477.56675720214844,235.7875156402588,35.477963937110374,486.3379669189453,264.4724464416504,35.802700352769,486.6539001464844,290.3895092010498,33.64849021735957,482.1804428100586,308.95036697387695,21.490885212542164,484.29786682128906,264.3552303314209,143.48725450406812,474.71473693847656,304.54490661621094,106.95658909801662,472.4484634399414,294.51759338378906,61.76340799706571,473.8610076904297,281.64201736450195,67.31796828033394,466.20121002197266,261.49449348449707,168.53021859364102,458.3100891113281,302.5484561920166,126.5648886108911,458.15765380859375,292.88795471191406,111.68113635734163,460.65025329589844,279.27077293395996,95.13162915258488,448.6034393310547,258.44879150390625,156.11286125624986,444.0622329711914,295.7567310333252,99.14247698171884,444.9709701538086,286.223087310791,88.26233126648813,447.23011016845703,273.5479259490967,86.31202878321717,433.0946350097656,255.38835525512695,119.95362885680387,432.8356170654297,282.7346706390381,78.62738450234373,434.68841552734375,275.17470359802246,47.74451657736413,435.7883834838867,265.1026725769043,35.13582960795605
686,27.44,459.74090576171875,216.5568208694458,27.253497490243163,478.37799072265625,236.8048095703125,32.52870621581444,485.3986358642578,265.5879020690918,36.45703024701676,484.1911315917969,291.2816333770752,65.48432302566079,484.449462890625,309.9015140533447,61.50778859620979,487.62821197509766,265.8317756652832,91.074780285375,478.47949981689453,305.05428314208984,94.97665494685528,474.1276168823242,295.8425045013428,53.47280706398506,474.9045181274414,283.32066535949707,49.41389685132561,470.00110626220703,262.886323928833,101.16942294465665,461.6918182373047,303.7312316894531,89.56509420113962,459.99073028564453,293.74231338500977,50.559977458773865,462.33707427978516,280.1173496246338,47.18353211710104,452.5196075439453,259.58776473999023,101.96087945926422,447.6148223876953,296.6547203063965,91.60812019414091,447.43003845214844,287.2815227508545,66.92954540355468,449.36370849609375,275.30805587768555,69.14793556755895,436.6480255126953,255.8759880065918,89.66733577023767,435.938720703125,284.9868679046631,95.85680958324834,437.56813049316406,277.7779197692871,97.04861126873242,438.94752502441406,267.658052444458,101.58168369772764
687,27.48,458.5582733154297,214.8982858657837,50.924931648138504,477.6089859008789,235.3315544128418,41.54703039125383,485.5373764038086,264.28256034851074,32.81735387722049,485.12882232666016,290.5066108703613,30.413029692895265,485.86761474609375,309.7689628601074,35.608325079941736,488.06812286376953,263.97045135498047,47.81507200988008,478.72779846191406,303.7441921234131,33.335329366304826,474.3193054199219,294.28064346313477,39.339503032245815,474.69482421875,281.57541275024414,43.94512348832376,470.6073760986328,261.0736656188965,47.783975237139366,462.2356414794922,302.0953559875488,43.09751320279542,460.68397521972656,291.4807891845703,59.13480493649503,462.6430130004883,277.7487087249756,59.70792562737739,452.96016693115234,258.0370330810547,40.30246000309122,447.7776336669922,295.5622959136963,27.612254598645546,447.9603958129883,285.64733505249023,42.95235997359513,449.79358673095703,273.3969211578369,48.97212991985903,436.6288375854492,254.76556777954102,27.764649930211505,435.7746124267578,284.20849800109863,19.88704404171132,437.6665496826172,276.60773277282715,29.35796254358214,439.1501235961914,266.3932514190674,32.02311484610956
688,27.52,456.95289611816406,211.46643161773682,94.71951859746825,476.34838104248047,232.4090051651001,79.57079675709124,484.83882904052734,261.9169521331787,61.66477239474732,484.83089447021484,288.14955711364746,59.39519877315975,484.1167449951172,307.3451328277588,74.75165930683372,486.04583740234375,260.45276641845703,101.43885411954456,475.6803894042969,300.6621265411377,108.3565590362837,472.6349639892578,290.7499408721924,97.79719717589916,473.60939025878906,278.1111717224121,90.75768831189734,468.8025665283203,257.75485038757324,94.44532851322882,459.9452590942383,298.40538024902344,108.5753552307894,459.37206268310547,287.415189743042,106.80067100298044,461.3312530517578,274.20610427856445,94.44165006376058,451.4814758300781,254.93940353393555,85.81169858905318,445.8643341064453,292.2904872894287,94.75444211955372,446.69666290283203,281.7800045013428,101.71426417927609,448.4358215332031,269.4495105743408,104.35988407587669,435.3873062133789,252.05924034118652,74.4379286361512,434.4688415527344,281.1576461791992,82.963600507372,436.56864166259766,273.0055618286133,94.14429593635052,437.98126220703125,262.7450180053711,95.77266046437616
689,27.56,455.97591400146484,209.0457057952881,65.26105061510737,475.54813385009766,230.45172214508057,52.86393140278487,483.5153579711914,259.625244140625,66.16032229792155,482.9190444946289,285.25360107421875,86.75299602698016,480.1765823364258,304.02076721191406,128.88048854645538,483.2493209838867,257.09229469299316,109.29682719646372,472.6472473144531,297.35621452331543,112.1633997979159,470.3380584716797,287.14951515197754,106.7673882895235,471.81556701660156,273.9895820617676,112.37577350941788,465.83736419677734,253.53498458862305,128.93722365006118,456.52503967285156,293.9183807373047,141.0475662422858,456.71905517578125,282.96518325805664,129.5207670374001,459.07039642333984,269.60835456848145,128.08877558852944,448.37745666503906,250.08939743041992,143.95636096806518,442.2074508666992,287.491979598999,150.8278635652427,443.71631622314453,277.1880912780762,136.85789477852333,445.8111572265625,264.6123504638672,137.58402127634272,432.0912170410156,246.762056350708,155.9734794387181,430.5319595336914,276.6074466705322,150.42306089937054,433.20690155029297,268.97008895874023,131.30674455773334,434.9519729614258,258.33011627197266,133.8561509819064
690,27.6,453.81404876708984,205.53168296813965,103.14437006363815,473.12625885009766,227.1132230758667,103.1111492236862,479.3562316894531,256.1909580230713,134.84401304068953,476.05125427246094,280.563325881958,207.9140806842494,468.0776596069336,295.748291015625,366.41659490291227,480.06431579589844,251.9186782836914,151.88516385354404,469.25018310546875,293.96209716796875,120.0522747124877,467.35050201416016,284.5454406738281,99.0791901543148,469.4416046142578,271.7618465423584,81.38835540242763,461.38267517089844,247.59418487548828,185.63633054454223,452.04219818115234,289.1660213470459,163.32633669642996,452.8139114379883,278.90862464904785,140.7697929270227,455.68309783935547,265.3202819824219,136.61386779985534,443.3669662475586,244.1568374633789,194.13314050253194,438.1621551513672,282.8030776977539,154.8188830213868,440.135498046875,273.3267402648926,131.65364232170958,442.6514434814453,260.6334686279297,127.02187709070989,426.89697265625,241.4531707763672,185.68192017889305,427.10693359375,271.821928024292,147.12237976168106,429.97398376464844,264.6195602416992,135.50566760871868,431.4881134033203,253.81353378295898,142.29775213075123
691,27.64,453.2283401489258,201.15692138671875,110.3448953272985,471.3541793823242,223.68360042572021,96.50964058871911,477.14019775390625,253.56894493103027,85.82598331190945,474.6754837036133,278.7926959991455,56.05730795364693,467.76283264160156,294.0996265411377,41.96137038646883,476.66587829589844,246.45835876464844,160.78803339227372,464.20310974121094,288.3408451080322,188.86407854847172,462.50049591064453,278.94925117492676,185.1349104567949,464.8630142211914,266.0196590423584,183.60318500885992,458.4202575683594,241.5475845336914,168.33243475570032,448.11588287353516,283.9933490753174,162.35087450784275,449.1972351074219,274.0470886230469,151.4820125711809,451.92798614501953,260.49296379089355,152.89674775644912,440.537109375,238.01087379455566,169.1540705571077,433.82564544677734,277.84987449645996,164.58192939101502,436.49776458740234,268.2276248931885,156.59278857939938,439.2154312133789,255.31099319458008,158.3803275443974,424.2484664916992,235.64008712768555,159.69996558044664,423.1275939941406,266.6268539428711,163.60000450884488,426.32904052734375,259.32583808898926,160.68039984948646,428.0730438232422,248.38339805603027,160.36886046245579
692,27.68,451.95091247558594,197.97829627990723,85.64271360668626,469.9094009399414,219.7461462020874,104.85385815141109,475.8430862426758,248.8919448852539,121.3384412005289,473.65196228027344,273.2936668395996,139.8367749412947,468.21292877197266,288.361873626709,143.88449150623,474.3462371826172,241.11705780029297,145.581229229272,461.35528564453125,283.18262100219727,147.3036362663155,460.184326171875,273.0692481994629,157.9934279690449,462.7676010131836,259.68226432800293,166.8706989667341,455.72776794433594,235.8640193939209,157.22677307294157,444.7751235961914,278.32056999206543,164.58488515910872,446.44744873046875,268.4010887145996,157.00047787559345,449.7349166870117,254.5173168182373,159.1342012058189,437.6976013183594,232.19525814056396,161.79499265791634,430.69461822509766,271.6896343231201,172.75685669483812,433.87989044189453,262.2433090209961,163.29670369432588,436.9120407104492,249.13430213928223,164.80503671304916,421.5492630004883,229.89721298217773,158.63933729159714,420.2406311035156,260.84644317626953,161.53115675174155,423.7569808959961,253.8313865661621,151.66675699520027,425.47786712646484,242.76314735412598,154.76223707624848
693,27.72,449.9040985107422,192.7734661102295,139.82065410255683,467.29808807373047,213.74108791351318,163.7064444638877,473.1147003173828,243.2450294494629,156.78756267700174,470.4777526855469,267.47142791748047,165.78237356828157,465.27496337890625,282.44879722595215,165.06838198918362,472.4119186401367,232.9143762588501,210.6916774194453,460.1746368408203,274.61082458496094,216.31808959297882,457.5469970703125,264.6543788909912,220.46191602605523,460.21373748779297,251.52119636535645,213.78325647319687,453.87054443359375,227.29621410369873,219.1696926185457,442.2581481933594,268.8137626647949,245.85889085040438,442.9290771484375,259.066801071167,249.38407176429683,447.0115661621094,245.31463623046875,239.9296356251897,436.0548782348633,223.77273559570312,214.530628855969,427.69298553466797,262.0225524902344,253.0591210221014,430.2992630004883,253.0660915374756,246.27501600597088,434.0774154663086,240.24175643920898,233.3351523327154,420.4969787597656,222.2707986831665,192.46671332894846,417.0989227294922,252.68182754516602,218.7053953253509,420.29659271240234,246.49274826049805,202.83906576784455,422.98824310302734,235.8085012435913,184.67087328009407
694,27.76,447.1514129638672,185.12362003326416,203.2508036903489,464.0848922729492,205.14012336730957,229.53923735824802,468.46256256103516,233.43742847442627,271.3754578411323,463.43013763427734,254.32788848876953,372.84506385441114,455.56163787841797,266.91962242126465,457.9191811833291,470.23719787597656,222.17820167541504,273.8554078889833,455.2324676513672,262.8443241119385,319.0567834246139,453.24256896972656,252.45938301086426,323.30908759017586,457.6213836669922,239.3646240234375,310.74763619025435,452.1980285644531,215.34622192382812,301.6616714461499,437.06817626953125,256.93742752075195,324.020779642057,438.3019256591797,246.65379524230957,331.18465828351435,443.9238739013672,232.54870891571045,328.3507496781636,434.74464416503906,211.1724042892456,316.7067475897672,422.5442886352539,249.08964157104492,348.0025723735079,425.2266311645508,240.0929832458496,348.23944033633427,430.12657165527344,227.23304271697998,339.8858259825128,419.51881408691406,208.6450481414795,341.52039100130855,412.04227447509766,239.4362211227417,354.45008557838537,415.44254302978516,233.0834197998047,356.52128976408704,419.85462188720703,221.89311504364014,356.5963711064222
695,27.8,446.8191146850586,179.17526721954346,148.94068312292598,461.9236755371094,199.67658519744873,146.8866636066745,464.81964111328125,227.05274105072021,183.77144462098784,459.1770935058594,245.75374603271484,239.27534246003867,449.51454162597656,253.30904960632324,372.33642837922207,464.9379348754883,208.85650634765625,358.4251619532786,448.15181732177734,246.850004196167,437.2884336010137,446.00196838378906,237.870454788208,407.1725091491432,450.82664489746094,225.49630165100098,386.0851916772988,449.2215347290039,199.1982078552246,410.50112203887784,431.3956832885742,238.24347496032715,488.39087762161614,432.71739959716797,229.619779586792,448.1521928218876,438.8152313232422,216.55593395233154,419.72243806198196,433.0238723754883,193.0306577682495,455.5793169030694,418.12808990478516,229.34556484222412,505.79848822218526,420.6103515625,221.74481391906738,472.9993095981895,425.8012390136719,209.77120399475098,449.7390312876181,417.8767395019531,189.67778205871582,475.95534953195175,407.93521881103516,218.91546249389648,523.1929859830842,411.22501373291016,213.62475872039795,497.7618936130617,416.66759490966797,203.157377243042,475.1217027564648
696,27.84,440.45921325683594,184.77500438690186,211.84517123391623,453.58043670654297,197.22847938537598,217.3747574049473,456.8929672241211,215.01827716827393,360.2607388085378,451.9153594970703,226.72584056854248,509.16228206724776,445.22369384765625,233.28932762145996,511.85974825137316,457.7552795410156,190.78260898590088,486.2203098243482,441.41468048095703,226.13409519195557,544.5972701700694,441.82212829589844,222.39818572998047,400.6730064611001,446.83692932128906,211.81983947753906,356.16310164803974,443.8589096069336,180.5298900604248,485.5820202907915,427.03495025634766,218.0339813232422,516.865326781146,430.7168197631836,213.41198444366455,408.2699345054464,436.3742446899414,201.68116092681885,376.843210354513,429.36561584472656,175.57608604431152,445.8453451807562,415.0853729248047,210.42717933654785,479.0377312655311,419.2777633666992,205.3147029876709,412.10157767653436,424.1692352294922,194.53006267547607,383.2067205387367,415.50010681152344,173.58592987060547,406.66024654280733,406.1415100097656,199.94390487670898,476.4041021588295,409.98584747314453,197.01703548431396,416.34721395256855,414.81258392333984,187.51832485198975,393.71708231409247
697,27.88,431.8344497680664,173.5543441772461,353.80941265899435,445.16353607177734,185.91938495635986,352.4377898118344,452.91759490966797,199.2419672012329,406.7366632837195,448.84925842285156,208.01688194274902,473.96341410689126,438.97388458251953,205.28440475463867,717.3457241051898,457.0635986328125,167.04321384429932,593.73673888763,437.0277404785156,197.78852462768555,717.0759257215338,438.33812713623047,195.90791702270508,667.9598604445767,443.30127716064453,186.51811122894287,638.6892283061462,440.05455017089844,159.1029167175293,544.0521214436308,422.6357650756836,194.48608875274658,598.8823312875078,428.1226348876953,190.38508415222168,579.3142132083115,433.8338088989258,178.3765983581543,586.0655096302556,424.9582290649414,155.5855894088745,511.76472497015385,411.17786407470703,187.4364995956421,583.009423359995,416.9464111328125,184.35034275054932,527.3397881052673,424.44507598876953,173.84729862213135,517.1150845138388,412.9773712158203,154.92955684661865,470.654098898524,404.2533874511719,179.57146167755127,511.49379804352105,411.1372375488281,178.08717727661133,474.121049199272,419.6084213256836,169.3465232849121,469.849995066886
706,28.24,511.3274383544922,61.64048910140991,,505.46630859375,56.70936584472656,,500.5802917480469,46.18682026863098,,496.0721969604492,35.75040936470032,,491.8754196166992,28.699793815612793,,509.5199203491211,35.79630374908447,,498.23925018310547,23.088063597679138,,493.48915100097656,27.23120927810669,,494.2332077026367,32.7818763256073,,508.2156753540039,34.91261959075928,,495.77144622802734,23.986639380455017,,491.8682861328125,29.845054149627686,,493.8209533691406,35.053861141204834,,506.26136779785156,34.61501955986023,,494.0986633300781,24.74882483482361,,491.202392578125,30.527701377868652,,493.57418060302734,35.74632525444031,,503.9708709716797,34.763184785842896,,493.48182678222656,27.109007835388184,,490.9541320800781,30.83732843399048,,493.14464569091797,35.246994495391846,
707,28.28,519.6936416625977,62.26506471633911,209.73711595012082,513.620491027832,54.51814413070679,211.0866880103464,509.30259704589844,43.211731910705566,230.39335988477507,505.3268051147461,34.28653120994568,234.24174390673045,502.14366912841797,27.30019211769104,259.0799019459752,518.7518692016602,35.627124309539795,230.83747163678544,514.0574645996094,23.005396127700806,395.4607607249775,507.39715576171875,20.57626247406006,385.45501795728205,502.4909973144531,21.996554732322693,339.5900572230382,518.70849609375,35.750001668930054,263.1545361347674,513.4505081176758,24.264367818832397,442.03108090912514,507.03990936279297,22.947372794151306,416.6504526534873,503.01769256591797,24.405199885368347,351.7580830584191,517.9142379760742,36.37501358985901,294.62578211196814,512.9873275756836,25.960054993629456,473.18648245222465,506.9481658935547,24.699838757514954,419.74200410982627,503.30013275146484,26.05488359928131,343.25481292059743,516.5976333618164,37.52139329910278,323.1126377321755,511.82483673095703,28.73255431652069,460.3680030391602,507.21317291259766,26.520191431045532,420.560697682075,504.28672790527344,27.15305507183075,344.290803195254
708,28.32,532.4044036865234,64.09910917282104,321.05995380266006,525.3188705444336,56.93367004394531,298.6290013879783,520.8523941040039,44.691975116729736,291.10665145312555,516.8387603759766,34.67993974685669,287.9668863488109,513.0924224853516,26.423497796058655,274.59492097968956,531.1903762817383,36.91457748413086,312.62396946843165,527.8743362426758,24.59264874458313,347.6935727680808,522.3069763183594,20.79619824886322,372.78606530443636,517.1392822265625,19.63714063167572,370.92712033890746,531.7251205444336,36.546313762664795,326.0239878451835,528.082275390625,25.39682686328888,366.88816161835945,521.8752670288086,22.215678691864014,371.33476585987285,516.5834426879883,21.86602234840393,345.0335119038035,531.0731506347656,37.2012984752655,329.62073762026125,528.075065612793,26.925069093704224,377.9641941455733,522.140007019043,24.138007164001465,380.05566329284824,517.2267150878906,23.488016724586487,354.0290428814175,529.9402236938477,38.18290114402771,333.97446515163307,527.6592636108398,29.273192882537842,396.091344163045,523.3065795898438,25.661855936050415,402.9069978769897,519.2095184326172,24.13783371448517,380.6090817334543
709,28.36,541.5571594238281,67.23736524581909,241.89562414199565,534.5395278930664,58.35630655288696,233.2439931936485,530.4389953613281,46.01356744766235,241.9317180994854,526.7828369140625,36.30632042884827,251.90495767013323,523.8049697875977,28.64474594593048,273.51029807642647,543.0231475830078,39.658130407333374,303.66671626818203,539.9390029907227,27.17094898223877,308.42727653464266,535.2605438232422,21.688456535339355,324.6065271537809,530.2563858032227,18.478338718414307,329.2047502267861,543.5532760620117,40.06296515464783,308.4964545589929,539.8614883422852,29.320433735847473,310.3874077775098,533.763542175293,24.043489694595337,300.6991634302295,528.0293655395508,21.868234276771545,286.148076632261,542.6876831054688,41.27064228057861,307.669590956412,539.3645477294922,32.25974678993225,312.1610087217655,533.6536026000977,28.267686367034912,305.79520671935103,528.5304641723633,26.635844707489014,293.3466000044365,541.3364028930664,42.39657998085022,303.7556477670333,538.6171340942383,35.583486557006836,316.12372161562206,534.6076202392578,32.628207206726074,331.8918967319719,530.6007385253906,31.528565883636475,339.4690865879149
710,28.4,548.4735107421875,68.61050605773926,176.28356284749765,541.045036315918,59.954692125320435,167.47476727472278,537.5211715698242,48.739192485809326,189.71401453365567,534.0225982666016,39.35864210128784,196.42239567091528,531.2443542480469,32.309192419052124,207.32313110327766,551.3969039916992,43.363155126571655,228.92002501183012,550.2539825439453,30.243719816207886,269.07332153789037,545.0894165039062,25.14589011669159,260.4810275506722,540.3538131713867,22.842589616775513,275.00536967393384,553.7963104248047,43.448166847229004,269.69814545248084,551.4372253417969,30.51910400390625,290.9408203284139,545.4391860961914,25.527557730674744,294.23961207590366,540.1482391357422,23.698899149894714,306.40907207333987,553.825798034668,43.888503313064575,286.0406445785491,551.2019729614258,32.23782777786255,295.93613813277796,545.7378005981445,27.643319964408875,302.50792826462447,540.8775329589844,26.027199625968933,309.05152933694916,552.3093414306641,44.19882774353027,277.99896261944605,550.5031204223633,34.49472427368164,298.39369369798806,546.530876159668,29.940163493156433,305.56260687220174,542.3838424682617,28.039058446884155,307.22365700704717
711,28.44,553.8458251953125,70.80584049224854,145.08888625295776,546.3247680664062,63.213157653808594,155.1071503780928,543.0212020874023,52.08897829055786,160.99573098374668,539.5534896850586,42.99080014228821,165.4224363515369,536.1649322509766,36.06462836265564,154.74856019004008,556.4572906494141,45.563238859176636,137.94899772210078,554.4659042358398,32.98293113708496,125.60743160506274,549.98046875,27.176597714424133,132.39657619607132,545.9169769287109,24.196431040763855,143.13821465657003,558.9060592651367,45.616657733917236,138.77113788745044,556.8159103393555,32.90328025817871,147.08532539481664,551.3115692138672,27.59308397769928,155.6263195886038,546.4425277709961,25.635929703712463,164.64005586109275,559.2654800415039,46.11629605293274,146.95492682133855,557.8528213500977,33.96407961845398,171.78061900692657,552.9258346557617,29.035309553146362,183.0393889109291,548.4415817260742,26.98713183403015,190.6179155978437,558.3771896362305,46.597888469696045,163.12241226611553,557.7144622802734,36.14676833152771,184.95388100941477,554.614372253418,31.03243589401245,203.92395656123767,551.0661315917969,28.494104146957397,217.3551399981894
712,28.48,559.0072250366211,71.51957988739014,130.26288862824063,551.2537002563477,65.36752223968506,134.47969015319578,547.114143371582,55.28639316558838,129.84517279920559,543.3620834350586,46.186970472335815,124.30026933603085,539.68994140625,39.13123369216919,116.80581586484269,559.4964981079102,46.71223282814026,81.2287245856302,557.6422882080078,33.864312171936035,82.40997992977213,553.603630065918,28.295223712921143,94.79788382948567,549.7513198852539,25.48134684562683,101.09770810327919,562.5973892211914,46.693035364151,96.12656255990835,560.5777740478516,34.35057878494263,100.7667218966441,555.714225769043,29.107709527015686,116.39768924219003,550.9899139404297,26.909068822860718,118.05614181042617,563.4243011474609,47.50029444694519,109.57658436563531,561.796760559082,36.21518611907959,113.5290077505612,557.6000213623047,31.58677339553833,133.1305494304758,553.2508850097656,29.149873852729797,131.83050461192101,563.2321929931641,48.16590070724487,127.54832410928452,561.9522476196289,38.394126892089844,119.92040350318844,558.7845230102539,33.77073526382446,124.72079010095962,555.076904296875,31.073638200759888,119.21695985294629
713,28.52,563.0890655517578,69.94721174240112,109.35539416961728,556.5509033203125,63.76387596130371,138.36555226790753,551.9904708862305,54.18711304664612,124.96746279036775,547.5720977783203,45.64661622047424,106.11374642327884,543.5798645019531,38.48517894744873,98.5801971228895,563.8408279418945,45.330355167388916,113.97035682505975,562.1829223632812,33.35473895072937,114.22845365704275,558.1885528564453,28.10591697692871,114.72073165787523,554.195556640625,25.285629630088806,111.21360518797078,566.3327407836914,45.45894384384155,98.34833875049338,564.4746398925781,34.22161817550659,97.47497836170118,560.1836013793945,29.453943371772766,112.06916453038241,555.7131576538086,27.474676966667175,118.9247234291338,566.8059158325195,46.21182203292847,90.46919033532222,565.0708389282227,35.9299635887146,82.16196298737613,561.3277816772461,31.677896976470947,93.22184720015353,557.148323059082,29.229621291160583,97.45634600359392,566.5195846557617,46.62722110748291,90.74166233751251,565.2322006225586,37.40129470825195,85.67309761052397,562.4383163452148,33.22876453399658,92.34425403955548,559.0322875976562,30.687403678894043,99.35490099254073
714,28.56,566.401481628418,68.80589962005615,87.58814712023056,559.4137191772461,62.4260687828064,78.9993776777283,554.7235870361328,53.07888865470886,73.73129081223637,549.9045562744141,44.692933559417725,62.99738711843413,545.7475662231445,37.63148546218872,58.24368699069221,567.5959396362305,44.67787027359009,95.28444381683646,565.6626510620117,32.97380447387695,87.51293794499497,561.5778350830078,28.268621563911438,84.82963365592562,557.4607467651367,26.19678497314453,84.74841668280538,570.4598236083984,45.32360315322876,103.23253406910813,568.4259414672852,34.63019371032715,99.30923327521015,564.0734481811523,30.32726526260376,99.66694307213308,559.386100769043,28.580580353736877,95.89555982056676,571.0559463500977,46.477922201156616,106.45882038338942,569.2501449584961,37.1885347366333,109.11748321491987,565.6928253173828,33.2959771156311,116.38242274137278,561.3728713989258,31.110817193984985,115.61170653441604,570.7320785522461,47.14049935340881,106.09123251257289,569.3053817749023,38.89572501182556,108.4669495516015,566.5510177612305,35.23537516593933,114.40279488916181,562.8070068359375,33.12810301780701,112.37637260235344
715,28.6,568.8264846801758,68.12530517578125,62.96749458357744,561.8241882324219,62.119646072387695,60.746686861406104,556.7926406860352,53.16268444061279,51.768745034464736,551.8614959716797,45.140637159347534,50.18747037436353,547.8519821166992,38.058292865753174,53.68153088343679,568.7618637084961,44.2398726940155,31.13700393022799,567.3534393310547,32.67303228378296,42.93329769150088,563.3937454223633,28.549500703811646,45.937617018960985,559.5207595825195,27.335495352745056,58.84467975309793,571.8603134155273,44.83424663543701,37.088083508868,570.3298950195312,34.17773723602295,48.924405912657136,566.3827133178711,30.355557203292847,57.73596098605174,562.2199630737305,29.028155207633972,71.72472905041954,572.8596878051758,45.89272499084473,47.40740324387749,571.5890884399414,36.38738393783569,61.80867259034915,568.1783676147461,32.91915535926819,62.84860354480028,564.1091537475586,30.97423553466797,68.49222419872424,572.930908203125,46.75075650215149,55.827587958880386,571.826286315918,37.94245719909668,67.37803438295981,569.0785980224609,34.37846302986145,66.72218702350554,565.4360198974609,32.45160698890686,67.86639703665259
716,28.64,569.4224166870117,67.10331201553345,29.57622542225426,562.5127410888672,61.24584674835205,27.81220836705695,557.4616241455078,52.75774598121643,19.549840551560493,552.4406433105469,45.191956758499146,14.53541669023516,548.2774353027344,38.894126415252686,23.44712317077004,568.7947082519531,44.34080243110657,2.653485427717218,567.2916412353516,32.74143934249878,2.3046868435161483,563.1291198730469,28.41345727443695,7.438686713183876,559.2325973510742,26.568217277526855,20.490136595782015,572.2288513183594,44.661444425582886,10.175976290825279,570.6954574584961,33.480656147003174,19.678000747200556,566.1501312255859,29.690576791763306,17.61202319031197,561.8091583251953,28.193415999412537,23.258736089386687,573.4450149536133,45.557602643966675,16.861844095379745,572.2633743286133,35.61664581298828,25.60149796344109,568.3243942260742,32.133883237838745,19.968351144847215,564.1692733764648,30.413031578063965,14.110374080083195,573.2975769042969,46.34037137031555,13.758222379069124,572.3249816894531,37.563414573669434,15.659868842764707,569.2802429199219,33.95934820175171,11.627497146137305,565.6966018676758,32.22223877906799,8.678736187002414
717,28.68,569.9894714355469,67.50085115432739,17.31308130268304,562.7392959594727,62.34706163406372,28.1069534758308,557.4695587158203,53.59191656112671,20.855207889665923,552.0006942749023,45.847012996673584,19.72710427837484,547.5498199462891,39.36781883239746,21.70553807492887,568.7925720214844,44.44488286972046,2.6025589789997645,566.854248046875,33.14492583274841,14.87687276319484,562.6198577880859,28.577531576156616,13.376010421262505,558.536376953125,26.66982114315033,17.58987969028998,571.6615676879883,44.65898036956787,14.18222454472175,569.6241760253906,33.94424557685852,29.1821763709258,564.9809265136719,29.836939573287964,29.458251413840745,560.4806900024414,28.318893313407898,33.3595248850316,572.5120544433594,45.369168519973755,23.79499333864963,570.8270645141602,35.84378957748413,36.35399026279402,566.7539215087891,32.07388401031494,39.29046053942734,562.3706817626953,29.999767541885376,46.136475244110706,572.193603515625,46.10145092010498,28.238274385402928,570.7743835449219,37.40639805793762,38.96319410703768,567.6203918457031,33.53909254074097,42.80566850018752,563.8025665283203,31.44083261489868,51.22234290405642
718,28.72,570.2257919311523,67.83612012863159,10.25465326614594,562.0381164550781,62.97258138656616,23.49105758253654,556.3440322875977,54.20363187789917,32.02543295376429,550.7519912719727,46.382832527160645,33.970223714830325,545.8102035522461,39.77179527282715,44.64766345261882,567.6657485961914,44.21671986579895,28.74227492026624,565.2132034301758,32.08932638168335,48.780872500694045,560.8471298217773,27.85347282886505,47.87239230536501,556.9985580444336,26.721190810203552,38.466916293598864,571.0588073730469,44.67661499977112,15.075455578743476,568.8851547241211,32.98141121864319,30.343888234392047,563.9070510864258,29.494677186012268,28.177472994692927,559.4660568237305,28.721818327903748,27.292730884884232,571.9623947143555,45.67222237586975,15.691706751937447,570.1762771606445,35.79287767410278,16.31939416388103,566.0647201538086,32.306978702545166,18.188795370584902,561.8728637695312,30.8817458152771,25.31931610762992,571.5032196044922,46.434606313705444,19.16413416117656,569.6597290039062,37.62625694274902,28.403264282442812,566.5274810791016,34.029868841171265,29.951161505207786,562.9890441894531,32.480753660202026,33.00808969310346
719,28.76,570.8335113525391,68.05476665496826,16.146385017429218,562.24365234375,63.76605033874512,20.491430824922073,555.9867858886719,55.5240797996521,34.19802355041032,550.3225708007812,47.86148428916931,38.49361127487249,545.5249786376953,41.159048080444336,35.40677551792056,566.6743087768555,44.47477698326111,25.61184285684255,563.1486511230469,31.777160167694092,52.200478769521816,558.1224822998047,27.750547528266907,68.1647715855437,554.0862274169922,26.578041315078735,72.89616528617839,570.4513931274414,44.63123559951782,15.227675375196995,567.5543594360352,32.33135461807251,37.02693008758322,561.9927597045898,28.850474953651428,50.49447996285109,557.3022842407227,28.32952916622162,54.976145834748,571.5688705444336,45.614858865737915,9.942077392556913,569.3930816650391,35.31310558319092,22.96160441305549,564.7441101074219,31.906431913375854,34.50044044040757,560.3096008300781,30.46756625175476,40.429999139772285,571.3595199584961,46.454046964645386,3.625217852796169,569.2398834228516,37.55675554275513,10.638983637202491,565.7753372192383,34.07521963119507,18.83774601839712,561.9355773925781,32.43264555931091,26.36411720370869
720,28.8,570.3257369995117,67.98079490661621,12.828352708614732,561.9122695922852,63.3885383605957,12.55811046731091,555.7463836669922,55.39016246795654,6.8796384314960255,549.6872329711914,48.29409599304199,19.215993404511337,544.9298095703125,41.99852228164673,25.726240898809454,565.3044891357422,43.862117528915405,37.51464260941064,560.9903335571289,31.980074644088745,54.195877380575396,556.2158584594727,28.15126061439514,48.70693896867312,552.0417022705078,26.841643452644348,51.53620791210848,568.9332962036133,43.886343240737915,42.275014017628585,565.4673385620117,32.301095724105835,52.18100545980333,560.2415466308594,28.917236924171448,43.81213010052291,555.483512878418,28.168272972106934,45.64765073692184,570.1107025146484,44.93224382400513,40.250910690686396,567.2994995117188,34.90188002586365,53.33967034312056,562.8883743286133,31.38768196105957,48.17193681088143,558.3050918579102,29.923149347305298,51.92811127746838,569.9349975585938,45.80244183540344,39.16194990259952,567.2650909423828,37.227927446365356,50.0495583015677,563.9398956298828,33.64797592163086,47.112783663897396,560.1076126098633,31.946457624435425,47.287907775562836
721,28.84,571.0444259643555,67.82803058624268,18.368634369615116,562.2942733764648,63.856873512268066,15.10928326848218,555.769157409668,56.17567777633667,19.64613421030631,549.476318359375,49.44806098937988,29.327037293370317,544.4155502319336,43.54472994804382,40.737120777116935,564.2838668823242,43.84560227394104,25.51889664810717,559.7777557373047,32.081336975097656,30.41996701192958,555.2213668823242,28.40632975101471,25.6670236085507,551.3847732543945,27.25602149963379,19.41753231679986,568.0860137939453,43.6752712726593,21.82943622498842,564.45068359375,32.03878998756409,26.248709776791234,559.4341659545898,28.89615833759308,20.19139456590337,554.9786758422852,28.347378373146057,13.391675999775659,569.3868255615234,44.745529890060425,18.689233805767692,566.2379455566406,34.8607063293457,26.55880354076311,561.9620513916016,31.394201517105103,23.15864698451001,557.5498199462891,29.98105823993683,18.937217000023914,569.2775726318359,45.78727841377258,16.43999436735895,566.3045501708984,37.429407835006714,24.536107585185434,563.0171966552734,33.90936255455017,23.975200333027548,559.2090606689453,32.271326780319214,23.88691533784886
722,28.88,570.2132797241211,66.90294742584229,31.09042181999257,562.2090911865234,63.49654197692871,9.25657944529292,555.7808685302734,56.31341099739075,3.4557552112171437,549.1403198242188,49.71456527709961,10.721460692232675,543.5258102416992,43.836936950683594,23.41236562446735,563.8558197021484,43.64158272743225,11.854544587785988,558.33251953125,31.22861623764038,41.95116466932881,552.8792572021484,28.530233502388,58.63462017857643,548.5454940795898,28.550426959991455,78.0103828357295,567.2505950927734,42.869793176651,29.0120596629322,562.6429748535156,30.780458450317383,55.0636515041309,557.0070266723633,28.336527943611145,62.270535132976654,552.137451171875,28.57417345046997,71.25655072888765,568.2461166381836,43.683507442474365,38.963994011810364,564.2124557495117,33.4668231010437,61.469094942726635,559.1793823242188,30.609068870544434,72.28277980985726,554.1646194458008,29.951067566871643,84.63333367007726,567.7907180786133,44.56556797027588,48.10998382734514,564.2786026000977,36.17756366729736,59.5376843890778,560.3099060058594,33.08957576751709,70.71718778256297,555.9891128540039,32.05392837524414,80.68196048945484
723,28.92,570.5894470214844,66.53715133666992,13.117464847946772,562.578125,63.69734287261963,10.503182708092856,555.9698867797852,56.48307681083679,6.349920614699765,549.2816925048828,49.91122126579285,6.054946981965329,543.5453033447266,44.982783794403076,28.650315992231377,563.4477233886719,43.965725898742676,13.02908756831086,557.2585678100586,32.40851283073425,39.886779371777045,551.8481063842773,29.59839642047882,37.116741748001346,548.0179595947266,29.235230684280396,21.610888076383663,566.5109634399414,42.550048828125,20.144655468097476,561.1029434204102,30.483684539794922,39.20914728191367,555.4257965087891,28.092761635780334,39.997740897380815,551.0174179077148,28.345141410827637,28.580261851581916,567.4273681640625,42.82429575920105,29.671048394741877,562.5100326538086,32.20378875732422,52.99469401623097,557.2416305541992,29.3276309967041,58.07842191127365,552.5990295410156,28.536851406097412,52.74395166367538,566.9474792480469,43.45985412597656,34.76397947993524,562.6863479614258,34.539302587509155,57.11378007933444,558.6251068115234,31.154494285583496,64.14382602283976,554.6464538574219,29.697380661964417,67.80509893283545
724,28.96,570.4146575927734,67.00809717178345,12.558396693046442,562.1657943725586,63.76887559890747,10.462237967339822,555.5638885498047,56.68296217918396,11.313397014893354,549.2646408081055,50.32710313796997,10.405782405967132,543.8169860839844,45.385637283325195,12.14759349489006,562.8706359863281,44.33406114578247,17.115430248676994,556.7763137817383,33.361215591430664,26.695171591386757,551.8444442749023,30.15909433364868,14.01774680713058,548.0719375610352,29.147796034812927,2.568856600502295,566.0294723510742,42.83839702606201,14.030733050878702,560.9996795654297,31.52408480644226,26.13780952214245,555.8890533447266,28.708539605140686,19.26443295934865,551.7800521850586,28.24804186820984,19.21977110549527,567.1781539916992,43.0897057056427,9.10185912935082,562.7737045288086,33.01920175552368,21.42459473506227,558.1775665283203,29.79031205177307,26.101363785894115,554.0121459960938,28.67294132709503,35.49135970741422,566.872673034668,43.69186878204346,6.0944016415646685,563.0799102783203,35.28388023376465,21.05479708675023,559.4128036499023,31.780940294265747,25.16074461072803,555.7484436035156,30.211615562438965,30.401674844507294
725,29.0,570.3556823730469,66.49078130722046,13.016666726507509,562.2383499145508,63.539113998413086,6.023635723937898,555.6161117553711,56.56066417694092,3.3245361097706385,549.1899871826172,50.47118067741394,4.056746015186711,543.8970565795898,45.82404971122742,11.141609545012619,563.0963134765625,44.305665493011475,5.686422573484657,555.2328109741211,33.552753925323486,38.88354287542947,549.4719696044922,31.514475345611572,68.3085543203015,545.8034133911133,31.898603439331055,89.13873767290896,566.3640594482422,42.529213428497314,11.389222498549243,560.2129745483398,30.903156995773315,25.055639709161053,554.3086242675781,28.594685196876526,39.61312041307655,549.8601150512695,29.010491967201233,51.644752584084884,567.5054550170898,42.71268367767334,12.481775985308634,562.375373840332,32.40176439285278,18.369407894040275,557.0513916015625,29.464429020881653,29.30944510180274,552.5824737548828,29.08297598361969,37.18275084666611,567.0404815673828,43.46985697746277,6.957412639816372,562.8872680664062,34.89777088165283,10.787476929272815,558.7908172607422,31.534595489501953,16.724847367289357,554.9344253540039,30.394470691680908,20.8575781915742
726,29.04,570.0532150268555,66.6619348526001,8.688355411414609,562.1491241455078,63.243277072906494,7.724988849284102,555.596809387207,56.43601655960083,3.153332555141266,549.3820953369141,50.29307842254639,6.549139072058393,544.0879058837891,45.68881273269653,5.847675674760051,562.4732208251953,44.36963438987732,15.659192028047467,554.3571472167969,34.59481716156006,34.02832280071087,548.6628341674805,32.97981262207031,41.84729299195815,544.5637512207031,33.43027710914612,49.26196889811883,565.3572082519531,42.38886594772339,25.414645713991174,558.9203643798828,31.681244373321533,37.718206932282534,553.1779479980469,29.893534183502197,43.051114362316724,548.6943435668945,30.545843839645386,48.194453298588066,566.3410949707031,42.345592975616455,30.521405410366288,560.5752182006836,32.53594636917114,45.12874035555651,555.3143692016602,30.233266353607178,47.48919391526743,550.843505859375,30.226528644561768,52.03197352322522,565.9581756591797,42.97462821006775,29.755646638358634,561.3919448852539,34.473488330841064,38.85877554535546,557.2254943847656,31.46791934967041,39.16855733300606,553.3129501342773,30.674221515655518,41.13576919559923
727,29.08,570.2404403686523,66.68887138366699,4.728828165946245,562.0733642578125,63.419458866119385,4.7945010717563274,555.4704284667969,56.552066802978516,4.289507258396521,549.3818664550781,50.33501744270325,1.0484911178129863,544.2998504638672,45.50188064575195,7.065059719932874,562.7555847167969,44.70160245895386,10.895301916617091,554.3318939208984,34.803714752197266,5.260461738749993,548.4304428100586,32.78855323791504,7.524372691121671,544.0367889404297,32.84397482872009,19.707860247622943,565.8426284790039,42.710527181625366,14.558046448299963,559.6876907348633,31.721785068511963,19.209914156076668,553.6151504516602,29.37385618686676,16.978133098792377,548.603401184082,29.4418466091156,27.693415305008102,566.8998718261719,42.76810169219971,17.513301905201427,561.6239166259766,32.845505475997925,27.3358193108345,556.1610794067383,29.83130693435669,23.431943289391704,551.3431549072266,29.146170616149902,29.75758979417001,566.396598815918,43.54040265083313,17.894055964686622,562.201042175293,35.10216236114502,25.61578445420876,558.0745315551758,31.764925718307495,22.487175508346315,554.0248107910156,30.481038093566895,18.440197754866407
728,29.12,570.1622009277344,66.14233732223511,13.802646721290168,562.1012115478516,63.10865879058838,7.801128063964476,555.4833602905273,56.076200008392334,11.901061881580228,549.3371200561523,49.86342787742615,11.842691794284697,544.1054534912109,44.9446964263916,14.753059794541755,562.2713851928711,44.380799531936646,14.52075447748764,555.2959442138672,33.60839366912842,38.39096133045199,549.8571395874023,31.29497766494751,51.63714558489077,546.1880874633789,31.311464309692383,66.03348499896697,565.623893737793,42.95391082763672,8.180788705803186,560.3139495849609,31.539595127105713,16.305545875469246,554.7562789916992,29.21311855316162,28.809839158922877,550.5483627319336,29.60850477218628,48.802217969186856,566.8807601928711,43.219324350357056,11.29068038699415,562.1791839599609,33.17305326461792,16.11694306506286,557.1438217163086,30.38898468017578,28.248749034265387,552.8468704223633,29.897426962852478,42.02340455719131,566.6701889038086,43.829519748687744,9.9511378892025,562.5484848022461,35.45801639556885,12.433535117772305,558.6151885986328,32.20442533493042,17.41891844467166,554.8370742797852,31.001815795898438,24.121844229268774
729,29.16,570.5294036865234,65.65810203552246,15.192960519595445,562.274284362793,62.99546241760254,5.170083300156514,555.4946517944336,55.923500061035156,3.8279214320037407,549.0804290771484,49.57621693611145,9.630043597800398,543.7555313110352,44.523653984069824,13.686724188407426,562.25341796875,44.27366852760315,2.7156805353494238,556.0079193115234,33.28311324119568,19.569042779328985,550.6762313842773,30.343834161758423,31.380580533256598,546.8289947509766,29.64074671268463,44.735748011567466,565.5212783813477,42.86750793457031,3.3536706856669913,560.1583099365234,31.183648109436035,9.712169542437675,554.1423034667969,28.778656125068665,18.803649024250852,549.655876159668,29.29495632648468,23.64906062453028,566.7606353759766,42.9970908164978,6.315542098937171,562.0681381225586,32.52959132194519,16.32433860973682,556.7105865478516,29.80826497077942,18.112980360596854,552.2849273681641,29.470379948616028,17.644920454110387,566.5656280517578,43.50299835205078,8.571361992244078,562.4896240234375,34.96164321899414,12.496272486846314,558.392448425293,31.613541841506958,15.786792098534812,554.5753860473633,30.335075855255127,17.90640387258722
730,29.2,570.3106307983398,65.03984928131104,16.395465163693224,561.4748382568359,62.58465528488159,22.470488654903942,554.7690963745117,55.388896465301514,22.530974123822137,548.6249923706055,48.825366497039795,21.954483817673836,543.4941101074219,43.45301270484924,27.552379598567555,562.3340606689453,43.6173677444458,16.530917304170924,556.4397048950195,31.74628257751465,39.908389460623894,550.9585189819336,28.89882802963257,36.8080240035364,546.8503189086914,28.508344888687134,28.31506457143338,565.9060287475586,42.41829872131348,14.786433004072434,560.5466461181641,30.364937782287598,22.653526074194303,554.2258453369141,28.129722476005554,16.357225562214108,549.4005584716797,28.67096722126007,16.855072034084614,567.2134017944336,42.73725628852844,13.050656391717139,562.3147964477539,31.994279623031616,14.735139640963146,556.6260528564453,29.46777641773224,8.77063280709157,551.8352127075195,29.21745479106903,12.898992482913133,566.9615936279297,43.33900451660156,10.714555391454374,562.5852584838867,34.58873748779297,9.62433875612027,558.2005310058594,31.535643339157104,5.178107312908844,554.1073989868164,30.68243980407715,14.57038095290692
731,29.24,570.390625,65.02615928649902,2.028929560322181,561.6847991943359,62.25714683532715,9.725783381219038,555.0600051879883,54.912636280059814,13.95196450783901,548.7538909912109,48.38104248046875,11.566078800089802,543.1865310668945,43.304933309555054,8.534209595885777,562.2867965698242,43.34930419921875,6.804959558358139,556.7348861694336,31.557705402374268,8.756902125917444,551.8035888671875,28.52591872215271,23.092266868046945,547.9573059082031,28.080866932868958,29.66645432764131,565.9106063842773,42.36775517463684,1.268760435568439,561.3943481445312,30.695693492889404,22.74859975914372,555.824089050293,28.537126779556274,41.23379404313623,551.4341735839844,28.941668272018433,51.28882361121481,567.3788070678711,42.92657017707825,6.284835562625227,563.3543014526367,32.797508239746094,32.84192124676049,558.3907699584961,30.39017915725708,49.78110374525559,553.985710144043,30.08136749267578,57.93846078217037,567.3997116088867,43.7321662902832,14.716562640490288,563.7137603759766,35.406739711761475,34.84469255557239,559.8098754882812,32.50371336936951,46.951765452011855,555.919303894043,31.69267773628235,51.86267969659117
732,29.28,570.3931427001953,65.33499956130981,7.721263423149996,561.7712783813477,62.073447704315186,5.075924824647606,555.1390075683594,54.61213231086731,7.767883061231553,549.0361404418945,48.287193775177,7.4360747330214405,543.8822555541992,43.33550691604614,17.40989854309256,562.3071670532227,43.56136679649353,5.325968324915882,557.2870635986328,32.12928056716919,19.868286324054857,552.6767730712891,28.863914608955383,23.407956363542354,548.6788940429688,27.860795259475708,18.860026803809145,565.7284545898438,42.638593912124634,8.159844435533063,561.8843078613281,31.922818422317505,33.03309057320018,557.014045715332,29.586076140403748,39.65705821708484,552.8632736206055,29.54838216304779,38.813888141347,567.0676422119141,43.05850625038147,8.449507937649141,563.5152435302734,33.347407579422,14.32418488365957,559.0142440795898,30.533723831176758,15.99462904157851,554.6958541870117,29.79981243610382,19.0980661921116,567.0138931274414,43.64426136016846,9.892648070765903,563.7145233154297,35.42954206466675,0.5703778213965758,559.9929046630859,32.18801736831665,9.122898522072425,556.0857009887695,31.100646257400513,15.374273664153504
733,29.32,570.0780868530273,64.74886894226074,16.635979258477228,561.5438842773438,61.50820970535278,15.231588763297973,555.0227737426758,54.12844777107239,12.43636392473875,549.0586471557617,47.88227677345276,10.138550514448866,544.1268157958984,43.09274196624756,8.614832146895306,562.4071502685547,43.43651533126831,3.998791357789843,557.1912384033203,32.00538754463196,3.9156695699849435,552.1366500854492,28.90955150127411,13.551189195349679,548.0970764160156,28.17189931869507,16.49426958628604,565.6341552734375,42.31790542602539,8.356639059428682,561.2786865234375,31.299158334732056,21.733170353107724,555.6780624389648,28.996683955192566,36.5054316396959,551.1928939819336,29.021551609039307,43.787259633414415,566.8523406982422,42.50082492828369,14.944965682591215,562.6974105834961,32.46417760848999,30.093042285417354,557.6446151733398,29.885600209236145,37.88096133080071,553.2133483886719,29.485749006271362,37.8851824602095,566.7275238037109,43.00957202911377,17.407576233649184,563.1313705444336,34.651150703430176,24.315122166670097,559.2697525024414,31.477525234222412,25.344478196130797,555.4514694213867,30.594874620437622,20.280141607940344
734,29.36,570.2790832519531,63.587894439697266,29.45612572097317,561.5481567382812,61.35519504547119,3.826857397162004,554.9013900756836,54.08946990966797,3.1872076622935515,549.059944152832,47.54690408706665,8.384379858374865,544.0837860107422,42.61826276779175,11.910658886525272,562.4155807495117,43.28513860702515,3.790282447568865,556.494140625,31.822139024734497,18.019526432868,551.1199951171875,28.8065242767334,25.546549834172794,547.0462799072266,28.059248328208923,26.420441287722557,565.8625030517578,41.86890363693237,12.593284779808075,560.8103942871094,30.523728132247925,22.646600428234485,554.6974945068359,28.397417664527893,28.729705409281475,549.9571228027344,28.588539361953735,32.73597040589987,567.0512390136719,41.932750940322876,15.047188185805515,562.3126220703125,31.72962784767151,20.730797605804526,556.8614196777344,29.371946454048157,23.415210928948216,552.2426986694336,28.949246406555176,27.72629524656581,566.7225646972656,42.409504652023315,15.002196709668747,562.5230407714844,33.972777128219604,22.77959366681642,558.3275985717773,31.004490852355957,26.355923853726914,554.3798446655273,30.112212896347046,29.382626215086194
735,29.4,569.9787139892578,63.83653163909912,9.748145685799802,561.5975952148438,61.14548921585083,5.386365770488535,555.0912094116211,53.91667127609253,6.4172983052299974,549.1470336914062,47.62108325958252,2.859975673433409,543.9677429199219,42.81469702720642,5.7037497095618095,562.2210693359375,43.114306926727295,6.471966133063242,556.2409210205078,31.967167854309082,7.295269422156125,550.9452438354492,29.352176785469055,14.3238147580936,546.9003677368164,28.892531991004944,21.149054709320854,565.7006454467773,42.079503536224365,6.640321992936917,560.9784317016602,31.14651918411255,16.126555486439827,555.4497146606445,29.051676392555237,24.92350350316672,550.9278869628906,29.273968935012817,29.70897122785289,566.9519424438477,42.417805194854736,12.377839033387318,562.5527191162109,32.874451875686646,29.24325399312163,557.5921249389648,30.44973850250244,32.55347407056936,553.1233596801758,29.900976419448853,32.416757175919535,566.7605590820312,42.98749566078186,14.480961196503813,562.8573608398438,35.034213066101074,27.821036985684643,558.8161087036133,32.11948871612549,30.432942524476903,554.8217391967773,31.180615425109863,28.9045275456052
736,29.44,569.2566299438477,63.92307758331299,18.181301677406214,561.075325012207,60.997724533081055,13.569279780911634,554.8754501342773,53.92186403274536,5.395543906870787,549.0158462524414,47.504342794418335,4.390222114889576,544.0617370605469,42.6271390914917,5.244811586308412,561.8450927734375,43.26773285865784,10.151905367284254,555.9723281860352,32.62638330459595,17.795840817220647,550.5570983886719,29.83210802078247,15.431114640626353,546.3002777099609,29.056904911994934,15.554872578355045,564.99755859375,42.068413496017456,17.579357779290543,559.7964096069336,31.42514705657959,30.360436053123486,553.939208984375,29.169058799743652,37.87649359728126,549.2338180541992,29.186752438545227,42.40781314105761,566.170768737793,42.21131086349487,20.200127906695485,561.6471862792969,32.48059630393982,24.68693898255778,556.3781356811523,29.8973286151886,33.34410181807119,551.8020629882812,29.37283158302307,35.57353226289392,565.9453201293945,42.72449612617493,21.415288129915474,562.1564483642578,34.53674554824829,21.48767422486983,558.0964279174805,31.294105052947998,27.376981953013875,554.2082595825195,30.149517059326172,29.99501080421244
737,29.48,569.1355133056641,63.40851545333862,13.215602181906313,561.1428070068359,60.705814361572266,7.490217279449675,554.7723388671875,53.69066119194031,6.3288371264593355,548.9388656616211,47.36425280570984,3.9961869559768273,544.1268920898438,42.40107536315918,5.881644493160259,561.5495300292969,43.37818622589111,7.8881747753007465,555.4068374633789,32.494168281555176,14.518534915065457,550.0650787353516,29.928547739982605,12.534551215860334,546.2435150146484,29.56580400466919,12.80137419634656,565.034065246582,42.16750144958496,2.639976117694351,560.1992416381836,31.23851180076599,11.099165624992054,554.7066879272461,29.448171257972717,20.41641025145586,550.6901168823242,30.073689222335815,42.62821201416265,566.4003753662109,42.35947251319885,6.831502317228249,562.2166061401367,32.617671489715576,14.642160540591451,557.2494506835938,30.370895862579346,24.79233464299899,553.1960296630859,30.19559383392334,40.46665920832632,566.4118576049805,42.99649715423584,13.500966988337652,563.0380630493164,34.795124530792236,22.96742464246111,559.2009735107422,31.814045906066895,30.520069814139188,555.5493545532227,31.04737401008606,40.34757446607741
738,29.52,569.2173385620117,63.111655712127686,7.6982578600690745,561.109504699707,60.72892427444458,1.0133828660339725,554.7124862670898,53.57908844947815,3.16532093544409,548.9429473876953,47.14814901351929,5.403558404357386,544.2246627807617,42.093679904937744,8.064237244531535,561.4319610595703,43.18739891052246,5.602581009462456,555.1670837402344,32.315332889556885,7.477631024965683,549.691162109375,29.827494621276855,9.683277337175635,545.8213806152344,29.421295523643494,11.154599731081376,565.0016403198242,42.00088620185852,4.243525704690663,560.1131439208984,31.331849098205566,3.1745735948941265,554.6008682250977,29.821409583091736,9.698732413968921,550.6615447998047,30.551801919937134,11.974141814424339,566.3935089111328,42.27985382080078,1.9978557856672556,562.199592590332,32.7415931224823,3.1271024871803546,557.194709777832,30.795668363571167,10.707130928803366,553.1528472900391,30.700392723083496,12.66606282155408,566.4734268188477,42.91151404380798,2.623558789389986,562.9498291015625,34.86066699028015,2.747845011545871,558.9936447143555,32.06819415092468,8.19971646519941,555.3183746337891,31.37130618095398,9.946223356906401
739,29.56,568.8813781738281,63.072988986968994,8.454455114870235,560.9069442749023,60.451955795288086,8.578398165716779,554.6299743652344,53.371278047561646,5.589799699704442,548.7870788574219,47.038564682006836,4.763384067723826,544.0283584594727,42.06701159477234,4.952687737723688,561.2528228759766,42.81064510345459,10.429343218816642,555.1918792724609,32.28839635848999,0.9152851756134102,549.6882629394531,29.966982007026672,3.4879377834146257,545.5206680297852,29.618196487426758,8.986032515323851,564.4906234741211,41.63507580757141,15.711370507550852,559.2251205444336,31.339967250823975,22.201512076179032,553.3732223510742,29.476080536842346,31.882269192592403,548.7662506103516,29.90385890007019,50.074757997225205,565.692024230957,41.890225410461426,20.06070559989247,561.0968017578125,32.44143605232239,28.57273489552697,555.8049392700195,30.106641054153442,38.779994016799776,551.2764358520508,29.745649695396423,52.633485856975646,565.534782409668,42.49523162841797,25.67031817400241,561.6753768920898,34.50326085090637,33.09047807424936,557.5107574462891,31.522557735443115,39.50216566605101,553.6088562011719,30.62463641166687,46.63668764921823
740,29.6,568.9592361450195,63.06893348693848,1.949088049341822,560.8206176757812,60.59185981750488,4.109852274432441,554.4972229003906,53.412230014801025,3.4731123505201205,548.7796783447266,47.134974002838135,2.4173235110481426,544.2015838623047,42.2364342212677,6.057591649889944,561.4278030395508,42.864378690719604,4.576117079797791,554.7199249267578,32.52952337265015,13.24960238520993,549.0863037109375,30.05299687385559,15.201839323555616,544.9053192138672,29.494131803512573,15.693275053473796,564.6942520141602,41.53250455856323,5.70007913549989,559.0446090698242,31.25316023826599,5.007485015884529,552.9604339599609,29.45248246192932,10.336559055649635,548.252067565918,29.966440200805664,12.949435856069726,565.8179092407227,41.72584533691406,5.176137813510672,560.8776473999023,32.37781763076782,5.705038132656699,555.4042053222656,30.208911895751953,10.339457853403694,550.8531188964844,29.958738684654236,11.848105392132503,565.5149078369141,42.36802697181702,3.2186976503623,561.3550186157227,34.55716252326965,8.121530625462242,557.0755386352539,31.655055284500122,11.373516771017028,553.1428909301758,30.76312780380249,12.152764589542095
741,29.64,568.9184951782227,63.164591789245605,2.5993192829837843,560.8607482910156,60.45527458190918,3.5589669201384107,554.5127868652344,53.37981462478638,0.8989558218633632,548.8463973999023,47.09864616394043,1.89920118117568,544.2101669311523,42.05798149108887,4.466475538604445,560.9240341186523,42.921931743621826,12.676145893999635,554.5820236206055,32.502039670944214,3.515334630051519,549.3359756469727,30.216972827911377,7.467604583802645,545.5467987060547,30.094295740127563,21.961510218310565,564.2462539672852,41.762248277664185,12.586809228070669,559.2047119140625,31.330654621124268,4.446789579838222,553.8240432739258,29.529388546943665,21.67567174678592,549.6770858764648,30.218918323516846,36.18029840121582,565.5560684204102,42.07090973854065,10.829071302858726,561.1194229125977,32.861645221710205,13.521846589320532,556.3032913208008,30.678545236587524,25.358813896581633,552.2162628173828,30.485612154006958,36.53557343355702,565.5432510375977,42.74218440055847,9.380735529111227,561.8121337890625,34.95209097862244,15.102209410895204,557.8834533691406,32.05068826675415,22.489604180021487,554.1538619995117,31.187210083007812,27.407894421250123
742,29.68,568.9634704589844,62.79769420623779,9.241097482732034,560.692138671875,60.22799491882324,7.074834314279199,554.3032836914062,53.05710196495056,9.61883051176065,548.7417602539062,46.61326289176941,12.413345973831321,544.0486907958984,41.73887014389038,8.941007848928816,561.0001754760742,42.83822178840637,2.8289643546953553,554.7368621826172,32.58666515350342,4.411381060977037,549.5751571655273,30.35597562789917,6.915994922215309,545.8761596679688,30.196731090545654,8.623066603891331,564.4734191894531,41.57970070838928,7.285587365253996,559.5536804199219,31.2610924243927,8.895852871417317,554.1812515258789,29.39107060432434,9.576324598777763,550.0563430786133,30.007399320602417,10.856343594166928,565.7997131347656,41.84070825576782,8.379866850977042,561.3716506958008,32.83806324005127,6.333194517704167,556.6729354858398,30.637389421463013,9.298205803607647,552.7287292480469,30.39525032043457,13.00930204517445,565.7477951049805,42.52029776573181,7.544532549146277,562.0247268676758,34.95503783226013,5.315337537531999,558.1569290161133,32.183886766433716,7.6047176888757715,554.4704437255859,31.363996267318726,9.064951194275118
743,29.72,568.8351440429688,62.91739225387573,4.387146827363264,560.7440185546875,60.27907848358154,1.8202082348343835,554.4141387939453,53.052978515625,2.7732941370875333,548.7705230712891,46.721566915512085,2.801457346481816,544.0752410888672,41.712995767593384,0.9268230027508824,560.762939453125,42.785242795944214,6.076990632041265,554.5388031005859,32.602808475494385,4.967897368351968,549.4693374633789,30.399584770202637,2.8613334582878536,545.7598495483398,30.218217372894287,2.956952005154088,564.1300582885742,41.61824941635132,8.637950825351911,559.0854263305664,31.532020568847656,13.524606086128832,553.7618255615234,29.608588814735413,11.811866687677647,549.5501708984375,30.1772940158844,13.348091705110447,565.4452896118164,42.02808737754822,10.02269203167641,560.9905624389648,33.16590428352356,12.567517885486911,556.2693786621094,30.914182662963867,12.23398464626241,552.1743774414062,30.583122968673706,14.633054565821837,565.4388427734375,42.78699517250061,10.203524205606568,561.672477722168,35.31141400337219,12.527056613772963,557.7767944335938,32.543227672576904,13.077370426979625,554.0315628051758,31.69405460357666,13.728505190693143
744,29.76,569.067268371582,62.68279552459717,8.25065638761421,560.9444046020508,60.73100566864014,12.359023742110045,554.8391342163086,53.940632343292236,24.603739893586802,549.3854141235352,47.48700141906738,24.545633335754115,544.6022796630859,42.589627504348755,25.57162564006822,560.7198333740234,43.27645540237427,12.327508841289594,553.9370346069336,32.88106441497803,16.574673598040615,548.2456207275391,30.87750792503357,32.84331354608265,544.2448043823242,30.963971614837646,42.216045856728364,564.1216278076172,41.89136266708374,6.831083403037069,558.6938858032227,31.428372859954834,10.125673808176701,552.755012512207,29.87644851207733,26.045888995841366,548.2223129272461,30.683598518371582,35.52772720790895,565.4310607910156,42.05572485923767,0.777130030752416,560.4611206054688,32.825907468795776,15.730275130316857,555.0009536743164,30.72575569152832,32.058605252938385,550.3954315185547,30.535064935684204,44.48987364393313,565.4207229614258,42.669711112976074,2.96688791137858,561.1825561523438,34.90256309509277,15.952707642041771,556.8335723876953,32.09016680717468,26.15974932539306,552.7782821655273,31.26819133758545,33.09146305165331
745,29.8,569.2662811279297,62.781150341033936,5.549760530047774,561.1325836181641,60.94139814376831,7.056749238137283,554.9134826660156,54.12920594215393,5.067524923562917,549.2940139770508,47.56608009338379,3.021529363274236,544.6022796630859,42.5119149684906,1.9428133964538574,560.9140777587891,43.74189019203186,12.608539379042478,553.8924789428711,32.946674823760986,1.9827274366257037,547.9335021972656,30.94486713409424,7.982607656075238,543.6903762817383,31.12951397895813,14.465363654215738,564.0726852416992,42.17623472213745,7.226144481549239,558.0828475952148,31.441662311553955,15.27956767159178,551.6692733764648,29.88170027732849,27.143795929277807,546.7734146118164,30.73902726173401,36.24895407151188,565.223503112793,42.17122435569763,5.93824066283968,559.9392318725586,32.633056640625,13.909513189376963,554.0654754638672,30.64814329147339,23.46730660498185,549.1476440429688,30.642024278640747,31.30908299993412,565.0761032104492,42.66305923461914,8.617098563641628,560.5511093139648,34.84463095664978,15.85246909718039,555.9847259521484,32.20078468322754,21.400592655973924,551.8376541137695,31.52649164199829,24.386217662512067
746,29.84,569.2994689941406,62.936153411865234,3.9629050605874765,560.9431076049805,60.89017152786255,4.906967351958961,554.7127151489258,53.9243745803833,7.1704028252964696,549.2631149291992,47.37423062324524,4.858045540040734,544.6336364746094,42.41610646247864,2.5202330563313873,560.8823394775391,43.66290807723999,2.1280115356977403,554.1746520996094,32.95923471450806,7.0613136720100185,548.5395812988281,30.778781175613403,15.710594016365691,544.6535491943359,30.843851566314697,25.116044094849997,564.2831039428711,42.30095028877258,6.115043047885111,559.0978622436523,31.307566165924072,25.59585553384928,553.2823944091797,29.722251892089844,40.524554699452096,549.0236663818359,30.684632062911987,56.27272799795497,565.6271743774414,42.46928930282593,12.544749962869496,560.9016036987305,33.082906007766724,26.55800238307654,555.6266784667969,31.001136302947998,40.01530084313521,551.3956451416016,30.84657311439514,56.43220028086142,565.6366348266602,43.12416315078735,18.145462832994024,561.5016937255859,35.423548221588135,27.824853135963785,557.2408676147461,32.735835313797,34.13366239676731,553.3730316162109,31.980915069580078,40.030337921212876
747,29.88,568.8964080810547,62.72989511489868,11.319247565684643,560.8736419677734,60.5324649810791,9.109728603405175,554.7202682495117,53.59504222869873,8.235473847726931,549.1191101074219,47.09228754043579,7.9147524692508515,544.4841766357422,42.26739764213562,5.27094374151925,560.7356262207031,43.51038694381714,5.290762933641934,554.2116928100586,32.98287391662598,1.0985291607857792,548.4839630126953,30.842360258102417,2.1118258513807735,544.4468307495117,30.89450240135193,5.32083302456676,563.776741027832,41.90271019935608,16.105095671582525,558.3129501342773,31.090006828308105,20.362635586218484,552.209587097168,29.45869266986847,27.617691254019416,547.6278305053711,30.487525463104248,35.24209845584315,564.8887252807617,41.766207218170166,25.49058019826807,559.9134063720703,32.24299192428589,32.42288566784011,554.3578720092773,30.221643447875977,37.22800472889658,549.7773742675781,30.284156799316406,42.830426780935504,564.7383880615234,42.223044633865356,31.80862533003312,560.4608917236328,34.423720836639404,36.080843315420246,556.0910034179688,31.792166233062744,37.18785928367815,552.0993804931641,31.211775541305542,37.19679755362804
