frame,time_s,WRIST_x,WRIST_y,WRIST_speed_px_s,THUMB_CMC_x,THUMB_CMC_y,THUMB_CMC_speed_px_s,THUMB_MCP_x,THUMB_MCP_y,THUMB_MCP_speed_px_s,THUMB_IP_x,THUMB_IP_y,THUMB_IP_speed_px_s,THUMB_TIP_x,THUMB_TIP_y,THUMB_TIP_speed_px_s,INDEX_FINGER_MCP_x,INDEX_FINGER_MCP_y,INDEX_FINGER_MCP_speed_px_s,INDEX_FINGER_PIP_x,INDEX_FINGER_PIP_y,INDEX_FINGER_PIP_speed_px_s,INDEX_FINGER_DIP_x,INDEX_FINGER_DIP_y,INDEX_FINGER_DIP_speed_px_s,INDEX_FINGER_TIP_x,INDEX_FINGER_TIP_y,INDEX_FINGER_TIP_speed_px_s,MIDDLE_FINGER_MCP_x,MIDDLE_FINGER_MCP_y,MIDDLE_FINGER_MCP_speed_px_s,MIDDLE_FINGER_PIP_x,MIDDLE_FINGER_PIP_y,MIDDLE_FINGER_PIP_speed_px_s,MIDDLE_FINGER_DIP_x,MIDDLE_FINGER_DIP_y,MIDDLE_FINGER_DIP_speed_px_s,MIDDLE_FINGER_TIP_x,MIDDLE_FINGER_TIP_y,MIDDLE_FINGER_TIP_speed_px_s,RING_FINGER_MCP_x,RING_FINGER_MCP_y,RING_FINGER_MCP_speed_px_s,RING_FINGER_PIP_x,RING_FINGER_PIP_y,RING_FINGER_PIP_speed_px_s,RING_FINGER_DIP_x,RING_FINGER_DIP_y,RING_FINGER_DIP_speed_px_s,RING_FINGER_TIP_x,RING_FINGER_TIP_y,RING_FINGER_TIP_speed_px_s,PINKY_MCP_x,PINKY_MCP_y,PINKY_MCP_speed_px_s,PINKY_PIP_x,PINKY_PIP_y,PINKY_PIP_speed_px_s,PINKY_DIP_x,PINKY_DIP_y,PINKY_DIP_speed_px_s,PINKY_TIP_x,PINKY_TIP_y,PINKY_TIP_speed_px_s
12,0.48,557.062873840332,65.25790929794312,,578.0490112304688,65.92060089111328,,594.8330307006836,53.96728277206421,,602.9790496826172,40.023229122161865,,605.9236145019531,27.506779432296753,,587.5455856323242,20.408395528793335,,602.204475402832,18.638307452201843,,604.0338897705078,33.556376695632935,,597.9840850830078,45.863685607910156,,580.6803512573242,15.106682181358337,,600.7795333862305,17.443758845329285,,601.674919128418,35.5957818031311,,594.9928665161133,48.736056089401245,,572.5468444824219,12.989856004714966,,596.9998550415039,19.012693762779236,,596.0649108886719,37.910131216049194,,587.5999450683594,50.88572859764099,,562.7903747558594,14.10804033279419,,585.8468246459961,22.186092138290405,,590.0004577636719,36.356685161590576,,587.1335220336914,47.30869174003601,
13,0.52,554.8019790649414,61.71416759490967,105.08850568451523,574.6090316772461,60.369930267333984,163.25479261777508,593.3071136474609,45.39560079574585,217.6610822420615,603.8541412353516,31.1843204498291,222.053050732683,609.58251953125,17.81478703022003,258.9911952356282,584.5753860473633,9.374848008155823,285.6585116715721,605.0846862792969,10.200151205062866,222.9042613209157,605.6691741943359,29.485892057418823,109.66711088776783,598.1115341186523,44.31049704551697,38.960219832507846,575.8608245849609,5.860723257064819,260.666925615027,600.9941482543945,12.279297709465027,129.22296227231013,600.4994201660156,32.989357709884644,71.48096059644405,593.3184814453125,45.86485147476196,83.09400288395685,566.2614822387695,7.139959931373596,214.66116119774847,593.7873458862305,16.67748749256134,99.28936057422212,592.1459579467773,36.7978835105896,101.84328377182001,584.6597290039062,48.89335870742798,88.79192068079603,555.9379577636719,13.20567011833191,172.7894141700539,580.0280380249023,22.628005743026733,145.88858200667786,581.5768432617188,37.7576744556427,213.48309692977404,577.7680587768555,47.77944803237915,234.43217769475018
19,0.76,416.7339324951172,58.54341745376587,,415.08724212646484,87.75868892669678,,395.4310607910156,112.1597671508789,,370.2198791503906,129.97804641723633,,352.0595169067383,144.45111751556396,,389.55406188964844,81.85956001281738,,359.26368713378906,121.68205261230469,,347.2222900390625,146.16986274719238,,339.7884750366211,163.95873069763184,,368.2704544067383,68.33938121795654,,332.7933120727539,110.75289487838745,,326.94427490234375,138.4795904159546,,329.6101379394531,156.5115737915039,,351.95213317871094,62.469749450683594,,316.4729309082031,98.38989973068237,,314.0749740600586,123.61427307128906,,320.51090240478516,139.69565391540527,,342.10887908935547,64.16928291320801,,313.9620590209961,90.09310483932495,,311.45952224731445,109.73273992538452,,317.22408294677734,122.06156730651855,
20,0.8,398.8069152832031,74.06180620193481,592.7680487844506,398.4621047973633,102.05409049987793,548.1524065839242,381.3897705078125,128.23277950286865,533.5608909044435,359.10099029541016,147.26436138153076,513.8375073978875,342.7405548095703,162.10558891296387,499.076281049591,372.03155517578125,105.10533571243286,727.7552513613153,343.56605529785156,142.32617855072021,648.3611941935795,331.9017791748047,166.28196716308594,632.0674396265237,324.87003326416016,183.1710720062256,608.1087297290085,351.53175354003906,90.07400751113892,685.8289176286659,319.57799911499023,130.97833156585693,604.0037177919897,312.080078125,157.13516235351562,596.3297693773928,312.82623291015625,173.40157985687256,595.2792269812581,336.34532928466797,82.17357873916626,628.3973744856743,303.4596633911133,117.94531345367432,587.2389512310594,299.1912841796875,141.88450813293457,589.1337463083202,302.32818603515625,157.37345695495605,633.993244681835,326.7706298828125,81.0395622253418,570.0154673293005,301.82323455810547,105.9455394744873,499.15600216951646,298.67475509643555,124.60078239440918,490.22249920502503,302.32906341552734,136.4970874786377,518.5592115877279
21,0.84,384.18094635009766,81.45432472229004,409.7013373376097,385.47088623046875,111.99119567871094,408.89929932993203,368.37230682373047,139.8345708847046,435.9299858019327,344.79068756103516,157.84043312072754,444.8581640408669,328.2330322265625,169.57039833068848,407.88447440684087,358.4156799316406,120.87534427642822,520.8678027895421,331.9953918457031,159.7097682952881,522.0568965222617,322.6728057861328,181.67478561401367,448.6875372071547,316.65632247924805,196.78547859191895,397.5055907930354,338.0573272705078,106.6820240020752,534.6648337137512,309.4272804260254,150.32019138336182,546.0910129631038,302.9311752319336,175.22455215454102,506.784253603173,303.12583923339844,190.3476905822754,488.15232394823227,322.89573669433594,98.15571784973145,522.2070419116418,293.9094543457031,136.8660306930542,529.8584915236809,290.8062934875488,159.67074394226074,491.59069176768446,294.2106246948242,173.7830114364624,457.6900427661021,313.50093841552734,95.14154434204102,484.0910369294222,293.7236976623535,124.31323528289795,501.855773128566,292.8569221496582,142.39439964294434,468.01441950540885,296.9156265258789,153.3522891998291,442.57988263438125
22,0.88,378.88980865478516,90.1318359375,254.08578644924674,379.5270538330078,120.60855388641357,261.71072538320607,362.7848815917969,146.43537998199463,216.2030316931794,339.906005859375,162.9983425140381,177.59529948054427,323.5267639160156,173.0709743499756,146.63516349614468,352.57274627685547,131.35352611541748,299.92933370331724,326.8528747558594,172.75114059448242,350.4665403657748,316.5219497680664,195.51664352416992,378.6737218238966,309.7383689880371,211.86784744262695,414.8312387701811,332.4727249145508,118.15263032913208,318.9461092650276,303.5165786743164,162.69882202148438,342.93484409644253,297.77408599853516,187.95865058898926,343.46836853945814,298.8061332702637,203.0700159072876,335.8919294983405,318.10338973999023,108.67184400558472,288.9155355123793,286.6772651672363,147.6213026046753,324.0181651987643,284.1780662536621,170.59759140014648,319.5009699045741,288.6897659301758,184.1759490966797,294.2076591333473,310.0372314453125,104.08475875854492,239.76335999673486,287.6979637145996,132.3344850540161,250.81108116939467,286.4846420288086,149.59962844848633,240.46995144766424,290.5259704589844,159.4652795791626,221.07175875581945
23,0.92,375.94696044921875,94.1982650756836,125.48954512446939,375.64022064208984,126.4463996887207,175.33524293752333,360.164794921875,151.41815185546875,140.7410514495218,339.3134307861328,168.85375499725342,147.13301925048538,323.80626678466797,180.52212238311768,186.40971149825813,348.5797882080078,142.50230312347412,296.0563110657202,324.24373626708984,182.2382926940918,245.98483008955694,313.677978515625,204.18344020843506,228.03719166385764,307.03060150146484,220.3771448135376,223.243346076547,328.98670196533203,128.7515115737915,278.936193018306,301.11093521118164,170.23211002349854,197.70171438465943,292.30791091918945,195.15831470489502,225.98981362541696,289.8060989379883,211.83538913726807,314.07839969006346,314.88245010375977,117.82023668289185,242.47105589952272,284.6785354614258,153.6412525177002,158.57710544128457,278.7623405456543,177.133526802063,212.20352336024337,280.1494598388672,193.15338134765625,309.76918620373294,306.6861915588379,111.2131404876709,196.91891477979078,282.78385162353516,137.46787548065186,177.65872289980118,278.2811737060547,156.14075660705566,262.30141310767783,280.21018981933594,169.27451133728027,355.8759948087693
24,0.96,371.6579055786133,98.93134117126465,159.68328225276375,372.884521484375,131.04479312896729,134.0221532040811,356.41021728515625,156.59204006195068,159.8162468339057,335.96282958984375,175.33345699310303,182.36821668603454,319.44568634033203,187.89334774017334,214.1109891446861,343.6750793457031,150.86281299591064,242.32505848430986,318.89305114746094,191.40353679656982,265.3200080886128,307.3388862609863,212.80739307403564,267.5778550732017,300.93835830688477,227.72186279296875,238.563813972392,324.37068939208984,136.60414695739746,227.72167022512127,294.1777801513672,177.96813011169434,259.7049358026332,283.53418350219727,201.5487241744995,271.35726678229383,281.24656677246094,217.0354700088501,250.38274696413606,310.40382385253906,124.67353820800781,204.67326842476288,281.16580963134766,162.66424655914307,242.0661895913125,273.614444732666,185.49327850341797,245.44128601573146,273.98523330688477,201.1475372314453,252.36904652699997,302.74492263793945,116.23373508453369,159.56967681252877,278.51078033447266,144.41179275512695,203.8337640029307,271.922607421875,162.57895946502686,226.2214363608905,271.54571533203125,175.81541061401367,271.4043126609327
25,1.0,366.2628173828125,101.45907640457153,148.94718453652024,367.77313232421875,134.28056716918945,151.23767054279688,350.7627868652344,159.98202323913574,164.6690929740928,329.873046875,177.56449699401855,162.1399723227104,313.9762496948242,189.2087173461914,140.63457616207836,337.5986099243164,155.00989437103271,183.9187398026167,313.051700592041,194.85342979431152,169.600888129993,301.7398262023926,216.09416484832764,162.31208795870376,294.9496078491211,231.04522705078125,171.22697296912332,318.0167579650879,140.9000587463379,191.74739678382932,288.2126235961914,181.74509525299072,176.50877882970266,277.8363800048828,205.40863037109375,172.05348103953645,274.79589462280273,221.1788034439087,191.66765366196122,304.3357849121094,129.172625541687,188.8499460859131,275.2557945251465,166.3191318511963,173.72115777445083,267.45460510253906,189.01491165161133,177.38645012256578,267.3810577392578,204.5485782623291,185.7118315795265,297.31151580810547,120.74392318725586,176.53559573854923,273.0914497375488,148.27528953552246,166.3876338007148,266.3804244995117,166.54815673828125,170.4228537692079,266.58935546875,180.2625560760498,166.47560980300895
26,1.04,363.7949752807617,102.7698826789856,69.85904437552134,363.8718795776367,136.00117206573486,106.59577325910337,346.89247131347656,160.6416893005371,98.15326593758601,326.26747131347656,176.7987298965454,92.14992667328707,310.6793403625488,187.38641738891602,94.17532943773827,334.8573684692383,156.0752820968628,73.524892559375,311.3895797729492,195.05311489105225,41.85182011513013,300.9689712524414,216.49778366088867,21.753239697189414,295.1052665710449,231.75338745117188,18.1266514832506,315.0263023376465,142.23363876342773,81.85833999079341,285.8307075500488,182.11225032806396,60.25117685584828,275.76011657714844,204.93624687194824,53.23307237758925,272.51699447631836,220.13550281524658,62.65910787454037,301.1501121520996,130.76396942138672,89.0255801628314,272.7670669555664,167.76020050048828,71.89594811062116,264.87890243530273,189.79312419891357,67.26746519857772,264.0324020385742,204.9107551574707,84.20461353562798,293.7647819519043,122.61772155761719,100.28223103911655,270.20111083984375,150.13285160064697,85.89454206095056,263.02547454833984,168.2083797454834,93.58161414145246,262.3767852783203,181.77387714385986,111.88677027273866
27,1.08,364.2628479003906,102.65802383422852,12.026460133514032,363.5002899169922,136.411771774292,13.844470840490732,346.34754180908203,160.8347225189209,14.452724400594708,325.93177795410156,176.77001953125,8.422971439902785,310.41913986206055,187.00013637542725,11.643595928563666,333.55812072753906,156.96382999420166,39.3506834452707,311.38763427734375,196.02274417877197,24.240780986761433,300.8034133911133,216.6299057006836,5.295377633318137,294.8714828491211,230.7473659515381,25.82070494731379,314.43504333496094,143.04184913635254,25.034865876912036,286.0465621948242,182.7165126800537,16.041473936785117,276.2483024597168,204.41393852233887,17.873364750563844,273.856201171875,218.30872535705566,56.62701682489004,301.0965919494629,131.17243766784668,10.298990255613376,273.8683319091797,167.72546768188477,27.54531342561978,266.7961883544922,189.4505739212036,48.69115672199443,266.9467353820801,204.05869960784912,75.90840490646843,294.03247833251953,122.15662479400635,13.329281151071292,271.0329055786133,148.67956638336182,41.86227724802066,264.58290100097656,166.08701705932617,65.79208159798182,264.67573165893555,179.04589176177979,89.18750860471744
28,1.12,365.67691802978516,103.56622695922852,42.01508097625209,363.4832763671875,137.66701698303223,31.38401259939397,345.32249450683594,162.2429609298706,43.544929339678504,324.5093536376953,178.13138008117676,49.22266679844175,308.47570419311523,188.981294631958,69.38087919569827,334.26055908203125,157.37327098846436,20.326423222687822,308.6679267883301,198.34487915039062,89.40469664750354,297.72851943969727,217.7713108062744,81.99763116823708,291.82411193847656,230.74098587036133,76.18443973541406,315.62591552734375,142.17474460601807,36.827697161216285,285.0751304626465,183.80338668823242,36.44323256738048,277.3274612426758,203.10690879821777,42.37415470081364,276.4793586730957,213.5738468170166,135.32375545597327,302.7603530883789,129.28954124450684,62.81620048001696,271.8611145019531,165.69329738616943,71.40832335353608,268.8498115539551,183.36040019989014,160.67744124710973,272.45092391967773,192.34142303466797,323.64203001719477,295.99937438964844,119.61127281188965,80.41881314567603,271.76048278808594,146.78186416625977,50.80995412157233,268.07872772216797,162.67300128936768,122.15847325841023,270.5916976928711,171.8833351135254,232.24565638313388
29,1.16,367.26036071777344,103.91924858093262,40.55794474833312,362.5973892211914,138.44504356384277,29.475852361391254,343.4307098388672,162.06677913665771,47.49927140376302,322.4045181274414,176.87426090240479,61.29172637305004,306.7683219909668,187.1719264984131,62.194086469801746,332.4394226074219,156.1286973953247,55.14470445956936,304.6556282043457,193.9064598083496,149.5787965063206,293.50847244262695,210.9201192855835,201.16476752694123,287.8050422668457,221.65812492370605,248.30838185824814,315.2840042114258,140.57743549346924,40.83732781555591,283.1439781188965,180.68883419036865,91.61668324028301,276.61998748779297,199.23099517822266,98.49881186945747,276.87856674194336,209.14978981018066,111.05079772892006,303.27795028686523,127.73666381835938,40.92168710261756,271.21740341186523,162.7757978439331,74.69173124604944,268.9309883117676,180.45098304748535,72.76373509824502,272.61953353881836,189.2950201034546,76.27663478652971,297.1036148071289,118.04184436798096,47.974293508002134,272.60143280029297,144.91018295288086,51.29807189082829,269.8409080505371,159.56947803497314,89.2228113357887,272.143611907959,166.89733028411865,130.54855870963107
30,1.2,365.0706481933594,105.63175678253174,69.49606679571902,359.92881774902344,139.12982940673828,68.87581829232063,340.7582473754883,161.85762405395508,67.0158631724124,320.2842712402344,175.6763792037964,60.88086433032574,304.2985153198242,184.66243743896484,88.02513963461946,329.6435546875,156.59759044647217,70.8728532261412,301.0714340209961,191.05731010437012,114.46643061298474,290.1973342895508,207.25956916809082,123.3978905599492,285.1833724975586,217.00032234191895,133.62325132180538,313.10766220092773,141.3946008682251,58.11746615884164,279.40494537353516,178.3218240737915,110.63199910870847,274.06089782714844,195.3138828277588,116.97411320826048,276.0434341430664,203.23585510253906,149.31524994109552,301.3286590576172,128.49855422973633,52.322397781515996,268.47545623779297,161.22111797332764,78.80079237176457,268.47217559814453,176.40432357788086,101.81466608844308,273.996639251709,182.26824760437012,179.0110888645691,295.48633575439453,118.68698358535767,43.530134276518936,271.3224411010742,144.72806453704834,32.29731881340744,270.4736137390137,157.66425132751465,50.188428042750445,274.10682678222656,162.64569282531738,117.07538629988473
31,1.24,363.0927276611328,105.48775434494019,49.57889126077068,358.72669219970703,139.22472953796387,30.14664026912768,339.4633102416992,162.89400100708008,41.46489003839944,319.1327667236328,177.84067153930664,61.28888543866573,303.22425842285156,188.31921100616455,95.28254300521091,327.7083969116211,156.26951694488525,49.069261253788596,298.4800720214844,190.91362953186035,64.88355492452472,289.12567138671875,205.8702850341797,43.86464822356653,286.5210723876953,213.02699089050293,104.81174737023605,311.61428451538086,140.6929636001587,41.24978611784726,277.1636962890625,177.35641479492188,61.00826037501549,273.56250762939453,192.87322998046875,62.27549232142886,278.30068588256836,198.4915065765381,131.34883981133083,300.3658866882324,127.73569107055664,30.709229423786113,267.0258331298828,160.52855014801025,40.16417361632713,268.2984733581543,174.88669395446777,38.1884483682449,275.52515029907227,179.34659957885742,82.4332048043059,295.2524948120117,118.05666446685791,16.807434691989567,270.58393478393555,144.37113761901855,20.505919957233775,270.5333709716797,157.3522424697876,7.9419949538843575,275.4167938232422,161.63556575775146,41.3549448462375
32,1.28,363.1806182861328,104.59234714508057,22.492760161929528,358.8673400878906,138.7631607055664,12.063053497437435,339.4633102416992,162.57669925689697,7.932543754577637,318.7144660949707,176.97681427001953,23.99511405525218,302.8834533691406,186.4379596710205,47.796800825317796,327.35401153564453,155.85333824157715,13.665506480580625,297.29610443115234,189.2777681350708,50.48404305113954,287.8141784667969,203.6227512359619,65.05488957957165,285.17045974731445,210.42006969451904,73.40041138520024,311.5251922607422,140.47383785247803,5.913624265901369,277.4685287475586,176.2834882736206,27.88474210774165,273.9189338684082,191.01224899291992,47.370150806412646,277.82323837280273,196.0155487060547,63.039290828171616,300.474853515625,127.65891551971436,3.3324404232427987,268.7644958496094,159.83721256256104,46.77670166614548,270.2183151245117,173.28367710113525,62.527271249823855,276.6172409057617,176.83018684387207,68.57931059189697,295.2526092529297,118.09553861618042,0.9718579443109511,270.90173721313477,143.9165496826172,13.866519388588875,271.0530090332031,155.9923553466797,36.39468284120072,275.8476257324219,159.16462898254395,62.705385938133084
33,1.32,363.0762481689453,106.18319034576416,39.85658046768245,359.1468048095703,140.23950576782227,37.56407254204776,338.86680603027344,164.1824197769165,42.82344321937231,317.41466522216797,178.53854656219482,50.79671533033561,300.8626365661621,187.49945640563965,57.06616701693421,326.0960006713867,156.79171085357666,39.23594090197687,293.77729415893555,191.85988426208496,109.11390099697729,285.35600662231445,205.63525199890137,79.42279324066074,285.3336715698242,209.8888635635376,13.892850063054818,310.61471939086914,140.70233345031738,23.46767837109727,276.70568466186523,177.20046043395996,29.81997067732841,274.4084358215332,191.5112543106079,17.475312393382268,279.55060958862305,196.04135513305664,43.18909938369252,300.08270263671875,127.3619270324707,12.297979340683813,269.01599884033203,160.14076709747314,9.855173451294108,271.1610221862793,173.44781398773193,23.922237586711447,278.1574249267578,176.84635162353516,38.50672115547859,295.29558181762695,117.5403356552124,13.921587759310958,271.8422317504883,143.919038772583,23.51244577825568,273.09587478637695,155.8394193649292,51.214560307619415,278.86573791503906,158.53890895843506,77.05731103954831
34,1.36,363.30738067626953,107.17243194580078,25.397110800061913,359.43531036376953,141.76800727844238,38.88727557611052,338.77132415771484,165.4359483718872,31.428994638674418,316.8609428405762,179.3690013885498,24.953252474526895,299.8078155517578,188.30612182617188,33.19785829981491,326.34944915771484,157.59954929351807,21.166587471014648,293.3218574523926,191.00093364715576,24.305590310589505,285.4699516296387,204.41173553466797,30.72027021105439,287.07592010498047,208.42530727386475,56.884900079541445,311.12178802490234,141.41472816467285,21.860707168655196,276.50705337524414,177.05975532531738,6.085449635342837,273.46078872680664,191.61230564117432,23.825490387830108,279.1790008544922,196.62394523620605,17.275421115887173,301.03078842163086,128.02791595458984,28.965581945839457,268.8318634033203,160.28380393981934,5.829097133769188,270.2732276916504,173.86962890625,24.572684150518107,277.8337097167969,177.97825813293457,29.432166535748134,296.9957160949707,118.44441175460815,48.13918722372782,272.8642272949219,144.038987159729,25.725261276868544,273.3186721801758,156.4244556427002,15.650601525813876,279.1886901855469,160.22764205932617,42.98340999059598
35,1.4,362.5172805786133,108.46093654632568,37.78642505823234,359.68116760253906,143.4114933013916,41.54434445177841,339.4194793701172,167.97573566436768,65.52969112551958,316.6242027282715,183.0589199066162,92.43762948180051,298.85948181152344,192.85227298736572,116.10024564813347,328.1924819946289,159.3156623840332,62.95739718939364,293.63637924194336,190.94751834869385,7.975632820190559,285.44729232788086,204.80356693267822,9.812150898975387,286.8928527832031,209.23029899597168,20.63863665802892,312.5601005554199,143.1587791442871,56.51579842695167,277.0251274108887,178.060884475708,28.18089204331174,273.4406089782715,193.48083972930908,46.7160763333443,278.8555908203125,199.02620315551758,60.598252662014914,301.57949447631836,130.0282859802246,51.856524263519354,268.9531898498535,162.48709201812744,55.16565089937645,270.4552459716797,176.35193824768066,62.224343712985245,277.8957939147949,180.33087730407715,58.835955270080454,296.3888740539551,120.78031539916992,60.3360542059066,272.6225280761719,146.90497398376465,71.90401148358431,273.41732025146484,159.52621936798096,77.58330059296202,279.29895401000977,163.28540325164795,76.49371551087661
36,1.44,361.53038024902344,111.0437822341919,69.12427263574651,360.18253326416016,146.70762062072754,83.35100041363283,340.0226593017578,172.60246753692627,116.64710093505202,317.52002716064453,189.44189071655273,161.1381739651917,299.8451232910156,200.47033309936523,192.03894298444646,326.43726348876953,162.80649662017822,97.68161184286875,289.7872734069824,192.08959579467773,100.37416444657028,282.71228790283203,205.17930507659912,69.0173363992419,285.92260360717773,209.49511528015137,25.143477384113538,310.8344268798828,145.61798572540283,75.10678499245523,275.1412582397461,178.05440425872803,47.09700791447327,271.52713775634766,193.36491107940674,47.92449510035844,277.03086853027344,199.63777542114258,48.112057167662606,300.76833724975586,131.8727159500122,50.37297117288724,268.2911682128906,161.8777370452881,22.494251081263478,268.81561279296875,175.30597686767578,48.6211898840892,276.0491180419922,179.85437393188477,47.67905228519159,296.5550422668457,122.82989501953125,51.40761431427103,273.94508361816406,146.80808544158936,33.152493790617605,274.04043197631836,158.48045825958252,30.433169789399322,279.5365524291992,162.4185562133789,22.470491713538706
37,1.48,363.16898345947266,112.70595073699951,58.351438569564216,360.71006774902344,147.44836807250977,22.734877117023164,340.50987243652344,172.9647731781006,15.178974280128408,320.48160552978516,191.51089668273926,90.31795268894868,303.9309883117676,205.3630542755127,159.36007474295073,325.26527404785156,164.05363082885742,42.78509512728341,289.55095291137695,190.20867347717285,47.39274826602664,281.7966651916504,204.44867134094238,29.285134933436563,284.7665786743164,210.17273426055908,33.49963738615156,310.7237243652344,147.0494842529297,35.894316063454276,274.89484786987305,177.33349800109863,19.046389137284507,269.9769592285156,193.60283374786377,39.20826335351068,275.03334045410156,200.7308864593506,56.926543440577326,301.04650497436523,133.1755542755127,33.30507642806943,268.88641357421875,161.71537399291992,15.42479337294663,266.8628120422363,177.43563652038574,72.2360756843569,272.45264053344727,184.79670524597168,152.80970455045053,296.9630813598633,124.17971134185791,35.25354596925391,273.65427017211914,147.49503135681152,18.649181463956815,270.73986053466797,161.66622161865234,114.68124307572596,274.10377502441406,168.9188289642334,211.79089948202088
38,1.52,363.31409454345703,113.67037296295166,24.381953580025346,361.94053649902344,148.36479663848877,38.35601860585976,341.6680145263672,172.87510871887207,29.04019644729946,321.4803695678711,190.4626750946045,36.19649587326702,306.0548400878906,204.5734405517578,56.647132538213455,326.23931884765625,164.48939323425293,26.676911201245645,289.6756935119629,190.5871868133545,9.963450804750584,282.05535888671875,205.0919008255005,17.332530788826816,285.5056381225586,210.84075450897217,24.90557066609205,311.2121772766113,147.10309982299805,12.28466717056207,273.8572120666504,177.60136127471924,26.791309149193726,269.6316337585449,193.8343620300293,10.393959353063172,275.73949813842773,200.61275482177734,17.899262535937012,301.4131546020508,133.2753038406372,9.499405416408944,267.45595932006836,162.15388298034668,37.403956218485355,266.1507225036621,177.83989906311035,20.4710117360655,272.7553367614746,184.7977066040039,7.567447108333926,297.7329635620117,124.6466875076294,22.51090492105388,273.8874626159668,148.34844589233398,22.117514062794502,271.81297302246094,162.33545780181885,31.617316065691014,276.3418388366699,168.92170429229736,55.95164148195691
39,1.56,365.1486587524414,114.41755771636963,49.52215976602505,363.11851501464844,147.8423023223877,32.21639425075383,342.98946380615234,172.75732040405273,33.167211653158745,323.46752166748047,192.64431953430176,73.7747667238092,311.24340057373047,210.63939571380615,199.55727865577762,327.66075134277344,164.92557048797607,37.17123328967356,291.1794090270996,190.8969783782959,38.38237847772508,282.2529983520508,206.43709659576416,33.990927269199396,283.0620002746582,214.3943738937378,107.8180662721735,313.3874702453613,147.85371780395508,57.52894300496272,274.69730377197266,178.59563827514648,32.541711952986915,271.7403793334961,195.4020595550537,65.69095937533862,277.8047180175781,202.23724365234375,65.68912157785795,303.76317977905273,134.30132389068604,64.10604240068395,269.158935546875,163.09008121490479,48.5836595694626,269.6390724182129,179.02716636657715,92.1214849269287,276.2753677368164,185.38254261016846,89.20710181045082,299.7775077819824,125.59261322021484,56.31904940352055,274.71580505371094,149.51305389404297,35.72869113027809,272.9075241088867,164.10448551177979,52.00661688312782,276.95905685424805,170.81242561340332,49.72288956876228
40,1.6,366.2525177001953,114.60916757583618,28.009138182711386,363.9458465576172,148.11023712158203,21.740896638167342,343.6859130859375,175.25519371032715,64.828681217843,325.5731201171875,196.5360689163208,110.62113858756342,317.1310615539551,215.48845767974854,190.6861848817456,329.09313201904297,166.8418264389038,59.81090656820207,294.0888023376465,194.51136589050293,115.99667701019779,284.46550369262695,211.29000663757324,133.33678167512872,282.8292465209961,220.6772518157959,157.17969273519597,314.9677276611328,149.93160724639893,65.26311187761608,276.8807601928711,182.05839157104492,102.34177522588865,276.04021072387695,197.93578147888184,124.77053130895905,282.6374816894531,203.17926406860352,123.09297089203793,304.97941970825195,136.75330638885498,68.42631866059169,270.92233657836914,166.9121789932251,105.23193023304425,273.2645797729492,182.5056552886963,125.60898843373229,280.2288627624512,188.03329467773438,118.9973987148034,300.02262115478516,128.2201051712036,65.97250619594074,274.87260818481445,152.95738220214844,86.19739234723312,273.9530944824219,167.967209815979,100.04329205482053,278.35391998291016,174.7047758102417,103.36837403955094
41,1.64,367.37903594970703,115.90737819671631,42.97087809383897,364.7892761230469,150.0320291519165,52.4681929821416,344.970703125,178.09701919555664,77.96897433023463,327.65872955322266,200.2140998840332,105.70500969422616,318.59167098999023,219.01237964630127,95.36576282590829,330.19142150878906,168.88489723205566,57.989104952551685,297.0988082885742,198.61554622650146,127.2409919577252,288.30196380615234,214.92173194885254,132.0697139280472,286.8656921386719,223.89324188232422,129.02394480401412,315.0785446166992,152.09511280059814,54.15854434373604,278.20556640625,184.64199542999268,72.58667406529023,278.04927825927734,200.7866907119751,87.19244454486943,285.44361114501953,206.30082607269287,104.93602773467441,305.1479721069336,139.04269695281982,57.3896716833297,272.196044921875,168.5009479522705,50.90751264267557,274.63966369628906,184.071307182312,52.094395381186374,282.0769691467285,189.6474838256836,61.34484398140005,300.85559844970703,130.52966594696045,61.379567807464866,275.89136123657227,154.29791450500488,42.09278913504263,275.28881072998047,168.70160579681396,38.10737584984824,280.06824493408203,174.94713306427002,43.284286097776
42,1.68,368.6385726928711,118.21321964263916,65.68550820536787,365.06378173828125,152.76861190795898,68.75790187982152,344.53174591064453,180.34987449645996,57.38053046789315,326.1628723144531,202.27845668792725,63.73361501477671,315.6268501281738,221.03128910064697,89.6735681775441,331.0383987426758,171.27349376678467,63.35793083960466,298.80184173583984,201.68296337127686,87.71178249873078,292.2016143798828,217.37531661987305,115.1828772405625,293.30921173095703,224.27364349365234,161.36846447273956,315.51477432250977,154.71117496490479,66.30458884830436,278.9628028869629,186.88666820526123,59.223955012700934,279.87964630126953,203.0130100250244,72.05356016881944,288.1902313232422,208.02801132202148,81.11369832262535,305.59600830078125,141.78854942321777,69.55412559739005,272.77156829833984,170.37930965423584,49.11383359265743,275.7277297973633,185.91144561767578,53.44388003790679,283.5411071777344,190.94478607177734,48.90483930270605,301.7491912841797,133.33903312683105,73.70147600775626,276.7817497253418,156.16510391235352,51.715495404232016,276.75769805908203,169.7784948348999,45.53377857388387,282.33163833618164,175.03801345825195,56.63042986481713
43,1.72,370.0702667236328,118.64795207977295,37.406049724735546,367.1913146972656,153.4070348739624,55.53141214149323,346.03153228759766,180.96941471099854,40.567761630424314,325.8418273925781,202.3861598968506,8.465733247706215,313.57666015625,221.11045360565186,51.292945054788575,332.65350341796875,172.94137001037598,58.04294894779135,299.5344543457031,202.2128963470459,22.604620585984758,292.7878761291504,216.86822891235352,19.37848003862297,292.8670310974121,223.16380977630615,29.86694026051897,317.0514678955078,156.44250869750977,57.8734807087268,280.23731231689453,188.8348388671875,58.20085488512451,282.33394622802734,204.52467441558838,72.0621145270806,290.44355392456055,208.70686054229736,58.83397726591172,307.22095489501953,143.4863805770874,58.753095988514005,273.4653663635254,172.28619575500488,50.72949312629545,277.53692626953125,187.01921939849854,53.03509819204262,285.693416595459,191.08413219451904,53.92038790864032,303.5898780822754,135.0190544128418,62.302685586843886,278.8062286376953,157.88334846496582,66.38372922423241,278.8621711730957,171.7780637741089,72.57359639641568,283.98780822753906,177.7280044555664,78.97369132609788
44,1.76,370.3778839111328,120.63252925872803,50.20691506950702,367.73998260498047,155.65917491912842,57.9502548311727,346.92474365234375,182.01910972595215,34.45727577858236,328.35060119628906,202.5776195526123,62.90172293929357,317.36900329589844,219.73557472229004,100.84690882952488,331.7158508300781,175.3377342224121,64.33192156846368,297.9370880126953,205.40425300598145,89.22001081021244,292.89466857910156,220.1500940322876,82.09005456207271,296.0433769226074,225.25455951690674,95.06710550664037,316.821231842041,158.8502597808838,60.46834874442967,280.8559226989746,192.29089736938477,87.77463747941111,282.35530853271484,206.51906490325928,49.86262230728122,290.2395248413086,209.6825122833252,24.918920855738218,307.23655700683594,145.56535720825195,51.97587937460412,274.06036376953125,175.77567100524902,88.49597249034879,277.7136421203613,189.73597526550293,68.06242967322996,286.12565994262695,193.29232692718506,56.252545989853346,303.4341812133789,136.91154956817627,47.47222495805191,278.73451232910156,160.1993465423584,57.92770453011038,278.70113372802734,173.49359035491943,43.07670852808446,284.3656921386719,178.43924045562744,20.134747609478683
45,1.8,370.4571533203125,122.05292701721191,35.565199208089524,366.70814514160156,157.63609886169434,55.75009431338764,344.9631881713867,183.69441032409668,64.48997983706458,326.3913345336914,203.369779586792,52.833721327612594,316.84926986694336,219.77554321289062,13.031699750375342,329.9843978881836,176.55508518218994,52.91427412137506,295.3727722167969,205.09215831756592,64.58095014994467,291.0352897644043,218.71590614318848,58.70575183586998,294.42094802856445,223.25360298156738,64.40158466869607,316.17212295532227,159.45530891418457,22.184268081870563,280.2273368835449,191.50347232818604,25.18876638089671,280.87249755859375,206.12053871154785,38.38580068246232,287.9619789123535,210.59060096740723,61.297637172333594,307.1706199645996,146.04246139526367,12.040974285823708,274.6271324157715,174.80669975280762,28.063900147908605,276.9614791870117,189.33815002441406,21.272253065209505,284.1651916503906,194.3913173675537,56.18727565520123,303.03693771362305,137.33176231384277,14.456424819930094,278.0385208129883,159.88712310791016,19.070390391919084,277.26085662841797,173.0571985244751,37.62342981223396,282.50736236572266,178.69524478912354,46.8970132564316
46,1.84,370.4730987548828,122.28505611419678,5.816902878177752,366.5729522705078,157.094407081604,13.95768374883535,345.2082824707031,182.69858837127686,25.638503482010318,326.95430755615234,202.0498752593994,35.8737896789604,317.6669502258301,218.03895950317383,47.986483449527654,329.2018127441406,176.5005111694336,19.612142771524933,295.1711082458496,204.6280860900879,12.649886103603796,290.94112396240234,218.61668586730957,3.419782651368112,294.07344818115234,223.88003826141357,17.909098661494234,315.85493087768555,159.74321365356445,10.70922362594788,280.6001281738281,191.83176040649414,12.418393829070757,282.2074508666992,206.02294921875,33.46289030334832,289.73419189453125,209.7523069381714,49.01196112718148,307.2866439819336,146.57275199890137,13.570871768809381,275.2328872680664,175.54038047790527,23.785845941686958,278.5437774658203,189.7919225692749,41.151984806249935,286.3789367675781,194.32464122772217,55.36872510437602,303.33740234375,137.91073322296143,16.30732786899431,277.83742904663086,159.78455543518066,5.643471116359381,276.86304092407227,173.39351177215576,13.023150904964965,281.9169235229492,179.31936264038086,21.478784871846447
47,1.88,370.4417037963867,122.42843627929688,3.669427336375418,366.46827697753906,157.26626873016357,5.030739458798956,345.14869689941406,182.82557487487793,3.506780254260094,327.01656341552734,202.2039270401001,4.153894495197495,317.3666763305664,217.98789024353027,7.6146438466188044,329.2670440673828,176.65344715118408,4.156661825154324,295.1289367675781,204.45858478546143,4.366715431081747,290.94797134399414,218.5072946548462,2.740132752129879,294.22481536865234,223.8490390777588,3.8627204499325387,315.9916877746582,159.90440368652344,5.284687525939222,280.49468994140625,191.73076629638672,3.6500882808364534,282.12642669677734,205.81609725952148,5.5538640348524675,289.766845703125,209.4997215270996,6.367184478930621,307.34832763671875,146.6807985305786,3.1103583269392443,275.0566101074219,175.48768043518066,4.599655684673143,278.4442329406738,189.6108055114746,5.166750738669911,286.36436462402344,194.0398120880127,7.130041470576131,303.27320098876953,137.94005870819092,1.764546341356845,277.76309967041016,159.7700071334839,1.8934936710382877,276.8484115600586,173.30679416656494,2.1985736016292456,281.97221755981445,179.08584594726562,5.999347697683914
48,1.92,370.55076599121094,121.0275650024414,35.12775697951112,367.38502502441406,156.39719009399414,31.580498900579947,345.6330871582031,182.07105159759521,22.415665542918635,327.9494857788086,200.66030502319336,45.090971012703164,316.89199447631836,215.95137119293213,52.27770023036551,325.8725357055664,174.42712783813477,101.48640519208065,288.80407333374023,199.63628768920898,198.83794711589942,292.7207946777344,213.3737325668335,135.7763839096639,303.44356536865234,215.56363105773926,309.8722898436386,313.5683822631836,157.05780029296875,93.45975230727758,276.1211967468262,188.3609676361084,138.02849736071673,283.93178939819336,202.48506546020508,94.7203361603292,294.81645584106445,203.83440971374512,189.72730511136712,306.7762756347656,144.38793182373047,59.0787674862511,272.47806549072266,172.40278244018555,100.51581958774392,280.03034591674805,185.1478099822998,118.41157952852761,289.88500595092773,187.27579593658447,190.6351716130321,305.0649070739746,136.54579639434814,56.757037534802194,278.45815658569336,157.89798259735107,49.92231452070227,280.1815414428711,169.65142250061035,123.67168439046917,286.8489456176758,171.96630477905273,215.74050239264602
49,1.96,372.3670196533203,119.04135704040527,67.2857685249147,368.72005462646484,154.53593730926514,57.263458936597054,346.1018753051758,180.62626361846924,37.97346632328438,326.4209747314453,199.4242000579834,49.144566757986546,314.2298698425293,214.54991340637207,75.21216446383677,328.10791015625,173.9670181274414,57.05589299451955,288.76121520996094,198.2095241546631,35.68517726490043,290.8087921142578,212.76732444763184,50.146564001027535,300.7115173339844,216.05345249176025,69.39025283207782,315.5411148071289,157.17876434326172,49.41094255959544,276.81434631347656,188.6625337600708,18.89772553889309,284.0762519836426,203.28357696533203,20.286850150016896,295.12882232666016,204.13095474243164,10.767769481248822,308.02263259887695,144.68709468841553,32.0439551787402,272.0682144165039,173.8189172744751,36.856272972915995,279.8783874511719,187.00023651123047,46.46622039413668,290.45515060424805,188.4605884552002,32.87094307551054,305.1969337463379,136.5234661102295,3.3475442308635883,277.64108657836914,158.07320594787598,20.89118563291065,278.732852935791,170.68951606750488,44.555700001330614,284.88574981689453,173.89264583587646,68.76103374827336
50,2.0,372.2599792480469,119.10180330276489,3.0732107593636555,367.3536682128906,154.7519302368164,34.58381825319813,344.51351165771484,180.58362007141113,39.72339950112143,323.6467742919922,199.83572959899902,70.11394583725142,312.139835357666,217.12986946105957,83.00759525502926,327.6438522338867,174.13033962249756,12.298975212784548,287.85755157470703,197.54563808441162,28.032934647863726,287.5798225402832,212.05638885498047,82.65770504977259,294.91846084594727,217.67480850219727,150.39177750580538,314.58187103271484,156.6938352584839,26.871276905084944,275.4630470275879,187.5953722000122,43.046802692751804,282.35584259033203,201.59358501434326,60.2903458015771,292.26985931396484,203.4712314605713,73.3523360082539,307.033634185791,143.81312370300293,32.995673432565084,270.9784507751465,172.1289825439453,50.27091721037227,278.9148139953613,184.21425819396973,73.69764662537432,288.9406204223633,185.5565357208252,81.88148430762146,304.6830749511719,135.7840061187744,22.51182939495663,277.03670501708984,157.7067518234253,17.669990395818655,279.1463851928711,169.14124488830566,40.063641340876984,285.7078170776367,171.42106533050537,65.11770484915466
51,2.04,372.67627716064453,116.96884632110596,54.33006440752188,368.6995315551758,152.62035369873047,63.02264808099447,345.3148651123047,178.41236114501953,57.86046083368529,323.1127166748047,197.79919624328613,52.634860402868924,311.4166450500488,215.61498641967773,41.966317223591076,329.97188568115234,171.7668056488037,82.93835277026734,290.3945541381836,197.36663818359375,63.58273631448367,286.8485641479492,212.98984050750732,29.644464322660657,290.60123443603516,220.38830280303955,127.47915318579092,316.07059478759766,154.5968198776245,64.29313690974901,276.5839958190918,187.65350818634033,28.061383453070476,284.0898132324219,201.53180122375488,43.376775355662204,294.2620658874512,203.14395904541016,50.47272942619322,308.0270767211914,141.91208839416504,53.62405778071496,271.7421531677246,172.12507724761963,19.09280944113752,280.7254409790039,184.29592609405518,45.31169633631439,291.0019874572754,185.0910186767578,52.83192791141767,305.52356719970703,134.5012092590332,38.34053829833375,277.99072265625,158.08789730072021,25.68342766614169,281.4129066467285,170.1062822341919,61.585390819125585,288.85900497436523,172.03774452209473,80.27405552943144
52,2.08,374.68570709228516,116.23708248138428,53.46311209199213,369.5460510253906,152.6550579071045,21.180763612469324,346.62609100341797,178.2925844192505,32.91712891453486,322.15362548828125,197.03744888305664,30.61979491362098,306.05201721191406,213.42358589172363,144.8737987776085,330.6062316894531,171.30489349365234,19.617557463336823,291.22995376586914,198.30333709716797,31.3777129566938,286.3315010070801,212.31071949005127,21.33892640217649,289.58316802978516,217.8411054611206,68.57784584968809,316.8002510070801,153.76035690307617,27.749645340297107,277.57179260253906,186.01289749145508,47.87578940315658,282.02816009521484,199.220552444458,77.42853389560631,290.4549980163574,201.3804531097412,104.89196513631865,308.5402297973633,140.50498008728027,37.44395701318814,272.5332832336426,170.14700889587402,53.26021724383586,278.97716522216797,182.75671005249023,58.232584008821455,288.5596466064453,184.29722785949707,64.20247606790988,305.6379699707031,132.30852127075195,54.89176058369587,280.228271484375,155.57765007019043,84.06829781725844,282.42868423461914,168.3003330230713,51.8004383500277,288.7978744506836,171.19274139404297,21.180286048334647
53,2.12,375.0408172607422,117.82519340515137,40.68322395295404,368.3438491821289,154.16476249694824,48.247391254198654,345.0895309448242,178.34044933319092,38.43263476243329,321.0993957519531,194.99424934387207,57.47860848765015,303.425235748291,208.34939002990723,142.8448557476528,330.91102600097656,171.2242841720581,7.881839691060774,289.53786849975586,197.93354988098145,43.300513370604456,285.98371505737305,210.2746868133545,51.63806812439022,291.97021484375,213.1346082687378,131.9306359274804,317.25393295288086,153.8038444519043,11.394035579214833,277.2121810913086,185.44841766357422,16.732414557787717,280.54149627685547,198.29419612884521,43.791447026606875,289.8650932312012,200.00611782073975,37.38971401121722,308.8685989379883,140.40873527526855,8.554580511119909,272.4076271057129,169.63162422180176,13.262042281330046,278.2476615905762,181.08351230621338,45.63281608839444,288.03335189819336,181.8889331817627,61.62826753374687,305.9356498718262,131.7747402191162,15.279388375725029,280.6824493408203,155.70878505706787,11.81825680009021,283.05200576782227,167.10528373718262,33.695998737403144,289.75345611572266,168.90469551086426,61.98936542912963
54,2.16,375.7529067993164,118.21648120880127,20.31282932397664,368.63037109375,153.57234477996826,16.451701227205543,345.8831024169922,176.8225622177124,42.82038778997779,322.49874114990234,192.33136653900146,75.20435648633162,304.7384262084961,203.9165210723877,115.58221202707276,331.7911148071289,169.72968578338623,43.36171014079719,290.2159309387207,196.54456615447998,38.64133524819025,286.05085372924805,209.15931701660156,27.934716133892103,292.06865310668945,211.43563270568848,42.54562297881886,318.1472396850586,152.2765874862671,44.23312359562565,277.21988677978516,184.07979011535645,34.216231011168986,280.129451751709,196.74565315246582,40.0606262463309,289.8016166687012,197.91521072387695,52.29675994802408,309.4639015197754,138.73095989227295,44.50642790421155,271.89428329467773,168.8546848297119,23.280312059080018,277.90599822998047,180.3446388244629,20.351103686404187,288.1198501586914,180.88648796081543,25.154253741529487,306.4140510559082,129.78911876678467,51.060994438577545,280.85636138916016,154.956693649292,19.29842749759782,283.9861297607422,166.43621921539307,28.725369541423422,291.4396858215332,167.8584337234497,49.611203047811024
55,2.2,375.8355712890625,118.42172384262085,5.531611236914853,368.12896728515625,154.0325117111206,17.013953534497865,344.4783020019531,176.63527965545654,35.430733165387664,320.09639739990234,190.9263038635254,69.5766511445293,301.5642738342285,201.2068748474121,104.33547443101791,331.9477081298828,168.92224788665771,20.56206193765107,289.0064811706543,194.01971340179443,69.9895088755257,283.8457679748535,206.8517303466797,79.79410780030545,289.3368339538574,209.77296352386475,79.9503935730084,318.8643455505371,151.06218338012695,35.25813873520654,276.6866111755371,181.87949180603027,56.5999973504291,278.65468978881836,195.16911506652832,53.96987112964327,287.8105926513672,196.84043884277344,56.56473743647376,310.0797462463379,137.2525691986084,40.03829237702321,272.0640563964844,166.68498516082764,54.40829187296266,277.3274612426758,178.8037919998169,41.14694689996173,286.8371772766113,179.848895072937,41.2450657912517,306.4973449707031,128.0813455581665,42.745081649207336,279.61769104003906,152.9157829284668,59.68469655285909,281.98625564575195,164.52893257141113,69.08888667017945,288.89549255371094,166.17107391357422,76.3221073478025
56,2.24,377.01778411865234,119.60721015930176,41.85544305616424,366.207275390625,154.79031085968018,51.64275897369782,340.6951904296875,176.18908882141113,95.23332999991464,315.2886199951172,188.8522481918335,130.9017534814756,295.8310890197754,197.50511169433594,170.6100424911814,331.1674118041992,169.68279361724854,27.240734252622968,287.2854804992676,189.3269920349121,124.95868601788816,279.7357177734375,199.73997116088867,205.3497494745896,282.6664924621582,203.6290168762207,226.71779818887816,319.33406829833984,150.96128940582275,12.010907903189699,275.7493019104004,175.93259811401367,150.5076684978584,277.12398529052734,188.06801319122314,181.605176317594,286.13351821899414,190.47979831695557,164.45046091147788,311.25946044921875,135.86029529571533,45.621761673815776,272.18061447143555,160.40996074676514,156.90267122868866,276.5040588378906,171.79086685180664,176.52746006606276,285.54981231689453,173.4289312362671,163.69415880624797,307.71854400634766,125.45222282409668,72.47246647633638,280.28858184814453,146.98729991912842,149.15806479288642,281.37950897216797,157.82436847686768,168.29906644079045,286.9315719604492,160.28550624847412,155.11465686128213
57,2.28,376.20166778564453,120.6632137298584,33.36530205571437,365.4448699951172,155.41965007781982,24.71499846484984,336.7909240722656,176.1311388015747,97.61741005865487,308.5961151123047,187.53456115722656,170.52477959163363,287.7313804626465,197.02078342437744,202.85440065399771,329.19506072998047,169.59471702575684,49.357916322641785,282.3740005493164,185.17873764038086,160.72229508635422,275.9181213378906,195.4535722732544,143.49925515619535,279.9572944641113,199.6367597579956,120.61786427246213,318.637752532959,149.87869262695312,32.17987949341199,271.6422462463379,171.5929126739502,149.3753157871281,275.4129219055176,183.54832649230957,120.81831857136089,286.5847396850586,185.30685424804688,129.8146542948228,311.32848739624023,134.42851066589355,35.836189334325425,269.5606994628906,157.44003295898438,99.00891915829877,276.55731201171875,167.66826152801514,103.07373136581897,287.1991157531738,167.6404094696045,150.47255993213798,307.84976959228516,123.9138650894165,38.598612946702524,279.21918869018555,145.08421897888184,54.574025365892375,282.2591209411621,154.44839000701904,87.21721391474013,288.9014434814453,155.04724502563477,139.91018200959752
58,2.32,375.28114318847656,120.21486282348633,25.597656987944085,364.85713958740234,155.52490711212158,14.927032429091899,337.2341537475586,176.29511833190918,11.814763842038506,310.3360939025879,185.3778076171875,69.27802692370445,289.9153137207031,190.35211086273193,175.42939856622084,330.05470275878906,170.1117181777954,25.07830996228823,283.0613899230957,186.31144523620605,33.124109882614086,275.5881881713867,196.51222229003906,27.72178466925281,278.55213165283203,200.17993927001953,37.66236938647188,318.5688018798828,150.88172435760498,25.134971221065765,272.0196533203125,173.18439960479736,40.89060673418327,276.50426864624023,184.13941383361816,31.02843407204538,287.6044464111328,184.97766494750977,26.788143398585795,310.67758560180664,135.10029315948486,23.384889147329584,268.7309265136719,158.26852798461914,29.314321955708923,277.38155364990234,166.8253469467163,29.473285249969937,288.8822555541992,165.50572872161865,67.96056524566828,306.9546890258789,124.06092166900635,22.67701008123091,278.48140716552734,144.6320915222168,21.63245269261815,282.91961669921875,152.61355876922607,48.75230967343813,290.5887222290039,152.08145141601562,85.30401993319478
59,2.36,375.4425811767578,120.20565032958984,4.04251577796007,363.4269714355469,155.54386138916016,35.75734371426154,334.70401763916016,174.5663022994995,76.60937279854492,306.3266944885254,184.2057466506958,104.43003211079349,286.1384391784668,193.64507675170898,125.27072097501298,326.5370559692383,169.3518304824829,89.9696762995881,279.97453689575195,182.33852863311768,125.77939007324635,273.9426803588867,191.1647129058838,139.87394453271855,278.3450508117676,195.60785293579102,114.41933818845678,316.4177131652832,149.56443786621094,63.05962633931787,270.01502990722656,168.70104789733887,122.77763833721748,274.72801208496094,178.88309955596924,138.70816296478304,286.14404678344727,180.15665531158447,125.93376478884795,310.02038955688477,133.43218803405762,44.822436840671685,269.0877914428711,154.26422595977783,100.5043136009612,276.89722061157227,162.61882781982422,105.85775141943739,287.93012619018555,161.61240577697754,100.2014030499512,307.4568748474121,121.72325134277344,59.775063537705975,280.88647842407227,140.3693389892578,122.36070375105903,285.01819610595703,148.93598556518555,105.85538542471194,292.0124816894531,149.52394008636475,73.17767420169581
60,2.4,369.64561462402344,121.16264820098877,146.88572543686627,359.2802047729492,157.88572311401367,119.05878299280673,333.31783294677734,177.94818878173828,91.37376599763793,306.29377365112305,186.6950511932373,62.23805551596345,286.44731521606445,192.22034454345703,36.445732533388906,325.0931930541992,171.3186264038086,60.99706096182239,278.84504318237305,184.7078561782837,65.6194953160115,273.44701766967773,194.8652744293213,93.3402280980043,278.5408020019531,199.32653903961182,93.0958674808158,313.89400482177734,151.14659786224365,74.46615865666485,268.7832832336426,171.9774341583252,87.50680973167596,272.65403747558594,182.83105373382568,111.48910504727117,283.7285804748535,184.6347141265869,127.19937165374627,305.91583251953125,134.90185260772705,108.99341273669717,266.2920379638672,157.0940637588501,99.44916881383615,274.06856536865234,165.70969104766846,104.74590080445292,285.5518913269043,165.52897453308105,114.55214938569634,301.61611557006836,122.92575359344482,149.08152257814103,276.6002082824707,142.5938844680786,120.72881365411267,281.8661117553711,150.90351104736328,92.89373053463935,290.0699043273926,151.44570350646973,68.31353018639365
61,2.44,365.7277297973633,118.77901554107666,114.65035480858083,359.37469482421875,155.17571926116943,67.79126627108546,336.21517181396484,177.57835865020752,73.021173459755,311.5826606750488,189.34156894683838,147.8520843866772,292.8642272949219,196.95203304290771,199.32015183433558,325.2547836303711,169.2778444290161,51.17923518714312,280.2895736694336,186.69463634490967,61.410319565127466,275.54162979125977,198.4499216079712,103.79395254325117,281.6871452331543,202.20075130462646,106.53805620788184,313.1269645690918,150.63543319702148,23.043980561792036,268.03699493408203,174.88615036010742,75.07319831575795,271.60831451416016,187.5029754638672,119.6881081281864,282.48897552490234,189.3420696258545,121.69587151077721,304.55909729003906,135.81440448760986,40.876960323197906,264.1114044189453,160.24051666259766,95.70569644991092,271.5909194946289,170.06001949310303,125.16011410445054,282.706298828125,169.89562511444092,130.30021577303563,300.4595947265625,125.4138994216919,68.59487100034704,274.47608947753906,146.56449794769287,112.5767851900389,278.5729789733887,155.83581447601318,148.26568347066794,286.1496162414551,156.60354137420654,161.96440609475624
62,2.48,363.905029296875,115.01290082931519,104.60000339575295,359.6319580078125,150.42653560638428,118.90366303364902,335.66150665283203,175.69815158843994,49.000788933526955,312.7389907836914,191.30032539367676,56.865115284901755,298.07031631469727,204.24423694610596,223.99721070758557,322.77706146240234,163.19227695465088,164.2658642009498,279.4282913208008,184.35224533081055,62.39292301114146,279.879093170166,199.9480676651001,114.72257344307755,289.64012145996094,205.0100612640381,210.86437186050557,310.3225517272949,145.94388484954834,136.64588651856945,267.57068634033203,176.21737003326416,35.26320251697082,274.01193618774414,192.44816780090332,137.45982231183856,285.45597076416016,194.59234714508057,150.76570145980904,301.705265045166,133.7444257736206,88.1375712956943,263.01422119140625,162.8393840789795,70.52447661417024,271.1398696899414,176.0491418838501,150.15207486423668,282.29406356811523,177.38539695739746,187.52769823605385,297.91507720947266,126.35181427001953,67.79681803692245,270.6792449951172,149.28032398223877,116.7040570032131,273.9050102233887,161.87400341033936,190.80365866774477,281.8467712402344,164.8941135406494,233.51667760505785
63,2.52,363.01326751708984,108.09885263442993,174.28299815436964,360.3107452392578,142.1867322921753,206.69287415514376,338.9241409301758,167.92390823364258,210.7777890446912,318.0970001220703,184.84498500823975,209.7315003194704,305.1664924621582,197.99258708953857,236.43027757262885,318.15372467041016,152.78504848480225,284.6990159754426,278.7761688232422,176.36539936065674,200.3356126335009,281.9429588317871,193.02110195159912,180.69725278977813,292.32616424560547,198.63261222839355,173.00050948002362,305.69604873657227,136.9480276107788,252.8957015543758,266.30327224731445,166.81520462036133,237.18011738809105,275.0290298461914,183.78812313079834,217.98918149513077,287.6382255554199,187.18219757080078,193.1200285560367,298.59928131103516,126.6624641418457,193.32827572327804,264.9445343017578,154.95686531066895,202.88576039973077,273.62415313720703,168.27418327331543,204.05520950511954,284.7198486328125,170.96317291259766,171.62713010643358,296.5187454223633,120.89298248291016,140.8647111141746,272.4360466003418,140.7775640487671,217.05886063227626,276.4546585083008,151.6554594039917,263.29563705369634,284.4447898864746,154.57207202911377,266.09941968660536
64,2.56,363.4281921386719,97.02502727508545,277.03990070346356,366.529541015625,128.6519193649292,372.3779849525465,348.59642028808594,153.97473335266113,424.3616292721771,327.81444549560547,171.66146278381348,409.4462745812791,316.5779685974121,185.26109218597412,427.4289049544944,318.5130310058594,139.44485664367676,333.62574409876277,283.3139228820801,163.89397144317627,331.78280376570433,288.16314697265625,181.64307117462158,324.1819751983995,298.48804473876953,187.9627561569214,308.03266851704143,306.0315132141113,128.52660655975342,210.70249899791196,270.70255279541016,159.0741205215454,222.59555864531794,280.36643981933594,177.96335220336914,197.50933771983907,294.00367736816406,183.35072994232178,185.74027728331131,300.36556243896484,123.6745548248291,86.7732357556003,271.6841125488281,153.84113788604736,170.78268836894017,280.78935623168945,169.3274974822998,181.05525090429725,292.2409439086914,174.53218460083008,208.12363900393987,299.7218704223633,122.41674900054932,88.67734408342123,280.5364227294922,146.56268119812012,248.8519563232425,284.52728271484375,160.35821914672852,296.75883381950916,292.4458694458008,166.81596279144287,365.6587677693123
65,2.6,366.4642333984375,87.02207565307617,261.3386066046037,371.0713577270508,113.240225315094,401.6749405037551,356.47727966308594,133.790602684021,541.7027986689661,336.7854309082031,151.55498027801514,550.4255274495671,327.25711822509766,166.05628967285156,549.356826399367,321.20819091796875,121.97690963745117,441.86611346378635,289.64195251464844,149.61416244506836,390.47799558130265,299.57275390625,168.97825241088867,426.1578087232708,311.7430305480957,175.48577785491943,455.0890272477365,309.0256690979004,119.64021921157837,234.43129265073895,277.1782684326172,151.43518924713135,250.35994591436364,291.8946838378906,171.76411628723145,327.23360930617434,307.6581001281738,176.59329414367676,380.8757995412366,303.7123680114746,121.90595626831055,94.63432382829556,278.9142608642578,151.61181449890137,189.15094406912638,292.6332473754883,168.06424140930176,297.776734035043,306.8537902832031,172.31740951538086,369.4933252477361,302.943115234375,126.21963500976562,124.5952450386991,285.61573028564453,149.19367790222168,143.00679377869514,293.0254936218262,164.03732299804688,231.51052050654818,303.71606826782227,169.8823356628418,291.9974572602749
66,2.64,366.64257049560547,82.2236680984497,120.04301099117201,369.5823669433594,94.89458084106445,460.14927246588184,356.42383575439453,111.87885046005249,547.795435002865,339.22935485839844,129.38475608825684,557.6129957789286,329.5383071899414,144.2425775527954,548.3166623573973,319.5887565612793,107.11451768875122,373.75899827998063,292.02558517456055,131.81838512420654,448.8675995707834,302.8193664550781,149.41819667816162,495.6916085818862,316.20126724243164,156.65413856506348,483.8042687686119,310.1344871520996,115.141282081604,115.83909307952811,281.54979705810547,143.66084575653076,222.97796868932363,300.03271102905273,161.35594367980957,330.3005672773483,317.6347351074219,165.05450248718262,381.3438068209697,306.67049407958984,123.11365127563477,79.87895946985485,287.89085388183594,149.17327880859375,232.5479500502751,305.9316062927246,162.33936309814453,361.9569912030273,321.0463333129883,164.7515630722046,402.0807677367402,308.1280517578125,127.49372005462646,133.47953835142252,296.55941009521484,146.75838947296143,280.28418336137634,308.41552734375,159.16038036346436,403.60694634675303,320.9518814086914,163.26862335205078,461.5290112474418
67,2.68,370.4105758666992,88.38335037231445,180.51930331607704,367.43282318115234,83.51652145385742,289.483131853625,349.10884857177734,92.86725997924805,509.25779945651533,329.85923767089844,109.3758773803711,552.3553675252725,315.9654235839844,121.14739894866943,669.7062994969024,314.13761138916016,99.5754861831665,232.58329116914865,286.1942481994629,119.20167446136475,347.47830765657784,299.96604919433594,132.40696907043457,431.2215817537606,316.73587799072266,138.38200092315674,456.9989213998304,309.567813873291,113.70194435119629,38.671789678418314,283.49294662475586,139.4604778289795,115.70145030739391,306.8026542663574,151.5699291229248,297.48761775060484,326.4622116088867,150.69711685180664,421.3511478467325,309.671573638916,125.35257339477539,93.60572490833064,293.4815979003906,148.56785774230957,140.585724178581,316.31277084350586,157.15201377868652,290.1262337247344,334.3620300292969,154.74191665649414,416.4588818300797,313.5241508483887,132.6151943206787,185.98955624771042,303.6549377441406,148.24081420898438,181.21826569540895,318.4443664550781,155.90520858764648,263.5974170147846,332.71900177001953,154.65079307556152,364.6334805941765
68,2.72,371.60472869873047,92.27334022521973,101.72887385703926,359.2573928833008,77.23013877868652,257.82293790230113,338.01097869873047,78.76966953277588,448.5426206863909,323.53939056396484,92.05467939376831,460.95306644637725,313.0304718017578,103.42653036117554,449.0567374085532,303.4624671936035,94.40584659576416,296.5255860161608,280.0853157043457,113.37405681610107,211.06898109576525,295.16910552978516,123.26302528381348,258.1452794621669,312.5775909423828,123.67007732391357,382.20744299264277,305.53382873535156,111.58617496490479,113.87909210288755,281.5165328979492,134.35388088226318,136.89307779185285,302.414608001709,142.43672847747803,253.3158898128537,321.86370849609375,137.53131866455078,348.64422480689063,310.8507537841797,124.97694969177246,30.93904270135155,297.1327781677246,145.6281852722168,117.18786086875215,317.9137420654297,148.82874011993408,211.89619105223215,335.40809631347656,141.01741790771484,344.107650830505,319.6461296081543,133.65557670593262,155.24379907617902,311.9082450866699,148.84191513061523,206.8791984592601,325.2968978881836,150.09275436401367,224.64111815227278,338.5560989379883,142.4849510192871,337.34201514053586
69,2.76,369.9063491821289,91.69065713882446,44.88883882424775,359.55909729003906,76.82095527648926,12.709658913492671,338.67191314697266,78.3132004737854,20.081059899331414,323.1595230102539,92.44055986404419,13.537057834484045,311.93931579589844,104.3624496459961,35.93889203236174,304.960994720459,94.39416646957397,37.464326149113056,279.5827102661133,113.39107990264893,12.572340971762689,295.069580078125,123.37140083312988,3.678533608806547,313.2550621032715,123.62181186676025,16.97970715644972,306.74163818359375,111.27067565917969,31.208407072214893,282.5840950012207,134.61280345916748,27.462812869999738,304.05712127685547,142.22448348999023,41.40424037573117,322.86842346191406,136.76291942596436,31.621685126700537,311.48229598999023,124.07526969909668,27.52126867206352,296.31792068481445,145.3579044342041,21.462823219050197,317.29835510253906,148.40829849243164,18.632503123450853,334.5664596557617,139.99813556671143,33.046262594002414,319.2494201660156,132.51548767089844,30.178442111952442,310.18564224243164,148.35888862609863,44.72607714635936,324.0407943725586,149.7883129119873,32.31176875069484,337.78759002685547,142.24891662597656,20.098479129588682
70,2.8,363.9393997192383,88.60535860061646,167.93516785235752,350.5712127685547,74.95852947235107,229.47044750830412,329.86690521240234,74.3338680267334,241.56165291184854,316.2173271179199,87.38867282867432,214.6445410814078,308.4378242492676,99.52096223831177,149.3746200202139,293.0572509765625,92.31417417526245,302.1025106076888,274.4546318054199,109.86706495285034,155.55519531952135,290.24377822875977,117.07653522491455,198.29538653677292,307.1105766296387,113.93895864486694,286.69708344829553,298.3159828186035,110.21811246871948,212.27864588716363,280.7887077331543,132.6633882522583,66.2553539877331,303.85047912597656,135.90431213378906,158.08871510615808,322.0073699951172,126.86947345733643,248.27112977403752,306.54977798461914,123.54465007781982,124.0244206189703,300.68084716796875,142.28493690490723,133.41255781766307,322.41493225097656,140.48418045043945,235.81111145806258,337.6271438598633,129.2607021331787,279.12840295371115,317.2003936767578,132.09320068359375,52.30222182975993,315.0251007080078,145.43023109436035,141.41559580330116,331.33914947509766,142.08296298980713,265.3281042242793,343.5533905029297,131.974196434021,294.5487333966116
71,2.84,357.4245834350586,86.59410953521729,170.45518842881015,342.6093292236328,70.01370906829834,234.31127588535134,318.502140045166,66.51162385940552,344.9142929045229,300.2647590637207,78.20613384246826,460.1653573425071,287.21832275390625,90.14029741287231,580.0129935391958,287.6714324951172,93.87253761291504,140.168508675474,270.35924911499023,110.00204801559448,102.44016487778029,286.2461853027344,113.61343145370483,132.22574667111738,302.5153923034668,108.84070158004761,171.58806793174014,295.61267852783203,111.54772281646729,75.31482990313707,280.0265312194824,130.58672904968262,55.302726433893426,303.8053894042969,130.19662857055664,142.69654152473944,320.83927154541016,120.1953935623169,169.3882309100013,306.13941192626953,124.16506290435791,18.596242516607557,297.4186897277832,140.88860034942627,88.71100178645523,318.27545166015625,138.77142906188965,111.99558272750471,332.92606353759766,128.84777069091797,117.97952304425705,318.9333915710449,132.52794742584229,44.66742683082431,313.4281349182129,145.22270679473877,40.25982852600054,328.0934143066406,141.10865592956543,84.72038948577998,339.1379928588867,131.71538829803467,110.57440370140176
72,2.88,355.03936767578125,86.86664342880249,60.01837708911386,347.0208740234375,67.67617464065552,124.81434893748002,326.69124603271484,58.03872585296631,294.5881208386864,309.33826446533203,59.260958433151245,525.1477003917922,299.6075248718262,70.60809373855591,578.2513021459889,292.6449394226074,83.51961851119995,287.1396710275011,267.257022857666,97.79381990432739,314.9053839730712,276.2752342224121,100.57016372680664,410.44693509158685,288.85997772216797,97.52210140228271,443.4108262740436,296.76910400390625,101.97296619415283,241.10848732762906,266.94541931152344,116.55380487442017,479.6082057635767,283.5307502746582,116.91415786743164,605.952256688001,300.48248291015625,109.98518943786621,569.3456286624981,304.63476181030273,116.68679237365723,190.70347090087463,281.03397369384766,131.82279109954834,468.13981409662546,301.59875869750977,129.67686653137207,474.8836408741863,319.6630096435547,120.46208381652832,392.29161900906,315.45724868774414,127.8920316696167,144.860459244283,303.01095962524414,140.81932067871094,282.74032959951217,318.3572006225586,136.83242797851562,265.84768006257576,332.73292541503906,126.53454780578613,205.95205322835338
73,2.92,356.20140075683594,86.00656986236572,36.14249075835732,346.11690521240234,67.21504211425781,25.36980018430186,324.0355682373047,55.77526330947876,87.23491000885795,305.8243942260742,53.94050359725952,159.40225006078447,297.7473831176758,64.06082153320312,170.15966890783562,291.15291595458984,84.05245542526245,39.60783702519339,265.6931495666504,101.98329448699951,111.7961228900844,277.3561668395996,102.70380020141602,59.79558892951125,290.02599716186523,96.95584774017334,32.406061774807306,297.7305221557617,102.2752046585083,25.19515022843108,270.70085525512695,121.87464237213135,162.81625149911827,290.38352966308594,119.00472164154053,179.11421328316672,304.05797958374023,109.48070526123047,90.27278364520359,306.76984786987305,116.29508972167969,54.26798923708226,289.6589660644531,132.72902011871338,216.81176229073023,309.17430877685547,127.73637771606445,195.50328617284265,320.69175720214844,117.39798545837402,80.80462659927207,317.6898384094238,127.01524257659912,59.96465614731091,307.29822158813477,138.2797622680664,124.57420494308842,322.29881286621094,132.49342918395996,146.5503702197336,332.6380157470703,122.7354097366333,95.00808489794515
74,2.96,355.8604049682617,85.29909610748291,19.634110014101402,345.5670166015625,65.80729007720947,37.783456053419755,322.83668518066406,54.97341513633728,36.05794881394303,303.20465087890625,51.60914182662964,87.67234067318971,295.5243682861328,64.26089286804199,55.799997089405274,282.3050880432129,85.52655458450317,224.24460289020232,268.4496307373047,99.81096982955933,87.7396107150809,287.0714569091797,95.50234794616699,302.33236648669515,299.6047592163086,87.80598878860474,331.16517907349123,290.71245193481445,106.59288883209229,205.99712717803317,274.3760299682617,122.98440456390381,95.97682433259872,298.0707359313965,112.42780208587646,252.9192201242688,308.9042663574219,100.68645000457764,251.02965588243697,301.85848236083984,121.9825029373169,187.86328181806465,293.59264373779297,135.10065078735352,114.83262838302653,313.1788635253906,123.21242809295654,151.04341041244083,320.1499938964844,111.43076419830322,149.79410253328777,314.5164108276367,132.04636573791504,148.70869779786054,310.40958404541016,140.17619132995605,91.09411179970144,323.7471389770508,130.04297733306885,71.1616241245771,329.10118103027344,120.25457382202148,108.00389648401429
75,3.0,355.9890365600586,86.59016847610474,32.436610753003414,343.36536407470703,67.23014831542969,65.53529304447434,319.1619873046875,58.73409032821655,131.44885502193156,300.3794288635254,61.11043453216553,247.8109694309129,292.2836685180664,72.50591039657593,221.4758014893748,283.3218193054199,86.2378478050232,31.020965744021854,265.9149360656738,101.25937700271606,72.98356158086972,283.4458923339844,99.07606601715088,127.26983966112111,297.38555908203125,90.94116926193237,96.02800970391232,291.66833877563477,104.42720890045166,59.181337951483805,271.7552375793457,121.1464262008667,80.02623479519345,296.57732009887695,113.32247257232666,43.522452022957594,309.4870376586914,101.42385721206665,23.497230943774632,302.7136993408203,118.08403015136719,99.77940088526972,285.69772720336914,134.2572784423828,198.49588156587174,307.3283386230469,124.98169898986816,152.80494335018008,318.9781951904297,112.23717212677002,35.56161865872347,316.1561393737793,127.3568344116211,124.19846457718162,307.83180236816406,139.40726280212402,67.25050862474767,320.16468048095703,131.10554695129395,93.41795554726525,327.662353515625,119.74318027496338,38.17515534416715
76,3.04,357.49053955078125,95.25642156600952,219.8841368900809,345.3181457519531,80.04079341888428,323.9656465638497,323.1544876098633,74.55192804336548,407.8480481975,304.9220657348633,80.44575691223145,496.5444600473333,288.6261177062988,88.75164270401001,416.3093021911932,284.3812561035156,84.51407432556152,50.58286108984117,265.2667045593262,102.40276336669922,32.85894534944375,285.4766845703125,107.42244243621826,214.74711353690918,300.1167297363281,102.70078182220459,301.81511384310727,287.8934097290039,99.94292736053467,146.5410996878045,267.4281311035156,118.94949674606323,121.32175578434412,294.26218032836914,118.51876258850098,142.21748769310122,305.94160079956055,108.0079436302185,186.9497199847051,295.13952255249023,112.3761248588562,237.10274256262971,279.4306755065918,130.4287576675415,183.59859118037792,302.4973487854004,126.88762664794922,129.83408414511658,311.8855285644531,114.83028173446655,188.79575158218242,305.5281448364258,121.87954902648926,298.9093958419873,298.5420227050781,135.3469705581665,253.45855096917066,311.1207580566406,130.86565017700195,226.17758962727837,317.5141716003418,119.4234824180603,253.83040955698831
77,3.08,357.82501220703125,95.18876552581787,8.531167034517642,351.5675354003906,91.68798208236694,330.4465489500126,330.7203674316406,92.13428020477295,478.52745807145664,309.7989082336426,97.21324682235718,436.5577787103817,293.77418518066406,101.73852682113647,349.25076752983745,292.3528861999512,81.13518476486206,216.45406709305672,265.84495544433594,105.16558170318604,70.56707468094785,279.8295021057129,119.16385173797607,325.7216624089176,294.6243095397949,120.89251041412354,475.06951384595226,290.1534652709961,93.64508628845215,167.2771899088813,266.0516166687012,117.65839576721191,47.18139017957309,287.4355888366699,127.43139266967773,280.6658671338984,301.6700553894043,121.62311553955078,356.73782942773397,291.32516860961914,105.21783828735352,202.77814638363392,273.49292755126953,127.46001720428467,165.96360805744465,293.2097816467285,132.97057628631592,277.55762876635555,305.19426345825195,124.14161682128906,286.65526968442134,295.0577735900879,114.86160278320312,315.1192666176106,284.1157341003418,131.07909679412842,376.10881850611884,296.29817962646484,133.7135124206543,377.341979076617,306.2774467468262,125.68146228790283,321.54538704218146
78,3.12,358.18416595458984,87.7302074432373,186.68000710710373,355.46958923339844,101.67598485946655,268.0790736786448,335.02567291259766,107.76435613632202,405.3046145419118,311.3058853149414,112.6042914390564,386.61611638418697,293.8503646850586,119.1684365272522,435.7519045284232,298.2550239562988,84.66060876846313,171.8717626969145,270.469913482666,109.22399997711182,153.8282234800573,277.7479553222656,128.01187992095947,227.23946584295737,291.1617851257324,136.21204376220703,392.64899824861163,290.63304901123047,88.00401449203491,141.53553347179107,266.40071868896484,111.98680400848389,142.05814236216773,277.75218963623047,131.2258243560791,260.0071295871497,292.7354431152344,139.036602973938,489.29594899029985,288.5925483703613,93.83985042572021,292.53826795766844,268.3466148376465,116.45346164703369,303.7564811872853,280.62273025512695,132.33298301696777,315.07973981987567,294.66941833496094,137.51960277557373,425.5458796227944,289.6324920654297,100.34593105316162,387.40999389868267,275.6217384338379,116.76854610443115,416.0377262227715,283.2840347290039,128.97115230560303,346.28199028477644,293.8852882385254,133.90023708343506,371.7474374781614
79,3.16,358.17256927490234,88.36226463317871,15.804089153135365,355.27374267578125,100.87393999099731,20.640249592246033,334.87762451171875,107.90534734725952,5.111069516526357,311.02989196777344,115.7624101638794,79.2538887364471,292.6077079772949,123.66271018981934,116.57264754058596,298.07918548583984,82.89653062820435,44.320500706728986,270.7010269165039,106.85420751571655,59.525885804970194,276.2538146972656,125.90748310089111,64.52200295049168,288.0328178405762,135.20248889923096,82.1950321375048,290.2732276916504,87.18057632446289,22.465554158515616,266.511287689209,111.05385303497314,23.48700468862556,276.93004608154297,130.06244659423828,35.61397058441352,291.3742256164551,138.19992542266846,39.94482447531019,288.76195907592773,93.89458179473877,4.450808207165357,269.04382705688477,116.37061357498169,17.55293212147729,280.7504653930664,131.56957626342773,19.35048669954701,294.0751266479492,136.72476768493652,24.811104249905572,290.7202339172363,101.0528826713562,32.43226524851135,278.0699920654297,117.27280139923096,62.49109560037363,285.6473922729492,129.61023330688477,61.206022001119756,295.938777923584,135.0821828842163,59.23373069157088
80,3.2,360.3126907348633,85.49215078353882,89.50444602532343,358.2486343383789,109.72739696502686,233.49743145694526,335.55023193359375,122.4610948562622,364.28198751945524,308.01164627075195,130.30320167541504,371.26845481869293,290.12598037719727,141.3158369064331,445.667936047898,304.1967010498047,92.72317886352539,289.3818975593609,274.0968704223633,121.58841133117676,378.01166912528095,274.4010925292969,143.01348209381104,430.1509771125862,280.3903388977051,156.20009422302246,558.6294130089427,293.55899810791016,86.69710636138916,83.02872407171202,264.92082595825195,118.19907903671265,183.00243019829873,270.54908752441406,140.15825271606445,298.5819960217162,281.2767028808594,152.1708869934082,430.9493391100041,289.587345123291,87.6346492767334,157.85281367694054,266.2758255004883,117.0779299736023,71.42360037117889,273.06739807128906,134.9802017211914,210.15156655987087,281.9545364379883,144.04333591461182,353.96870268624514,289.0122604370117,92.13931560516357,226.8932172474868,273.7893295288086,113.28419923782349,146.2724746714494,277.8129768371582,129.35580253601074,195.96364496656017,284.8170280456543,139.1165828704834,295.77198100523833
81,3.24,361.7716979980469,88.45908164978027,82.65659743435016,356.54674530029297,118.56713533401489,225.05193946358855,331.4344787597656,134.94197845458984,328.54972947683285,303.31586837768555,142.6746654510498,330.81664669879297,284.25920486450195,151.97449207305908,304.164824640157,306.25173568725586,103.09918642044067,264.43891093016066,272.708683013916,132.1627950668335,266.62784887119966,271.69918060302734,153.2634973526001,265.0037038216708,275.8534622192383,166.4988899230957,281.3454758693738,295.9716606140137,91.31453275680542,130.24392232807952,261.2684440612793,123.14277648925781,153.66367093354228,269.0998840332031,144.3590784072876,111.09434967342618,280.56968688964844,154.37627792358398,57.898730376459795,291.73728942871094,87.5290846824646,53.81336032977014,263.69205474853516,117.7403211593628,66.68317526568084,273.0360794067383,133.4351921081543,38.6331752119076,283.64551544189453,139.11731243133545,130.20444824736694,290.9110641479492,88.99382829666138,91.85432059999415,273.45319747924805,110.35446882247925,73.7237455867125,278.5780143737793,124.60176944732666,120.3799013559323,286.4192008972168,131.1130714416504,204.05751799086036
82,3.28,363.3454895019531,93.85624408721924,140.54843932313338,354.40635681152344,126.19739055633545,198.11937317026704,328.11161041259766,143.63824367523193,232.73708723627396,298.9549446105957,152.026948928833,257.97633412677817,279.6982192993164,162.4742317199707,286.1895372593558,306.34517669677734,111.14444732666016,201.14508798284749,272.7580261230469,139.6992588043213,188.41563166455825,269.55921173095703,158.3195400238037,137.2566807719702,270.92565536499023,169.72068786621094,147.18878689253893,296.3011169433594,96.49641036987305,129.80850576367624,259.47559356689453,128.14693450927734,132.89072198742255,267.484188079834,144.415283203125,40.41683121553863,277.9267120361328,149.92977619171143,129.31718207536653,292.51819610595703,89.83603477478027,60.88839158145639,261.1394691467285,118.7465500831604,68.5938677180651,269.02355194091797,131.62161827087402,110.0835669140434,278.4562110900879,134.77357864379883,169.18352252928358,291.6573905944824,89.59781885147095,24.002704992016664,271.2354850769043,109.6982216835022,57.819269100603755,275.0087547302246,120.9203052520752,128.19124634707572,281.75548553466797,124.44984912872314,203.32973923894758
83,3.32,366.9717788696289,97.75950908660889,133.1949985772239,355.5332565307617,130.35879135131836,107.78207049906223,327.38147735595703,148.52511405944824,123.52782184727108,297.6179313659668,159.37705993652344,186.76813205430204,279.572696685791,173.21714401245117,268.5911396184196,307.93556213378906,117.70323514938354,168.72133745795824,273.6884880065918,147.3122262954712,191.7404387088754,269.276123046875,164.96343612670898,166.24811019462592,269.2306137084961,175.9736680984497,161.96629279347604,297.89453506469727,101.4385199546814,129.81580329851633,261.1508560180664,134.78286266326904,171.1031245061843,268.28338623046875,150.61151504516602,156.18900154200404,277.9311180114746,155.97025394439697,151.01198398907732,294.08191680908203,92.88054943084717,85.5653694858055,262.51745223999023,123.38859558105469,121.05635002405842,268.59350204467773,136.97178840637207,134.18565355513846,277.3195266723633,140.96720695495605,157.42673518629678,293.1904602050781,90.81600666046143,48.95331940293403,273.31493377685547,112.1760892868042,80.87001435645904,276.2768745422363,124.42484378814697,93.17295144122016,282.5698661804199,128.9106845855713,113.36409487038037
84,3.36,367.6013946533203,107.7522325515747,250.31347631813574,354.14546966552734,139.2471742630005,224.90178852112302,324.96009826660156,157.3388957977295,228.50851355095608,295.48871994018555,168.61969470977783,237.11790164316034,276.93504333496094,181.4838409423828,216.93243955562286,311.72821044921875,127.70278930664062,267.3659297064243,275.7780647277832,157.2022819519043,252.7097294341493,268.0216979980469,174.01875972747803,228.54494595944942,263.49220275878906,184.02603149414062,247.19667838077402,301.11968994140625,109.28443193435669,212.07303985238792,261.50867462158203,141.30620956420898,163.32882657201202,271.42452239990234,151.85002326965332,84.41208095204237,282.6393699645996,151.50063514709473,162.29819901824033,296.6198539733887,97.79239654541016,138.21940693786814,264.5092964172363,128.80767345428467,144.33868206097756,274.12073135375977,138.52417945861816,143.52739680603918,284.2936134338379,137.99115657806396,189.56325132125252,295.0159454345703,92.7897834777832,67.21323924500956,276.16222381591797,114.64576721191406,94.22834505975196,282.42916107177734,124.04578685760498,154.09881914327684,289.87220764160156,124.71945762634277,210.4913511279269
85,3.4,366.5865707397461,109.35720920562744,47.47247647069039,353.4053421020508,141.94823741912842,70.01576154521176,323.53328704833984,159.4672679901123,64.05933988237932,294.12084579467773,170.32610893249512,54.67477239001871,276.83115005493164,183.26590061187744,44.62713915933437,311.14904403686523,134.50793266296387,170.74361231336886,272.8230667114258,159.85493659973145,99.27420975924232,264.2661476135254,175.1841402053833,98.30523367604276,260.02857208251953,184.1677951812744,86.6632650138782,301.21313095092773,114.4568395614624,129.3312894353145,259.57664489746094,143.31401824951172,69.66004311863672,268.4304428100586,153.96762371063232,91.68132381363648,279.6235656738281,154.0845823287964,99.28449828038252,297.0402526855469,100.89353799819946,78.23767230126596,261.46989822387695,129.28977012634277,76.93486928486057,270.60407638549805,138.9810562133789,88.65522592760867,281.16668701171875,138.35894107818604,78.71203167193077,295.5517578125,93.86256694793701,29.97873494431004,274.9465560913086,116.09827280044556,47.352537559856266,281.44277572631836,125.52041530609131,44.35288259249219,289.7101402282715,125.86731433868408,28.981037750252536
86,3.44,365.24707794189453,110.37315845489502,42.02970551127769,351.26522064208984,143.88640880584717,72.1830493765703,322.0624542236328,160.1032590866089,40.06115538350858,293.0917549133301,170.3955602645874,25.785794655225008,275.4152297973633,182.52196311950684,39.98650685189876,310.130615234375,137.54419326782227,80.06277102357242,270.0179100036621,160.25178909301758,70.82723724201615,263.5480308532715,173.8571834564209,37.720235741031914,263.13121795654297,180.67769050598145,116.74556218572212,300.9169578552246,117.33750343322754,72.39623110317656,258.6539840698242,143.62070560455322,24.307408034867017,266.80225372314453,154.53171730041504,43.07842616075359,277.5860786437988,154.80836391448975,54.05560320937136,297.12974548339844,103.4641170501709,64.30340982065836,259.6784782409668,129.86605167388916,47.045762144508586,268.41114044189453,139.72280502319336,57.87464551516385,279.0296745300293,139.04834747314453,56.13657188225307,295.910587310791,96.07439517974854,56.018650554314675,272.9862594604492,117.41000890731812,58.96722869013662,279.0416717529297,126.51530742645264,64.97648912385505,287.4705696105957,126.27435207366943,56.90648177744498
87,3.48,364.58370208740234,111.46013259887695,31.835321519584355,349.4186782836914,144.6919298171997,50.3648115074533,320.45536041259766,160.6131935119629,42.15139110714957,291.8793296813965,170.7334327697754,31.465584103819243,272.4811363220215,182.3534345626831,73.47323660910648,309.9524688720703,141.14839553833008,90.21505602287259,268.91185760498047,161.5792465209961,43.1964634817246,263.0987739562988,174.67291831970215,23.281633408252034,263.2651138305664,181.04943752288818,9.878130822034317,301.6222953796387,120.46736240386963,80.20878302692029,258.30516815185547,144.7498083114624,29.543881212719185,266.22243881225586,155.60949325561523,30.596020375374515,276.68474197387695,155.39544582366943,26.891831480859597,298.11817169189453,105.67020893096924,60.435025834394665,259.2653465270996,130.5703639984131,20.413440172456472,268.2278633117676,140.31507968902588,15.499592458646186,279.0200996398926,138.77097129821777,6.938534649789608,296.99541091918945,97.13421821594238,37.91493051379753,272.87458419799805,118.06046962738037,16.499441516825776,278.97796630859375,126.79763317108154,7.235598183560294,287.5549507141113,125.52499294281006,18.852375142684817
88,3.52,364.35546875,112.22913265228271,20.053857771633936,349.65126037597656,146.76286697387695,52.098915155201276,321.37451171875,162.65416145324707,55.95974703386881,293.2173728942871,171.11393451690674,34.77733833918176,273.41136932373047,180.23248672485352,57.89944499012123,310.0532913208008,147.1060037612915,148.96153216616364,266.8740653991699,165.11412620544434,102.00481440104652,259.5787811279297,176.85650825500488,103.55679153647282,260.2278137207031,182.9436206817627,89.48855302753574,301.2667465209961,126.19101047515869,143.36701641864195,256.10754013061523,148.1861400604248,101.97409232455587,263.00228118896484,158.1879186630249,103.13126556849454,274.2953109741211,158.49703788757324,97.88147754256603,297.1609115600586,110.28151988983154,117.74054027640115,258.6578369140625,133.00628185272217,62.763264150268775,267.7968406677246,141.89037322998047,40.8299083075985,279.1773796081543,140.44578552246094,42.054575212927475,296.3649559020996,99.7908067703247,68.25932297060656,272.16121673583984,119.86859321594238,48.59400713810039,278.5176467895508,128.46845626831055,43.32683840477712,287.8292655944824,127.66080379486084,53.83386857575635
89,3.56,363.8861083984375,115.54328441619873,83.68057216988343,350.0709533691406,149.26756381988525,63.49039542971706,320.5432891845703,165.70411205291748,79.0297790462478,291.90534591674805,175.2079725265503,107.47837577332837,271.54104232788086,185.8617639541626,148.2963359203068,309.03852462768555,152.5574541091919,138.62733843176306,264.3442153930664,167.1170711517334,80.66880403557055,257.9873847961426,178.2335329055786,52.61142445510987,260.26208877563477,183.65231037139893,17.737951114546455,300.9901237487793,131.45263195037842,131.7221998815175,254.64792251586914,150.8027172088623,74.90393662469614,261.4605140686035,161.49301528930664,91.17534467471931,272.8385353088379,162.0240068435669,95.39950653535986,296.9375419616699,114.9337649345398,116.44010781700393,256.67383193969727,135.67296981811523,83.09445093942122,266.0272026062012,145.13434410095215,92.38156566824219,277.42523193359375,143.77377033233643,94.0262741479407,295.9456253051758,103.3950662612915,90.71426509837333,269.49785232543945,121.70379638671875,80.86053062455383,275.5998420715332,130.92830657958984,95.40848994712975,284.78527069091797,130.67718029022217,107.13435529364126
90,3.6,364.1413116455078,114.70951795578003,21.798727139364704,350.51841735839844,148.62489223480225,19.577582651396558,321.37157440185547,164.90312576293945,28.8057658931537,292.76405334472656,172.9131031036377,61.25665328703425,271.9764709472656,181.8742847442627,100.27957335607809,309.1245460510254,152.21928119659424,8.723553035038055,262.8541374206543,167.75234699249268,40.49620165614448,257.5411033630371,178.52499961853027,13.325726112803302,261.96643829345703,182.31425285339355,54.17105546548638,300.63608169555664,131.2327766418457,10.418797079681553,255.1616668701172,150.7079029083252,13.060508534990223,263.3718490600586,161.13727569580078,48.60396143801126,275.8584976196289,160.59555530548096,83.51888317641965,296.8812942504883,114.6569037437439,7.062928039333976,257.33083724975586,135.13741493225098,21.190726350491552,267.55271911621094,144.12242889404297,45.76552337927552,279.6471977233887,141.8698024749756,73.15320213805664,296.5740776062012,103.17330837249756,16.660748330778393,270.48784255981445,121.12192153930664,28.708219665811015,277.43722915649414,129.18899059295654,63.251538525455175,287.1465492248535,127.30967044830322,102.82192996342563
91,3.64,364.30835723876953,118.30686807632446,90.03066186031154,350.71277618408203,152.47381210327148,96.34560027259407,320.52440643310547,168.56685161590576,94.0099086964032,290.924072265625,175.07389068603516,70.95127442343274,269.57149505615234,183.1692123413086,68.28591783096272,307.7031707763672,156.98646068572998,124.36415267533437,260.28635025024414,167.19808101654053,65.67315720968682,257.42115020751953,177.5727653503418,23.993994835050238,264.2771530151367,181.22610569000244,63.852695588084615,299.86867904663086,135.42473316192627,106.54050371755417,254.4919204711914,150.91333866119385,17.51363910340241,261.81562423706055,161.50930881500244,40.00190887240741,274.1010856628418,162.31176853179932,61.40991687040645,296.28597259521484,118.79975080490112,104.63504923475861,257.92293548583984,136.6545581817627,40.71473904430022,267.69277572631836,145.1789903640747,26.645097977752048,279.7438430786133,143.87884140014648,50.284053930758766,295.5286979675293,107.18377590179443,103.61186102618247,271.49913787841797,123.72708320617676,69.86408918374515,278.2992744445801,131.44476413726807,60.37195314220285,287.50988006591797,130.5476474761963,81.45744492230213
92,3.68,365.43392181396484,121.01034164428711,73.21059070246977,351.7346954345703,156.0596752166748,93.21592280354079,322.63755798339844,172.512788772583,111.90350061255816,293.37921142578125,178.75325202941895,110.58200630900494,272.43947982788086,186.98847770690918,119.40509982760065,307.18950271606445,161.05287551879883,102.46824041738955,261.33031845092773,167.4942970275879,27.129475774046853,256.716365814209,177.09092617034912,21.343764259587182,262.34113693237305,181.57673835754395,49.187787739100344,299.9067687988281,139.37632083892822,98.7942812054933,255.64491271972656,152.55001544952393,50.05061210065651,260.9714698791504,163.7630796432495,60.166848877913004,273.0427932739258,166.1309051513672,99.07631938107698,297.09632873535156,122.64525890350342,98.24907636421169,259.5327377319336,138.64219665527344,63.944164964974505,267.5246238708496,147.73378372192383,64.00802756201547,279.36290740966797,147.8799819946289,100.48083785195676,297.0042419433594,111.01248264312744,102.57992413155598,273.8310241699219,125.90470790863037,79.76427388420845,279.3466377258301,134.39111709594727,78.17434681542133,288.04834365844727,135.0627565383911,113.67759476913587
93,3.72,366.85985565185547,123.92399311065674,81.09659432398878,353.05580139160156,158.9185667037964,78.7344488011748,325.05504608154297,176.8598985671997,124.35235289069449,297.6869010925293,184.3544054031372,176.65133275205454,277.1087455749512,187.96854972839355,119.27537409305344,308.53214263916016,164.03297424316406,81.7147109233312,262.1482849121094,167.4816656112671,20.451599636340884,260.4167938232422,177.55780220031738,93.24410396037234,267.7514839172363,181.9892978668213,135.65134501110364,302.36942291259766,141.70244693756104,84.68887143098667,258.5105514526367,154.41797733306885,85.51742127313744,263.4356880187988,165.7668685913086,79.4022244183693,274.08559799194336,168.14123153686523,56.61743247528407,299.9407768249512,124.70775604248047,87.8378455689637,261.5761184692383,140.66466808319092,71.87574136283057,268.790340423584,150.1827907562256,68.9187648881152,280.0831604003906,151.02290153503418,80.60981488048705,299.95901107788086,113.28359127044678,93.16851344273034,274.2535972595215,128.83262157440186,73.95626431490257,279.312744140625,137.0963716506958,67.63667173354328,288.1988716125488,137.43922233581543,59.53070820642483
94,3.76,367.9324722290039,125.79490184783936,53.91431758146372,353.3906936645508,161.1582326889038,56.614135598631044,325.96641540527344,180.5789566040039,95.72743443416194,299.56687927246094,187.88443565368652,99.98572250205386,280.3659248352051,187.75056838989258,81.61162829739268,309.9602699279785,164.9719762802124,42.72932525392112,264.3508529663086,166.93376541137695,56.74229387336764,263.65156173706055,176.58004760742188,84.48271827790079,271.6102409362793,180.99294662475586,99.63283071350874,304.1743850708008,142.05883026123047,45.99522710248692,261.24948501586914,154.17833805084229,68.73492584463116,267.60595321655273,165.16505241394043,105.33664643340967,278.8564682006836,166.97731018066406,122.76989521068027,302.0048141479492,124.64458465576172,51.62509500493022,263.6327362060547,139.8378610610962,55.41483537359934,271.7822456359863,148.6087417602539,84.51747985520424,283.77885818481445,148.87985229492188,106.80251097042711,302.41865158081055,112.89095878601074,62.26953343874625,276.8406867980957,127.7070951461792,70.53297996871665,282.2943878173828,135.68992137908936,82.41776728067988,291.39278411865234,135.79497814178467,89.80748878242389
95,3.8,367.07469940185547,125.67253589630127,21.661423791645777,354.73011016845703,160.12360095977783,42.312080026354835,330.3126525878906,182.79433250427246,121.95713393200624,305.8624839782715,194.85219955444336,234.76633647697716,287.4128532409668,194.72179412841797,247.81190983966331,312.4395751953125,167.25615978240967,84.27799564662551,268.6600112915039,173.2858657836914,191.89519374445894,269.45024490356445,182.21167087554932,202.0827601188591,277.3344039916992,184.5640468597412,168.66905386982444,305.0578308105469,145.0186014175415,77.22014662964534,262.6840019226074,160.52880764007568,162.76190962471873,270.42236328125,170.1873779296875,143.9529420475927,281.9613265991211,170.75933933258057,122.33123625094223,301.8132781982422,127.41545677185059,69.43710420116255,264.5699882507324,145.88330268859863,152.94158579910493,273.99667739868164,152.97828197479248,122.46578531906289,286.202392578125,151.96117401123047,98.00530111604314,301.72306060791016,115.00200748443604,55.5673769440287,277.1295166015625,131.76532745361328,101.71243814202502,283.5752868652344,138.45664501190186,76.22115040767162,293.2326126098633,137.51830101013184,63.02187410752628
96,3.84,365.99987030029297,121.89837455749512,98.1056554463882,358.51680755615234,158.13513278961182,106.92603392574082,336.0214614868164,182.48481273651123,142.9298375320238,311.8278503417969,196.93865776062012,157.9930846928167,293.21739196777344,198.06467056274414,167.45800347805738,309.82622146606445,161.01769924163818,169.09318369049043,269.94096755981445,174.30460453033447,40.91666527250821,270.0039291381836,188.13849449157715,148.81575102952604,278.26147079467773,195.69130897521973,279.14536428596233,300.74520111083984,141.1337184906006,145.11006659350042,263.4048271179199,164.33652877807617,96.8837229200971,269.3736267089844,179.0930700302124,224.18073092284146,280.2294158935547,183.83259773254395,329.68697263869535,296.8886184692383,127.60438442230225,123.20705921227184,264.85595703125,152.40942478179932,163.3096133858797,271.7303657531738,164.3219232559204,289.19539889739127,282.86943435668945,167.8436279296875,405.709989538206,296.5694999694824,120.11547088623047,181.49844216866362,276.5259552001953,140.95882415771484,230.33218947525907,280.4794692993164,152.84568786621094,367.9577427033822,288.19494247436523,157.44586944580078,513.8616692216144
97,3.88,365.95863342285156,119.11880493164062,69.49688745293741,361.619873046875,153.80473136901855,133.1854719535646,339.98779296875,176.81851387023926,172.91386632239144,317.27712631225586,191.47247314453125,192.96013652337024,301.7347526550293,195.62676429748535,221.48479072359527,309.20249938964844,154.59069728851318,161.4299061010716,270.5952835083008,169.91795539855957,110.87949530274146,273.919620513916,185.1383399963379,123.32266099872315,284.45526123046875,192.4652624130249,174.58954791156833,300.41614532470703,136.9475269317627,104.97760915331268,263.9254951477051,161.84354782104492,63.66930799726429,272.09190368652344,178.1645965576172,71.81178835997227,284.1607475280762,182.99363136291504,100.4963711719162,297.1361541748047,125.71301937103271,47.68736522060937,265.83547592163086,152.16128826141357,25.261494776661745,273.49666595458984,165.61503410339355,54.726319452886266,284.8841094970703,169.90262031555176,72.01720960261696,297.57144927978516,120.34878730773926,25.718900794962448,278.1759262084961,140.84991931915283,41.339029621648976,282.53162384033203,153.74917030334473,56.05588045881238,290.3016471862793,159.1554307937622,67.82700764465343
98,3.92,366.2071228027344,111.65418148040771,186.71895699253943,362.89669036865234,144.19851779937744,242.26741632278438,343.3422088623047,167.15764045715332,255.66650774324526,322.10418701171875,181.75443649291992,271.27102609562854,307.78629302978516,184.09462451934814,325.5873430911001,309.38426971435547,145.22499561309814,234.18663540515095,273.2431411743164,163.3669137954712,176.64812535247944,279.2541313171387,178.93006324768066,204.6333698618354,291.0142135620117,184.51576709747314,257.6508435114179,301.0255432128906,130.71158409118652,156.64120805413847,269.3320846557617,156.8391752243042,184.1788451404599,278.0062675476074,173.4371280670166,189.28922679810262,289.9513244628906,178.2608985900879,186.96513835638802,298.49767684936523,122.71775722503662,82.25470851484593,272.1549987792969,149.54885959625244,170.9553170405918,280.1985549926758,163.0354356765747,179.53001963888715,291.96083068847656,167.41876602172852,187.49919162132815,299.7042655944824,120.24590492248535,53.38240708226329,281.16939544677734,140.7134485244751,74.91446104698386,285.37105560302734,152.92104721069336,73.94322396096157,294.33231353759766,158.56976509094238,101.82483596570846
99,3.96,370.08914947509766,104.07631874084473,212.85871896723688,364.6360397338867,134.92023468017578,235.99771430885156,343.9189910888672,153.45309734344482,342.9168810480658,323.8747024536133,164.35315132141113,437.2781227020729,312.4383735656738,167.4916934967041,431.0591402689646,306.92771911621094,130.37675857543945,376.2518969783937,276.2542533874512,153.19988250732422,265.0888082019034,283.69789123535156,168.40882301330566,285.5296594490522,296.0620307922363,173.20075035095215,309.74794467014124,301.9215774536133,119.66390132904053,277.09900281032816,280.7862663269043,147.1754550933838,374.6546447432413,289.86644744873047,162.36285209655762,405.6656994657734,300.25074005126953,167.27807521820068,376.414308541976,302.1120262145996,115.14367818832397,209.80674826542773,286.35276794433594,142.24388122558594,399.1705135806936,293.60631942749023,154.07494068145752,403.15832629454917,303.4315872192383,157.86887168884277,373.14435641358676,304.47729110717773,115.97125053405762,160.18435216443748,292.6449394226074,136.7742919921875,303.32023478400066,297.20115661621094,145.91614723205566,343.71128299494137,304.9800109863281,148.84822368621826,360.45269128162533
100,4.0,369.4621276855469,103.92342567443848,16.134834487967527,363.90125274658203,135.65556049346924,25.988170005889017,342.0779037475586,154.30678367614746,50.73449857450317,321.71398162841797,163.49660396575928,58.10759339851214,310.6607246398926,164.69630241394043,82.81850264632101,306.32373809814453,129.9424123764038,18.59854985612528,277.16365814208984,152.90348052978516,23.912224123454227,284.44068908691406,168.97727966308594,23.383910213078114,296.3091850280762,174.95060920715332,44.180674741050886,300.4052543640137,119.43014144897461,38.35589421442728,279.3509292602539,147.2235345840454,35.903552508098244,288.59508514404297,163.08151245117188,36.51057051624401,298.3580780029297,168.6351442337036,58.222664949227806,299.7032356262207,115.79408168792725,62.37636176348668,283.10400009155273,144.18286800384521,94.58515438330517,290.6391716003418,157.1980905532837,107.6975839737118,300.27992248535156,162.2548770904541,135.02322480269135,302.00061798095703,117.71385669708252,75.70743859405512,289.5316696166992,138.69771480560303,91.48771845016618,294.26807403564453,149.586181640625,117.4524531047164,302.4639320373535,154.64345455169678,157.94649818385506
101,4.04,373.46736907958984,101.63145303726196,115.36652784202923,363.8480758666992,121.35940074920654,357.4064660981521,341.12857818603516,133.52129459381104,520.1789207893331,321.9337844848633,143.52586269378662,499.29877093265355,312.67614364624023,152.38084316253662,311.98202106064446,308.4366035461426,118.31408500671387,295.4680585719294,280.3293228149414,144.65280532836914,220.92854345381903,291.9427490234375,160.78574180603027,277.69384643295365,306.2569999694824,161.44357681274414,419.37374903843556,306.5726852416992,117.00071811676025,165.71681673516235,280.84171295166016,144.4614028930664,78.46897274111507,294.43857192993164,161.34897708892822,152.37293189384118,306.94225311279297,162.1999740600586,268.2110613404194,307.2642517089844,118.83291006088257,203.7207679706606,285.89427947998047,144.39724445343018,69.96256288018125,297.3739433288574,158.7656021118164,172.86960895669856,308.9697074890137,158.78607273101807,233.91366876199396,309.2938232421875,121.35450839996338,203.78479427469728,292.9249382019043,141.88456535339355,116.37839174781452,299.396915435791,153.52575302124023,161.68108418043832,308.8336753845215,154.09323692321777,159.83657620261636
102,4.08,372.1897888183594,94.97375965118408,169.47915164355553,362.4330139160156,102.4463939666748,474.1467506745432,344.73026275634766,108.82612466812134,623.9108256607651,327.91770935058594,114.83672618865967,732.6637659119384,319.6162223815918,125.46934604644775,694.7991480826214,308.7412643432617,110.15056371688843,204.23010620794633,285.02904891967773,132.31956481933594,329.9585645512911,298.92345428466797,146.14242553710938,405.55283047943817,316.07654571533203,147.7839231491089,420.5722417621148,308.2025337219238,120.44114112854004,95.17390847966932,288.7004852294922,146.04957103729248,200.44104458848327,308.40065002441406,155.32410621643066,380.163364347072,325.34576416015625,150.27504444122314,548.2319110585189,310.29619216918945,129.88380432128906,286.4818132413838,295.43750762939453,153.14455032348633,323.64000399371963,312.9534339904785,158.91215801239014,389.504499257977,328.68404388427734,152.34642505645752,518.485849420027,314.1049575805664,136.60228729248047,399.7200385715438,303.9086151123047,153.4444284439087,398.6473952187547,314.7700309753418,158.44521045684814,403.5264418637393,326.69078826904297,153.76803874969482,446.50184379700903
103,4.12,374.71893310546875,93.9901614189148,67.84189481591213,364.7713088989258,86.41468048095703,405.0335331142718,344.4966125488281,91.2943983078003,438.3320812984216,326.4759826660156,101.75638675689697,328.9888443047197,317.25934982299805,114.68502044677734,275.9716096099819,308.3639907836914,106.3034176826477,96.64001483445203,285.0874328613281,126.97840690612793,133.53692499283474,301.3880920410156,133.26805114746094,327.7040921269999,317.9918098449707,128.55089664459229,483.2038552785709,311.8571662902832,120.88531494140625,92.0381360692035,298.8363456726074,145.71855068206787,253.53160724784541,320.3157424926758,145.4340362548828,387.1231331659365,334.1135787963867,133.7845516204834,466.9120145743242,318.01307678222656,131.3077211380005,196.17888398067095,310.58115005493164,152.91237831115723,378.63555181387517,327.6437759399414,150.32752990722656,425.3689474269025,338.01841735839844,138.2594919204712,422.47205035668117,324.2210388183594,136.83958053588867,252.97159881718207,320.8930969238281,152.97009944915771,424.77759651465846,332.93663024902344,151.2703800201416,488.3028779392592,340.86315155029297,141.42602920532227,469.8278145828444
104,4.16,378.9444351196289,92.30404615402222,113.7372299375168,365.7856750488281,77.69528388977051,219.45502899293353,342.05116271972656,74.47260618209839,424.9653774036918,322.1441650390625,82.93363094329834,482.8695348975894,310.7361030578613,95.82597255706787,498.8840268947922,310.08127212524414,99.7547721862793,169.25168581721607,288.0209159851074,117.81325578689575,240.57914274186984,302.5816345214844,117.16105699539185,403.778872239707,319.25342559814453,109.61698293685913,474.3974880048783,315.6763458251953,114.52911615371704,185.38371582428908,303.1101417541504,136.96628093719482,243.49994691173978,322.2304916381836,130.815167427063,368.5932633805394,336.3837432861328,118.91685962677002,376.0002593337146,323.2164764404297,124.78304386138916,208.63661826084817,315.09883880615234,144.99285221099854,227.93695030644002,330.80894470214844,137.6140022277832,327.5401495897332,341.57997131347656,125.34865379333496,334.8268281142201,330.89969635009766,130.96951961517334,222.29215241315003,327.30518341064453,147.92896270751953,203.91161192154433,338.5672378540039,140.37220001220703,306.66968130079374,345.8910369873047,128.53405952453613,345.9430175422892
105,4.2,378.7490463256836,92.56446361541748,8.13918127788959,367.3368453979492,74.75197792053223,83.17594108479534,344.4996643066406,67.18030214309692,192.30974074776762,322.3741912841797,71.8602991104126,276.89301854985825,310.07762908935547,84.64834213256836,279.92522424959424,309.31724548339844,91.39256000518799,209.92607221210324,285.7885932922363,106.72621250152588,282.738608763435,301.46472930908203,105.12059211730957,302.30393618615057,318.80321502685547,98.40275287628174,280.58158952662285,315.013484954834,106.75032377243042,195.17459402516212,303.0984878540039,126.81740283966064,253.72211971465654,325.82374572753906,117.36337423324585,348.0860302065199,337.4517822265625,105.46642541885376,337.3192919547425,322.55306243896484,118.56690645217896,156.2859607168902,314.1812515258789,136.19115829467773,221.23486136558333,332.60860443115234,126.23614311218262,287.9826960889466,341.78699493408203,114.30888175964355,276.0428242766006,331.31587982177734,127.12108612060547,96.77179678311249,326.7234420776367,140.8066749572754,178.65015703849704,339.46842193603516,131.0414457321167,234.35431000027842,346.71417236328125,119.05669212341309,237.82615066348086
106,4.24,376.28040313720703,85.66324710845947,183.23650780466997,362.9475402832031,68.28900575637817,195.31386373118517,339.22630310058594,60.34210681915283,215.88372694857844,315.32867431640625,64.50732707977295,254.5897521338894,302.3381805419922,80.86208581924438,215.39904927754043,306.0839080810547,82.0089340209961,248.1266150685426,286.31723403930664,97.13568449020386,240.12716497646537,294.61029052734375,97.0185899734497,265.3132226158682,306.7953300476074,92.04259157180786,339.7066321601789,312.0063018798828,99.10119295120239,205.47559521530368,303.6061668395996,119.87516641616821,174.01936765788543,325.35743713378906,108.06645154953003,232.71524323139383,336.86458587646484,94.61486577987671,271.685878074114,320.15323638916016,112.63431072235107,159.98995508096198,313.01183700561523,130.94693183898926,134.32572687023332,330.3910827636719,118.18475246429443,208.77962920063388,339.1196060180664,105.51673650741577,229.69651412999633,330.3748321533203,123.11057567596436,102.98593575363783,327.5528335571289,135.76383590698242,127.76471518335455,339.9409866333008,124.26356792449951,169.85829566158102,346.51981353759766,111.98204755783081,176.93284581028888
107,4.28,368.89076232910156,82.51035690307617,200.85365928957395,356.8623352050781,65.42890548706055,168.09575841129413,334.4662857055664,55.15856623649597,175.9383034136881,313.4743881225586,53.03296208381653,290.58070022491603,305.4151153564453,67.497239112854,342.86172079435636,300.802001953125,82.15558290481567,132.09853859758138,278.5994529724121,96.91585779190063,193.0227777585501,290.34423828125,94.23474311828613,127.3504148977479,304.24800872802734,87.68401622772217,126.20921354852355,309.24232482910156,98.23588371276855,72.40653119438004,303.3626937866211,112.12623596191406,193.81886245989145,326.4324188232422,99.40577030181885,218.17851822979102,333.07106018066406,87.79727697372437,195.04863870082914,319.40696716308594,111.49327039718628,34.08528624492534,313.9198875427246,125.8209228515625,130.14540886332804,332.0284652709961,112.9199767112732,137.83796013093536,337.32425689697266,101.33828401565552,113.69571147505293,330.8920669555664,121.8109130859375,34.9701183920811,330.423583984375,131.87024116516113,120.93719451918012,342.3868942260742,119.57003116607666,132.31532237200753,346.43253326416016,107.64417171478271,108.46884539993371
108,4.32,361.80580139160156,80.70023775100708,182.8134343234042,350.1382827758789,60.66166877746582,206.06344125646032,324.71057891845703,50.243765115737915,273.0946321477417,300.0968933105469,50.2113139629364,341.79586887083167,288.46790313720703,65.41854858398438,426.85547636078746,294.7891426086426,75.89067220687866,217.08809206986572,267.90260314941406,89.1352915763855,330.6809326694208,278.377685546875,91.37470722198486,307.58961059412184,297.41783142089844,87.53855466842651,170.79315178025178,304.080867767334,93.0923080444336,182.169237346001,291.5910530090332,109.50812816619873,301.4817729011111,317.3651123046875,97.62592792510986,231.00850415535766,330.1755905151367,84.12289381027222,116.9530787748062,314.16765213012695,106.47706747055054,181.33655487755874,305.4709053039551,121.72542572021484,234.73175864153944,324.3037414550781,109.14309740066528,214.96536837230948,333.5843276977539,96.06858730316162,161.54870367949022,325.5411148071289,115.72064638137817,202.67590728107615,323.41896057128906,125.35012722015381,239.23920432152036,336.24637603759766,113.82871627807617,210.16163462051588,342.1876525878906,101.91270589828491,178.30576329974815
109,4.36,362.94105529785156,77.77127981185913,78.53182492210438,349.93804931640625,59.82574939727783,21.489163671288175,324.9775695800781,51.6570246219635,35.95645322235162,300.78161239624023,51.43939733505249,35.151715775876205,291.1804389953613,67.15447425842285,80.51121322891748,292.410945892334,74.82901811599731,65.11014240378606,267.3598861694336,88.29588890075684,24.9892298327159,273.905029296875,90.71081399917603,113.04149719780887,288.8784980773926,87.0335340499878,213.85634748669372,300.6519317626953,91.65996551513672,92.90185427757883,288.2861137390137,106.76536560058594,107.37018344797853,313.2179641723633,96.23836755752563,109.32795103818012,327.20409393310547,83.55840682983398,75.61596015437017,310.66184997558594,105.17214059829712,93.51965999428114,304.89891052246094,118.16184997558594,90.22974190145119,323.9966583251953,105.10332584381104,101.28565508077642,334.22962188720703,91.418616771698,117.36329956171896,322.00889587402344,114.85915660858154,90.89394651193061,321.1268997192383,123.3176851272583,76.58477251744152,334.38873291015625,111.64326667785645,71.706990349751,341.31927490234375,98.98305416107178,76.39101348535576
110,4.4,360.0765609741211,74.63990449905396,106.09794731853259,347.6812744140625,57.126513719558716,87.95917449206343,322.1064758300781,50.14126539230347,81.16613118932614,299.3971252441406,51.71204924583435,35.2769731799467,290.7004165649414,68.47010850906372,35.011739238125635,288.64505767822266,75.56432247161865,95.92505712983157,263.7488555908203,89.13331747055054,92.6715586398643,277.52159118652344,88.62022876739502,104.43319190096581,293.76392364501953,82.945876121521,159.2488820937619,297.47838973999023,91.00656509399414,81.00270473965799,287.0068550109863,106.21497631072998,34.81586620729013,310.2210807800293,95.65439701080322,76.33123405054498,321.4289093017578,83.23750019073486,144.6023396188061,308.66437911987305,103.68917942047119,62.194572082102,305.80881118774414,115.21403789520264,77.12617617391865,323.5842514038086,101.63263320922852,87.37772468052506,330.64979553222656,88.05674314498901,122.77354920180834,320.9425354003906,112.15124130249023,72.75786024843804,323.2726287841797,118.82429838180542,124.48563587906929,336.2915802001953,106.31026983261108,141.55759243282833,341.2863540649414,93.76330375671387,130.49635546953468
111,4.44,361.19903564453125,74.35933113098145,28.92523552825392,347.28843688964844,56.909565925598145,11.219059282425588,321.03759765625,50.396236181259155,27.47169740963909,297.365779876709,52.104105949401855,51.72083997649186,288.8860321044922,69.45917129516602,51.661374383890745,288.53649139404297,75.53799390792847,2.7928291353228203,264.0738296508789,89.31148052215576,9.265197403059352,275.61296463012695,88.77104759216309,47.86440254567012,291.5645408630371,82.9768967628479,54.99003831302692,297.5866508483887,91.61104202270508,15.352378173581652,285.8862495422363,105.7016658782959,30.814406296386675,308.1397247314453,94.84079360961914,55.86811196579093,321.21681213378906,82.73029804229736,13.744072086721149,308.79127502441406,104.37272071838379,17.380507697945006,304.1556930541992,115.61439514160156,42.5226813609453,321.4225769042969,101.84517860412598,54.3024641863249,330.6913757324219,88.63324642181396,14.45002035548282,321.1292266845703,112.83008337020874,17.601139673558734,322.77355194091797,118.61073017120361,13.571318010323735,335.39573669433594,106.10631465911865,22.96918179573371,341.3905715942383,93.63223314285278,4.186346798721588
112,4.48,360.3858947753906,71.39257907867432,76.9042253916167,346.5718460083008,54.987545013427734,51.28149567613903,320.98514556884766,49.941877126693726,11.43441548403476,297.94607162475586,51.98769807815552,14.796310886066369,287.1492004394531,68.37915658950806,51.13105708079857,287.0420455932617,73.84430408477783,56.46876054796105,262.50946044921875,87.43329763412476,61.10862234576294,276.8509101867676,86.32930755615234,68.44068419379663,293.9259147644043,80.53192377090454,84.97786341671045,296.7982482910156,89.80869770050049,49.18093919558345,287.8483581542969,103.07852268218994,81.89456038406618,310.72004318237305,91.4835262298584,105.85747365976239,318.8960838317871,80.81942796707153,75.15485802705321,309.04184341430664,102.27698564529419,52.7665259337728,308.619327545166,111.65546894073486,149.15832513820936,324.53399658203125,97.11065769195557,141.63469887083554,328.01883697509766,85.4688549041748,103.549013413657,322.65586853027344,110.48006057739258,70.05909314556943,328.0487060546875,114.12592649459839,173.09808444511913,338.2518768310547,100.86084365844727,149.31615472601308,339.5009231567383,89.77387189865112,107.40612967873264
113,4.52,363.0607604980469,68.81421089172363,92.88059923135421,347.1555709838867,52.29420304298401,68.89677884740192,320.5042266845703,48.53849530220032,37.08742642875254,296.8490219116211,52.92801260948181,36.122270579523196,283.5563087463379,69.05641078948975,91.40413000054104,289.79713439941406,71.78155660629272,86.0430179103112,263.6916160583496,83.70262384414673,97.83729737243797,274.8442268371582,84.04674768447876,75.98049763497716,289.362850189209,79.2172908782959,118.71662151877402,300.15663146972656,86.36469841003418,120.2597934883606,284.3122863769531,100.20771503448486,113.86763193684848,304.93934631347656,90.78177452087402,145.5783975885762,316.4125633239746,79.04989957809448,76.23608410769542,313.21210861206055,97.59816884994507,156.6892594118181,307.11376190185547,108.11370849609375,96.21198909680356,321.6667938232422,95.02434968948364,88.64794393126807,327.1681594848633,82.4717903137207,77.88632883786983,327.8392791748047,105.12172937393188,186.37908143723573,325.9099578857422,110.08151292800903,114.3774585194209,334.9037551879883,98.14738512039185,107.74035854345492,338.27754974365234,86.71265602111816,82.41543073321213
114,4.56,362.8941345214844,70.62766313552856,45.52728067204973,348.2625198364258,51.877280473709106,29.571525481748623,319.2627716064453,48.22453022003174,32.01352042324727,293.5159683227539,55.50467491149902,105.32222831891032,276.81087493896484,69.8553729057312,169.81463738596022,286.37786865234375,64.76988315582275,195.0239453649118,259.26488876342773,77.36981391906738,193.16507851250867,268.4308052062988,82.15547561645508,167.16176119716627,280.56285858154297,81.0391616821289,224.6651195680632,294.0205192565918,79.12535905838013,237.24974623351622,279.36283111572266,94.5353364944458,188.2036557901069,300.98276138305664,85.70139169692993,160.98302307512927,311.0378646850586,74.32133674621582,178.96698702936462,303.7630844116211,91.04116916656494,287.53076268933546,296.6397476196289,102.83654451370239,293.20794123085096,315.2181053161621,90.65458059310913,194.74416778330038,321.3623046875,79.45265293121338,163.59848039964987,315.3324317932129,100.69753646850586,331.65749868167046,309.45337295532227,106.0380220413208,423.65154174956604,322.6548767089844,95.28134107589722,314.4928779582975,327.9988098144531,84.96937036514282,260.6380864945247
115,4.6,364.87659454345703,68.45365047454834,73.55473637376345,348.9936065673828,50.17447829246521,46.32779320120921,320.5490493774414,44.73714351654053,92.9259669167006,297.19404220581055,53.393497467041016,106.0226912363917,278.5244560241699,60.42886734008789,239.524747305311,281.67428970336914,59.81997728347778,170.70666191290016,259.66209411621094,73.97013902664185,85.57000593983055,267.8050231933594,78.48142147064209,93.1741547925314,276.5386962890625,77.03248500823975,141.9668538015766,289.8626899719238,75.72743654251099,134.24190335056764,277.1644592285156,93.04304838180542,66.42553521420619,298.37690353393555,83.38904142379761,87.09714014923634,305.40367126464844,71.62180423736572,156.1882103123736,301.16533279418945,88.29386472702026,94.52511289801046,295.8955955505371,101.80830717086792,31.731631843604607,314.16650772094727,87.71556615829468,78.03710395666506,317.8091621398926,75.18526554107666,138.8241178189061,315.2784538269043,98.49101543426514,55.17952912648833,310.6268882751465,105.41461944580078,33.22056029369496,323.2435607910156,93.08318853378296,56.89037455295244,327.4110794067383,81.56887292861938,86.27285873884065
116,4.64,364.1792678833008,65.49201965332031,76.06543890054664,347.79232025146484,47.51149892807007,73.03487141430335,319.8334312438965,42.252928018569946,64.63085540888896,296.7668914794922,51.95055842399597,37.620895332066205,277.60061264038086,58.02329778671265,64.4217135070583,281.7206001281738,53.370652198791504,161.23728380753255,256.6624450683594,66.95712804794312,190.68989452384747,263.9421272277832,75.63121318817139,120.01471913459527,276.0084533691406,75.92047691345215,30.798940292244826,289.2120933532715,70.37271738052368,134.85245007033586,271.7448425292969,86.96424722671509,203.59897569974765,291.6546630859375,82.52517700195312,169.43800189897942,301.9323539733887,71.52808427810669,86.81455511376876,300.73150634765625,83.8125729560852,112.55604526735196,290.29590606689453,98.64303588867188,160.80940699146046,307.73677825927734,87.59623289108276,160.7709188934088,314.8939323425293,73.76840114593506,81.03266889677403,315.5775260925293,94.3960189819336,102.6475771897284,307.67805099487305,101.94234609603882,113.88679554989464,319.53258514404297,91.69293880462646,99.07110628812214,325.7996368408203,79.58524703979492,63.89209071780192
117,4.68,364.1954040527344,65.09439468383789,9.948806219840103,347.7186584472656,46.653242111206055,21.535302776653634,319.9496078491211,40.35962104797363,47.421700521162414,297.34771728515625,49.535300731658936,62.10288005055871,277.4682807922363,55.51481008529663,62.79939423567691,280.8077049255371,47.16217517852783,156.8808555921882,257.45134353637695,62.013115882873535,125.16393520398677,259.17701721191406,72.2231125831604,146.46122182426961,268.992977142334,74.73104953765869,177.88979062044294,286.28807067871094,64.65511322021484,160.5477069583313,266.98015213012695,83.7090539932251,144.26225595096992,285.3631782531738,80.00254154205322,169.45956572372899,297.24544525146484,68.95101070404053,133.7171024350377,296.6288375854492,78.56669425964355,166.49161816396668,284.8761558532715,95.15886783599854,161.07668864033485,301.523380279541,85.55664539337158,163.48973900411005,308.75221252441406,72.09451675415039,159.14343232067762,310.88579177856445,89.53632831573486,168.87303707958796,304.1032028198242,98.12249422073364,130.79279372332218,316.4564895629883,88.65241527557373,108.12939977900169,322.8244400024414,76.74561738967896,102.82051344733443
118,4.72,363.1037902832031,62.47610807418823,70.918286570271,346.5033721923828,44.45515036582947,62.791958095761466,319.01588439941406,39.380056858062744,33.83217295238896,296.17252349853516,48.035316467285156,47.63817553628715,276.2521553039551,51.45112752914429,106.04385036514421,281.10979080200195,41.18335247039795,149.66123590464457,256.2540817260742,54.30222988128662,195.08203205939805,255.30513763427734,66.90799713134766,164.39644105374302,262.7096939086914,72.79400825500488,164.37719033688768,286.2336540222168,58.487398624420166,154.19886613494177,266.8324089050293,80.32507181167603,84.68014623276476,284.97777938842773,78.04620265960693,49.848483602304626,296.2466239929199,66.67603969573975,62.11449606940766,296.4690589904785,72.63283252716064,148.40031220409355,281.5224075317383,92.52782821655273,106.56569946305507,297.85261154174805,85.20508289337158,92.18913750330226,305.73083877563477,72.32119560241699,75.74662793676087,310.5209541320801,83.38591575622559,154.03059996406094,302.85322189331055,95.05831003189087,82.73329536756205,315.66009521484375,87.40415811538696,37.01680273634264,323.17943572998047,75.93814373016357,22.051582672539478
119,4.76,362.2917938232422,60.878005027770996,44.81400170396766,346.31603240966797,42.49549627304077,49.21471043785545,319.7531318664551,36.39496564865112,76.8696272763377,296.7764663696289,44.061176776885986,100.49419532475174,276.94128036499023,47.06579089164734,110.97880083015784,280.55368423461914,38.64408731460571,64.98616220832548,254.2769432067871,54.92852568626404,51.84907882367062,254.32184219360352,63.52872848510742,87.9855332821547,261.2141799926758,65.12698173522949,195.2880205106286,285.60651779174805,55.31886577606201,80.75000101660677,265.9847640991211,75.82886695861816,114.38520390997971,284.61008071899414,73.30955028533936,118.77257160787882,294.5422172546387,62.028300762176514,123.76004889517564,295.0895881652832,68.9672327041626,97.91438166814524,279.8697853088379,87.43163824081421,133.93634794288027,295.7155227661133,81.02503538131714,117.3668011992122,301.77785873413086,68.38898420333862,139.3922919667056,308.03466796875,79.53274726867676,114.64217777340373,300.4900550842285,90.98779678344727,117.6691215689726,312.8023338317871,83.58551502227783,119.23934751959993,319.2306327819824,72.0137357711792,139.1806886538547
120,4.8,361.02455139160156,51.58464074134827,234.48417209471182,345.9457015991211,33.35668087005615,228.65789385984093,318.4423828125,25.75537919998169,268.00053973960854,295.1144027709961,31.819578409194946,308.84784482184364,276.4828681945801,39.15907144546509,197.9999275861874,280.83900451660156,28.98027777671814,241.70051516271815,251.34431838989258,38.319679498672485,421.64414794923647,245.76812744140625,48.61602187156677,429.7927222827128,253.12631607055664,53.82127404212952,347.5202955085289,284.7961235046387,46.33149862289429,225.59574913772428,261.35196685791016,60.3045129776001,405.0218950918913,277.3622512817383,58.55403542518616,410.98680813664384,289.2483901977539,49.980515241622925,328.98873542405096,293.8980293273926,60.555968284606934,212.3811161565429,274.48110580444336,75.8234167098999,319.94987294092664,290.46192169189453,69.17334794998169,324.09761185589116,299.91336822509766,58.53664755821228,250.6801525689338,307.4959182739258,72.3043441772461,181.21131050150672,298.40478897094727,81.18823528289795,250.4742256778223,309.8892021179199,73.98774147033691,250.75335682782415,316.9923210144043,64.00375127792358,207.92109553727664
121,4.84,361.5220642089844,55.217145681381226,91.66041656170357,346.7814254760742,35.060609579086304,47.44607099095983,319.87430572509766,26.63202166557312,41.973989267911335,295.7701873779297,33.88530492782593,54.18302029041434,275.6512641906738,39.416069984436035,21.760248567429493,282.7822494506836,28.660669326782227,49.233819899954916,253.39555740356445,35.847086906433105,80.31693321774767,245.42116165161133,46.47843360900879,54.139108089218134,248.42121124267578,53.58526110649109,117.77551089662177,285.7609748840332,46.07644200325012,24.949850494840618,262.29339599609375,60.02113580703735,24.578845617436585,278.96427154541016,59.543845653533936,47.078347022258974,290.90526580810547,51.24640703201294,52.12796042645144,294.06225204467773,60.586652755737305,4.176619269896328,275.06832122802734,75.26689767837524,20.225840312334086,290.899715423584,70.02386569976807,23.914480370272777,299.53319549560547,59.64613080024719,29.32026143093969,306.5258598327637,72.83329010009766,27.622422601158114,298.0232810974121,81.41258239746094,11.064579900013584,309.30492401123047,74.90299701690674,27.146289128113803,316.4816093444824,65.02604484558105,28.56911081338801
122,4.88,361.4335250854492,49.63629126548767,139.538917483159,346.5370178222656,31.39569640159607,91.82634323745891,319.24272537231445,23.488553166389465,80.15722030555675,294.1719436645508,28.470457792282104,141.14476714676306,273.0130958557129,32.401320934295654,187.3610091508435,281.50535583496094,24.088087677955627,118.68803710004607,251.46482467651367,28.318968415260315,194.29406977640016,241.6242790222168,37.87314176559448,235.142729809645,245.21230697631836,44.3780243396759,243.7599683485275,285.1329803466797,41.411612033843994,117.67278727050552,261.224308013916,54.54953670501709,139.37661623920684,277.6043128967285,55.35569787025452,110.08539123310229,292.23493576049805,48.03668975830078,86.85586897074764,294.1455841064453,55.930445194244385,116.42382994962381,274.0446090698242,70.20540475845337,129.0995186892465,288.78915786743164,66.06326580047607,112.19626988035157,300.2880859375,56.4310348033905,82.5632403383447,307.21065521240234,67.56870746612549,132.7233377695305,297.6373863220215,75.84810018539429,139.44617479981287,308.4404182434082,69.85816955566406,127.9591105009384,317.386417388916,60.00575065612793,127.52948518364428
123,4.92,359.05757904052734,45.01013159751892,130.01555888123698,346.3239288330078,26.27354085445404,128.16465085599066,320.31578063964844,17.845340967178345,143.60817249568012,297.4520492553711,21.712424755096436,187.79993213960373,278.31899642944336,23.76509428024292,253.39814487097695,279.76829528808594,20.042755007743835,110.06275413426805,249.91605758666992,24.36254382133484,106.2190398010211,244.32842254638672,30.84133744239807,188.3458657613598,253.52558135986328,35.10347127914429,311.3758434841251,283.91984939575195,37.26956605911255,107.90108769403058,263.7563133239746,47.095277309417725,196.81373495491607,280.02208709716797,45.261415243148804,259.49491064397444,293.65901947021484,37.972726821899414,254.10549531338992,292.80670166015625,51.43895745277405,117.1699309143543,275.8660125732422,60.2077317237854,254.05582165932339,288.42002868652344,55.046242475509644,275.58013727300397,298.22696685791016,46.736276149749756,247.7858919669755,305.5057144165039,62.0658016204834,144.02429452943147,299.0376853942871,65.83365440368652,252.79680798834318,308.8212203979492,59.30683493614197,263.9551009807688,316.05552673339844,50.57880163192749,238.01081624820335
124,4.96,359.7611618041992,42.78222441673279,58.40911268551427,347.53509521484375,24.739805459976196,48.85737063614138,321.58023834228516,14.806904196739197,82.27602661815442,296.8658638000488,15.189369320869446,163.73352128158888,276.8653678894043,11.461860537528992,309.7202330937861,282.26354598999023,10.088363885879517,256.5591777158891,253.52096557617188,14.006053805351257,274.14896391371633,248.55392456054688,20.80931067466736,272.1401618882918,257.0811080932617,25.36417007446289,259.2004030516488,285.037899017334,27.367748022079468,249.1184901242195,266.07948303222656,37.07419037818909,257.1712716952713,283.7898826599121,35.55553436279297,260.2887904163991,294.5487594604492,28.420422077178955,239.84130584908542,292.62535095214844,42.19351887702942,231.18042539481175,278.9947700500488,50.55313467979431,253.72274167695696,294.2559051513672,45.025960206985474,289.89600598082694,300.90404510498047,36.750004291534424,258.471920098587,303.52428436279297,54.51014041900635,195.27877708748613,299.744815826416,57.51403570175171,208.74040216502522,311.6289710998535,51.86347246170044,198.88298841587795,317.3101043701172,44.92453336715698,144.79449803200762
125,5.0,363.03966522216797,40.563472509384155,98.96793889941067,350.8794403076172,22.297012209892273,103.53707959655489,326.02516174316406,13.303563594818115,117.30669472867199,299.81136322021484,11.233094930648804,123.30874331559494,280.74785232543945,4.141602516174316,207.15311802997124,293.19677352905273,1.9103622436523438,341.33485692314025,268.8641166687012,-1.453413963317871,544.522399182705,256.52687072753906,0.1195228099822998,554.321202275486,251.62126541137695,1.9388043880462646,601.3306285092233,289.88643646240234,17.912213802337646,265.6541957330744,263.0801010131836,17.660611867904663,491.09782825773084,265.2137756347656,17.99640119075775,639.0397630248469,267.22631454467773,14.807519316673279,763.1460860077635,293.6456108093262,32.28483438491821,249.02680395438037,274.77617263793945,36.883156299591064,357.65282838309145,289.40425872802734,35.05947947502136,277.11596308869304,299.92258071899414,29.132777452468872,192.0049105145818,301.9356918334961,44.433724880218506,255.02178379314836,294.3815803527832,47.76748180389404,278.11823882734416,306.557674407959,44.52878952026367,222.92883391990807,316.56566619873047,38.35395097732544,165.31549597017136
126,5.04,358.40911865234375,33.185627460479736,217.76500967349284,349.3404006958008,16.978050470352173,138.42867503120388,325.99254608154297,5.233883857727051,201.74364122662126,301.86994552612305,0.8675676584243774,264.19916344188465,283.28351974487305,-4.209322929382324,218.1850777711757,296.17618560791016,-7.674508094787598,250.93155907082925,274.14676666259766,-17.886364459991455,431.5294406122101,259.94503021240234,-24.242942333221436,615.0271955967567,252.0241355895996,-27.858266830444336,744.9948647391395,290.5544662475586,8.607049584388733,233.22781903759454,260.89569091796875,2.9956823587417603,370.6681509220827,256.22982025146484,-3.5450005531311035,583.493489370681,252.2423553466797,-9.93754506111145,723.2034829095392,293.4019088745117,24.5381498336792,193.76292242299206,271.44554138183594,25.094937086105347,306.24256806219756,286.273193359375,20.79452097415924,365.1135194823767,297.6790428161621,17.176344394683838,304.12759841341546,302.4528503417969,38.997859954833984,136.51025696292376,295.21310806274414,37.69545793533325,252.65725689816824,307.1798896789551,32.48106122016907,301.59462552858224,316.0732078552246,27.770385146141052,264.8754199183814
127,5.08,357.3445510864258,27.5059175491333,144.4654127712137,345.2743911743164,9.667189121246338,209.13680793718976,318.4717559814453,-1.6963577270507812,255.67378159618616,293.2288360595703,0.8102577924728394,216.03248776758477,274.6499252319336,6.557342112064362,345.0181429365059,294.22473907470703,-13.991868495941162,165.29743269711878,269.82892990112305,-18.31085443496704,108.46631400346239,270.3612518310547,-24.487992525100708,260.47759309274153,275.6787109375,-28.86483907699585,591.8995494259481,290.4046058654785,0.7715293765068054,195.9238293671855,262.87960052490234,-1.965506672859192,133.57884828763355,273.2850646972656,-6.8989115953445435,434.5472373524969,283.14422607421875,-11.476203203201294,773.503831333334,292.7422523498535,16.70750141143799,196.4596037409359,273.04962158203125,16.872135400772095,209.4450119437349,286.8179702758789,12.441991567611694,209.25691352975204,295.789794921875,8.48054051399231,222.46665865011957,300.42369842529297,32.8411602973938,162.06173239728662,292.67683029174805,30.174590349197388,198.42529163994885,304.8777961730957,24.774491786956787,201.07655093682877,313.1222724914551,20.824397206306458,188.67095692877797
128,5.12,359.92504119873047,20.30003786087036,191.34986167590807,349.1933822631836,-1.5802931785583496,297.76705370876766,327.7718734741211,-19.504834413528442,502.26613169115365,309.26239013671875,-28.63853931427002,838.2670022802065,296.4522933959961,-33.730798959732056,1145.2285712310597,295.2035140991211,-17.83975839614868,99.26057006855675,274.08836364746094,-19.29453134536743,109.28859759684704,280.8466911315918,-23.756847381591797,262.7724901722553,287.8155517578125,-27.220237255096436,306.19399513441505,292.4001121520996,-2.8840085864067078,104.1183315339036,268.8445472717285,-3.9156371355056763,156.89088268963783,283.8007164001465,-7.167605459690094,262.97709872848014,291.17740631103516,-9.648394882678986,205.96247833912048,295.2189254760742,12.471664845943451,122.66881527033568,277.9515075683594,12.21810668706894,168.98311581881023,294.2178153991699,8.144170045852661,213.9348289806807,300.9125328063965,5.5349282920360565,147.73090992504265,303.02534103393555,28.25989007949829,131.7112871788161,293.6634063720703,26.913957595825195,85.16549446015229,306.57352447509766,20.898878574371338,105.75878287338992,313.6502265930176,16.976648569107056,97.0950085883233
129,5.16,362.25109100341797,20.80510139465332,59.506285734387376,353.060302734375,2.658129930496216,143.43401004880025,335.469970703125,-9.373255670070648,318.10924694010725,316.56429290771484,-10.306414067745209,493.3207628735035,300.52759170532227,-9.542225897312164,613.2368644669559,304.71263885498047,-24.71870183944702,293.4102466242817,287.83605575561523,-26.975106596946716,393.6926739982122,290.18232345581055,-27.299060225486755,249.6263491756885,293.50719451904297,-28.96798074245453,148.8485064987843,299.11136627197266,-10.347648561000824,250.9318302994264,279.7551155090332,-11.642579734325409,334.23994112233294,290.4302978515625,-9.544002413749695,176.06570631482836,294.4604682922363,-11.723029911518097,97.0908288514382,298.86966705322266,4.787077903747559,212.69225205576933,281.52151107788086,5.533790588378906,189.44822308021665,293.7415885925293,5.469880700111389,67.90901760861921,299.5286750793457,3.207526355981827,67.69352803567678,303.2447814941406,21.403909921646118,171.48727729856105,292.66563415527344,22.195613980293274,120.56719047600231,303.6770439147949,18.506982922554016,93.9107436791521,311.4393615722656,13.856638669967651,95.59807107988767
130,5.2,358.4663391113281,15.3598952293396,165.78339985401172,352.4657440185547,-6.111584901809692,219.74615796772784,336.47510528564453,-25.993233919143677,416.25861292037945,321.21192932128906,-38.3173406124115,709.8470478400045,308.5711479187012,-44.3682324886322,893.5706224385866,302.9977035522461,-28.284212350845337,98.91242433162947,287.3677635192871,-31.43359065055847,112.07524725300495,286.2110900878906,-33.95597577095032,193.78664015147407,287.69691467285156,-36.7038094997406,241.87083129884664,297.2499465942383,-13.876983225345612,99.75309014512558,279.36819076538086,-16.643489599227905,125.39639706279826,285.38183212280273,-16.190847158432007,208.66772521519218,288.29824447631836,-19.031896591186523,238.9986068194671,297.4359893798828,1.438577100634575,91.0627850012062,279.6238136291504,-0.19140556454658508,150.78777842631797,287.15118408203125,-1.0533244907855988,231.82110232695922,291.9094657897949,-4.581282734870911,272.39435710441853,303.28290939331055,17.706552743911743,92.43884409583659,292.3338508605957,19.41555619239807,69.99464916452534,300.6407928466797,15.074926614761353,114.55847592084334,308.35826873779297,8.772699236869812,148.61774207267013
131,5.24,359.1344451904297,12.850280106067657,64.92560068978813,355.5685806274414,-8.002375066280365,90.83873921511497,343.2044219970703,-28.701084852218628,181.34249377632986,331.00208282470703,-42.61303424835205,267.27804978424075,320.47061920166016,-50.03630876541138,329.5114807307103,311.30136489868164,-30.225377082824707,213.18846162633943,295.1649475097656,-36.11771821975708,227.3998808073304,287.0165824890137,-39.92860794067383,150.66758328163016,283.5742950439453,-42.831995487213135,184.6460399346846,304.0102958679199,-16.19497060775757,178.6676170420736,286.3833236694336,-21.266380548477173,210.0345364311756,283.7487602233887,-21.541060209274292,139.84746940430082,280.8122444152832,-24.16816234588623,226.96561250649748,302.3756408691406,-1.4464384317398071,143.0110823008316,283.96839141845703,-5.088735222816467,163.66733399854562,282.2780990600586,-6.3213591277599335,179.4072646378477,280.5644226074219,-9.076032042503357,305.0745566131863,305.97225189208984,14.44915384054184,105.60306189753663,293.0497169494629,14.452191889286041,125.36808171988187,299.3009376525879,11.087240874767303,105.16905884719212,307.64970779418945,7.072058022022247,46.05865250171857
141,5.64,391.1408233642578,47.87126541137695,,376.37447357177734,46.161367893218994,,352.02877044677734,40.01997470855713,,328.8425827026367,37.61401176452637,,313.9802932739258,35.42603015899658,,330.2957534790039,4.196738451719284,,295.6312942504883,17.881994247436523,,292.5234794616699,40.194504261016846,,298.81839752197266,55.79255819320679,,322.3122024536133,8.10883641242981,,292.1368217468262,20.29247760772705,,293.06026458740234,42.28624105453491,,300.6340026855469,56.73286199569702,,317.7220153808594,14.369215965270996,,291.3275146484375,25.904787182807922,,293.2320022583008,45.300822257995605,,301.0584259033203,57.68275022506714,,316.5328788757324,21.848909854888916,,297.0651435852051,28.447487354278564,,297.05453872680664,43.2415509223938,,302.91812896728516,54.264678955078125,
142,5.68,399.3719482421875,61.02653503417969,387.953392500882,380.4544448852539,70.93480110168457,627.678838486041,351.19842529296875,66.19718313217163,654.7593612961022,330.7743453979492,60.24566173553467,567.8486195288103,319.6995735168457,57.0857834815979,560.0530557975027,335.3047561645508,25.401087999343872,544.6986251828063,307.4481773376465,48.531081676483154,821.2053968591345,305.5172920227051,73.05064916610718,883.3053771543313,310.2608108520508,89.55186367034912,891.1437626427631,328.54026794433594,25.477203726768494,461.2814914199076,302.53042221069336,51.23342514038086,815.9998333413341,303.52705001831055,74.20045137405396,839.6689889381886,309.9085235595703,90.16412258148193,867.34722062352,324.4603729248047,29.88179326057434,422.82200505414033,301.92432403564453,53.61246585845947,741.6231467118065,305.0661849975586,74.71019983291626,792.5273538064764,311.5379524230957,89.39312696456909,834.928316174442,324.4425964355469,36.52205228805542,416.73188378442785,307.3670959472656,55.918943881988525,733.4895816506288,309.0509033203125,71.98119163513184,778.5722958393101,313.2380485534668,84.28141593933105,793.5305757527058
143,5.72,410.5957794189453,76.30034923553467,473.8563775962829,393.2367706298828,94.16747331619263,662.9219928037243,367.08900451660156,100.16887664794922,937.612149422829,345.78834533691406,103.04565668106079,1133.9256373061621,330.01964569091797,105.24609088897705,1231.3405040979019,344.7096633911133,63.95756006240845,992.1736925464861,316.5944480895996,90.53616285324097,1074.7328485878616,317.8375816345215,113.85538101196289,1065.6030209261862,324.4008255004883,129.00728702545166,1047.8163145288152,342.63633728027344,58.51888060569763,898.0713994774852,316.32076263427734,89.25006866455078,1011.0139322241514,317.1604347229004,112.55972385406494,1017.749651098894,323.83434295654297,128.60765933990479,1022.2016570781511,342.1531295776367,58.00642490386963,830.673124282116,318.2599449157715,86.77391052246094,924.1664899190482,319.2584228515625,108.21547508239746,909.6782002609903,324.88319396972656,122.57975578308105,894.2342409415202,344.51255798339844,60.21979808807373,776.3643283498274,326.3672637939453,82.60042190551758,818.8817251754311,325.90675354003906,99.5412540435791,807.6496481254126,328.98468017578125,111.37804985046387,783.4953640429319
144,5.76,415.7856750488281,89.07694816589355,344.7612370144052,400.43087005615234,99.46233987808228,223.31407040207506,375.51700592041016,111.50495767593384,353.1447478864301,356.1990737915039,127.4269151687622,662.7730722121821,344.88521575927734,143.08350563049316,1016.3215312398689,354.93091583251953,95.35696506500244,825.528859272905,330.4676055908203,124.81262683868408,924.4391821528388,331.08531951904297,147.56735801696777,905.5384974708984,336.4039611816406,162.2572374343872,883.7542320891686,354.24537658691406,93.29356670379639,916.5317052768925,331.7009735107422,123.63055229187012,941.5972271401731,333.1771469116211,147.54512786865234,961.9360566717203,338.5993194580078,164.68992233276367,974.6583484017114,355.9590148925781,94.31405067443848,971.0967248506292,334.8478698730469,122.25634574890137,979.2096506835055,335.96763610839844,145.07032871246338,1011.6440961857598,339.84241485595703,159.93043899536133,1005.87394399943,360.5083465576172,96.82943344116211,998.7900970665726,343.3689880371094,120.59575080871582,1040.643924963891,342.7627944946289,139.79936599731445,1091.1123036671968,344.9748992919922,153.06572914123535,1116.229622444083
146,5.84,411.28856658935547,135.5038833618164,,422.92701721191406,169.4872283935547,,408.1016159057617,198.53350639343262,,383.1847381591797,214.7081422805786,,368.25634002685547,228.73944282531738,,393.2870101928711,173.6092472076416,,368.49536895751953,213.97019863128662,,361.3212585449219,237.32587337493896,,357.3997497558594,253.92745971679688,,374.0672302246094,162.2783660888672,,347.42443084716797,208.13007831573486,,350.41370391845703,231.84585571289062,,356.38050079345703,244.29462432861328,,360.5314254760742,157.60316848754883,,335.2194595336914,200.5977487564087,,343.2764434814453,218.91268730163574,,352.57896423339844,225.48999309539795,,352.9594039916992,158.61428260803223,,335.0163269042969,192.76951789855957,,341.5673828125,208.17801475524902,,350.1809310913086,212.73098945617676,
147,5.88,412.04261779785156,148.69471549987793,330.30917876244297,422.9494094848633,183.65670204162598,354.2372835378802,408.48278045654297,213.30947399139404,369.5220772081641,384.47509765625,231.1776065826416,412.9983974156306,369.4574737548828,245.05030632019043,408.8757376796976,398.6186218261719,194.92953300476074,549.4205294439704,373.6435317993164,231.84911727905273,465.13392739289145,362.92049407958984,253.7662124633789,412.9484710879729,355.29090881347656,270.8295249938965,425.82788538299593,379.7264862060547,181.39381885528564,498.3897274778416,350.5973434448242,225.35696983337402,437.916348827657,351.02725982666016,249.07307624816895,430.9535779985516,354.2996597290039,261.98169708251953,445.2263765051769,365.9339904785156,174.10956859588623,434.20110054423924,339.57515716552734,215.9293556213379,398.4581776365662,345.6058120727539,236.03984355926514,432.1208160828901,353.1265640258789,243.76379013061523,457.04999973815825,357.8035354614258,172.93996810913086,378.0632179050737,339.61360931396484,207.19757080078125,378.56944219616923,345.2323913574219,224.1913890838623,410.68574133898386,352.415771484375,230.40634632110596,445.4020317961915
148,5.92,412.7756881713867,157.25598335266113,214.81489039934777,424.67464447021484,191.9097661972046,210.7864792135301,411.6838073730469,221.5513515472412,221.04173667794024,388.4507751464844,237.1343994140625,179.04153209315658,372.4115753173828,245.2199935913086,73.9742768279305,399.26021575927734,206.20144844055176,282.25400834910823,373.98677825927734,243.43523025512695,289.7799078898405,361.83815002441406,263.6857509613037,249.46030829771627,353.4760284423828,278.97891998291016,208.72594090149428,380.09220123291016,192.57685661315918,279.7254021523754,352.29801177978516,231.9969606399536,171.35808759911268,351.275634765625,252.79973030090332,93.3730439522943,354.8836898803711,264.5170211791992,65.04306022220325,366.06311798095703,185.21653175354004,277.69284346351753,340.1357650756836,224.8528289794922,223.52664550705592,346.3236999511719,242.53795623779297,163.44118091232318,355.47000885009766,248.97050857543945,142.74463783236828,358.1549835205078,183.71565341949463,269.5353752828908,341.98421478271484,215.883207321167,225.0833901756274,347.362060546875,230.85994720458984,175.00921094692976,354.41497802734375,236.6844606399536,164.7185975420828
149,5.96,414.4821548461914,162.3719072341919,134.82559492228222,423.30699920654297,198.55536460876465,169.621696384509,409.9460983276367,227.3172426223755,150.55134634239698,386.510009765625,241.6409683227539,122.66757312021758,368.86104583740234,247.77013778686523,109.28602096775005,402.8191375732422,212.9357385635376,190.42155198804875,374.9207305908203,247.86704063415527,113.22877889823795,360.22228240966797,266.63506507873535,84.07393290902809,349.27513122558594,280.5720520019531,112.32098828856425,384.7258758544922,197.89044857025146,176.25478714273478,351.07189178466797,236.23011589050293,110.1787570770774,349.37347412109375,254.44905281066895,62.94084454282807,353.4414291381836,262.9921817779541,52.47172600580243,370.4813766479492,188.47689628601074,137.27478495030616,340.0932312011719,227.55213260650635,67.49096792021868,347.6971435546875,240.16276359558105,68.59248965655605,358.33091735839844,240.39081573486328,226.10275143657282,361.5645980834961,184.55753803253174,87.8003458485871,341.7747116088867,217.4490451812744,39.49477642668274,348.43883514404297,229.71210479736328,39.346106263310155,356.66648864746094,231.07769966125488,151.04856161339146
150,6.0,417.0704650878906,164.08697605133057,77.62413829959125,424.60498809814453,198.60331535339355,32.471857398287206,408.8416290283203,226.81135654449463,30.37035105294052,384.8191833496094,242.63145446777344,48.989519112330896,367.2348403930664,251.46409034729004,100.90165281679239,403.32984924316406,216.43105030059814,88.3106397504981,372.79430389404297,249.0219497680664,60.49538001140443,356.9978332519531,266.53796195983887,80.64777347510666,345.99082946777344,279.7020721435547,84.93932757558937,387.21588134765625,200.61763286590576,92.32301154929708,351.52591705322266,237.4836301803589,33.33013857006186,346.2329864501953,255.16559600830078,80.52987397985277,347.6080322265625,263.73181343078613,147.00249681208982,373.6029052734375,189.13304328918457,79.74361200715686,340.6813049316406,224.83730792999268,69.44468903682896,343.8885498046875,239.39030170440674,97.15349879782916,351.79649353027344,242.2884750366211,170.10990122402438,364.5485305786133,182.56653785705566,89.67975954110982,342.77339935302734,212.92309284210205,115.87067625902077,346.5663528442383,226.47897720336914,93.40537993782864,353.2205581665039,230.28021812438965,88.42515790638181
151,6.04,417.7093505859375,164.73817348480225,22.806698261896468,424.29420471191406,199.19853687286377,16.786806024325102,407.54337310791016,227.90794372558594,42.485084740219456,382.83668518066406,244.05401229858398,61.001894293701675,364.2997741699219,252.79475212097168,80.56547993007564,404.5872497558594,218.18989276885986,54.05195924691011,372.16739654541016,249.30335998535156,17.17928502154378,354.8511505126953,265.43578147888184,60.32748438538451,342.6050567626953,277.29652404785156,103.83315478206183,388.81927490234375,201.43418312072754,44.98350537879779,351.84009552001953,237.35225200653076,8.513530905169727,345.7327651977539,254.06696319580078,30.17879385942749,346.7510223388672,261.83003425598145,52.149005127904466,375.17581939697266,188.90337467193604,39.739829782011704,340.23277282714844,223.90796184539795,25.798076402511818,344.6862030029297,236.21031761169434,81.9624512146031,354.1813659667969,237.55599975585938,132.48570399648304,365.6013870239258,181.25857830047607,41.97666685257977,343.1093978881836,211.36985778808594,39.72903652125533,347.8883743286133,223.66756439208984,77.66829630138042,355.9244155883789,226.59676551818848,114.23295294035869
152,6.08,418.1327438354492,164.8930549621582,11.270817288468269,425.0889205932617,199.4975709915161,21.227852225678152,409.01805877685547,228.62573146820068,41.002416587628225,384.79896545410156,244.6442413330078,51.228130605891444,366.1368179321289,252.2721290588379,47.74845972213307,405.81920623779297,220.17120838165283,58.32735384703397,373.60599517822266,249.87133026123047,38.666492766767355,356.33495330810547,265.08230209350586,38.13314184827264,344.2979049682617,275.88704109191895,55.07028038194666,389.89986419677734,203.0514621734619,48.62654083457079,353.60042572021484,237.84055709838867,45.67004130481786,346.59351348876953,254.10984992980957,21.54540108178918,346.8286895751953,261.4893436431885,8.735784640063013,376.1110305786133,189.9519681930542,35.126275126291176,341.871337890625,223.71781826019287,41.239014069208416,344.21886444091797,236.95518493652344,21.983412257046837,352.1855926513672,239.57831382751465,71.03197049126953,366.2729263305664,181.5739345550537,18.547483112012237,344.1057586669922,211.11369609832764,25.719078677704122,347.1519470214844,223.9639377593994,19.845691464640787,353.7159729003906,227.8247594833374,63.17232525289004
153,6.12,417.71690368652344,166.58040046691895,43.44578433155871,424.7589111328125,200.24552822113037,20.438111784699867,408.59169006347656,229.27980422973633,19.51924462439646,384.6994400024414,245.3393840789795,17.555781683059667,366.18106842041016,253.34976196289062,26.963526077025087,405.0506591796875,220.96667289733887,27.65217414867895,372.6649475097656,251.05224609375,37.7502724973916,355.42442321777344,266.51927947998047,42.52917421194138,343.7289047241211,276.8943786621094,28.92328493348017,389.5939636230469,203.9386224746704,23.460452908151883,352.8327178955078,239.94024753570557,55.89093864771604,346.1170196533203,255.59792518615723,39.06256475014834,347.14717864990234,261.64074897766113,8.816138114791173,376.1196517944336,190.89667797088623,23.618727867066454,341.38431549072266,225.69130897521973,50.81742085830315,344.5072555541992,237.28052616119385,10.869002561460075,353.4518051147461,238.15179347991943,47.685521286073104,366.62803649902344,182.4109697341919,22.731188965500575,343.63758087158203,212.0026159286499,25.116838386519706,347.1763229370117,224.50348377227783,13.502409166302373,354.6819305419922,228.09406757354736,25.06991489840199
154,6.16,416.20147705078125,168.77238750457764,66.62077876674725,423.3781051635742,202.63768672943115,69.05182588787882,407.11414337158203,231.63325309753418,69.47061339186638,382.95372009277344,246.7529296875,56.156306359898004,364.1876983642578,253.79241943359375,51.048199142661275,404.68177795410156,223.74984741210938,70.1878450047524,371.2029266357422,253.73651504516602,76.415005233005,353.87847900390625,269.26148414611816,78.69891177526213,342.28389739990234,279.2088317871094,68.21262454115485,388.8141632080078,206.54321193695068,67.970466722304,350.74554443359375,243.14858436584473,95.68737598210684,346.1863708496094,257.4949264526367,47.45671312793587,349.3666076660156,261.10239028930664,57.09474163009857,374.9549102783203,193.3732509613037,68.41982797507993,340.53096771240234,228.71088981628418,78.4461235757053,344.5372772216797,240.00051498413086,68.00386247036165,353.4908676147461,239.94006156921387,44.71736685907818,365.0225830078125,184.5993947982788,67.85409518576053,343.29925537109375,214.5285701751709,63.71277834841149,347.6467514038086,226.79994106292725,58.60364232574257,355.0843811035156,229.68358039855957,40.991748219525974
155,6.2,416.2263870239258,167.6232147216797,28.73606827355082,423.995361328125,202.14397430419922,19.76039491483436,407.8076171875,232.24502563476562,23.118871764675674,383.5782241821289,249.71208572387695,75.60840646568286,364.73350524902344,258.7273120880127,124.12461144474838,406.9377136230469,224.92451190948486,63.585977344724675,373.8047790527344,254.7407341003418,69.7230768405726,356.3164520263672,269.5709037780762,61.438246266517226,343.96778106689453,279.48572158813477,42.66242613438476,390.7706069946289,207.92531490325928,59.884685540666915,353.6402130126953,244.85243797302246,83.97255242611435,348.78082275390625,258.5061550140381,69.61395283590586,350.96588134765625,262.16992378234863,48.07093760497862,376.28185272216797,194.89161014556885,50.41199548301154,342.2920227050781,230.0287628173828,54.98922584386994,346.77860260009766,240.24799346923828,56.37366989856344,355.7783508300781,239.91826057434082,57.18967752030968,365.34889221191406,186.33059978485107,44.04222691217823,344.6104049682617,216.1404275894165,51.94466761620157,349.119873046875,227.7780246734619,44.206439890495595,356.099853515625,230.45042037963867,31.812220296772644
156,6.24,415.56697845458984,170.67266464233398,77.99825510825613,423.7367248535156,203.28748226165771,29.309802911838084,406.98925018310547,234.4577693939209,58.980714525821334,381.5708923339844,251.52877807617188,67.68378799360947,361.83631896972656,258.4079074859619,72.86849300605375,407.255859375,227.7844762802124,71.94013536144475,373.3995819091797,259.9559497833252,130.7733233145738,355.0093078613281,276.56484603881836,177.87610543365432,340.5680847167969,287.93532371520996,227.6973201680536,390.5674743652344,210.79115867614746,71.8258457822057,352.5408935546875,250.9325408935547,154.46713808084533,355.21095275878906,258.40885162353516,160.77165450861045,363.0270767211914,255.7792854309082,341.2410185425097,375.9175109863281,197.5055980682373,65.98142617591023,343.2054138183594,235.24153232574463,132.30468924306845,352.5108337402344,239.91569995880127,143.54636189449312,363.53260040283203,235.09582042694092,228.28753170591762,365.1771545410156,188.26303482055664,48.50128216622212,345.47035217285156,220.04263401031494,99.89595883337473,353.0965805053711,226.5291166305542,104.20524671920927,361.3288879394531,224.16539669036865,204.3959450739313
157,6.28,415.19561767578125,169.51748371124268,30.335126211150705,421.2767791748047,201.81748867034912,71.64240146683802,402.4261474609375,235.72145462036133,118.37125602469052,381.1405944824219,260.2541255950928,218.39878314536003,377.2438430786133,282.1370601654053,707.3120271714685,404.6328353881836,228.4645414352417,67.74374256388582,370.71285247802734,261.0344409942627,72.37773452644825,350.6382369995117,278.8257694244385,123.02955700426308,334.58473205566406,291.71281814575195,176.90034843143482,388.98258209228516,211.1450958251953,40.59829908944972,351.2431335449219,251.38383865356445,34.34976993315155,359.4328308105469,254.17485237121582,149.4803581422887,371.27437591552734,247.73981094360352,287.9356417162926,374.8042678833008,197.37504959106445,28.0217896391596,341.1681365966797,235.42616844177246,51.14066980714047,352.44773864746094,237.4414300918579,61.876855351960955,363.6088180541992,230.2463722229004,121.2511778655465,363.8056945800781,187.45488166809082,39.79646609856782,342.20264434814453,219.12270069122314,84.86824987600932,351.2858581542969,223.60150337219238,86.05824634809713,359.9000930786133,219.32016849517822,126.28759593144594
158,6.32,413.8624572753906,163.58110427856445,152.105878876144,419.58126068115234,198.22312831878662,99.3548227918555,402.3503112792969,231.73067092895508,99.78760443449353,383.67008209228516,254.90673065185547,147.88707737538243,380.61439514160156,276.5683937072754,162.73188710885645,396.8646240234375,222.7726936340332,240.75693032534437,365.3419494628906,251.36701583862305,276.47977812344044,349.14241790771484,267.34190940856934,289.5217129373266,335.7421112060547,279.27560806274414,312.2736391638651,381.6705322265625,205.50859451293945,230.80866031449722,345.84842681884766,241.26176834106445,286.7481125390631,352.9757308959961,246.72191619873047,246.52636382549474,363.6488342285156,242.20190048217773,235.60737772181847,369.251708984375,192.32731819152832,187.60081057911054,338.3561706542969,227.52888679504395,209.57428556015034,348.8622283935547,233.483304977417,133.51647417649158,359.54822540283203,229.23161029815674,104.63673603306898,359.7669982910156,182.98871040344238,150.53602866186768,338.5020446777344,212.65374183654785,186.3160396076409,347.7252960205078,219.86663818359375,129.00295705326494,357.77942657470703,217.0846652984619,77.033681607945
159,6.36,413.0974578857422,155.9468650817871,191.81180910558868,416.7432403564453,191.68384552001953,178.2143703621101,400.4729461669922,222.09360122680664,245.45571419423885,382.01107025146484,241.21665000915527,344.75591754495,376.15161895751953,258.83331298828125,457.19898524770343,387.34134674072266,211.94373607635498,360.5197047228044,356.34544372558594,234.54152584075928,476.99202636782223,341.6552734375,247.92792320251465,520.19238792414,332.1674346923828,258.5775661468506,525.1114472956453,375.24585723876953,195.9157133102417,288.63885140847344,342.9175567626953,222.2657060623169,480.520799097257,336.4448547363281,235.99885940551758,492.6039316712438,336.3694381713867,244.24864768981934,683.9017762870304,365.6480407714844,183.45502853393555,239.40544631026307,336.3528823852539,210.5355405807495,427.77548101176865,333.7940216064453,223.45945358276367,452.4436792029909,337.1937942504883,229.47039127349854,558.8926599195177,358.54408264160156,174.89238739013672,204.7040073822517,337.2707748413086,199.22945022583008,337.01597760684837,335.65357208251953,210.7961654663086,377.49171692072736,338.7900924682617,216.86618328094482,474.7647734656248
160,6.4,407.06748962402344,151.2882900238037,190.4974389726153,412.8083038330078,186.91575050354004,154.5526923286581,398.18824768066406,215.12311935424805,183.3839290755497,379.2318344116211,231.9136905670166,242.73082601354562,367.5441360473633,243.88961791992188,431.13424848353515,374.10587310791016,198.2374906539917,476.3395098711956,342.62813568115234,215.8214521408081,580.1970028132073,332.8647994995117,230.0019407272339,499.13254737502103,330.26268005371094,242.2500514984131,410.9560688416731,361.9999694824219,183.8953399658203,447.17370631629063,328.6743927001953,207.08547592163086,520.400752807082,324.02618408203125,224.53492641448975,422.5259906522546,327.4099349975586,236.61483764648438,294.2657736846468,354.2201614379883,175.12338638305664,353.56460423737377,326.0497283935547,198.64837646484375,393.2712588779731,323.10924530029297,215.30892848968506,335.96456658907744,327.0590591430664,225.72991847991943,270.0740551417274,350.31219482421875,171.51649475097656,222.4306467040784,331.07322692871094,191.07200145721436,256.11712474658657,328.2027053833008,204.79339599609375,239.2026545134772,330.8604431152344,214.06688690185547,210.2311214472505
161,6.44,404.3405532836914,146.35733127593994,140.86903487228324,411.7792510986328,177.7106809616089,231.56027131439404,399.8214340209961,203.7641143798828,286.89533329890236,381.81522369384766,220.7506513595581,286.4517242603659,366.3787078857422,230.62148094177246,332.9805565558928,365.0105667114258,188.60552787780762,331.19037705650254,327.69309997558594,202.0887565612793,507.2241980910374,321.9673156738281,220.12168407440186,367.7419486345581,325.7118225097656,232.15155601501465,276.9136997937067,354.29283142089844,176.41357898712158,268.53389502277247,317.453556060791,196.84503078460693,379.7810977166607,314.7931671142578,217.9261350631714,283.86256077155167,321.4989471435547,229.81804847717285,225.18897678151916,349.45072174072266,170.03361225128174,174.37989372763525,322.1921157836914,192.31947898864746,185.2972583310057,319.9404716491699,212.12207794189453,112.35307869058504,324.95643615722656,224.21297550201416,64.81772239711036,348.2748794555664,167.70624160766602,108.01817823708812,329.2728042602539,187.71796703338623,95.16784088295663,325.06935119628906,203.83379459381104,81.92505459460655,327.03514099121094,214.7264528274536,97.04368716674838
162,6.48,398.9386749267578,141.69772624969482,178.3469385490615,408.9079284667969,172.12052822113037,157.11122914589188,394.9837112426758,197.1029233932495,205.81397401580256,376.3372039794922,212.66006469726562,244.26713416223765,364.04701232910156,219.6174144744873,281.2097559932879,354.8954391479492,182.50285148620605,295.3371640663582,318.0622100830078,197.0498514175415,271.7358611438582,316.63963317871094,216.5543031692505,160.2934950551969,323.8340759277344,226.4324140548706,150.4877839448486,344.89410400390625,173.10270309448242,249.12092474762608,311.29711151123047,195.0774621963501,160.1290655338804,314.4921875,218.27828407287598,11.581171498241902,325.0872039794922,228.31264972686768,97.28120488457863,341.72035217285156,170.2343988418579,193.32441793333868,316.23104095458984,194.58266258239746,159.40595404729905,320.10711669921875,214.82683181762695,67.74706682301517,328.70616912841797,224.7403907775879,94.66607176065128,342.3748016357422,171.08416557312012,169.96560055708858,324.30908203125,192.3006534576416,168.89263088898002,324.4853210449219,208.7252140045166,123.15405766034763,331.02977752685547,217.58630275726318,122.82065856600109
163,6.52,394.99855041503906,140.95709323883057,100.22823462175208,403.8587951660156,171.70037269592285,126.66461067130335,386.24378204345703,196.2410545349121,219.55805088906487,363.1556701660156,210.3727626800537,334.4628008031757,348.23974609375,213.4969997406006,423.7696472953077,345.19229888916016,181.52416706085205,243.80929289888078,306.7676544189453,196.56343460083008,282.6256235820033,310.6884956359863,217.2686004638672,149.84629349253822,322.2303771972656,227.32831478118896,45.92444698581603,335.81249237060547,173.14464569091797,227.04271217039187,304.9493980407715,193.71575832366943,162.3031572011154,316.1168098449707,216.1798095703125,66.3465946831822,330.2752685546875,221.75082206726074,209.12555479720058,332.8150939941406,170.87021827697754,223.19818769365867,309.5473289489746,194.74273681640625,167.14071529402764,319.29962158203125,214.29604053497314,24.15817343600983,330.7606887817383,220.9887170791626,106.9348707898163,332.68802642822266,172.1764039993286,243.7039683467186,315.0121307373047,192.26118564605713,232.42587671952361,319.0707015991211,209.6757459640503,137.4354729248851,329.0164566040039,217.36021041870117,50.649400810549494
164,6.56,391.47449493408203,128.96708965301514,312.4291449880378,401.2215042114258,162.18097686767578,246.94913508910236,383.37574005126953,187.97739028930664,218.68043412856042,358.572998046875,204.30105686187744,190.1750760714065,341.1423110961914,211.93403720855713,181.6872921759067,344.0882110595703,173.44090461730957,203.95793326479233,303.9718818664551,191.6801118850708,140.67512420358014,307.55821228027344,212.49688625335693,142.67079762918954,318.0824851989746,223.1206226348877,147.71103806827543,334.5220947265625,164.70069408416748,213.549532920491,304.8897361755371,189.88720893859863,95.72535561467392,316.4209747314453,211.90558433532715,107.1258536650633,330.0900650024414,218.06596755981445,92.23764516458223,331.75472259521484,162.14890480041504,219.63847605231095,310.32087326049805,189.99521255493164,120.25326766656983,320.9380340576172,207.40350723266602,177.11474169935795,332.49977111816406,212.91054725646973,206.5811509085684,332.49595642089844,162.4112319946289,244.17651807796292,318.7293243408203,183.74321937561035,232.34306218188232,324.24137115478516,198.3339500427246,311.6209219296651,334.79949951171875,204.05160427093506,362.7693679088934
165,6.6,389.78538513183594,121.92472457885742,181.05247471686252,398.43868255615234,154.1235637664795,213.11088992644827,379.79297637939453,179.63905334472656,226.8866161349324,353.2316207885742,196.49747371673584,236.41359536656154,333.90758514404297,206.13279819488525,231.83457692991834,342.83329010009766,167.27025032043457,157.4241902195817,302.78127670288086,189.11407470703125,70.71990285012934,305.3747749328613,209.7275447845459,88.16408998619595,315.0949287414551,221.59963130950928,83.81120225968844,332.6428985595703,158.90806674957275,152.24550418553443,297.296199798584,185.63695907592773,217.5523192867126,303.70140075683594,210.33662796020508,320.39934671691,316.46989822387695,222.4376106262207,357.613798475367,330.05943298339844,155.9751319885254,160.05756308427064,302.208194732666,183.8898754119873,253.83396951176888,309.37442779541016,203.4682273864746,305.3721267314622,321.0322952270508,213.60194206237793,287.2074926021486,331.2103271484375,156.3534450531006,154.81768563208362,312.07386016845703,177.65552043914795,225.4929068876346,314.36893463134766,194.29770469665527,266.64147206849816,322.76817321777344,203.9077663421631,300.8046518726203
166,6.64,389.43546295166016,117.02828407287598,122.72320267780152,393.97159576416016,151.45793437957764,130.04913599171329,372.3716354370117,175.89115619659424,207.8506591522893,345.9604263305664,191.00708484649658,227.78092379604936,328.26343536376953,203.09020042419434,160.3001636313381,338.0972671508789,163.0129909515381,159.20539153398582,302.4698066711426,188.1273365020752,25.86824628998532,304.4445610046387,208.02067279815674,48.597260276297355,312.4715042114258,220.8749485015869,68.0419054556532,327.9265594482422,152.89122104644775,191.1254281032765,293.8897895812988,181.32429599761963,137.39244292224245,297.88665771484375,205.12488842010498,195.21377013136032,309.21483993530273,219.18502807617188,198.76991097669247,325.6583023071289,148.5893726348877,214.94096930821408,298.1436538696289,176.8494987487793,203.2353869087861,301.9364929199219,196.77967071533203,250.0745708222484,311.41000747680664,208.89947891235352,267.7470602381051,327.4028015136719,148.7428379058838,212.74778584139364,307.4881172180176,171.26174926757812,196.70623433483004,307.26490020751953,188.02077770233154,236.9956718842732,312.6873779296875,199.13127422332764,278.8786817345412
167,6.68,387.8883743286133,114.0199327468872,84.57120117148132,390.15235900878906,150.55947303771973,98.08734046880947,368.1756591796875,173.76641750335693,117.58170368558709,340.83423614501953,186.24918937683105,174.84885458350317,322.8968811035156,195.58331966400146,230.69617922714286,338.4029006958008,154.99425888061523,200.6138640040678,302.6694869995117,187.54188537597656,15.464177447163271,306.34347915649414,206.3769006729126,62.788717871803144,314.6126365661621,216.1461353302002,129.77413496720766,325.2730178833008,141.95885181427002,281.24497758353175,292.8212547302246,179.17997360229492,59.895144122099396,301.4105796813965,200.25502681732178,150.2780299491061,313.78551483154297,208.85328769683838,282.4401798092285,320.7896041870117,136.14247798919678,334.130782503051,293.2366180419922,170.2608346939087,205.3799750487714,301.5202331542969,187.44226455688477,233.66699857955862,312.32370376586914,194.2253065109253,367.56477029181906,322.0883560180664,135.95410823822021,346.22512314816544,301.95301055908203,161.5784454345703,278.8411048968306,305.8630180358887,176.2236499786377,297.0032577181209,314.4467353820801,182.2917938232422,423.27845355492
168,6.72,387.847900390625,110.53327560424805,87.17230125580656,387.8458786010742,147.58493900299072,94.10002854321313,363.548583984375,169.85547065734863,151.46230986490187,333.4001159667969,180.91013431549072,228.8171373775917,313.60090255737305,191.039457321167,258.6768038027524,336.2356948852539,149.17120456695557,155.33178716279107,303.0109405517578,183.1454086303711,110.24290879403289,302.99699783325195,202.09492206573486,135.863621968724,307.9646873474121,213.752703666687,176.6418409221507,322.5907897949219,136.25083923339844,157.67005728236143,292.48291015625,174.19203758239746,124.9849560680419,298.6380386352539,193.58439445495605,180.59678839611578,308.9442443847656,202.62917518615723,197.13173908020454,317.38012313842773,130.64545154571533,161.71321208583194,293.1260299682617,166.04063987731934,105.54108800610274,300.43115615844727,180.96601009368896,164.1797044684428,309.9906921386719,187.20873355865479,184.85676760530657,317.45758056640625,131.14065170288086,166.98324223799276,300.9713363647461,157.6673984527588,100.80914119563431,304.99807357788086,170.9483242034912,133.64409580431175,312.24864959716797,176.7598056793213,148.81715698784967
169,6.76,387.1553421020508,109.81650352478027,24.91735335285189,383.34449768066406,146.71329975128174,114.62489142784493,358.6027145385742,169.78756427764893,123.65838995825771,331.7449188232422,182.0644998550415,50.4494634692355,313.5844421386719,189.35382843017578,42.14273145757224,333.65589141845703,147.5676441192627,75.9390875830019,301.08301162719727,179.3049716949463,107.42981951352081,296.40647888183594,196.8258762359619,210.94694831464938,295.14089584350586,209.13672924041748,340.7316103251506,320.6027603149414,132.80532360076904,99.44797379775062,289.8836898803711,168.99134159088135,145.35126598758907,293.45226287841797,187.97378540039062,191.00262459479276,301.1984062194824,197.5868797302246,231.0610746475872,315.28024673461914,125.53078651428223,138.2237300878469,288.4158134460449,159.49639320373535,201.57706995538817,292.78514862060547,175.65479278564453,232.74242812872066,300.86307525634766,182.985520362854,251.4320480364376,315.1654052734375,125.40298461914062,154.4645815744109,297.99060821533203,151.32318019866943,175.2388469279678,300.01041412353516,165.05908012390137,192.93772094497893,306.1972427368164,171.03362560272217,208.2796546400276
170,6.8,385.2962875366211,111.00416421890259,55.1510528095796,377.84446716308594,148.81507873535156,147.19844299484004,349.2756652832031,170.34098625183105,233.58633801769386,319.9530792236328,181.93845748901367,294.8128302637006,300.9733009338379,194.56950187683105,341.1782268756376,330.3645324707031,145.49081325531006,97.29552327967727,296.10815048217773,172.75385856628418,205.64886128537475,289.45749282836914,189.94980812072754,244.39813815859316,287.0997428894043,203.53880882263184,244.94496044407313,318.5586357116699,129.55005168914795,96.09643792920036,287.6241683959961,162.67324447631836,167.7494196849153,288.7453079223633,183.05620193481445,170.18014737924767,294.35890197753906,195.4588508605957,179.0728293626913,312.8627586364746,121.77957057952881,111.56799970706885,284.4981384277344,154.00238513946533,168.694068803853,288.2101821899414,170.4212522506714,173.78194737391104,295.99273681640625,178.76904487609863,161.04902601766145,311.0097885131836,121.71509742736816,138.90118474418816,291.58302307128906,147.10623264312744,191.76775352029296,293.5855484008789,160.9108543395996,191.1914562547663,299.6830177307129,167.2544002532959,188.27783936228803
171,6.84,383.8764190673828,112.20232486724854,46.4463091185796,376.2373733520508,146.56044960021973,69.21932106740879,347.7718734741211,168.22311401367188,64.93637569877332,319.91249084472656,180.48078060150146,36.45604652257216,303.2067108154297,192.4830436706543,76.40937256529061,329.52049255371094,144.81359481811523,27.05351401796977,293.2513999938965,170.80305576324463,86.48213301255542,284.46197509765625,187.91200160980225,134.87923481265653,280.4409408569336,202.57277011871338,168.21280288132132,317.1539306640625,129.15836334228516,36.45730406792544,284.0888023376465,161.73804759979248,91.42417064292344,284.7068214416504,182.4352741241455,102.14855726147982,290.5545425415039,195.55330753326416,95.13829664480981,311.53833389282227,120.96528053283691,38.86811982316022,283.45935821533203,152.80481815338135,39.632933084722424,288.4479331970215,167.36477851867676,76.64266605382394,297.91433334350586,174.08592224121094,126.5508070557996,310.2539825439453,119.84308004379272,50.4708563649908,293.72440338134766,144.42247867584229,85.8343061850325,296.95262908935547,156.85247898101807,131.83238153488142,304.45556640625,161.93417072296143,178.6792921616373
172,6.88,384.67041015625,116.06444835662842,98.5723709274699,375.4679489135742,148.99174690246582,63.75353195330684,345.9553527832031,169.40726280212402,54.20998393818813,319.35876846313477,181.91774368286133,38.4989559360618,305.7253646850586,195.17409324645996,92.145825781884,331.06082916259766,147.52095222473145,77.87177359221815,294.78925704956055,171.4903736114502,42.11153455495945,284.82500076293945,188.4756088256836,16.760085162519243,281.19157791137695,202.0949649810791,22.24513622476149,318.78246307373047,130.213623046875,48.51347012344874,283.95673751831055,161.21845722198486,13.402781362848165,282.0998191833496,182.5325632095337,65.2204240485728,287.0700454711914,195.15684127807617,87.67448789599224,312.1773910522461,119.76799249649048,33.929086848428774,279.2495536804199,146.96725845336914,179.92977358085636,279.47092056274414,166.0603380203247,226.78227561049056,286.1011505126953,177.0142936706543,304.2682285243331,309.855899810791,116.40689849853516,86.47909239522971,285.0691604614258,133.7030553817749,344.4372818092687,282.02709197998047,149.09550189971924,420.52225821227756,285.853271484375,158.70564937591553,472.00948510646174
173,6.92,386.12030029296875,117.30806350708008,47.75431951004027,376.2799835205078,149.28680419921875,21.599464854842797,346.8359375,169.62013721466064,22.648743880304988,320.26195526123047,182.7670955657959,30.995413101163738,306.4385223388672,196.1306619644165,29.828861352710923,336.37210845947266,149.44868087768555,141.25735717307174,296.1863708496094,172.61438369750977,44.82832282616175,286.03282928466797,189.72737789154053,43.48689121546595,284.4430160522461,202.3367214202881,81.51033738044204,323.0582809448242,130.61262130737305,107.35984491025134,285.0304412841797,161.21129035949707,26.843192115966445,283.6827850341797,180.99746704101562,55.12656534905064,290.81687927246094,190.74347019195557,144.73382439443202,314.0951347351074,118.38659763336182,59.08676142458217,278.6328887939453,144.93740558624268,53.03641581729642,279.42543029785156,163.53436946868896,63.15945340986556,287.5393295288086,173.18328380584717,102.30162348002506,309.8709297180176,112.28912115097046,102.94511942725902,282.2288131713867,124.15557861328125,249.02545724905093,278.99784088134766,138.55865478515625,274.091122318658,284.19641494750977,148.28962326049805,263.6744840006471
174,6.96,387.12474822998047,116.72904968261719,28.984615176484585,377.20375061035156,148.91059398651123,24.935914867212965,348.08155059814453,170.400652885437,36.74878146446407,321.65740966796875,184.88054752349854,63.31455292230608,307.5881004333496,200.09161949157715,103.11011809979054,338.68682861328125,148.63677978515625,61.32450965202425,298.2826042175293,172.0141839981079,54.51166166486176,287.80046463012695,189.490385055542,44.5862949713147,285.2179527282715,201.5099573135376,28.32915613881984,325.15987396240234,129.58143711090088,58.52368141715733,285.91312408447266,160.02644062042236,36.937428765738744,285.0934600830078,179.8344612121582,45.706855690247465,292.27190017700195,188.48649501800537,67.13336897772444,315.67005157470703,117.11951494216919,50.53378571543975,281.0563087463379,144.110369682312,64.01636827818363,282.1516418457031,162.78523921966553,70.68161683582022,289.6474075317383,171.30297660827637,70.62023445723868,310.8280372619629,110.59576034545898,48.628217556267536,282.9267692565918,123.43495845794678,25.080322280987012,280.2552604675293,138.3259105682373,31.969456968941675,285.62896728515625,147.52681732177734,40.57461568089693
175,7.0,388.8917541503906,117.9640531539917,53.89540505154196,379.7984313964844,149.78323459625244,68.43733454635846,350.1199722290039,171.95979595184326,64.15844569636798,322.7074432373047,186.3623857498169,45.40384775621108,308.4448051452637,202.2553539276123,58.17908598188512,343.8713073730469,149.93695735931396,133.62560040745268,302.8652572631836,173.0824613571167,117.63801854793638,290.58786392211914,190.34319877624512,72.87354653446808,285.36170959472656,203.58295440673828,51.94939235130346,329.99340057373047,130.35847663879395,122.38966952505996,289.9114227294922,161.3489055633545,105.28326546764654,290.88436126708984,180.45837879180908,145.61037409384693,298.1698226928711,188.0996561050415,147.7648773131221,319.5499610900879,117.12776184082031,96.99795699807386,283.74563217163086,144.97605800628662,70.6305385443129,287.48607635498047,162.42124557495117,133.6709647491777,295.66497802734375,168.50144863128662,165.94372855624454,313.44242095947266,109.88677024841309,67.72033056768286,284.2202949523926,125.71535110473633,65.542921763284,284.85403060913086,140.19513130187988,124.10346733261865,292.3341751098633,146.88663482666016,168.39248350128128
176,7.04,390.36197662353516,120.68378448486328,77.2920299605,383.1126403808594,152.70601272583008,110.47231889383342,353.9690399169922,176.63918495178223,151.4760778957053,327.77408599853516,192.4751615524292,198.48944695331352,316.6762924194336,210.6420135498047,293.782915563658,348.01063537597656,151.3147258758545,109.06501043244849,308.81080627441406,176.11455917358398,166.85167479974783,300.3120422363281,193.6621856689453,256.8746263749691,299.79015350341797,205.33251285552979,363.3532616407825,334.35863494873047,132.3663568496704,120.12195388934677,295.4737091064453,167.0454740524292,199.04447098883017,298.8192367553711,186.46446704864502,248.79125934635087,307.5908851623535,193.4108591079712,270.3762371587733,323.61228942871094,120.15366554260254,126.63580838184964,288.0537796020508,153.50652694702148,238.91556383882252,294.73222732543945,169.47462558746338,252.80535186135594,304.10409927368164,173.233380317688,241.88058119550556,316.21788024902344,114.34184789657593,131.22235689640002,288.4497261047363,138.9186429977417,346.6040650767071,292.4797248840332,152.30059146881104,357.67773468884945,300.76990127563477,155.92865467071533,309.15166060140416
177,7.08,392.0582580566406,123.6350154876709,85.0997030408714,387.3275375366211,156.9605827331543,149.72208416945173,360.367431640625,182.75362014770508,221.25456833446543,334.5425033569336,199.59794998168945,245.64403685194688,325.0301742553711,218.0258560180664,278.7342723420819,347.78106689453125,149.61646556854248,42.84266097496013,311.2434196472168,179.6800661087036,107.90750531683624,310.2745246887207,199.18384552001953,284.7584328483476,315.2507781982422,210.3622055053711,406.45473618386785,333.4535598754883,133.01834106445312,27.886424839540926,299.7120666503906,171.80614471435547,159.34957605380467,309.29988861083984,190.954327583313,285.0470475819622,320.70823669433594,197.37974166870117,342.61580158618284,323.8594055175781,124.95675086975098,120.23595297696326,294.59333419799805,162.1446418762207,270.8583622525681,305.39541244506836,176.54253959655762,319.82312038788126,316.72096252441406,179.84205722808838,356.0721914107987,318.16322326660156,123.3165693283081,229.57839651363216,300.20700454711914,150.29977798461914,409.0872690829896,307.2125053405762,162.98802852630615,455.02481445975445,315.09485244750977,166.68837547302246,447.89494989073864
178,7.12,392.21431732177734,128.23699951171875,115.11573375256603,388.15513610839844,161.5084934234619,115.56494668319144,363.3811950683594,189.47683811187744,184.19492017988583,340.12020111083984,209.1524076461792,276.58449601394153,331.00597381591797,229.78734970092773,329.81331276176064,353.1154251098633,156.68516635894775,221.39036286861673,317.46740341186523,186.0732364654541,223.06193242158176,315.89975357055664,206.70086860656738,234.71902891640278,320.24322509765625,219.60142135620117,262.5448004409186,338.53145599365234,140.86941719055176,233.7525739492797,305.8641815185547,181.18001461029053,280.31004505837245,316.2160110473633,200.0397777557373,285.4581344004186,327.4190902709961,206.1470890045166,276.02302330852126,327.7756118774414,133.15145015716553,227.05969570823518,299.1066551208496,172.2737216949463,277.2277084442088,312.4602508544922,183.99205684661865,256.6700812938508,324.7501754760742,184.77444648742676,235.58003473971402,320.5138397216797,131.37452602386475,209.84527607613387,303.55119705200195,161.38226509094238,289.4014771596882,313.19549560546875,171.05941772460938,251.1766013439116,322.32425689697266,170.93201637268066,209.57214864332184
179,7.16,391.15604400634766,132.05052852630615,98.94109976158325,390.3697967529297,166.1460256576538,128.4801224742675,367.69603729248047,197.21254348754883,221.4427142037098,345.9124755859375,218.8634490966797,282.68220854898,338.6321258544922,240.9104347229004,337.158359789471,357.3031997680664,165.7873249053955,250.48296697649945,322.62298583984375,197.94718265533447,323.62268567331563,321.639404296875,218.57372760772705,329.68580812034605,326.63570404052734,231.38115406036377,335.0614585570163,341.32591247558594,150.5415916442871,251.6941915461492,312.10004806518555,193.5115671157837,345.46455931029,320.2913284301758,213.466215133667,350.7825469879106,330.1106643676758,221.6396427154541,393.11559337251583,329.27528381347656,142.9599380493164,248.06180006981356,302.55937576293945,184.73087310791016,323.16975140572504,315.14604568481445,196.4142608642578,317.7308673689459,327.6838684082031,197.8150177001953,334.16224705907365,321.2582015991211,141.1166524887085,244.263053210055,306.0072326660156,174.1590929031372,325.2685812138358,315.81796646118164,183.62494468688965,320.90674388057823,325.35240173339844,183.3348512649536,319.17860841869896
180,7.2,391.0171890258789,139.4431972503662,184.84931628440086,391.29589080810547,172.61072158813477,163.26731085976948,368.55724334716797,205.0905704498291,198.12399004008412,347.16835021972656,227.7831745147705,225.19258789690753,342.2786331176758,249.00238037109375,221.8904566359352,362.3947525024414,175.41526794433594,272.28339603251953,330.9290313720703,208.85769367218018,342.8097532088063,325.4950714111328,228.8368320465088,274.086530152102,324.96826171875,242.10153579711914,271.2320829084987,344.7227096557617,160.42656898498535,261.3080176120796,315.39297103881836,204.7058629989624,291.714331614028,325.74230194091797,220.8792543411255,230.0356799853692,336.3314437866211,224.10869121551514,167.32135450015642,330.8294677734375,152.55236148834229,242.93784597990918,304.4372367858887,195.084228515625,263.05694514207624,318.14321517944336,205.3739833831787,236.1933167391601,329.9801254272461,203.5319995880127,154.02247847947413,321.28650665283203,151.4566469192505,258.5008293019881,306.0130310058594,185.09363651275635,273.363628674573,316.19930267333984,193.42140197753906,245.09691036687565,324.8872756958008,190.185227394104,171.65371271415307
181,7.24,389.74658966064453,146.27397537231445,173.69864798376517,392.25868225097656,179.76181983947754,180.39050273438642,370.68267822265625,211.38070106506348,165.98798255945118,348.7522506713867,233.99406909942627,160.2419112281403,342.95921325683594,255.13904571533203,154.35723758742736,364.62135314941406,183.32250595092773,205.3688196483172,331.9403076171875,219.39361095428467,264.60847565233814,326.4731979370117,238.16009044647217,234.36067115281367,326.00257873535156,248.50041389465332,162.0483195645943,347.2795867919922,169.18898105621338,228.1960314014312,316.71119689941406,215.17468929290771,263.78737104003864,326.3948440551758,229.9368381500244,227.0264792734925,335.25264739990234,230.49888610839844,162.01541672983865,332.7481460571289,161.73238277435303,234.45964094050296,304.8755645751953,205.7728672027588,267.4405637648433,318.3963394165039,215.27878761291504,247.70095214389838,329.31846618652344,210.9239101409912,185.53661123560767,322.186279296875,161.02726936340332,240.32062538862795,302.0786666870117,195.83335876464844,285.9423637741613,310.70220947265625,204.6343231201172,312.19748778485285,318.8749313354492,200.7015609741211,302.84232352996656
182,7.28,389.1210174560547,151.8453311920166,140.15916455249277,392.25902557373047,185.62475681304932,146.57342459059876,370.6815719604492,216.63554191589355,131.37102418191543,347.7634811401367,238.73085021972656,120.97200235891785,341.28807067871094,259.6786880493164,120.93663122924485,364.5326614379883,192.00509548187256,217.07606268101668,330.9551239013672,228.44119548797607,227.526609499045,324.0140914916992,246.39018058776855,214.7405240098522,322.46578216552734,256.52246475219727,219.17776737351508,346.6181945800781,177.71713256835938,213.8439966893194,314.0950393676758,223.98588180541992,229.78440129203466,322.5081253051758,237.73279666900635,217.7779142143559,330.7779312133789,237.6327610015869,210.52799092638455,331.8655776977539,169.8753547668457,204.76651303907397,303.44940185546875,214.762544631958,227.5525219375075,315.4965591430664,224.2582368850708,235.90150866600544,325.6492614746094,219.65154647827148,236.68900911025023,321.3421630859375,168.82182598114014,196.00326056706348,300.21833419799805,204.4698429107666,220.8643466245602,307.50959396362305,213.41374397277832,233.5474045786268,315.2885627746582,209.3450117111206,233.94881931841365
183,7.32,386.9778060913086,156.95940971374512,138.6252909834226,392.9689407348633,191.81054592132568,155.6598182497589,371.7888641357422,221.98964595794678,136.68514470900746,345.8493423461914,242.50722885131836,105.8447060899527,332.79109954833984,262.76713371276855,226.02131399280717,362.8263473510742,202.14850902557373,257.148237989469,326.08924865722656,238.46385955810547,278.5347116543593,317.5658416748047,257.2716522216797,316.21427725188676,315.79750061035156,267.4369239807129,319.7571335697878,344.8607635498047,187.35943794250488,245.02884620290536,309.3345832824707,231.40780448913574,220.43547590823133,315.0528335571289,248.23101997375488,321.90261299504573,322.45689392089844,251.4136505126953,402.45541472024274,330.6887435913086,178.73391151428223,223.4096100238949,298.17312240600586,221.2277126312256,208.62274877092437,308.3639335632324,232.67486572265625,275.8101573679995,318.44139099121094,230.60184001922607,327.7406802055154,321.3131332397461,176.54693126678467,193.1289957616783,298.18050384521484,210.52508354187012,159.72376867441218,304.81218338012695,220.96930503845215,200.5656483440693,313.05578231811523,218.85485172271729,244.2109303620609
184,7.36,386.22459411621094,159.83872890472412,74.40517153972942,392.35355377197266,194.78094577789307,75.83689909103977,372.2019958496094,225.4683780670166,87.57944571814578,345.74527740478516,246.87438011169434,109.20977418205686,330.8354187011719,266.91887855529785,114.73249543353073,363.58768463134766,208.43582153320312,158.3310081422129,325.3077697753906,244.56387519836426,153.7467480431647,317.6490020751953,262.9694366455078,142.45978158898814,317.71446228027344,271.6821098327637,116.44833876660118,345.3421401977539,193.3946657180786,151.35987286151723,308.6833190917969,238.0785083770752,167.56050289116573,314.7749900817871,254.6151638031006,159.7546740915638,323.47667694091797,256.1678695678711,121.55902946849695,330.70655822753906,184.37275886535645,140.97188729047355,298.04224014282227,227.33453750610352,152.70568141699064,308.4299087524414,238.30621719360352,140.79344825606032,318.56578826904297,234.83731269836426,105.93247701501296,321.02001190185547,181.51678562164307,124.46227447311038,298.065185546875,216.8606472015381,158.41532674357416,305.35350799560547,226.74835681915283,145.10873471155756,313.8331413269043,223.47224235534668,117.05923522633528
185,7.4,385.76786041259766,161.81422233581543,50.69011227732939,392.14229583740234,197.22956657409668,61.44292940668464,373.0924987792969,228.27115058898926,73.52095482627293,347.1689987182617,250.16876220703125,89.72156850683906,330.631103515625,270.07092475891113,78.96652757956197,363.73435974121094,212.7198600769043,107.16371771666316,325.6886291503906,248.75621795654297,105.24017669591208,318.24649810791016,266.5591621398926,90.97778105857059,319.06009674072266,274.733247756958,83.36731498916924,345.56419372558594,197.59925365447998,105.26118552247357,308.35693359375,241.55399322509766,87.26941912179566,314.5346260070801,257.0239734649658,60.51930929208189,324.46544647216797,257.87232398986816,49.26224506781101,331.67972564697266,187.7196979522705,87.13874022844324,297.5812530517578,229.56188678741455,56.86383911967281,307.71839141845703,240.6818675994873,61.99784153266973,318.10455322265625,238.04360389709473,80.98240942896112,323.2167053222656,183.2181215286255,69.46224627297988,299.99778747558594,217.31324672698975,49.6223018491705,306.90364837646484,228.1052827835083,51.50353915698942,315.22470474243164,226.4976453781128,83.25229797727981
186,7.44,384.7201156616211,163.64727973937988,52.784162562987305,391.9573974609375,198.8902187347412,41.77284560776807,372.72022247314453,230.06486892700195,45.79857478845179,347.5419235229492,252.60509490966797,61.617722429754075,334.4725799560547,273.89880180358887,135.57650956090043,362.8424072265625,215.93682289123535,83.45818203289167,326.30531311035156,250.42116165161133,44.38705198465106,317.6511001586914,269.20701026916504,67.8490900529696,317.66454696655273,279.57472801208496,125.96500067719671,344.0338897705078,201.66478157043457,108.60003289114897,310.410213470459,245.82120895385742,118.3878380785818,316.9970703125,262.4219512939453,148.3277549033077,327.0856475830078,264.7895050048828,184.9203326025248,329.5849609375,192.3222541809082,126.42083250453548,297.8144836425781,233.37374210357666,95.47459563886525,307.97264099121094,245.1042366027832,110.7417898947759,318.81935119628906,243.44552993774414,136.22532136995454,320.5150604248047,188.32918167114258,144.52902159342327,298.4012031555176,221.54590129852295,113.09411515693762,305.01087188720703,232.47759819030762,119.1106230957744,313.5029602050781,231.40308380126953,129.97050236325055
187,7.48,383.2278060913086,166.1033821105957,71.84804586564209,390.5558776855469,201.34647846221924,70.69949402948997,371.7341613769531,232.4142837524414,63.69883489621736,348.83338928222656,254.76917266845703,63.00355324042892,335.1045227050781,274.6201515197754,23.97520921553237,356.22039794921875,218.42548370361328,176.85523654300619,322.7360153198242,252.1578025817871,99.23396733800749,317.4515914916992,269.84713554382324,16.76238488888961,320.2759552001953,279.4442653656006,65.36662692490697,337.25502014160156,205.7303524017334,197.61379574503303,308.15025329589844,247.6963233947754,73.41438107218352,316.32652282714844,262.9918670654297,22.00053858286676,327.79483795166016,264.8822593688965,17.880756958124493,324.29874420166016,197.31051921844482,181.705248037487,296.59887313842773,235.76741695404053,67.11644818682667,307.32677459716797,247.10869789123535,52.648649412029755,319.34221267700195,245.91516494750977,63.10943476153811,317.8312683105469,193.66660594940186,149.35452378214055,299.3345642089844,222.27999687194824,29.686478056634414,306.0471725463867,233.08942794799805,30.085863671870307,314.8673439025879,232.9112720489502,50.84396881927401
188,7.52,381.0438919067383,167.77214527130127,68.71249728076874,389.15557861328125,203.43302249908447,62.82168967385905,370.6609344482422,234.2720603942871,53.63738255345921,347.8307342529297,256.31492614746094,46.06158191505013,333.9188766479492,275.39228439331055,35.37253301626648,356.0002136230469,221.99910163879395,89.50986776655087,321.74835205078125,254.94498252868652,73.92500756431676,316.6604804992676,271.69398307800293,50.228866307456656,320.2751159667969,279.77474212646484,8.26194566158711,336.62899017333984,209.35691356658936,92.00495707977902,307.19566345214844,251.0570526123047,87.34179499009097,315.88024139404297,264.7863578796387,46.228808657420906,327.35496520996094,264.8521900177002,11.022482557577302,322.96531677246094,200.5348777770996,87.23000065814227,295.219783782959,238.90643119812012,85.71499968974862,306.47871017456055,248.9025592803955,49.60564451509063,318.51856231689453,246.1520004272461,21.42561201236476,315.67787170410156,196.29695892333984,84.98482847012536,297.9953193664551,224.8946714401245,73.44257895504607,305.3230285644531,234.5060920715332,39.77532012349393,314.5869827270508,232.74747848510742,8.117524264856964
189,7.56,380.2582550048828,170.11330604553223,61.736633737366354,387.9405975341797,205.40193557739258,57.840285120469325,369.74639892578125,235.8266544342041,45.09114277485889,346.75567626953125,258.26642990112305,55.70074375752322,333.38756561279297,278.3409118652344,74.90283449352364,356.57875061035156,223.90404224395752,49.77137577765299,320.7827377319336,258.2350158691406,85.72022221325315,316.63137435913086,273.80292892456055,52.728667197658496,321.7228317260742,279.1507816314697,39.41135321019921,337.3927688598633,210.7458257675171,39.62665598963492,306.6372871398926,253.26292991638184,56.88628342322032,315.14055252075195,265.2403163909912,21.697032621131996,326.35047912597656,263.2155418395996,48.00787404034775,323.4982681274414,201.22268199920654,21.753042814794348,293.97443771362305,241.23845100402832,66.09275304240342,305.2558898925781,249.98980522155762,40.906854396612516,317.0597457885742,245.6348419189453,38.694303408321765,315.94635009765625,196.10328197479248,8.276148266416104,296.1981201171875,226.54977321624756,61.08031102007018,303.1090545654297,236.15681648254395,69.04062187155921,311.9681167602539,234.05261993408203,73.15161120012358
190,7.6,379.64893341064453,169.95763778686523,15.72230525323605,386.81018829345703,205.06924152374268,29.45876763424151,368.73706817626953,236.02078914642334,25.695778451896707,346.55757904052734,258.7346649169922,12.710392947923571,334.5490264892578,278.8659954071045,31.865970225906253,356.50596618652344,224.60662364959717,17.658535540613503,320.9562301635742,259.40454483032227,29.558180074211105,317.64759063720703,274.9302864074707,37.94428825676954,323.60713958740234,279.3779182434082,47.4487035962645,337.54398345947266,211.4395236968994,17.74969493337047,306.6172218322754,254.56426620483398,32.53727431934974,314.88306045532227,267.0751476287842,46.32026982690815,325.9579849243164,264.87513542175293,42.6343652194252,323.19629669189453,201.68709754943848,13.848929362577774,294.2006492614746,242.47215270996094,31.35673336384916,305.82679748535156,250.53010940551758,19.651082837387747,317.0420265197754,245.27060508728027,9.116689435732383,314.44847106933594,195.98118782043457,37.57117051352486,294.8521423339844,227.02584743499756,35.69228605941014,302.393741607666,235.6860637664795,21.407953358896084,310.94085693359375,232.3705530166626,49.27354682120754
191,7.64,379.5313262939453,169.69406604766846,7.215499618941751,385.6611633300781,205.35515785217285,29.601588991670795,367.48119354248047,236.24114513397217,31.876498563238474,345.54420471191406,259.1792106628418,27.664829319523687,334.23797607421875,279.8210620880127,25.111062373944183,356.1581039428711,224.87032413482666,10.912896226171819,320.5708312988281,260.006046295166,17.859456478934955,316.1915588378906,274.8922634124756,36.413204582686845,321.20410919189453,278.9450740814209,61.04255252639816,337.45479583740234,211.23056888580322,5.679818714690743,306.20079040527344,254.13236618041992,14.999015894462683,314.43408966064453,265.33607482910156,44.902317430934815,325.1516342163086,262.53390312194824,61.90501870786329,322.9334259033203,200.6182336807251,27.5178467240644,293.2825469970703,241.23767852783203,38.46133020846336,305.04112243652344,247.90626525878906,68.47373305085941,316.13901138305664,241.7200756072998,91.58908206410837,313.69274139404297,193.78393650054932,58.08958977764382,293.86974334716797,224.47533130645752,68.32935080933728,301.1128616333008,232.23681449890137,91.98496486728862,309.0909957885742,228.7010622024536,102.7349413886808
192,7.68,378.91639709472656,169.94852542877197,16.637448284731747,384.91798400878906,205.78496932983398,21.462953692364287,365.7997512817383,236.00558280944824,42.44656703539842,342.66387939453125,259.32483673095703,72.10010786083775,331.44420623779297,280.2920722961426,70.82990415021175,353.92982482910156,225.16377925872803,56.18798647512148,319.5263671875,260.7326889038086,31.80914530983327,315.50745010375977,274.83375549316406,17.165152503260252,320.66078186035156,277.3399829864502,42.36391457033225,335.4208755493164,211.06882095336914,51.008541759777124,305.3345489501953,253.13796043395996,32.969844622477176,313.1136703491211,263.81303787231445,50.39313401882845,323.05328369140625,260.89725494384766,66.52862252556183,321.55704498291016,199.99631881713867,37.759125847426205,292.95494079589844,240.0212574005127,31.49410839779314,303.9695358276367,246.63946151733398,41.48109192534234,314.51778411865234,240.51804542541504,50.45576280893097,313.2271957397461,192.84188747406006,26.270100929384338,293.38634490966797,223.40709686279297,29.312954431538817,300.0968360900879,231.1259365081787,37.636068261817144,307.7547836303711,227.60089874267578,43.27111168233507
193,7.72,378.5095977783203,169.40063953399658,17.059906167723028,384.842529296875,204.89730834960938,22.271554578701792,365.51998138427734,235.16115188598633,22.239249931484377,341.95655822753906,258.4852409362793,27.445677388658655,329.5424270629883,279.34152603149414,53.15250600252715,354.2537307739258,224.24328804016113,24.395429189594566,318.4296417236328,259.3843746185303,43.45082101482869,313.9349555969238,272.6151752471924,67.98362524279725,319.0785026550293,273.87537002563477,95.22063343836487,335.9287643432617,210.08635997772217,27.64937381393593,304.3482780456543,251.7549705505371,42.46609908793503,312.6126480102539,261.14779472351074,67.79815828199662,322.6947021484375,256.8888473510742,100.61036276386244,321.9158935546875,198.95536422729492,27.526790990590072,291.62109375,238.97068977355957,42.44732235852685,303.1691360473633,244.50007438659668,57.105259737097356,313.8985061645508,237.21303462982178,84.06322599472458,313.4008979797363,191.7678451538086,27.199946850462492,292.65708923339844,222.49845027923584,29.127440403996342,299.3337821960449,229.5607852935791,43.53123569473398,306.6119956970215,225.18333435058594,66.85142972718594
194,7.76,377.0433807373047,170.56949615478516,46.8776213355444,384.12818908691406,206.14017963409424,35.83827358219919,365.00770568847656,236.69285774230957,40.377509355480704,340.59314727783203,259.3514156341553,40.38214352456392,328.0381393432617,279.49750900268555,37.808830243590585,352.9704284667969,224.60208892822266,33.31293750891041,317.0301628112793,260.4547119140625,44.0465886330132,313.6187934875488,274.51695442199707,48.197007876042264,319.6533203125,276.73373222351074,72.889684599342,334.4637680053711,210.38955688476562,37.40105809393683,303.4514045715332,252.76419639587402,33.75387788349334,312.04477310180664,263.13036918640137,51.55751286518557,322.7063751220703,259.8164463043213,73.1905556124165,320.6710433959961,199.64415550231934,35.56758828399616,290.7554244995117,240.26887893676758,39.00863970577264,302.4877738952637,246.42711639404297,51.09883365092859,313.67692947387695,239.80908393859863,65.13720252019365,312.62245178222656,192.95761585235596,35.545154359800705,293.04174423217773,224.3836784362793,48.10174549974363,300.20360946655273,231.75029754638672,58.89908417005394,307.6696968078613,227.5865364074707,65.64160154813699
195,7.8,376.51161193847656,171.69187545776367,31.049490285285337,383.8486862182617,206.74999237060547,16.77038735383378,364.47147369384766,237.6504135131836,27.43694824499712,339.9404525756836,260.8253288269043,40.299119670690835,326.9329071044922,281.40549659729004,55.12460296217644,352.9267883300781,225.82597732543945,30.616654683100293,316.1785125732422,261.79816246032715,39.76625059494111,313.0740737915039,275.3134059906006,24.122793272005634,319.47988510131836,276.50696754455566,7.137138436517289,334.4974899291992,211.59276008605957,30.091891679390443,302.7548027038574,254.6078395843506,49.2714063153355,312.6055145263672,263.5253620147705,17.14734454079634,323.3256530761719,258.62714767456055,33.52178783257051,320.4495620727539,200.7261085510254,27.609739859212688,289.27106857299805,242.1741771697998,60.3814638018779,302.0156478881836,246.83146476745605,15.540281803332636,313.4260368347168,238.73056411743164,27.682938349220954,312.0993423461914,193.94973278045654,28.03947531040794,292.0606994628906,225.9188747406006,45.547204443215705,299.1289710998535,232.07322120666504,28.052710536923975,306.20309829711914,226.7206048965454,42.57896027767531
196,7.84,375.43495178222656,175.46055793762207,97.98649373143195,382.2128677368164,210.86339950561523,110.66848117967942,362.89634704589844,241.57238960266113,105.66137067157418,339.40540313720703,264.89404678344727,102.5936880109751,326.1903381347656,284.9678707122803,90.97361571478164,349.60968017578125,229.73008632659912,128.07535282070953,312.8845405578613,268.41081619262695,184.69136590101266,314.0994453430176,280.15233993530273,123.65948341070595,323.39977264404297,278.73621940612793,112.73609174176151,331.7189025878906,214.97849464416504,109.49813386317935,301.37664794921875,258.4800624847412,102.754016703858,312.95629501342773,264.8303031921387,33.78163726876486,323.25035095214844,258.06212425231934,14.250479763055587,318.21983337402344,203.2832908630371,84.81918800751937,287.8769874572754,245.15596389770508,82.28955829845061,301.5994644165039,248.1203556060791,33.86045145137778,313.02709579467773,238.77845764160156,10.04514009001566,310.0205421447754,195.44968128204346,64.08615190126928,290.0986862182617,227.23244190216064,59.028354733277325,298.54862213134766,232.35101222991943,16.085179083680934,306.6016960144043,225.7179880142212,26.97360692587378
197,7.88,375.7774353027344,176.15102291107178,19.26844637905989,382.5393295288086,212.081036567688,31.51604072297865,363.25660705566406,243.07531356811523,38.6374795419924,339.35680389404297,266.79797172546387,47.613627718786034,325.4239273071289,287.63394355773926,69.35114443005142,351.27708435058594,231.87442302703857,67.90810227343854,314.2587089538574,271.0463047027588,74.30569656657978,314.2034339904785,283.6372375488281,87.16121921314733,322.82161712646484,283.79714012145996,127.34594194894598,332.67250061035156,217.17467308044434,59.856854831023675,302.0144271850586,259.98035430908203,40.75565844036538,313.0690002441406,266.5187644958496,42.3054668686513,323.5316467285156,260.42089462280273,59.38710389508193,318.7775421142578,205.53513050079346,57.99687918923123,288.3418655395508,247.09954261779785,49.96004574018065,301.5610885620117,250.37535667419434,56.38318966793678,312.9850387573242,241.7094326019287,73.28191716095317,310.0628662109375,197.7789545059204,58.241442923223865,290.4814147949219,229.73464965820312,63.282722848496796,299.01113510131836,235.0982666015625,69.64788595994435,307.09285736083984,229.22321319580078,88.48673291026475
198,7.92,375.82210540771484,176.70953750610352,14.007452729315936,383.19984436035156,213.0637550354004,29.601683118017636,364.3933868408203,244.47318077087402,45.04373566663135,340.7630157470703,268.1194496154785,48.24245789105383,326.07208251953125,287.85152435302734,17.09251630543546,352.03880310058594,233.75568866729736,50.74061405397969,315.66158294677734,274.0167045593262,82.12540238830877,316.5892791748047,284.7862243652344,66.20247327256624,325.18489837646484,283.00512313842773,62.311662070660134,333.32733154296875,219.0430212020874,49.49449624680171,303.0249786376953,261.78577423095703,51.72496576079892,314.5616340637207,266.60728454589844,37.381408469107846,324.8484420776367,259.31779861450195,42.944519404372635,319.1762924194336,207.28062629699707,44.76157238945495,289.79671478271484,248.4946346282959,50.39139335051751,302.9421043395996,251.03293418884277,38.239481933908166,313.6778450012207,241.88541412353516,17.870191442890217,309.8944282531738,199.35600757598877,39.650565344548006,289.8538398742676,230.72432041168213,29.2969546340352,298.3724594116211,235.58810234069824,20.122215458681122,306.4725112915039,229.33825492858887,15.773075279242338
199,7.96,375.8469009399414,176.072359085083,15.941517310010559,383.46717834472656,211.77971363067627,32.789382697068525,363.7169647216797,242.67322540283203,48.07147159572581,340.467529296875,266.2323760986328,47.75169303431448,327.60509490966797,286.7387866973877,47.35710135892449,349.62047576904297,233.5874319076538,60.60433884866189,313.92126083374023,270.46142578125,98.95936112542849,314.1661834716797,281.7907905578613,96.319833370574,322.4366760253906,280.35804748535156,95.39305400569185,331.1421585083008,219.20331001281738,54.776099340207516,302.44577407836914,261.5804672241211,15.362879136903274,314.8201560974121,266.55813217163086,6.578829578659902,324.9034881591797,258.68614196777344,15.85126553405019,317.61693954467773,207.07716464996338,39.31426291614012,289.33876037597656,248.39518547058105,11.715704567513296,303.0763816833496,250.24869918823242,19.89118745240706,313.41480255126953,240.20936965942383,42.41400399746043,309.6359443664551,198.96024227142334,11.817468425782838,290.44626235961914,230.6235694885254,15.023214321240005,298.93787384033203,234.4568395614624,31.617330610352294,306.44819259643555,227.0055627822876,58.320472650827405
200,8.0,376.02848052978516,172.1556043624878,98.02403628836316,381.64295196533203,208.9081335067749,85.05062570046249,361.2929153442383,239.71228122711182,95.66610487786915,340.0141906738281,262.03064918518066,105.65280687934346,329.4546890258789,282.4409866333008,116.97244276320919,349.3811798095703,231.89088821411133,42.83342051131556,313.7603950500488,263.02720069885254,185.89913322839584,309.3585777282715,277.92820930480957,154.17645515868827,315.3663444519043,281.8971061706543,180.89757149393176,331.5959930419922,217.04511165618896,55.13498169563324,300.7316589355469,257.85658836364746,102.48617129378663,310.77436447143555,266.11218452453613,101.75736823681186,322.2749710083008,260.3192138671875,77.36288774793933,317.81124114990234,204.30909633636475,69.37198327919222,288.3638572692871,243.67798805236816,120.4221417291768,301.040096282959,247.6889991760254,81.77148947041644,311.93750381469727,239.00377750396729,47.66985422135491,308.9533996582031,195.32278060913086,92.52362746688789,288.0475616455078,226.5690279006958,117.77381023416741,295.7035827636719,231.71514987945557,105.99970837514796,303.3777046203613,225.50045013427734,85.48852442878221
201,8.04,378.2671356201172,164.98560905456543,187.78380076749534,381.01959228515625,202.28332042694092,166.3518966558698,360.2523422241211,234.84984397888184,124.31333499288392,341.3734436035156,258.05253982543945,105.09793826749375,336.5900421142578,278.47984313964844,204.0280640517725,338.82911682128906,222.3036289215088,356.4245835834777,307.06798553466797,251.64210319519043,330.1598005979959,301.59557342529297,266.17615699768066,352.11412322352675,303.087215423584,273.0772590637207,377.96057390604864,323.54270935058594,206.3475751876831,334.75052717404594,294.4492721557617,243.7067985534668,387.04403441591097,304.79915618896484,252.81051635742188,364.5523711064427,315.2437210083008,250.04465103149414,311.25262853017716,313.5967445373535,194.0419578552246,277.46183779045873,286.4172172546387,229.33163166046143,361.9455665827337,297.884521484375,237.38385200500488,269.43657709868654,307.97313690185547,233.67921352386475,165.95780073154177,308.5101509094238,185.76353073120117,239.2380191383588,288.1138610839844,213.43163967132568,328.4388880605634,294.94049072265625,222.6526165008545,227.36509832937196,302.14550018310547,221.13348484039307,113.43696942901491
202,8.08,380.61351776123047,150.97310543060303,355.18988492397875,382.1636962890625,188.6894416809082,341.04848751093505,359.95532989501953,220.0914716720581,369.0340172924949,341.1860656738281,242.51008987426758,388.5894853290042,337.02747344970703,262.168493270874,407.9303561231377,338.84822845458984,209.65155601501465,316.3021835264603,307.55537033081055,234.12536144256592,438.0880230955659,296.76517486572266,248.74448776245117,452.2138892235795,292.6332473754883,259.54854011535645,427.428125781426,324.2005157470703,193.58282089233398,319.54231084854945,295.33777236938477,225.79553604125977,448.3321574254413,296.4871025085449,241.95347785949707,341.83834020228375,301.6008758544922,249.31145668029785,341.5633157331749,315.1955032348633,181.54512405395508,314.96714553804634,290.00797271728516,211.50921821594238,454.51343886890373,295.27660369873047,224.9416208267212,317.8151505499461,302.51012802124023,229.35118675231934,174.24171745899199,310.7742691040039,174.26818370819092,292.9048847092466,290.5082321166992,198.03050994873047,389.65353951820913,293.3412170410156,209.97623920440674,319.4215647763591,299.49573516845703,214.1604995727539,186.48689326526343
203,8.12,378.91971588134766,139.03706073760986,301.3906598185991,376.3698196411133,175.8318328857422,352.56835378155904,354.6385192871094,204.16965007781982,419.65229500082745,336.78165435791016,224.18100357055664,471.271049774351,331.5409469604492,241.72459602355957,529.1826879585626,335.2165985107422,189.3529987335205,515.5216798054846,305.74954986572266,213.99664878845215,505.2388424448444,294.9306869506836,228.92041683197021,497.7192570661475,289.3147277832031,240.87464332580566,474.1617561491908,322.4344253540039,173.7499237060547,497.784394892763,295.1139831542969,203.1164789199829,567.0040308073922,292.0798873901367,221.09139919281006,533.0630071781871,293.686466217041,232.96560287475586,454.0269929623758,314.9760055541992,162.51800537109375,475.7096177051628,290.24255752563477,190.68979740142822,520.5185593978217,290.4040336608887,207.66138553619385,448.85163923454445,294.931697845459,217.60854721069336,349.3942859916195,312.02266693115234,156.44210815429688,446.743401453765,294.3752861022949,179.67294216156006,469.01119495438775,294.3283462524414,194.69807624816895,382.75047958608656,298.69449615478516,203.8813018798828,257.75944352990774
204,8.16,382.1449279785156,122.59114265441895,418.97957488309066,379.10552978515625,156.02617263793945,499.84265514485475,355.5938720703125,179.54984664916992,615.9583081496544,333.70582580566406,195.52119255065918,720.6097630561948,319.55820083618164,210.34664154052734,839.7031589414098,337.8403854370117,163.8898229598999,639.9499874564233,303.51871490478516,186.28950119018555,694.920252913541,291.77297592163086,201.74224376678467,684.0249584738203,285.5564880371094,213.9694118499756,679.1611769110465,325.0225067138672,147.96431064605713,647.8792354700394,291.51172637939453,175.7166051864624,690.8913330280299,294.7337341308594,190.38222312927246,770.5908435352524,303.39038848876953,195.73787212371826,961.7919617592397,318.1094551086426,136.7006778717041,650.1696438819747,287.29225158691406,162.3888874053955,711.3568951902744,292.76981353759766,174.3775749206543,834.1945829346953,301.36159896850586,177.0970344543457,1025.4652280367307,315.53916931152344,131.41868591308594,631.7324639696607,291.0036277770996,151.39666557312012,711.9146268899697,294.2070198059082,161.8972635269165,820.0259276698605,302.3042869567871,164.67125415802002,984.3965257916191
205,8.2,380.2256393432617,107.47668743133545,380.8956759698208,375.4058074951172,141.28735542297363,379.9018606163182,351.01104736328125,161.8733024597168,456.52388818731674,325.81459045410156,174.37517166137695,564.2615721142267,308.2449150085449,188.41655731201172,616.9071194716003,333.92860412597656,145.9952974319458,457.9274484675254,295.69772720336914,167.63503074645996,505.6908122568152,284.66028213500977,182.85140991210938,504.63725624649464,281.1419677734375,193.31096649169922,528.1212892054604,322.5653839111328,128.32491874694824,494.81256971358675,283.4201431274414,152.97938346862793,603.3525974550723,280.90396881103516,170.76740741729736,600.0017730266292,285.85235595703125,179.830584526062,591.9376993183376,316.5188217163086,116.10633373260498,516.3920053532819,280.6876564025879,138.3400583267212,623.481584333148,281.1268615722656,153.8097095489502,590.8655813801762,287.2190284729004,160.37856101989746,547.4484303347223,314.8264694213867,109.87109899520874,538.9842548238732,287.7694511413574,127.29367733001709,607.9750923960329,285.6874656677246,139.83040809631348,591.3590868227693,289.8011779785156,145.55963516235352,570.9540889807022
206,8.24,378.5164260864258,95.53766012191772,301.5188458583123,372.51163482666016,131.4151954650879,257.19129270463054,347.11536407470703,152.80375957489014,246.7703340463891,321.3582992553711,163.702712059021,289.13656506463616,301.74047470092773,171.00929260253906,464.5701026089922,332.9608917236328,139.57201480865479,162.3942481900187,290.63520431518555,164.902925491333,143.81745616943346,284.60914611816406,178.75116348266602,102.5141321793667,288.299617767334,184.1132926940918,291.36441606937916,321.8148422241211,118.97401571273804,234.5243862308673,279.8928451538086,149.11554336547852,130.79347111357427,283.03720474243164,162.2887945175171,218.57145891464404,293.0696487426758,163.82572174072266,438.9226497425666,315.1316833496094,102.90016651153564,331.97044815692476,276.1668586730957,130.9211254119873,217.19544439326927,282.1283721923828,143.23020458221436,265.6700830722616,292.686767578125,144.11125659942627,429.040618729075,312.3019027709961,92.02086210250854,450.6969560426521,283.32239151000977,113.2578706741333,368.08644352084065,285.44422149658203,124.79945182800293,375.823108379011,293.28088760375977,126.3771915435791,487.38750129098764
207,8.28,376.99310302734375,92.12772130966187,93.36820874118482,368.3514404296875,128.12796592712402,132.55445922305108,343.8413619995117,150.04969596862793,106.95780691387493,319.2967224121094,161.82287693023682,69.74901071020643,301.11658096313477,170.3948450088501,21.891625702643704,330.7948303222656,137.86767482757568,68.90481099675432,289.9409866333008,166.84887886047363,51.65191613526554,284.77577209472656,180.602388381958,46.46771623815865,290.20191192626953,184.1301155090332,47.55921358043342,318.46595764160156,117.70676136016846,89.51592575187236,277.32189178466797,149.76721286773682,66.30645880337144,278.76386642456055,163.14265251159668,108.94520943184862,287.63744354248047,164.8709535598755,138.29624654342246,311.1553192138672,101.29354476928711,107.21679311878583,272.71703720092773,130.5094814300537,86.85735057298444,278.30577850341797,142.50011444091797,97.2922598582874,288.7924575805664,143.10931205749512,100.52842639705959,308.73071670532227,89.31854724884033,111.9594666721476,278.97974014282227,110.6745457649231,126.32346497058992,282.64076232910156,120.83812236785889,121.32475632454249,292.4210548400879,120.54389476776123,147.40815711878614
208,8.32,374.3987274169922,91.92978143692017,65.04789101504387,366.2334442138672,127.96164035797119,53.11292312836383,342.64957427978516,150.3110933303833,30.502935817963778,318.5302734375,163.84424686431885,54.045006944967625,300.07213592529297,173.7374496459961,87.5495259743816,326.3780212402344,140.43667316436768,127.73985997319355,288.6572456359863,171.1556625366211,112.3509473183141,281.8547821044922,184.29973125457764,117.79889335420502,283.9905548095703,188.55096817016602,190.59921216163102,313.43122482299805,120.87604522705078,148.72981960505572,274.510555267334,153.31372261047363,113.14079825880322,271.9187355041504,168.6427116394043,219.5257213388318,277.5690460205078,174.4722604751587,347.81256010056103,306.5641403198242,104.67001676559448,142.4769428253075,269.4566535949707,132.82525062561035,99.97777323323677,270.80360412597656,147.15795993804932,220.76308718947604,279.05025482177734,151.8131446838379,326.5991589287492,305.3125190734863,93.27626466751099,130.73733737999714,277.84624099731445,113.82739305496216,83.76032155491944,277.9905319213867,126.37537479400635,180.7723141062254,285.0593948364258,130.3533411026001,306.61384040597596
209,8.36,369.88914489746094,97.9963731765747,188.97729664583144,361.0121536254883,133.89191150665283,197.53162927930683,338.4129333496094,155.58094024658203,169.0421783376304,315.6794548034668,168.4123992919922,134.61793966307195,298.7444877624512,176.8335485458374,84.21875548940895,322.5694274902344,145.6369972229004,161.14581259354296,287.3711395263672,176.7113971710205,142.56633599193586,280.9702682495117,189.4933032989502,131.70885348881393,283.0013656616211,193.6798095703125,130.58404687756908,309.03308868408203,126.89842700958252,186.43478053834474,271.9986152648926,160.5181360244751,190.74429089705015,270.17112731933594,175.92395782470703,187.20089539485397,275.79540252685547,181.75761222839355,187.4535966094969,301.41727447509766,111.08284950256348,205.57032211623186,265.4965591430664,139.87481117248535,202.1426661606533,266.787166595459,154.91207599639893,218.31469013059083,274.40073013305664,160.4121208190918,244.38758970855287,299.60113525390625,99.69541311264038,214.80423048552873,273.1815719604492,120.37851333618164,201.0539637797749,273.5445976257324,132.70673274993896,193.41087309053088,280.1079750061035,137.20519065856934,211.34154920670537
210,8.4,366.2967300415039,100.86019992828369,114.85574692060692,359.2638397216797,137.5387716293335,101.10696767733441,336.7747497558594,160.08939743041992,119.92141089410167,313.8865089416504,171.827130317688,96.42044272758653,297.367000579834,178.79449367523193,59.91022835653135,319.89013671875,151.07419967651367,151.53747383019575,284.235782623291,182.88734436035156,173.15597483748857,280.0848197937012,194.67129707336426,131.32887747885096,284.79259490966797,196.02398872375488,73.75499187551824,306.5418243408203,133.2007598876953,169.42143779372475,269.9172592163086,166.9266700744629,168.45131283035107,270.6418228149414,180.6084108352661,117.70103615123605,278.4382438659668,183.5170841217041,79.37392395753137,299.1888999938965,117.92939901351929,180.0015504003331,264.34326171875,147.25318908691406,186.6992159816563,268.7092590332031,159.60144996643066,126.70010746356049,278.5051727294922,161.29896640777588,104.9789982734731,297.5876998901367,106.83962345123291,185.56276452680729,271.38763427734375,128.44890117645264,206.684197967666,274.9786949157715,138.7705135345459,155.77642721434472,284.37768936157227,139.57948207855225,122.13650259110804
211,8.44,364.84031677246094,104.73589897155762,103.50779766604197,356.3962936401367,141.56991004943848,123.675223599502,333.2695770263672,163.07055473327637,115.0367732725878,310.4130172729492,174.36753273010254,107.58365579148779,293.2531929016113,181.07073783874512,117.53909218141936,317.05602645874023,155.06918907165527,122.45438240725217,280.2947425842285,185.79362869262695,122.41906818772956,277.84461975097656,196.48404121398926,72.04398635032634,284.23254013061523,197.73718357086182,45.06036187502795,304.0953826904297,136.84265613555908,109.68273858318081,267.69147872924805,170.3968048095703,103.0653125946678,268.98841857910156,183.65846157073975,86.73434677240178,277.45479583740234,186.7501974105835,84.48443482239733,297.27304458618164,121.4424991607666,100.03866311287885,264.7623634338379,150.90192317962646,91.81811751674955,269.0331840515137,163.04054260253906,86.35785132669793,278.3680534362793,165.0105857849121,92.85378324718499,295.8644485473633,109.7795820236206,85.19445256927806,270.70592880249023,131.36559963226318,74.8826258077136,273.5511016845703,142.15201377868652,91.76248666698756,282.36988067626953,143.7203550338745,115.04924094951814
212,8.48,364.62512969970703,106.5498161315918,45.66591275056031,355.7568359375,144.15799140930176,66.6477272621374,330.22796630859375,165.44925212860107,96.53236846065802,305.34082412719727,174.9250030517578,127.56840436443188,287.3241424560547,179.88531589508057,151.15981685470524,315.45928955078125,157.51845359802246,73.09439732872444,275.9789848327637,182.99921035766602,128.53632463260809,273.2998466491699,193.9841651916504,129.67349062638522,279.2788314819336,196.41516208648682,128.17705084465288,303.5272979736328,138.67056369781494,47.853724395353645,264.97228622436523,167.45568752288818,100.13796349484329,268.5183334350586,179.43639278411865,106.20394555291371,278.7073516845703,181.01377487182617,146.78947444690493,297.23873138427734,123.32473754882812,47.06377817200139,263.7569808959961,150.69007873535156,25.68647645123006,269.7060203552246,162.189302444458,27.12607714821266,279.4183349609375,163.48341464996338,46.336695477632475,295.6437683105469,112.23491191864014,61.63067752902145,271.01436614990234,133.94177913665771,64.86444729270549,275.4551696777344,144.14018154144287,68.82171702783668,284.3480110168457,144.90331649780273,57.62159680540364
213,8.52,365.05374908447266,110.4015040397644,96.88657775641558,355.2894592285156,147.3523235321045,80.70857567070587,328.02635192871094,168.1113052368164,86.36272571495215,301.9331741333008,178.05808067321777,115.72665494332949,282.6236915588379,184.28641319274902,160.98116361218084,314.4180679321289,160.19871711730957,71.88512968605853,271.8947219848633,179.52478408813477,134.05418893386977,268.9240837097168,191.67633533477783,123.6764426602836,274.43836212158203,196.49202346801758,121.02698898508413,303.87332916259766,141.09987258911133,61.34573779544561,262.16793060302734,166.73396587371826,72.39342420849587,266.2213134765625,179.7872829437256,58.09165491831839,276.9259834289551,182.2243881225586,53.845016627368736,298.1995964050293,126.21538639068604,76.15408851072577,262.49608993530273,151.46052360534668,36.94109595406598,268.79119873046875,162.89013862609863,28.81047941524014,278.7386131286621,164.447021484375,29.480500977304892,296.6352081298828,115.96886157989502,96.58329626593802,271.06319427490234,136.22127056121826,57.00035822494938,275.43861389160156,146.22496604919434,52.12125608745794,283.9033508300781,147.47510433197021,65.24863669872745
214,8.56,366.7682647705078,111.51808977127075,51.151293565413425,356.2773132324219,148.81755352020264,44.17829254181075,329.74849700927734,169.53979969024658,55.937353809864,304.43199157714844,181.760516166687,111.6694821811731,286.08469009399414,191.34314060211182,196.4941357114854,312.7585792541504,160.05821228027344,41.6356539036064,272.52960205078125,179.4756317138672,15.91949775425061,268.8420867919922,192.43539333343506,19.086849855362633,273.49218368530273,198.44608783721924,54.27718899468391,302.6827812194824,141.18947982788086,29.847883740893334,262.3153305053711,166.1363410949707,15.38835004524558,264.8179626464844,180.7803726196289,42.97979653763734,273.9790916442871,185.36659240722656,107.69638734983553,297.64719009399414,127.23678588867188,29.030260795388095,262.416934967041,151.53847217559814,2.777306316914968,266.4305114746094,165.27221202850342,83.84180794217903,275.33191680908203,169.5953893661499,154.33581822589792,296.86161041259766,118.81880521774292,71.47305756598172,273.73973846435547,138.55751037597656,88.81830213333421,275.2971649169922,151.34881496429443,128.14502408694634,281.38036727905273,156.63252353668213,237.46548761026736
215,8.6,367.76561737060547,113.05868625640869,45.88129887915207,356.0914611816406,150.62368869781494,45.39180311870902,328.12713623046875,171.32672309875488,60.321565603302965,301.60593032836914,182.64973640441895,74.06641788390014,282.2609519958496,190.71527481079102,96.87359190948548,312.82087326049805,160.81817150115967,19.06270181265054,270.6671142578125,180.63529014587402,54.85018492381178,268.97268295288086,192.57671356201172,4.810584959481236,275.2139663696289,196.43415927886963,66.2023042270253,303.10184478759766,140.50811290740967,19.998049192887954,262.1648406982422,164.33472633361816,45.19722703311746,267.0159721374512,177.38362312316895,101.14702437566167,277.6812744140625,180.00154495239258,162.96067672417632,298.99736404418945,125.72088718414307,50.750114397519674,264.60155487060547,149.3329095840454,77.609078352289,270.6233215332031,161.66338920593262,138.3005295365694,280.5930709838867,164.05959606170654,190.9266069079044,298.8893127441406,117.02854871749878,67.62301328879832,276.17998123168945,136.68798923492432,76.85169996642524,280.7711601257324,147.78428077697754,163.30670438981898,289.44252014160156,150.29664516448975,256.34652270695943
216,8.64,369.17572021484375,113.16129684448242,35.34578267022926,357.22225189208984,150.9521484375,29.438213170047206,330.6086730957031,172.94785022735596,74.10329943988498,306.75554275512695,184.1264533996582,133.92908858293012,289.2839050292969,187.81362533569336,189.96946956409312,312.40243911743164,161.15319728851318,13.400779134894563,271.0129165649414,178.15076351165771,62.71189994603243,272.66897201538086,188.69256019592285,134.04570163953554,280.37071228027344,191.00089073181152,187.2705854695953,303.3339500427246,140.1064109802246,11.598418204698705,263.5576820373535,161.86670780181885,70.8480877884254,269.95012283325195,173.72456073760986,117.2550048161099,281.40430450439453,175.49643516540527,146.10990564966525,300.07320404052734,124.71104621887207,36.88843376367931,268.2246971130371,147.2869634628296,104.02239914980642,274.414119720459,158.35279941558838,125.82268191892562,284.20970916748047,160.10164260864258,134.0369988278639,300.67949295043945,115.57386875152588,57.66735956342111,278.5792541503906,135.4321575164795,67.70166100004914,283.70649337768555,145.57143688201904,91.89960352021654,292.80996322631836,146.87220096588135,120.06896715583322
217,8.68,367.90122985839844,113.13424587249756,31.869435041249023,357.8276062011719,150.39918422698975,20.49730557947513,334.09671783447266,175.01837253570557,101.40734295722625,311.55067443847656,188.17248344421387,156.85113759172734,294.6872901916504,185.94693660736084,142.91846019064903,311.68384552001953,160.66956996917725,21.654562773376156,271.1480903625488,178.8839864730835,18.639472007033973,275.5227279663086,188.98887634277344,71.72746286438965,284.7233200073242,189.5729684829712,114.52116609582319,302.26348876953125,139.49180603027344,30.858817438367904,263.95008087158203,163.00921440124512,30.20035362827392,271.5257453918457,173.78811836242676,39.422598363929225,282.84595489501953,173.78969192504883,55.85320233260821,298.5860824584961,124.04457092285156,40.74094930126162,267.32221603393555,148.0154800415039,28.995780981244195,274.41287994384766,157.84860134124756,12.60498996466869,284.7740936279297,158.3333158493042,46.405208133009765,298.6815071105957,114.9248456954956,52.51891530364923,276.0174369812012,135.18702507019043,64.33796082299277,281.37393951416016,144.0419626235962,69.73207221853406,290.51639556884766,144.0155553817749,91.58628647548204
218,8.72,364.9903106689453,115.91965913772583,100.72232121542145,356.5433120727539,153.02488803863525,73.07415717431599,334.6806335449219,178.2780361175537,82.78875309989459,313.5174369812012,193.61140251159668,144.58992772882922,296.7027473449707,193.08497428894043,185.42796694491662,308.96656036376953,161.81738376617432,73.7441316858222,269.5424461364746,181.7885684967041,82.97096673183883,270.9261894226074,194.04152870178223,170.76566993384452,278.49185943603516,197.2239875793457,246.68957475010177,298.8587951660156,141.24934673309326,95.78911686580257,261.62370681762695,167.32973098754883,122.67558796333742,267.38447189331055,180.06384372711182,187.97419211593422,277.94721603393555,182.17167377471924,242.71287326450494,295.1173400878906,126.2082052230835,102.20532954172992,263.9936065673828,151.83244228363037,126.6117138603385,269.6052932739258,163.97661209106445,194.7199998373978,279.5072937011719,166.88658714294434,251.11953240825437,295.8013153076172,117.46546983718872,96.01521966366357,273.9888381958008,137.62139797210693,79.22035903775509,277.296142578125,149.34589862823486,167.25759510564862,285.4990577697754,152.8419828414917,253.82018769647985
219,8.76,361.5751647949219,116.30039691925049,85.907590610273,354.9699401855469,153.78905296325684,43.72818833055032,334.10606384277344,180.69730281829834,62.164005420936455,314.50788497924805,197.6855707168579,104.82078098353334,299.4360160827637,196.5952205657959,111.22215077597528,306.4447784423828,161.9926643371582,63.196654072809345,267.4157524108887,185.20750522613525,100.66017882677085,271.6495895385742,196.89341068267822,73.5549903165144,280.90892791748047,198.19510459899902,65.12146492256171,295.50098419189453,141.82202339172363,85.15740239869086,258.2929229736328,171.32238864898682,129.98902890449025,266.67835235595703,183.90488147735596,97.63508526598197,277.62454986572266,184.43786144256592,57.22608671974676,290.9343719482422,127.03253746032715,106.585488267262,259.3605422973633,155.7561492919922,151.78265961894175,267.2121810913086,167.72652626037598,111.211628764133,277.7741241455078,168.89867305755615,66.39072994618692,291.6122245788574,118.92971277236938,110.94054856940132,269.03364181518555,141.62797451019287,159.3083227698788,274.18100357055664,153.18208694458008,123.54258333399035,283.5613822937012,154.57457542419434,64.98299444958487
220,8.8,361.6796112060547,115.47836065292358,20.716127110828438,355.14095306396484,151.79815292358398,49.955782776835264,335.0291442871094,178.39370727539062,62.04146764473199,315.8679008483887,196.624174118042,43.12920924597047,300.36169052124023,199.83372688293457,84.20509312163065,306.7677879333496,160.50331592559814,38.099325964109084,268.3682441711426,183.45487117767334,49.86836836349511,270.76473236083984,197.51226425170898,26.994813910385584,279.9859809875488,201.62232398986816,88.73296945266344,295.2775764465332,140.76810836791992,26.933342464390314,258.6224937438965,170.58264255523682,20.246005405859908,265.27942657470703,186.18762016296387,66.93228503596401,276.50529861450195,189.76037979125977,135.97317045915204,290.2225875854492,126.91329002380371,18.04260461785527,259.2118453979492,156.57960891723633,20.91943657078532,265.6202507019043,170.68922996520996,84.08275539366683,275.59717178344727,174.64037418365479,153.51354461439897,290.42335510253906,119.31123733520508,31.214696296060378,268.8755416870117,143.21474075317383,39.86557694609852,272.77259826660156,156.84629917144775,98.13911281866473,280.7694625854492,161.38166427612305,183.93489727240757
221,8.84,363.5214614868164,112.5843858718872,85.75948376862092,357.1352005004883,148.02297592163086,106.73853636970836,337.4044418334961,177.04881191253662,68.24030137543801,318.4491729736328,197.85748958587646,71.51937162301802,303.2886505126953,203.73779296875,121.98572353454142,310.2856254577637,154.07880306243896,183.1146266295265,272.094669342041,181.85236930847168,101.40961737891365,275.7063674926758,196.9248390197754,124.41067623828405,286.54579162597656,201.72699451446533,164.01614160416713,297.93174743652344,135.5317211151123,146.7659171637608,262.872371673584,169.8341703414917,107.88209151659925,272.3422431945801,185.01065254211426,179.00529214677448,285.06797790527344,188.1922960281372,217.62692176747035,291.56360626220703,123.48140716552734,92.11457215183316,262.16033935546875,157.36932277679443,76.31048665447031,271.52931213378906,170.42954921722412,147.8691167398185,283.8370704650879,173.30060005187988,208.7027266949873,290.71008682250977,117.89219856262207,36.1929388601151,272.08091735839844,144.09300327301025,83.08797389088299,278.3670425415039,156.8978977203369,139.8670555278187,287.3611068725586,160.36213874816895,166.75057479273448
222,8.88,367.2011184692383,109.88392353057861,114.10623439670142,362.91393280029297,143.7738275527954,179.319911145526,344.9756622314453,174.78665828704834,197.54859740648644,327.794189453125,197.14967250823975,234.29460356751542,313.35289001464844,206.13488674163818,258.64427225038855,316.72122955322266,146.7333698272705,244.146970959356,280.6479835510254,178.75348091125488,227.4344593174302,284.04613494873047,196.4507532119751,208.83079061501343,293.85427474975586,203.66077423095703,188.99971819172362,302.70116806030273,130.1471757888794,179.82752406262085,269.9974250793457,169.00819301605225,179.31924146807415,278.953914642334,187.4735927581787,176.38784297846297,291.28862380981445,193.01104545593262,196.71804301709577,294.709415435791,121.00954055786133,100.01949773262788,268.20594787597656,157.81750202178955,151.554955005769,277.28809356689453,173.40070724487305,162.00182024352173,289.44835662841797,178.1727647781372,185.78300771088715,292.9352378845215,118.3397626876831,56.74290095913722,276.5289115905762,145.49745082855225,116.61133528133712,282.24634170532227,159.81263637542725,121.30710879282698,290.59173583984375,165.34289360046387,148.41850125346858
223,8.92,370.36991119384766,110.47245740890503,80.5745751519797,366.85840606689453,142.09653854370117,107.156916980901,350.44559478759766,174.93184089660645,136.79647327090848,333.4962463378906,199.7001600265503,156.16185373307593,318.2892036437988,212.29063510894775,197.26319697134704,322.2703170776367,143.1259059906006,165.46556984477363,287.3536682128906,176.00456714630127,181.18142439197186,288.94392013549805,195.7979965209961,123.527302228439,297.72865295410156,207.77295112609863,141.2462505857356,308.0664253234863,128.7890625,138.36197365419608,278.432559967041,170.5587100982666,214.4114091470139,285.6020736694336,191.70089721679688,196.95831004850214,297.8045082092285,201.24286651611328,262.4638397395933,299.52966690063477,123.18856716156006,132.24735612658563,276.5517807006836,162.78838634490967,242.85105580864615,284.5126152038574,180.42526245117188,251.91527435985913,296.6601753234863,188.389892578125,312.64999337500086,296.7637634277344,123.90151977539062,168.8023062225795,283.84571075439453,153.11161994934082,263.99706603912205,289.17566299438477,168.3645486831665,275.17119403918014,297.36806869506836,176.12046718597412,318.2714833242652
224,8.96,370.67100524902344,118.97674083709717,212.7402968661051,367.09041595458984,147.37835884094238,132.17283722539597,351.8734359741211,179.07232761383057,109.49417995218408,335.80265045166016,205.7330846786499,161.46919170913884,319.5038032531738,221.07261657714844,221.63941819839118,322.0730972290039,145.39004802703857,56.817882472534066,291.4529609680176,177.9444408416748,113.37799347271526,291.3097953796387,200.52290439605713,132.10346347335874,298.61072540283203,217.90706634521484,254.31076348526344,308.89490127563477,132.97492504119873,106.6765485506859,282.95862197875977,175.2629041671753,163.1997992720106,286.8372344970703,199.4150733947754,195.31086819321436,296.26867294311523,214.87443923950195,342.94548116070075,301.57989501953125,129.45988655090332,164.94863257743788,282.365779876709,169.80144023895264,227.74095939736986,287.82997131347656,189.8770523071289,250.42611564990543,298.05044174194336,202.7872610092163,361.6084367576291,299.4478416442871,132.020902633667,213.78823323537512,287.92335510253906,162.0626449584961,245.90144385566117,292.09911346435547,178.77355098724365,270.2936963016518,299.4939422607422,190.34563064575195,359.5784110199655
225,9.0,367.5984191894531,129.91636276245117,284.0731782516081,366.39163970947266,157.923002243042,264.1942854205297,351.12403869628906,189.55318450927734,262.6903566259812,332.7627944946289,215.76277256011963,262.0059198272043,315.18333435058594,231.97065353393555,293.08025889861494,321.00006103515625,151.83361530303955,163.30754329190086,291.5690612792969,187.00913429260254,226.63592312557617,289.77943420410156,213.22347164154053,319.8108949878008,293.76365661621094,233.77241134643555,414.7312743135572,307.54987716674805,141.1894941329956,208.0988875772031,283.8157653808594,185.10176181793213,246.90308660942662,286.1647415161133,213.0983018875122,342.4936028543828,293.85358810424805,232.1132755279541,435.1796406076035,299.52592849731445,140.2168607711792,273.7828437490049,281.9146728515625,182.24774837493896,311.362011736395,286.2149238586426,204.83885765075684,376.2180197554828,294.8311424255371,220.16162395477295,441.75245885885096,296.4173698425293,144.8019790649414,328.38589540672984,286.4874839782715,176.7619514465332,369.23175066172473,290.1848030090332,194.75635528564453,402.4259386523328,296.24874114990234,207.36136436462402,433.06070896682326
226,9.04,365.9117889404297,139.50084686279297,243.29387716636228,366.2057876586914,169.05418395996094,278.31832876206045,346.4029312133789,201.35433197021484,317.7616414665066,324.3466567993164,227.58986949920654,362.89770916972856,308.72461318969727,245.71372032165527,379.6272544926768,321.19762420654297,163.61796855926514,294.6502300124282,292.7385139465332,201.33039951324463,359.2233437056246,290.0181198120117,226.85819149017334,340.92022176211276,292.6409149169922,247.03960418701172,332.86535828338333,306.7664337158203,152.66624450683594,287.5864900167488,282.38088607788086,197.41161346435547,309.82991924105266,284.02578353881836,225.26756286621094,308.89526339472366,290.77213287353516,244.0323257446289,307.77337889113267,298.5879135131836,151.61224365234375,285.84810555475974,280.52812576293945,193.31138134002686,278.75446993630044,285.0563621520996,215.30287742614746,263.1990395684816,293.9048767089844,229.69971656799316,239.5740737173304,295.7959747314453,155.8113956451416,275.67347682592043,286.2151527404785,187.2323513031006,261.84852188274346,290.8100128173828,204.38730239868164,241.28047682957896,297.21923828125,215.86594104766846,213.99428911733995
227,9.08,361.27113342285156,148.9286470413208,262.7012322000481,363.7459945678711,178.50010871887207,244.0236625317534,343.9352798461914,210.59610843658447,239.13873526198896,321.2393569946289,236.24788284301758,229.9680781350709,307.6101303100586,256.1789131164551,263.1092124970844,319.33252334594727,174.90825176239014,286.0824793951053,290.57403564453125,214.81013774871826,341.31025953002705,287.4590301513672,240.66458702087402,351.0390803042533,289.42304611206055,260.3628730773926,342.65888064073886,303.42735290527344,164.71750259399414,312.6322541567992,279.42235946655273,211.57351970672607,361.6908798681135,280.38421630859375,239.20323371887207,360.0902091889222,286.2662887573242,258.05179595947266,368.14414322423,294.24840927124023,164.03122901916504,328.88304779887727,276.38628005981445,207.4599266052246,368.5581865101534,280.3991508483887,229.47481155395508,372.93878020588977,288.64856719970703,244.04637336730957,381.9811439838123,290.4907989501953,168.8863706588745,352.7568759780785,280.9860420227051,201.64554119110107,383.31093909375045,285.0190544128418,218.95864963531494,391.9975761513593,290.7419776916504,230.54964065551758,401.2215246275496
228,9.12,357.9801559448242,154.68578338623047,165.7844075425277,360.99403381347656,187.88729667663574,244.55646810618072,340.3865432739258,220.6252384185791,265.9616742303757,316.81623458862305,244.56278800964355,235.45389642732397,302.68640518188477,262.8283882141113,206.84926306999648,316.9000816345215,188.16384315490723,336.92309568065485,286.17984771728516,228.6884307861328,363.93329159708696,282.71169662475586,252.8170680999756,326.1709406036287,284.7013473510742,269.65702056884766,260.61899487376746,302.0124816894531,176.2891387939453,291.4453474724906,274.8665428161621,222.52482891082764,296.52849634965105,276.39238357543945,247.9892921447754,241.25913354843797,283.27951431274414,263.5155200958252,155.67013004458724,293.76312255859375,173.42498302459717,235.15701869714016,272.47364044189453,215.7198715209961,228.49430899818893,277.4336624145508,235.45578002929688,166.8946253520816,286.78955078125,246.0285758972168,67.93870819378034,290.72330474853516,176.34696006774902,186.605287428559,278.77506256103516,207.79762744903564,163.43308168978825,282.68470764160156,223.8579797744751,135.675648747488,289.3185043334961,232.81173706054688,66.8176461863815
229,9.16,354.8303985595703,163.08451652526855,224.24831371542416,359.07848358154297,196.9152545928955,230.72353156540274,339.04197692871094,226.86518669128418,159.57915963307892,314.49920654296875,248.91592025756836,123.28417206871953,299.2043113708496,267.3302364349365,142.28407920467666,316.1143684387207,195.3170871734619,179.90665151517447,285.0339889526367,236.3878297805786,194.60494788191193,280.7488250732422,260.57241439819336,199.99728268938713,282.5967025756836,277.5384521484375,203.94008521857455,300.82714080810547,182.98931121826172,170.10537822289018,273.0401802062988,229.78796482086182,187.23104648791332,273.73470306396484,255.62739372253418,202.18163463398642,280.8771324157715,271.4120292663574,206.34663775308027,292.14345932006836,179.41705226898193,155.17772640534702,269.21003341674805,222.51803398132324,188.52410928642976,273.5540580749512,242.9227352142334,210.36686639905201,283.00045013427734,254.13800239562988,223.77455430361843,288.84822845458984,181.78916931152344,143.90437919226818,276.08240127563477,214.4882583618164,180.3035059437136,279.32437896728516,231.4871120452881,208.40985462093857,285.7565689086914,241.15676879882812,226.83548372581606
230,9.2,352.6508331298828,166.40992641448975,99.40088151526547,357.90802001953125,200.88674068450928,103.50931940494168,337.51346588134766,231.2436819076538,115.94062699740792,312.8271293640137,252.66526222229004,102.63225388737875,298.1427192687988,270.5940914154053,85.80401769682489,317.3713684082031,201.0410213470459,146.50825775959134,287.3459243774414,241.04324340820312,129.9469157308544,283.5824966430664,264.55604553222656,122.21653830821322,285.2554702758789,281.6604423522949,122.6270996871675,301.4570999145508,189.00588512420654,151.23659040037555,273.94054412841797,236.10145568847656,159.43419905973076,273.8874816894531,262.2170162200928,164.78483313236168,278.76209259033203,278.9634418487549,196.05041675036304,291.4803695678711,184.90236282348633,138.13109692160728,265.99822998046875,228.44438552856445,168.51803311289825,270.5658149719238,249.35906410217285,177.40477445046824,279.7449493408203,261.445369720459,199.9935977665588,286.8569564819336,186.4767837524414,127.32559938939272,270.1268196105957,218.7605094909668,183.23666847733466,272.6236915588379,236.56585693359375,210.19761741367137,278.7657165527344,247.25950241088867,231.99592426722114
231,9.24,354.94720458984375,165.98463535308838,58.38554170892305,358.9230728149414,202.055926322937,38.7082616712476,337.7228546142578,233.13377380371094,47.5413702540387,313.0984306335449,254.06845092773438,35.72939023003173,298.73376846313477,271.04018211364746,18.512429290603706,320.16475677490234,201.257586479187,70.04426735853293,291.8598175048828,244.07052040100098,135.87594792007425,288.4366989135742,266.47730827331543,130.5146787800598,289.90041732788086,281.41754150390625,116.28234479610815,303.78345489501953,189.6137237548828,60.1113305464024,276.81018829345703,237.7238416671753,82.41280959983169,275.99300384521484,264.1769599914551,71.91402477657509,280.00524520874023,280.6809997558594,53.006093971072886,292.60364532470703,185.5400562286377,32.291652412706576,266.5860939025879,229.93972778320312,40.16864798444464,271.0434341430664,250.92899322509766,41.02436413012981,280.4391098022461,261.8081760406494,19.5813554845064,286.56959533691406,187.14757919311523,18.24388512104349,268.3662796020508,220.20385265350342,56.914083310551135,271.2714195251465,238.46981048583984,58.38278204131768,278.532657623291,248.72838020324707,37.18129934420131
232,9.28,357.7287292480469,162.0177125930786,121.12327297033873,361.07189178466797,198.04696083068848,113.71353064470897,339.04598236083984,228.8157033920288,112.90593184710202,313.5249137878418,250.47858238220215,90.37783209636045,299.1119956970215,268.6299705505371,60.99270253176011,323.32592010498047,198.69187831878662,101.7835078849214,294.75542068481445,242.25746154785156,85.40967517139707,290.16300201416016,265.5205249786377,49.342911522749404,290.22666931152344,281.1555576324463,10.460518203459927,305.842227935791,186.90243244171143,85.10892659661972,278.3561325073242,235.69543361663818,63.75922840986037,276.932430267334,262.91147232055664,39.40162629711115,280.33029556274414,279.70556259155273,25.704272433642295,293.9423370361328,182.17941284179688,90.4365090538558,267.46660232543945,226.94194793701172,78.11041499435237,271.25158309936523,248.7696647644043,54.233438653937505,280.072021484375,259.4989013671875,58.45673266725816,287.63317108154297,183.2979440689087,99.84639438309621,269.96503829956055,217.34281539916992,81.93581155219643,272.8714179992676,235.98253726959229,73.93630353830038,280.10358810424805,245.67787170410156,85.78106099017016
233,9.32,359.3711471557617,155.6455421447754,164.51081424524062,363.5780715942383,191.61243438720703,172.63412863220273,343.3675765991211,222.7798318862915,185.58677484218336,317.8480911254883,244.64584350585938,181.50534615463206,301.14429473876953,261.9126033782959,175.45166913176175,325.55355072021484,194.91309642791748,109.66292313462776,297.95183181762695,240.5068016052246,91.11069628714806,291.8557357788086,264.4637203216553,49.88852373668095,289.00556564331055,280.4557800292969,35.185071962343955,306.8037223815918,182.79600620269775,105.43720887857178,280.05056381225586,232.7015733718872,86.00253125719875,278.1908988952637,260.8194351196289,61.0346363630356,281.027774810791,277.8325080871582,49.967554959998026,294.7367286682129,177.86850929260254,109.58714419234805,266.1326599121094,221.690354347229,135.4590288480427,268.87176513671875,245.2151870727539,106.93995159602171,276.73336029052734,257.5828170776367,96.2355105066718,289.00970458984375,178.86147022247314,116.1280131190938,269.0297317504883,212.4583911895752,124.32919558578281,270.48770904541016,233.26440811157227,90.3821556516366,276.5513038635254,245.22480010986328,89.52652259383862
234,9.36,362.75413513183594,145.05553722381592,277.93076011864963,365.0751495361328,183.593430519104,203.93881650013088,344.81712341308594,214.9886655807495,198.12158256751155,318.306884765625,236.03585243225098,215.5551522984405,301.2538146972656,251.47333145141602,260.99616015452625,329.6446228027344,190.9207534790039,142.9065975692485,301.6504669189453,238.21293354034424,108.80525122834803,292.13623046875,261.5914249420166,72.14896923630903,285.35852432250977,278.4400749206543,104.1752654203365,309.6075630187988,176.17112159729004,179.84475658505738,281.1024475097656,226.55044555664062,156.01048184454427,273.6133575439453,253.65323066711426,212.58582249039782,271.28040313720703,270.72192192077637,301.63273422795163,296.50638580322266,168.01364421844482,250.31236985682574,265.44322967529297,207.91450023651123,344.827375772299,264.03446197509766,231.04753017425537,374.2676213879269,269.1039276123047,244.76523399353027,372.9097403440136,289.9531936645508,166.33681297302246,314.00359358046074,269.0877914428711,194.66825008392334,444.7558961714866,267.67478942871094,214.27642822265625,479.8801263283691,271.3501167297363,226.63238525390625,482.65556933535987
235,9.4,370.6065368652344,132.4251937866211,371.80790430356063,370.5746841430664,171.3889503479004,334.65861069730676,348.7034225463867,199.4579029083252,400.24048250759733,320.8099365234375,216.99607372283936,480.09012266295656,303.5910224914551,230.02394199371338,539.4087320746584,333.30535888671875,173.71999740600586,439.6497172176991,307.0000648498535,217.70260334014893,529.9126360445072,295.8692932128906,240.39304733276367,538.1141669735189,287.3794937133789,258.0841255187988,511.40064609959313,314.17301177978516,159.05921459197998,442.7617049183815,285.1462173461914,207.90551662445068,476.9600673643972,275.79017639160156,234.6468687057495,478.26531294220223,271.4824104309082,251.50514602661133,480.44594045094647,301.4283561706543,150.9208059310913,444.68451809646285,269.0171813964844,190.5325984954834,443.6381119787792,266.31763458251953,213.1051254272461,452.17720894356137,270.3955841064453,226.02971076965332,469.499871519743,295.4633331298828,149.73910331726074,437.21104939746726,271.95058822631836,178.25486183166504,416.52950026280166,268.9448356628418,197.46665954589844,421.44197435926606,271.78096771240234,208.99008750915527,441.1889492352665
236,9.44,376.2373352050781,119.0342903137207,363.16506729423577,373.8082504272461,153.83246898651123,446.29445766429575,354.5343017578125,178.42692375183105,545.6081679300221,329.4628143310547,196.34209156036377,559.8321587323147,313.34245681762695,210.26358604431152,550.8868637619164,337.47989654541016,147.34811782836914,667.5059911347264,310.06832122802734,191.37991905212402,662.5225964680551,300.0084114074707,213.77692222595215,673.4010762215498,292.5113868713379,230.7582664489746,695.0894282791068,317.9083061218262,134.11065101623535,630.6659418397822,288.6089897155762,182.19933986663818,648.458901929256,282.62744903564453,208.26014041900635,681.4542019128056,282.4072074890137,225.16107559204102,712.9872184261052,305.5695152282715,127.98643112182617,582.6312868317428,274.4532585144043,168.08777332305908,577.3436538647632,271.51411056518555,191.25503540039062,561.4878654188094,275.6493949890137,205.63171863555908,526.5931849470971,300.4869079589844,129.58841800689697,519.1859147627737,277.20848083496094,156.59929275512695,557.1182026244132,273.53240966796875,176.73986434936523,530.7105345498785,276.17156982421875,190.1067066192627,484.67738028574666
237,9.48,375.50342559814453,103.23585033416748,395.3869379312933,372.6297378540039,135.39517879486084,461.87292725950175,351.7748260498047,160.0843906402588,463.7235350482347,326.9901657104492,174.62087631225586,546.5375004606373,311.42417907714844,185.64987659454346,617.2086774175415,340.37391662597656,126.2860107421875,531.5000629918263,310.3793716430664,168.88393878936768,562.4532649157501,302.20897674560547,191.92824840545654,548.9803249672354,296.8950843811035,207.61882781982422,588.7754367803052,320.81993103027344,113.5842776298523,518.2962256306145,289.53115463256836,158.87640953063965,583.5288486827216,285.8608055114746,184.63637351989746,596.1003253455038,288.8407897949219,200.0822353363037,647.2727448010639,307.7987289428711,108.61841440200806,487.39708237003293,277.4301528930664,147.54076480865479,519.0384493420939,277.52246856689453,169.35413360595703,567.753173310223,283.377742767334,181.90207958221436,623.910615084751,301.10042572021484,110.82317590713501,469.38171773223655,278.93444061279297,139.03152465820312,441.3087163922133,277.9266357421875,157.07525253295898,503.7398762514291,282.3030090332031,167.6031732559204,583.0970977292988
238,9.52,372.6449203491211,102.0022702217102,77.83304308158846,373.1427001953125,133.44632148742676,50.38089399973475,352.8080368041992,156.96800708770752,82.07988071692945,327.11368560791016,170.87835788726807,93.61390563920602,312.32601165771484,182.96423435211182,70.82538500470856,341.37908935546875,125.82741737365723,27.62109807030123,313.1252670288086,166.2019443511963,95.95909166092109,302.8230667114258,189.56345558166504,61.08064129481302,296.0493469238281,205.81642627716064,49.77400907875186,321.48834228515625,113.29525709152222,18.20553619834198,291.25967025756836,156.34287357330322,76.67533303231286,286.1658477783203,182.55809783935547,52.51357317931388,288.40856552124023,199.0916919708252,27.018442563056883,307.7972412109375,108.36645126342773,6.29918826861609,279.56153869628906,144.33746337890625,96.18973922672346,277.35979080200195,166.86914920806885,62.257587453950855,281.5462875366211,181.19938373565674,49.04086124648337,300.51252365112305,110.45751571655273,17.308527844300514,280.09761810302734,136.15332126617432,77.60894213810867,279.0779113769531,154.10954475402832,79.53324075981865,283.7892723083496,165.84969520568848,57.46555378928285
239,9.56,373.01456451416016,88.59380722045898,335.3389300997111,373.6408233642578,121.05776309967041,309.96421730811153,352.96329498291016,147.42104530334473,238.70560374410496,328.85990142822266,162.86898136138916,204.93807300073863,312.9869270324707,173.36709022521973,240.49686136845943,339.9119186401367,113.35107564926147,314.05780989714526,311.1733627319336,155.02588748931885,283.63067685380594,304.8017883300781,178.05130004882812,292.02425440401106,302.3399353027344,191.9965124130249,379.6063103441525,322.8223419189453,100.22475242614746,328.4600881676233,291.9302749633789,144.1746997833252,304.6659687823735,290.4386329650879,169.63348388671875,340.31450442656,295.63011169433594,183.07262420654297,439.2900957559389,311.4173889160156,94.75959777832031,352.004910452044,280.5728340148926,132.3737668991089,300.1590741612533,284.3511390686035,152.71618366241455,394.64017180321235,293.0946350097656,161.46818161010742,571.5574482716969,305.1775360107422,96.03205919265747,379.0251774603764,282.74524688720703,123.82691860198975,315.1885753188412,284.1430473327637,140.99255561828613,351.52436458766925,290.80944061279297,148.86417388916016,459.4770787379858
240,9.6,379.1128921508789,79.87800121307373,265.9356998448363,376.0674285888672,113.18917751312256,205.85652171010108,354.2873001098633,140.70894241333008,171.03602468182902,329.9704360961914,158.46855640411377,113.45986915362572,312.7013969421387,171.6827630996704,42.70893713810261,337.5844955444336,113.22112798690796,58.27619937291865,309.41991806030273,152.62819290161133,74.26097373617831,304.1038131713867,172.1201992034912,149.30071701039012,304.33568954467773,183.54360580444336,217.13282963378145,322.40657806396484,98.5304045677185,43.615323056173494,293.0580139160156,140.77274322509766,89.60016590861288,291.87713623046875,162.76290893554688,175.48876709810696,297.6952362060547,174.39249515533447,223.06022112107883,312.63633728027344,90.19473552703857,118.12017844102616,284.7895050048828,128.369722366333,145.37169355284928,288.1517791748047,145.738263130188,198.64579055905938,297.01765060424805,152.70423889160156,240.04783810706897,307.4321937561035,87.86417484283447,211.83398024868626,286.90372467041016,116.97116374969482,200.4593351345843,288.70716094970703,132.08436012268066,250.233740850796,295.54149627685547,138.1872797012329,291.963632482691
241,9.64,378.01082611083984,82.22747325897217,64.87761772688621,375.41358947753906,117.46237277984619,108.07319097217061,354.0404510498047,144.87722396850586,104.38961149723676,328.42620849609375,161.66845321655273,88.82559629394706,309.9917221069336,174.15613174438477,91.71930741806695,338.4308624267578,122.95691013336182,244.31254432425396,308.72732162475586,159.94816303253174,183.81657389245945,301.1735534667969,178.222918510437,169.24391583545918,297.87057876586914,190.05560874938965,229.40662552721776,322.14656829833984,106.27229690551758,193.65643232328412,291.44304275512695,146.07510566711426,138.57123465254784,287.13552474975586,167.39463329315186,165.71011955908796,288.52508544921875,180.10808944702148,270.13848648686644,311.7417907714844,96.04552030563354,147.96937179241118,281.53316497802734,132.1012544631958,123.8145845620032,281.53106689453125,151.15345001220703,213.83124196629137,286.840763092041,161.70381546020508,339.63345853496315,306.6933822631836,92.1463394165039,108.63579019497926,284.7208595275879,120.01975536346436,93.7377027244587,284.8984909057617,136.29137992858887,141.87358622852926,289.642391204834,145.1235008239746,227.63815051842383
242,9.68,376.3972473144531,88.10773372650146,152.44076656634675,372.77549743652344,123.67973327636719,168.84738145839313,352.3679733276367,150.56596755981445,148.23753189307936,327.97019958496094,166.59700870513916,123.74015953578873,310.78168869018555,177.7444553375244,91.85625118812479,338.14170837402344,130.64917087554932,192.44233777941722,310.3277587890625,168.12808513641357,208.37544952331314,301.1374282836914,187.33438968658447,227.78856976182485,294.8366165161133,201.01587295532227,284.31091958979454,320.8032989501953,113.83837223052979,192.10978040794672,290.06126403808594,153.41185569763184,186.6433990146169,284.17274475097656,175.70773601531982,220.6322480261033,282.8575325012207,189.6822738647461,278.14807621454315,309.8299026489258,103.08995246887207,182.48174685370938,278.9881134033203,139.52656745910645,196.23417229989252,278.6561584472656,159.12388801574707,211.82684636932026,282.7996826171875,170.22150993347168,235.69239824419284,304.76837158203125,99.14292097091675,181.4142696463343,284.1888999938965,127.49610900878906,187.38137043114307,284.67098236083984,143.260817527771,174.32874939841753,288.2625389099121,151.16934299468994,155.03265766645958
243,9.72,374.39849853515625,97.8372573852539,248.31762335384627,369.3082809448242,133.52684497833252,260.9923359402695,348.331298828125,159.16258335113525,237.4296528429452,324.05078887939453,172.39737510681152,175.01076872680963,307.1101379394531,180.4848575592041,114.53735540149876,336.124267578125,141.0743236541748,265.4640722191024,305.7576560974121,177.72897720336914,265.8276780801339,295.062198638916,196.48123741149902,274.5146154346024,288.12713623046875,209.88364219665527,278.0000640973222,319.0795135498047,123.6357593536377,248.69689200239384,285.96893310546875,162.7642822265625,255.21443733787567,279.2544364929199,184.65561389923096,255.2624565357366,277.78696060180664,198.02536010742188,244.0770721512129,307.7617835998535,111.78040266036987,223.32857090512368,274.9843978881836,147.35780239105225,219.88346130034802,276.9517135620117,164.765625,147.3395919431441,283.3009147644043,172.86905765533447,67.36441292025238,302.2589111328125,106.5750789642334,196.10960612597128,280.6868362426758,134.79761123657227,202.4481188167988,282.5128364562988,149.566912651062,166.6291343247068,287.8183364868164,155.54351806640625,109.91679623329999
244,9.76,371.9521713256836,106.1423921585083,216.4482911946373,365.32726287841797,141.42210960388184,221.05387967713796,343.9208221435547,165.69705963134766,197.09084967629275,320.252685546875,178.68834972381592,183.7150486424043,303.3063507080078,186.10477924346924,169.65464376082497,331.70467376708984,153.6313533782959,332.80231082712686,300.0939750671387,186.1644458770752,254.01084445077754,289.08655166625977,202.48443603515625,211.7586339103081,282.6524543762207,213.51905822753906,164.29468783796634,315.92329025268555,135.70501327514648,311.8780167420558,283.1468200683594,172.0260715484619,242.05508597924657,274.3603324890137,192.61108875274658,233.50834319405305,271.36219024658203,205.21010398864746,240.95930511730276,305.35526275634766,122.18660831451416,267.02113526668245,271.91606521606445,154.53286170959473,195.08994978502398,270.6211471557617,172.35857963562012,247.14498670128592,274.9603271484375,181.70979022979736,303.854358855509,300.04507064819336,114.69152927398682,210.32393961760965,276.95398330688477,140.5167818069458,170.73939032424232,275.96961975097656,155.69927215576172,224.19232528636158,279.322509765625,163.0367374420166,283.2042199186087
245,9.8,370.93517303466797,111.68250560760498,140.817129978899,364.0227508544922,147.05320358276367,144.50556005645208,342.3854446411133,171.50203227996826,150.1147301363122,318.89848709106445,184.41853523254395,147.20071208675495,302.0543098449707,192.42207527160645,161.00433889695495,331.5598678588867,160.48928260803223,171.48644638702945,299.2914390563965,192.74919033050537,165.83674872732038,286.39978408813477,208.91939163208008,174.3333257606764,277.8829574584961,220.63124656677246,214.08427636813977,315.92050552368164,142.4549102783203,168.74743944014872,282.8654670715332,178.13920497894287,152.9901137485829,274.0926170349121,197.19663619995117,114.83389350200939,270.92838287353516,208.64553451538086,86.56779041927759,305.25747299194336,128.34019660949707,153.85913147700424,272.52086639404297,160.71691989898682,155.33906494076027,272.82867431640625,176.46670818328857,116.59196029623959,278.3349609375,183.42812061309814,94.67316316034648,299.96442794799805,119.60848331451416,122.94038260919639,277.32860565185547,145.88346004486084,134.49344131467484,278.2123374938965,159.7179651260376,115.0534551408404,283.42002868652344,165.03604888916016,113.98165304611514
246,9.84,371.11072540283203,115.25535106658936,89.42889391771432,365.5223846435547,150.0789499282837,84.4246796289661,344.8781967163086,174.12657737731934,90.49188456852117,321.3538360595703,186.90865516662598,87.42652573466864,303.73056411743164,194.60876941680908,68.88150908719551,335.4201889038086,166.12084865570068,170.69090250932905,301.07566833496094,197.1165132522583,117.9432692583472,287.03771591186523,211.64786338806152,70.05138798998094,278.4018898010254,221.62044525146484,27.926296007527608,320.64769744873047,148.63234519958496,194.4656873697562,286.3737106323242,183.38491916656494,157.7682046152898,277.22795486450195,199.95506286621094,104.40085302210814,273.94683837890625,208.64878177642822,75.4614313018966,309.0208053588867,134.0722131729126,171.42542909993227,276.1185073852539,166.43431663513184,168.87799986255413,276.02169036865234,180.45895099639893,127.80198107994181,280.94165802001953,185.36335945129395,81.16348871597556,301.61556243896484,123.50046157836914,105.69336519378774,277.2808265686035,150.0340461730957,103.77152803362077,277.75569915771484,163.0479383468628,84.02841863576447,282.7740669250488,167.39710807800293,61.195726415873374
247,9.88,370.8156204223633,116.52643203735352,32.6222104529282,366.01016998291016,150.94353675842285,24.817394657530667,343.9103317260742,174.62838649749756,27.255447075027828,319.0621757507324,187.83795833587646,61.82288892211554,301.08226776123047,197.7599000930786,102.90498690902714,336.39774322509766,166.43218517303467,25.64837809317304,300.4397964477539,197.4255895614624,17.675216085161818,286.3368797302246,211.64035320281982,17.52191050476117,279.2115020751953,220.73355674743652,30.021276341373554,321.90967559814453,149.1625213623047,34.22056776555179,285.0718879699707,183.57293128967285,32.88322903332278,279.68067169189453,197.8418254852295,80.93821742443443,281.05945587158203,203.3956003189087,221.05604920294613,310.37513732910156,134.67707633972168,37.08162058308277,275.66707611083984,167.63611793518066,32.09474801581793,277.4786567687988,179.94884490966797,38.592092056499865,283.6045455932617,182.08125114440918,105.66221287033521,303.20817947387695,124.00703430175781,41.78101351072679,278.4262466430664,151.4328145980835,45.197761654515354,280.4818534851074,163.31295490264893,68.47513778555881,286.0639953613281,165.51578521728516,94.74638786682861
248,9.92,371.0874557495117,117.29805707931519,20.452683969167822,364.16744232177734,152.47783184051514,59.94636473567735,341.0793685913086,175.0783395767212,71.66244677263349,316.22941970825195,186.4876127243042,78.45356933762672,298.4644889831543,194.66259956359863,101.38428225341116,334.73506927490234,166.88312530517578,43.068489550319214,296.65916442871094,194.12625789642334,125.446123643136,283.9239311218262,206.47859573364258,142.44749286443025,279.0586280822754,213.71214866638184,175.57680281434415,320.88558197021484,148.7334108352661,27.759048110272893,282.16930389404297,180.4107427597046,107.30922204338991,278.28136444091797,194.27284240722656,95.83743068898906,282.0556831359863,199.50505256652832,100.40178838015794,310.1549530029297,133.69049549102783,25.271314129132104,274.42615509033203,164.71499919891357,79.3442643268434,278.60788345336914,175.40303707122803,117.09910815514264,287.249755859375,176.26230239868164,171.66049776663414,303.88498306274414,122.72521018981934,36.23824078106553,280.49388885498047,149.09704685211182,77.98619781574533,284.11428451538086,159.78039264678955,126.67268668011967,290.6753730773926,161.03678226470947,160.71378264129507
249,9.96,371.148681640625,116.69795036315918,15.080547911924494,364.6068572998047,151.86648845672607,18.821966153563633,341.61354064941406,174.75063800811768,15.667005651324956,316.60913467407227,186.3706398010254,9.933092420298648,298.69794845581055,194.7709608078003,6.434549548038802,335.01407623291016,165.8822536468506,25.975817588858003,297.7256393432617,193.6636734008789,29.061929122180132,284.34736251831055,206.63751125335693,11.306753787415945,278.8735580444336,214.9276828765869,30.738558187210565,321.20777130126953,147.86782264709473,23.090161277956827,282.5531768798828,179.77395057678223,18.58868529322047,277.3980712890625,193.7244987487793,25.991435607163222,280.7371520996094,199.31633949279785,33.299180902896126,310.296688079834,133.08637619018555,15.513078387187502,274.2131996154785,163.93880367279053,20.12196450777607,276.25518798828125,175.62719821929932,59.08375502067893,283.8222122192383,177.8206443786621,94.12918361091288,303.83750915527344,122.55131721496582,4.506421709207199,280.153865814209,148.70205402374268,13.029653744405008,282.6328659057617,160.2050256729126,38.526892424321,288.84260177612305,162.7669858932495,63.01118570822529
250,10.0,369.8686218261719,116.92742586135864,32.51165303444733,361.87957763671875,152.23827838897705,68.81261745859788,337.55367279052734,175.99658489227295,106.1688239013626,311.38105392456055,189.6042251586914,153.68169740718776,291.90731048583984,199.6278476715088,208.71947987381293,332.89623260498047,165.09246826171875,56.50786774274348,295.5033302307129,190.58670043945312,94.8894764879874,283.0035591125488,202.4380874633789,110.22978204973184,277.22537994384766,209.4437313079834,143.15685422387227,318.95410537719727,146.9817066192627,60.54033630618368,279.4972610473633,177.3896884918213,96.89984283148314,275.86864471435547,191.82578086853027,60.95221097403598,279.63632583618164,197.85033702850342,45.83245089160094,308.1025505065918,132.78634071350098,55.36391524259311,271.2559509277344,163.3846950531006,75.21783433625937,274.635066986084,174.65832710266113,47.19310928525737,282.62197494506836,176.39346599578857,46.61952146665843,301.96727752685547,123.17267417907715,49.26871992441409,278.1050491333008,148.80005836486816,51.27898352911714,280.87825775146484,159.99107837677002,44.19009519006922,286.76496505737305,162.66863822937012,51.99907810534241
251,10.04,367.8959274291992,118.00656795501709,56.214271109261304,360.2866744995117,152.55640983581543,40.6090201032317,336.4471435546875,177.46078491210938,45.882244985514944,311.7839050292969,192.73555755615234,78.92849452184451,291.6861915588379,201.69487953186035,51.970630477624915,329.2560577392578,162.76392459869385,108.03063409182944,290.96826553344727,185.7649040222168,165.4851437774288,280.66566467285156,198.3867645263672,116.93739765127711,278.07743072509766,204.92846488952637,114.8739019628548,315.49169540405273,144.38608646392822,108.18250439913236,274.6160888671875,174.34391498565674,143.8370999242196,274.15319442749023,189.30041313171387,76.32271898351775,281.96386337280273,193.60738277435303,120.98577340743695,304.91588592529297,130.8436918258667,93.30298713844566,267.9408073425293,160.88687896728516,103.77036604049314,273.41447830200195,172.62288093566895,59.33421143421545,283.5733413696289,173.26251983642578,81.80740311323352,299.06700134277344,122.75214672088623,73.2651233835289,275.05054473876953,148.43223094940186,76.91429525687724,279.16833877563477,159.24582481384277,46.631707137951864,286.64173126220703,160.3222131729126,58.74147339105211
252,10.08,363.7865447998047,120.05062580108643,114.74209687612237,356.9477844238281,154.31633949279785,94.35815854705099,335.9603500366211,179.61434841156006,55.19739393416676,313.98717880249023,195.2171802520752,82.96409812594054,295.2910614013672,203.1621551513672,97.30102878816457,322.8026580810547,161.59220695495605,163.97272903051336,282.905216217041,186.58380031585693,202.6131711823926,278.0571937561035,200.36009788513184,81.77012393110704,282.97908782958984,205.83476543426514,124.61847537437147,309.0839195251465,142.47549533843994,167.16374861772388,270.8224868774414,175.5984592437744,99.89149535928206,273.8124656677246,189.76314067840576,14.366037862762484,284.76104736328125,192.47092723846436,75.48083143107146,299.0866279602051,128.45017433166504,157.5380398875737,265.67127227783203,161.05167388916016,56.88775558152985,272.14494705200195,173.35314273834229,36.61447711604556,282.9205322265625,174.67028617858887,38.79405440430217,293.55268478393555,119.88786220550537,155.34601076332052,270.5632781982422,147.2024631500244,116.3182322502632,276.0497856140137,158.19374084472656,82.2809763095647,284.7964096069336,158.60823154449463,62.96301014273883
253,10.12,363.2181167602539,118.73579978942871,35.81094348344579,356.58470153808594,153.13264846801758,30.953126094793,336.74163818359375,181.80941104888916,58.24898684954828,315.70255279541016,201.06019020080566,152.24009244559494,295.4333686828613,206.52234077453613,84.07994255661366,325.3099060058594,158.81752967834473,93.49173140504415,284.47723388671875,185.47988891601562,48.02252031910791,281.20140075683594,200.18910884857178,78.72132380301457,287.98479080200195,205.32201290130615,125.79740013229429,311.3029670715332,139.79576110839844,86.98113141933804,271.9363784790039,175.21717071533203,29.433563345622428,275.6676483154297,189.3976879119873,47.2708841467777,286.63818359375,191.46832466125488,53.202751077631696,299.7754096984863,125.73514938354492,70.02580217277229,265.8383369445801,160.6012487411499,12.01024086029541,272.6805305480957,172.53949642181396,24.35248973010906,282.9364013671875,173.61535549163818,26.376250964343107,292.5924301147461,116.98154926300049,76.521009980395,268.55281829833984,145.17102241516113,71.45234630672219,274.1522789001465,155.4444694519043,83.5128168328144,283.1499481201172,155.35815238952637,91.08323782785483
254,10.16,364.5103454589844,116.00067615509033,75.62554258044625,359.49317932128906,149.169602394104,122.89471408320406,341.77661895751953,178.3289909362793,153.02033270545598,322.57904052734375,197.38203048706055,194.95983946580316,303.7711715698242,204.02413845062256,217.60051101883627,328.0199432373047,151.05953693389893,205.44274326849177,290.00797271728516,183.0245018005371,151.28201706331657,288.4771919250488,198.9480686187744,184.5218787424343,295.9402275085449,204.47972774505615,199.9975272913554,313.2702827453613,132.68986701965332,184.32997206259046,277.49000549316406,172.65501022338867,152.90405365556222,283.2724952697754,187.02075004577637,199.1913822477778,294.78076934814453,188.51596355438232,216.53253057139375,301.06090545654297,120.28786182403564,139.92283833412918,269.72972869873047,159.10861015319824,104.19602841073161,278.6144256591797,170.47402381896973,157.077385909077,290.0370788574219,170.5506706237793,193.3454068493812,293.3500289916992,114.23890829086304,71.13383319669208,271.7632293701172,143.7850284576416,87.42038699608064,278.6066246032715,153.5744333267212,120.77414549593695,287.6724052429199,152.94499397277832,128.15018526106178
255,10.2,369.28470611572266,112.98890590667725,141.12334965783614,368.1803894042969,145.94133853912354,231.6912095652395,352.8641891479492,176.5153455734253,280.8731055008503,335.40374755859375,195.74618339538574,323.2153946526354,319.76329803466797,205.32978057861328,401.13340224445597,337.1296691894531,142.06232070922852,320.09471910350146,302.5599670410156,176.543927192688,353.15578073888,302.8460693359375,196.5026092529297,364.3872507024159,309.12187576293945,205.8030080795288,331.19756334605677,320.63106536865234,125.48948764801025,257.42302723693683,288.75444412231445,168.32031726837158,301.74196410609915,294.8904609680176,188.35713386535645,292.3643367858496,305.3675079345703,194.07217025756836,298.90473694164456,306.99214935302734,117.3468017578125,165.50960786445987,281.3187789916992,158.80165100097656,289.8278698362311,288.7616729736328,175.7578182220459,286.0125776896176,298.7728500366211,180.34871578216553,328.1723889790086,298.29938888549805,115.75345516204834,129.39768058045306,281.1321830749512,147.51771926879883,252.12877936560022,286.61779403686523,161.80904388427734,287.2146918338724,294.33815002441406,165.660080909729,358.9094500238102
256,10.24,376.96590423583984,111.09754085540771,197.76574892669043,378.2375717163086,140.2482032775879,288.91900374843584,368.02391052246094,170.56992530822754,407.0973273391233,357.1261978149414,192.03402042388916,550.9338657375588,348.32149505615234,207.74517059326172,716.5039802928445,352.8187942504883,138.59298706054688,401.7033429244429,325.7891845703125,177.57340908050537,581.3004709166859,326.20445251464844,198.5573673248291,586.2146020536773,331.15699768066406,209.66437339782715,559.272261543039,334.33780670166016,125.57859420776367,342.67577419203405,309.37841415405273,170.74037075042725,519.1367827497684,316.2421226501465,190.9641981124878,537.7558929109716,326.8461608886719,198.1442356109619,546.5312485148058,319.48747634887695,120.85410118103027,324.45564602241063,300.2825164794922,164.4259214401245,494.5046495475282,308.66153717041016,180.40619373321533,510.88892502616244,318.9101219177246,185.23451328277588,518.0376048309938,309.3648338317871,122.45956420898438,323.47330879914915,296.436824798584,154.58255767822266,421.41428550183286,303.08923721313477,167.99760818481445,439.8911572842184,311.0174751281738,172.9570484161377,455.14120110308556
257,10.28,385.5641174316406,115.93052387237549,246.5854251100691,392.98118591308594,142.6827907562256,373.5817980832259,389.7203826904297,172.59534358978271,544.770148635356,383.8275146484375,194.90338325500488,671.3761816687283,380.32325744628906,212.19120025634766,807.72828655426,370.9532165527344,144.6619176864624,478.07504064371005,348.30047607421875,184.36009883880615,587.8017326495317,349.0208053588867,208.36496829986572,620.8738770869248,353.87378692626953,222.12498664855957,647.7458009385244,351.7488098144531,133.99203300476074,483.4310846597617,330.69019317626953,179.04082775115967,571.7787550228715,337.6010513305664,202.69672393798828,609.229019243431,347.79563903808594,213.64974975585938,651.585376039852,336.8375015258789,131.02619647979736,502.80146206641615,319.8902130126953,173.71800899505615,542.4508355986636,328.88668060302734,192.62529373168945,590.7425579528322,339.3813705444336,200.63993453979492,640.5071352270152,326.9657516479492,133.36429595947266,517.6301059404051,313.6879539489746,165.07812023162842,504.8256445768618,321.66168212890625,180.24221420288086,556.1396444953339,331.1384582519531,187.03499794006348,613.9231551391497
258,10.32,394.150390625,125.23255348205566,316.47654159744656,407.4064254760742,151.5309762954712,423.0676096873564,406.00486755371094,186.62485599517822,537.3614156201012,397.1421432495117,210.7470703125,517.3863126090974,390.0569534301758,227.57506370544434,455.11543324687506,387.82012939453125,157.84727096557617,535.2255890672459,367.52899169921875,196.43503189086914,567.6375501545156,366.1191940307617,221.2888240814209,535.8293475054234,368.7466049194336,238.0304718017578,544.3948320247415,367.0953369140625,149.18400764465332,539.8564551562434,346.46873474121094,194.53150749206543,552.7903833913289,352.81856536865234,218.79559993743896,553.819996673689,362.98168182373047,230.40005207061768,565.236965309254,351.14898681640625,147.968487739563,554.4478358870376,336.1030960083008,191.56768798828125,602.8415086023722,345.7900619506836,210.58399200439453,616.5626208232794,356.5190887451172,218.48267555236816,618.4985812270535,340.5958938598633,151.47773265838623,566.721583850125,330.88958740234375,186.02015018463135,677.5252818237395,339.2697525024414,201.38933658599854,687.9520910671774,348.39595794677734,207.6058530807495,671.2774095595404
259,10.36,393.61255645751953,130.30932426452637,127.62951061925688,407.10338592529297,154.71436500549316,79.94449890561991,406.24683380126953,188.90320301055908,57.27899259028379,399.4147491455078,215.2077341079712,125.1555508525882,391.95953369140625,232.15839385986328,124.06330781809996,387.7259826660156,157.2632932662964,14.787950325905253,368.08143615722656,194.22337532043457,56.99023855412626,366.1084747314453,219.40638542175293,47.06172948101231,369.14920806884766,236.4913558959961,39.772533450287945,366.8998336791992,149.91960525512695,19.028356461090606,347.85858154296875,196.62400245666504,62.80032498538095,353.58707427978516,222.9971408843994,106.78117892293757,364.35386657714844,236.20420932769775,149.10384900805727,350.7664489746094,149.22486305236816,32.833044778021595,337.1895217895508,193.5600757598877,56.7336430756234,346.50455474853516,214.1389560699463,90.65135639341682,358.90438079833984,222.67714977264404,120.63175412108045,340.67378997802734,153.2178497314453,43.54649263414288,332.19200134277344,189.32825088500977,88.88128429283412,340.7400131225586,205.80727100372314,116.40395936775265,351.20880126953125,213.05813312530518,153.37748621175865
260,10.4,398.5976028442383,143.96893501281738,363.52067794742186,415.85216522216797,168.0613660812378,398.9702188927741,416.9473648071289,202.82371044158936,438.94895129212273,408.6480712890625,228.69797229766846,408.68750609529275,401.9583511352539,246.7961597442627,443.1707771572656,400.61153411865234,173.63359451293945,520.8311861488758,383.8468551635742,215.71895599365234,666.4309908593881,383.15540313720703,240.54851531982422,678.9640199865554,386.3835906982422,256.7325782775879,664.6103313772611,377.38155364990234,166.9613742828369,500.18018324528015,363.28155517578125,216.0461139678955,620.0234527989147,367.0343780517578,242.081880569458,583.6615391122241,374.86045837402344,256.65106773376465,574.7078006821757,359.84161376953125,167.19340324401855,503.25630440285147,351.2789535522461,213.932204246521,619.2413233503678,359.1061782836914,233.19259643554688,571.0966024366236,369.2722702026367,241.9310474395752,546.6978747834517,348.4427261352539,171.9737434387207,507.5307366145885,345.88817596435547,209.74229335784912,614.5721730133475,354.11476135253906,224.2407989501953,569.3630447530469,362.7355194091797,230.18972396850586,516.2101291442141
261,10.44,404.27581787109375,157.33441829681396,363.0412074630779,422.90645599365234,181.4735984802246,378.85600514334703,424.27001953125,218.1804370880127,425.3309928027095,414.9680709838867,245.03296852111816,437.87448098934016,404.5999526977539,260.3459358215332,345.1217996584454,408.2274627685547,189.66070175170898,443.6147932352333,390.2743148803711,234.79243755340576,503.1835756096503,388.73775482177734,259.94224548339844,504.5291245233975,391.72813415527344,274.5948886871338,466.11846531425573,384.0206527709961,183.00649166107178,434.11074970927797,369.51744079589844,233.40532779693604,461.13214905649346,372.55821228027344,260.56546211242676,482.28332650508446,379.91390228271484,274.54745292663574,464.90449174394007,365.42224884033203,182.3296880722046,403.30711482800734,357.17777252197266,229.1651201248169,408.379259537661,363.65577697753906,250.18229484558105,439.707786730985,373.10733795166016,258.812255859375,432.7838247557315,353.3171844482422,185.7715129852295,365.8370439003768,349.88792419433594,222.5251579284668,334.8503514015482,356.63551330566406,238.52685928344727,362.66867649283074,364.74220275878906,245.5377960205078,386.9674516182231
262,10.48,405.9800338745117,169.14081573486328,298.2190602680806,422.9726791381836,195.0101137161255,338.41693057219396,422.0246887207031,233.052978515625,376.0269263670118,410.9880065917969,262.335262298584,443.85406000094355,397.74898529052734,280.0968933105469,522.635195516257,411.97486877441406,204.12463188171387,373.5374199615197,390.2128601074219,249.82521057128906,375.82246581357936,386.19930267333984,274.3188285827637,364.97421220791495,388.12801361083984,287.35642433166504,331.4906295254574,388.70532989501953,195.32601356506348,329.5041916456448,369.98023986816406,246.93434715270996,338.4233182256686,370.37952423095703,273.8283348083496,336.01569323888174,376.3105773925781,287.06451416015625,325.63473803824735,368.7373352050781,192.7637529373169,273.7009170781774,356.63841247558594,241.42953872680664,306.90681902703625,362.4837875366211,263.0870819091797,323.9474189649127,371.7189025878906,272.39187240600586,341.2602913401445,354.8162841796875,194.66360092163086,225.43919340023004,348.01910400390625,234.42137718200684,301.0528622937905,354.14981842041016,252.05102920532227,343.767591493808,361.8440246582031,259.9178981781006,366.73114672529545
263,10.52,405.08350372314453,177.6578664779663,214.1026618133552,420.8561706542969,205.64908504486084,271.1864200785335,419.25418853759766,243.02653312683105,258.7801466101305,408.05248260498047,271.7385005950928,246.26991231434462,393.08460235595703,287.6353454589844,221.62007038312314,410.16109466552734,217.0006799697876,325.0792123510581,386.1533737182617,261.61205291748047,311.65794775457306,380.2577209472656,285.0235176086426,306.07674747152,380.6210708618164,296.46806716918945,295.1442704802661,387.53944396972656,206.54657363891602,282.0242214351122,366.5011215209961,258.3998680114746,299.5438542980477,366.14036560058594,283.3442687988281,260.436491304255,371.2310028076172,294.3067932128906,221.15136762217892,367.62577056884766,201.9942855834961,232.4305122943981,353.22418212890625,251.58382415771484,267.8227976112927,357.67574310302734,272.23388671875,258.3376297355247,365.52783966064453,280.6762504577637,258.55388688043297,353.72081756591797,201.44376754760742,171.70233432071126,342.7473831176758,240.03599166870117,192.54047778408255,347.0916748046875,258.0742835998535,231.97115230321,354.22969818115234,266.3104820251465,248.54966297078929
264,10.56,402.5440979003906,188.61990451812744,281.3081716802946,416.9742965698242,218.8452386856079,343.8817177805315,410.11024475097656,252.61845588684082,331.3011188923151,393.70609283447266,280.1124572753906,415.28758855373064,376.5642547607422,295.5655860900879,458.12839434890276,402.70652770996094,232.30226039886475,425.52095433314105,376.0170364379883,274.38660621643066,407.68749171943915,366.65958404541016,293.545503616333,401.19631472391023,364.3454360961914,302.3244094848633,432.4299309876493,382.0711135864258,219.35829162597656,348.2480751570111,355.56304931640625,267.65682220458984,358.2358026550517,352.6888656616211,288.8238716125488,363.1192104565206,355.14122009277344,297.9147434234619,412.23355980927704,364.13780212402344,210.45734882354736,228.84132504477387,340.5029296875,255.86005210876465,335.5186183054192,342.2344970703125,274.0755844116211,388.7672258520825,349.52457427978516,281.54308319091797,400.66811533790025,350.9027099609375,203.96060943603516,94.45972542766982,326.34735107421875,229.6576166152954,485.20080879954514,326.3044738769531,244.85404014587402,615.8746622652253,333.71463775634766,253.657808303833,602.5766841922508
265,10.6,399.0960693359375,187.9452896118164,87.83509496885956,413.1610870361328,218.8073444366455,95.3349454618408,405.6494140625,254.01206016540527,116.8362725047519,388.62281799316406,280.93749046325684,128.74481269492372,371.06414794921875,296.70104026794434,140.40217040740984,396.56402587890625,233.14855098724365,155.01317787628756,370.22998809814453,276.28363609313965,152.2511306214481,361.82506561279297,296.0211753845215,135.7882523893378,360.0262451171875,303.865442276001,114.6467203425112,375.7705307006836,220.61362266540527,160.6105552233813,350.44002532958984,268.90737533569336,131.83620970547383,349.5331573486328,289.5143222808838,80.75896653803967,353.2099914550781,295.64000129699707,74.59932888843694,358.11336517333984,211.3738775253296,152.3439066593091,335.46695709228516,256.80261611938477,128.0855351266079,339.56722259521484,273.6431121826172,67.55268940967063,348.4006118774414,277.36939430236816,108.05950449950723,345.46680450439453,204.91533279418945,137.97772651563875,320.04589080810547,229.03417110443115,158.30564935912201,320.65868377685547,243.6276626586914,144.43629130915525,328.5377883911133,250.22077560424805,155.3483245973863
266,10.64,398.5904312133789,188.5229730606079,19.192903603809953,412.7260208129883,219.89022731781006,29.175310118751156,404.47174072265625,253.92525672912598,29.52170104271418,386.9658660888672,281.19309425354004,41.91377242894169,371.06231689453125,299.18649673461914,62.13642852876681,394.18514251708984,234.6408176422119,70.20481562300895,367.78038024902344,279.3663024902344,98.43592690886751,360.61397552490234,300.060453414917,105.42327247761382,360.43834686279297,307.71955490112305,96.90205098402332,373.2406234741211,221.9687032699585,71.74901575914426,348.36421966552734,271.0027599334717,73.73773528340395,347.65838623046875,291.7416572570801,72.78301588321212,352.20996856689453,297.48693466186523,52.5071937402051,355.99720001220703,212.85149574279785,64.52475583926271,332.32479095458984,257.7066707611084,81.74091246165045,334.6643829345703,276.11040115356445,137.2164157547918,343.4713363647461,281.5345001220703,161.33401603771898,344.03987884521484,206.09304428100586,46.254196992034515,318.221378326416,227.23968029022217,63.97774553565986,316.80381774902344,241.58735275268555,109.03799969815321,324.11815643310547,249.3211841583252,112.75640617560698
267,10.68,401.70318603515625,185.2887725830078,112.21991609616026,413.4049987792969,216.06087684631348,97.22697707003587,404.9547576904297,248.6920166015625,131.38708941496506,386.1366653442383,274.91540908813477,158.30529229712,373.47251892089844,294.3161201477051,135.85295797816008,397.6187515258789,231.42193794250488,117.66174332175538,375.1936340332031,274.92834091186523,216.00323296153343,365.4121780395508,295.07643699645996,172.9580278402607,360.5678176879883,306.9480228424072,19.557997280572774,376.20018005371094,218.59278202056885,112.23808241266113,352.54329681396484,267.99593925476074,128.70911099868815,348.72764587402344,289.258975982666,67.57876189889899,349.7161865234375,298.24198722839355,65.13952937008435,358.18607330322266,208.93841743469238,112.09189346660825,333.824462890625,251.48334503173828,160.03671268175376,335.4668426513672,269.2052364349365,173.79089696468867,341.88480377197266,275.8981704711914,146.3841214094555,345.27774810791016,201.3149356842041,123.39631800209008,322.1757125854492,223.70149612426758,132.65440678784347,322.2066116333008,236.79120540618896,180.6121727716789,327.74951934814453,243.36994171142578,174.29157194644108
268,10.72,409.8586654663086,176.99050426483154,290.87486767551457,417.5982666015625,208.83459091186523,208.87003051487065,405.5270004272461,243.11834335327148,140.07429999056316,386.614990234375,272.1316337585449,70.61426814991671,378.7606430053711,295.958833694458,138.43492182580178,404.41429138183594,223.2180690765381,266.32079610861206,378.6098861694336,264.1512966156006,282.63875179054713,363.94691467285156,284.6714687347412,262.69083689430107,355.1633834838867,298.39911460876465,252.8484489937905,385.62255859375,207.8822135925293,356.63136903137314,360.0999069213867,252.83474922180176,423.500324329189,351.0670471191406,277.3011875152588,304.61194906072,347.6055145263672,290.4791736602783,201.11596588245231,368.7351989746094,195.26995182037354,431.6472841630413,342.44232177734375,232.56611824035645,519.6927946320619,342.73895263671875,249.54351425170898,524.0866476842544,350.2871322631836,254.8007297515869,567.7263474770662,355.7661819458008,185.23282527923584,480.0009892238489,332.6656723022461,204.78421211242676,540.7765765803086,334.4606018066406,215.91241836547852,605.2293075044201,343.60076904296875,219.47034358978271,716.9609940853258
269,10.76,410.8885955810547,158.09128761291504,473.18148348264526,421.9073486328125,188.82139205932617,511.79605084893956,411.89640045166016,225.12056350708008,477.2900952663507,392.7641296386719,253.13057899475098,499.2819829203315,385.3582000732422,276.0469150543213,524.4117318453364,411.69612884521484,202.83541202545166,541.1087375156632,387.12703704833984,245.75909614562988,506.7142298806375,373.43616485595703,266.91593170166016,503.3046818098109,364.46964263916016,282.10301399230957,469.1543954064711,392.94410705566406,187.16176986694336,549.3984551678601,368.4861373901367,232.1260643005371,558.5575690132603,359.6451950073242,256.1601734161377,570.376574253134,355.0625991821289,270.46600341796875,533.9329866137593,376.0255813598633,174.48829650878906,550.5831413219576,350.8282470703125,214.766263961792,491.9086267777421,355.4518508911133,227.34817028045654,639.458303971416,365.42308807373047,229.22667503356934,742.9373430087261,362.81444549560547,165.19183158874512,531.107008503109,342.01343536376953,190.62040328979492,424.25976315994,344.87396240234375,201.28167629241943,448.95482268857216,354.0911102294922,203.3722686767578,480.3613705554338
270,10.8,414.5904541015625,156.83677196502686,97.716317779621,423.55228424072266,189.00342464447021,41.37442610043808,412.6459503173828,223.1905174255371,51.76209326140741,394.09740447998047,251.22533798217773,58.135429808645775,386.9961929321289,275.3722286224365,44.287571529248495,412.5062561035156,205.65392017364502,73.31564616469282,388.1800079345703,245.3180694580078,28.54001824679552,373.51593017578125,266.4535331726074,11.730699731814603,363.20552825927734,281.4656925201416,35.392123278994355,394.296875,189.65935707092285,71.01022352760629,369.8482131958008,230.6224536895752,50.720406210005024,360.4327392578125,254.27993774414062,50.96268321482533,355.54176330566406,268.8164520263672,42.94340789645329,378.1884765625,176.02635383605957,66.35009419529594,352.31319427490234,213.1309175491333,55.22355752877821,354.2402648925781,228.31615447998047,38.76962440473217,362.72510528564453,233.20677280426025,120.20890511175426,365.9712219238281,165.41851043701172,79.12261338436086,344.21363830566406,189.67154502868652,59.90213364936909,344.0018844604492,201.27596855163574,21.802415506140814,350.52207946777344,205.49547672271729,103.82073788663853
271,10.84,412.3166275024414,135.657320022583,532.5290320637218,425.8396911621094,164.47834968566895,615.7878754890097,416.6969299316406,197.37961292266846,653.1716978958028,397.35107421875,221.99227809906006,735.3392741189813,386.3719940185547,239.99619483947754,884.5385062621507,416.14830017089844,177.79126167297363,702.4920923548685,395.22430419921875,219.4180154800415,671.0229625009622,384.2027282714844,241.40713691711426,680.7760364675311,376.58355712890625,257.20067024230957,692.7133978873899,396.21891021728516,162.70523071289062,675.5641841737041,374.1943359375,205.5128288269043,637.0743891169499,366.9270706176758,229.85953330993652,631.730011823583,363.7532043457031,244.3930435180664,644.1712927850483,378.4713363647461,151.9406032562256,602.1852864057394,356.70433044433594,190.98079204559326,564.5297471574697,360.5350112915039,207.15588569641113,551.9175703964361,369.1513442993164,212.64377117156982,538.5939936578316,364.64588165283203,145.69195747375488,494.2756181057418,346.26686096191406,175.66799640655518,353.83179026952115,348.8155746459961,189.09653663635254,327.4047332635951,356.10721588134766,192.63951301574707,350.41899170240475
272,10.88,412.91622161865234,116.05492830276489,490.2889927388416,424.5478820800781,140.10186195373535,610.2673209593929,414.54925537109375,166.6051197052002,771.2335649829191,394.03942108154297,183.42564582824707,967.7138559555217,378.2944107055664,191.4890956878662,1229.3763714487823,413.7339782714844,150.54842948913574,683.7401076207354,390.9882354736328,190.20197868347168,738.0383985379798,378.9323043823242,210.9836483001709,771.915647754303,371.71092987060547,226.62590503692627,774.015004603695,395.5057144165039,137.81860828399658,622.4209910545795,371.9789505004883,178.50324153900146,677.5072592311124,362.4920654296875,201.4441680908203,718.9846362898003,359.300537109375,217.47279167175293,682.1501873608984,379.34749603271484,128.7575340270996,579.990492727156,355.5873107910156,163.0213451385498,699.543781802507,350.85460662841797,182.57616519927979,660.4321001048266,354.33422088623047,194.71701622009277,581.43985572936,366.76387786865234,123.81269931793213,549.538354791641,346.01741790771484,147.80961513519287,696.48745003853,343.34556579589844,161.3368034362793,707.3382253912354,347.5496292114258,169.66635704040527,612.8816082045369
273,10.92,412.10182189941406,102.32085943222046,343.95484318762055,418.822021484375,127.12347507476807,354.63361863123606,405.55225372314453,149.27370071411133,488.1880547608401,384.4469451904297,162.57960319519043,573.6795093848158,369.7189712524414,169.32579517364502,594.1117590034567,398.0210876464844,134.96930122375488,553.1750227676599,374.44774627685547,165.00319004058838,753.5610177423476,361.4595031738281,183.5893964767456,812.3052901452993,353.9875793457031,198.57460498809814,829.5302090106261,383.0856704711914,122.90067672729492,485.2848219949864,357.56710052490234,151.22560501098633,771.2696003479028,348.00045013427734,169.10511016845703,885.9393253688895,343.9590072631836,182.79486179351807,947.9983381648658,370.86090087890625,114.6338939666748,411.93105146756955,343.5356903076172,136.21241569519043,734.8300203851951,337.81238555908203,149.99183177947998,877.4388564289369,339.30084228515625,158.14261436462402,988.587800617803,362.29496002197266,110.84376096725464,342.93274546917866,339.8108673095703,127.68469333648682,526.5060230729573,335.75225830078125,136.30918979644775,653.853846063899,337.52452850341797,140.63721656799316,767.7864452326301
274,10.96,402.9425811767578,92.07997798919678,343.4815709627223,406.4988327026367,122.86990642547607,325.9158518741839,387.30045318603516,147.10989475250244,459.4903964488269,362.0994567871094,161.76212310791016,559.0608819873935,345.6303024291992,174.34282779693604,615.139507560585,379.67864990234375,123.41471672058105,541.9602415299134,351.4210510253906,150.41321754455566,681.4946769962811,339.6662139892578,168.24185371398926,666.3775779995829,335.2988052368164,182.61724948883057,614.3632232965894,365.10215759277344,106.49213790893555,608.6084956695433,334.708251953125,131.73261165618896,751.0425037729311,324.4188690185547,152.13163375854492,726.3736423818195,321.97669982910156,166.05631828308105,690.7426614599731,353.6679458618164,94.83819007873535,655.490081274431,323.12705993652344,116.3754415512085,711.5202635962564,313.66424560546875,134.50335502624512,717.2105580627939,312.7486801147461,146.20615482330322,727.7947780390039,346.22718811035156,88.35721492767334,690.9314577954211,321.49925231933594,106.13858699798584,706.9078537460559,312.65750885009766,119.38329935073853,715.8269778593502,309.68929290771484,127.72449016571045,767.1126236611657
275,11.0,394.05017852783203,84.79090690612793,287.451498218235,395.72105407714844,115.77531337738037,322.5811551165458,373.6792755126953,140.8381748199463,374.8924446767316,347.6893997192383,156.67619705200195,382.031075752899,330.9684753417969,171.5918254852295,372.94200894701765,361.60228729248047,117.32642412185669,476.85309056547044,328.3378601074219,150.06304264068604,577.14617159493,321.47621154785156,165.59555053710938,459.53720559542967,322.63038635253906,172.28144645690918,408.74630070358904,348.1093215942383,99.17476415634155,462.53407570974156,312.47314453125,132.40842819213867,556.1343868912126,307.29427337646484,151.10661506652832,428.88113098507984,309.91519927978516,159.79730129241943,339.7196354997666,338.03707122802734,86.4519453048706,443.4617678168577,304.54090118408203,115.82061767578125,464.86095145732713,304.92265701293945,131.72215461730957,229.33388164925282,311.65889739990234,137.53068923950195,218.59112725201774,331.7945861816406,78.5650634765625,436.0233856071561,304.256534576416,99.14098262786865,465.2135142079176,303.2857894897461,113.09619426727295,282.1311907824609,308.2405090332031,118.8526725769043,224.73334482795298
276,11.04,382.43900299072266,83.94373655319214,291.05099956929854,380.2499771118164,116.74964189529419,387.54317382716175,357.98145294189453,141.6970682144165,393.032545827479,334.8847198486328,158.38140964508057,322.943083778205,317.9047203063965,171.99551582336426,326.7497719146607,339.598388671875,125.39663314819336,585.9286583251034,308.16415786743164,158.25674057006836,544.3545190324909,304.2790222167969,173.19172382354736,470.0034371455006,306.8898582458496,177.77446746826172,416.7864447986531,327.2539520263672,107.26860523223877,559.2722409381481,292.7917289733887,141.7667055130005,544.8253577841381,292.40169525146484,159.15472984313965,423.20284340574943,298.61745834350586,165.200457572937,313.08250515536787,320.23502349853516,92.97479152679443,473.9860402730653,286.9849395751953,123.12922954559326,475.4127124643002,288.636531829834,138.6589765548706,442.5475765900841,295.96675872802734,143.41873168945312,419.0109336206081,317.7606773376465,83.05473804473877,368.36443840447066,290.6045150756836,103.64269495010376,359.3771089334135,290.0688934326172,117.39148378372192,347.43331501802805,296.1112403869629,122.56566524505615,317.1213021526777
277,11.08,380.6692123413086,86.21433019638062,71.97115062318967,375.41595458984375,121.46030902862549,168.74196014919235,353.39744567871094,146.49425983428955,165.88054818660197,331.1598205566406,163.15452575683594,151.36361879548247,314.813232421875,174.71674919128418,102.9636112384611,335.4285430908203,132.20443725585938,199.58364308322524,305.93061447143555,167.17329025268555,229.8009659797724,302.4607276916504,179.59301948547363,166.36327180971645,305.4905891418457,181.9394302368164,109.84326586341851,321.1520767211914,113.41497659683228,216.52188571742735,288.9046859741211,148.03150177001953,184.31761890164438,287.9727554321289,164.71112251281738,177.6390431164907,293.68310928344727,171.0925054550171,192.13281358741384,313.61215591430664,98.63304376602173,217.7702250092766,281.4173889160156,128.4324073791504,192.2259664380437,283.33667755126953,144.8792552947998,204.2980711124574,291.03492736816406,150.9689426422119,225.4559907072909,311.49791717529297,89.28119659423828,220.78121370459405,286.5614891052246,110.98955154418945,209.64607200569344,287.46938705444336,123.95992755889893,176.60316927689166,294.0266799926758,128.05139064788818,146.71097273360957
278,11.12,379.7063446044922,89.15173530578613,77.27978008251733,372.30152130126953,124.66089248657227,111.6451666560788,349.91737365722656,147.67682075500488,91.88767465607614,328.4616470336914,162.92118072509766,67.7061216941512,312.7461624145508,174.34338569641113,52.512966937243,332.9460906982422,137.42300033569336,144.47311709195074,303.1732940673828,170.34441947937012,105.05616468982977,299.8994827270508,181.2264919281006,75.94491420393352,303.17251205444336,182.47464179992676,59.47653318971041,319.05900955200195,119.72831010818481,166.28121924977302,286.88257217407227,154.22274112701416,162.82734144629086,288.5297393798828,167.75124549865723,77.26811635098632,295.50025939941406,170.7198429107666,46.37423797113403,311.7244338989258,104.69666004180908,158.7666069017405,278.9769172668457,133.91324043273926,149.99048476427268,283.570499420166,147.09431648254395,55.68420294293934,292.5127410888672,149.71796035766602,48.405126725805665,310.3331756591797,93.94269704818726,120.12027639392413,285.6352424621582,114.4554591178894,89.68851707863188,287.92097091674805,125.74524879455566,46.03870585700771,295.50512313842773,127.93918132781982,37.06738008960114
279,11.16,379.29264068603516,90.69265365600586,39.88718696359918,370.7980728149414,126.0724925994873,51.55683896089879,348.1261444091797,150.110821723938,75.55156738871251,326.1790466308594,167.5559663772583,129.1595492029217,309.43336486816406,180.42712211608887,173.18067950744953,331.6901397705078,139.72935676574707,65.65388752449725,303.6756706237793,173.20738792419434,72.66778223736773,300.0653076171875,183.97886753082275,68.9341594958963,301.0885429382324,185.84954738616943,99.16184685078296,317.68287658691406,122.88359642028809,86.0580242080447,286.6308784484863,158.56155395507812,108.65267624543281,288.86680603027344,171.23116493225098,87.40513854713078,295.27172088623047,173.48002910614014,69.24078316434434,309.89112854003906,108.39887380599976,103.28176053485205,279.07371520996094,139.51273441314697,140.00826466322795,283.9463424682617,152.17047214508057,127.25126302689611,292.3252487182617,154.13187503814697,110.44737489977005,307.68829345703125,97.89489269256592,118.88874072711648,283.01403045654297,119.68931436538696,146.33863367660976,285.3915596008301,130.94139575958252,144.47721465522616,292.93853759765625,132.7577018737793,136.48603772440154
280,11.2,377.6341247558594,92.45717525482178,60.540335538252506,369.6305847167969,128.38924884796143,64.85747824149222,347.37133026123047,153.87658596038818,96.01668045993242,325.2109909057617,172.83751487731934,134.2383292073079,308.11349868774414,186.72406196594238,160.84444777270346,330.31776428222656,142.6591157913208,80.88148130430542,302.7558708190918,177.82947063446045,117.8178686077692,302.31895446777344,187.733416557312,109.47477597450059,304.5652770996094,187.92683601379395,101.25095206757204,315.94404220581055,126.119384765625,91.83501245687103,285.9799575805664,164.17468070983887,141.26856059759123,293.31493377685547,173.3752727508545,123.44796167745558,301.30313873291016,170.63621520996094,166.70572635138421,307.7119445800781,111.68781280517578,98.6343071389591,277.8424835205078,144.76764678955078,134.93062003488015,286.67139053344727,154.2671012878418,85.95689588336988,296.00879669189453,151.987566947937,106.55568632115056,304.29235458374023,100.9752631187439,114.6218859816946,279.64664459228516,123.40604782104492,125.38290139411576,284.8399543762207,132.6888942718506,45.812248459032936,293.37759017944336,131.24945640563965,39.27126463568586
281,11.24,377.2314453125,91.79831027984619,19.30436785668265,369.6811294555664,128.81644248962402,10.754335698168207,347.4684143066406,153.1946325302124,17.22073228701591,324.81800079345703,171.08066082000732,45.006787037227284,307.82814025878906,184.7309446334839,50.336034147530576,329.38282012939453,142.64519691467285,23.37619387381564,301.3832664489746,179.25962448120117,49.556677036324324,306.04198455810547,186.727294921875,96.41457941752178,311.3556671142578,183.59055519104004,201.42108865015308,314.6990394592285,126.1362361907959,31.12791963743212,284.5056343078613,166.52652740478516,69.3938577476854,295.6687545776367,172.98221111297607,59.6603397019439,304.5448112487793,166.82679176330566,125.05035909601656,306.79954528808594,111.56042575836182,23.03122781849445,276.3443183898926,147.20014572143555,71.42106574836608,288.33072662353516,153.45929145812988,46.138060351835335,298.0806541442871,147.37124919891357,126.49847544284742,304.3067169189453,100.65213203430176,8.08625277884075,279.49390411376953,125.87352275848389,61.804946306235294,287.05204010009766,133.04144382476807,56.00008056379551,296.0281562805176,128.24885845184326,100.09086102290648
282,11.28,377.77259826660156,94.24238204956055,62.58161339027377,368.99478912353516,130.91896533966064,55.292774088815634,347.6764678955078,157.29379177093506,102.61089360005369,326.1748504638672,177.9543685913086,175.1586772638948,309.13721084594727,193.2612705230713,215.75467200145377,329.4580078125,145.0647497177124,60.518018775337254,302.9576110839844,182.9996109008789,101.44598146660957,308.5980415344238,190.1058053970337,105.91199264289774,313.63656997680664,186.25495433807373,87.68388065622902,314.71996307373047,129.30652141571045,79.25885678015474,285.99878311157227,170.29229164123535,101.27460699303752,298.61541748046875,175.21061897277832,92.36010993847303,307.58304595947266,167.11280822753906,76.29169177847339,306.0961151123047,115.12460231781006,90.82320931045086,278.038272857666,152.23328590393066,132.76384540683642,290.2733612060547,156.9082260131836,98.96015197493753,299.5658493041992,149.23476219177246,59.57393168146326,302.3784637451172,104.4082260131836,105.55331082138844,277.97229766845703,129.68945503234863,102.7029250226689,285.7902145385742,136.1089038848877,82.92132931332812,294.73941802978516,131.01561069488525,76.30434232924902
283,11.32,376.61670684814453,94.55607891082764,29.94255637916784,370.2174758911133,131.2274980545044,31.525340677575343,350.7354736328125,158.31270217895508,80.6058873487016,330.8572769165039,180.20050048828125,129.83216565760503,315.1785087585449,196.87222480773926,175.95502144496822,330.72154998779297,147.5072479248047,68.74925599776115,302.81803131103516,186.00379943847656,75.18573369683283,310.925235748291,191.0068416595459,62.38839663460508,317.80689239501953,184.96946811676025,109.09876230117088,315.3413772583008,131.94226741790771,67.70022422822936,287.8778839111328,173.54719161987305,93.9594117353497,301.14418029785156,176.94764614105225,76.69706957366262,309.7934341430664,167.60696411132812,56.62379115516632,305.9829902648926,118.00573825836182,72.08389877011837,279.2023468017578,156.50184631347656,110.61101922179837,291.98936462402344,159.34453010559082,74.49935134432644,301.1537742614746,150.58599472045898,52.12565956728166,301.32898330688477,107.39437580108643,79.1300343818035,277.94790267944336,134.09003734588623,110.01624827073526,286.22278213500977,138.89745712280273,70.54760753461309,295.22350311279297,132.61754035949707,41.836863364994926
284,11.36,375.9288024902344,95.01200437545776,20.631899375269317,369.35874938964844,132.30746269226074,34.49397432090721,349.7959518432617,158.83838653564453,26.914740802076132,330.2027130126953,180.05540370941162,16.761320417248754,316.89464569091797,197.13051795959473,43.38664341527099,330.55824279785156,147.28463172912598,6.902318852431979,303.0571746826172,185.85707187652588,7.01420565743251,312.92232513427734,190.13483047485352,54.479179060948724,320.8768844604492,183.3834457397461,86.38691401982885,315.23340225219727,132.06064224243164,4.005558717592065,288.4638977050781,173.99468421936035,18.43335620027733,302.3179244995117,177.67789363861084,34.559159952730205,311.18688583374023,168.51908683776855,41.6358880829603,306.11080169677734,118.64856719970703,16.385298478198447,279.72583770751953,156.64591312408447,13.573825325188368,292.80019760131836,160.23621082305908,30.13038975616708,302.2150230407715,151.8848705291748,41.93244073824498,301.5460968017578,108.66298198699951,32.17627158125355,278.17150115966797,135.1195764541626,26.3385062198539,286.0639190673828,141.01478576660156,53.08200059876012,294.8496627807617,135.3916883468628,69.98059396030143
285,11.4,375.4507827758789,93.99327278137207,28.132686817348933,369.0235900878906,131.4556360244751,22.884771540065394,348.2940673828125,157.24542617797852,54.73332870401202,326.3334274291992,177.03979969024658,122.64083365424993,309.99059677124023,192.77864456176758,204.02924661065583,329.0716552734375,143.59561443328857,99.43210961735095,303.7710380554199,180.22440433502197,141.9430883931588,308.7232780456543,188.00765991210938,117.67766104777202,312.40774154663086,185.4023551940918,217.66140143512783,314.14527893066406,128.81980419158936,85.46579591659635,288.6379051208496,170.15506267547607,96.08906084007349,300.4788017272949,175.56475639343262,70.03446289259044,308.2489204406738,167.81875133514404,75.5070794159899,305.10663986206055,116.36248826980591,62.422441197255274,279.61902618408203,154.47772979736328,54.27031670150597,291.3333511352539,158.77030849456787,51.844166690198435,300.1369857788086,150.85498809814453,57.98112130173845,300.5324172973633,108.0894684791565,29.1168323451825,279.4578552246094,134.8383665084839,32.918325196043,286.77690505981445,140.49161911010742,22.10843130842549,294.6719551086426,134.91039276123047,12.82637559579785
286,11.44,374.1269302368164,92.91905164718628,42.621419133412516,367.1548080444336,130.0761079788208,58.07023739992696,345.78216552734375,155.96468925476074,70.48908602578433,323.82389068603516,175.36644458770752,75.40678005194562,307.92749404907227,190.35643100738525,79.54366468035943,328.49456787109375,141.74188613891602,48.53696052559619,301.3141441345215,179.48787689208984,64.12293082792144,310.0678062438965,184.8711347579956,85.31392807690015,317.0409393310547,178.9039134979248,199.52485150362787,314.7520065307617,126.33666515350342,63.90470377438295,287.6460838317871,167.2725534439087,76.20928806381141,300.7575988769531,172.17334270477295,85.07134747627177,309.2665672302246,163.3604335784912,114.32465342055752,306.0361671447754,113.52220058441162,74.71301386436,278.91448974609375,151.06720447540283,87.06339128828287,291.6812515258789,155.347580909729,86.0090794691683,300.8236312866211,146.93501472473145,99.49143588038952,301.1312675476074,105.03777265548706,77.74746387511192,278.58837127685547,132.3385190963745,66.16853207544948,287.1325492858887,137.34380722045898,79.19596938983068,295.8285140991211,130.4505729675293,115.18360693569161
287,11.48,373.75354766845703,91.89537048339844,27.24125625141801,366.82228088378906,129.28926944732666,21.35546164348493,345.2500534057617,154.83057975769043,31.318401752001247,323.1968688964844,174.00728702545166,37.42046234689614,307.65459060668945,189.14865016937256,30.955722830510652,328.6827087402344,140.28674125671387,36.68142935158142,299.57780838012695,178.4934425354004,50.023504111524865,312.27941513061523,180.69497108459473,118.14069180125469,321.5592575073242,171.4976978302002,216.89172076588284,314.86228942871094,124.41749095916748,48.058505398271286,287.4990463256836,165.50119400024414,44.43629081941871,302.26959228515625,168.83784770965576,91.55480233479533,311.2495231628418,158.42894554138184,132.88079359630612,305.9598922729492,111.77458047866821,43.7320955511417,279.87396240234375,149.6845293045044,42.07417858905904,293.1154441833496,152.85990715026855,71.7871389606582,302.1238708496094,143.45224857330322,92.93910300128691,300.6590270996094,103.80488634109497,33.005867896299016,279.36431884765625,132.27338790893555,19.466906280416694,288.4931755065918,136.09449863433838,46.17951152716115,297.1230888366699,127.83020496368408,73.06782904720865
288,11.52,378.86863708496094,85.38376092910767,207.01026352327486,373.28197479248047,120.72375297546387,268.20668082625394,351.2568664550781,148.1684160232544,224.25742550954774,327.9481506347656,168.5380983352661,181.1192685176304,311.91272735595703,185.5352783203125,139.61595694762732,336.84654235839844,132.4165391921997,283.4919089248279,305.89038848876953,167.1481704711914,324.580369322213,299.63823318481445,182.27275371551514,318.4816311591551,297.83430099487305,190.6701135635376,762.5840472407053,321.3941955566406,117.1558928489685,244.17796376072042,292.54709243774414,158.05541038513184,224.89228420591223,295.5209732055664,173.93906593322754,211.492149449313,301.96056365966797,178.67405891418457,556.8602742885998,311.4697265625,106.20099306106567,195.93230750690228,284.2050552368164,143.69603633880615,184.76406093488143,289.7118949890137,157.6761817932129,147.43780162015227,298.02743911743164,160.88351726531982,447.6535219548086,306.4721488952637,100.74073076248169,164.2814551711824,288.07281494140625,128.90613555908203,233.4206136495514,290.9947204589844,142.70995616912842,176.8155916899212,296.8745231628418,147.4319887161255,490.08399227306023
289,11.56,382.5979995727539,81.53473377227783,133.98496795203118,378.82789611816406,117.305166721344,162.872602299177,357.2459030151367,145.64527988433838,162.47071831029757,332.8415298461914,165.11893272399902,149.23943342847897,316.3246536254883,181.13834381103516,155.72035529807496,345.01819610595703,127.76819229125977,235.03065475787724,312.14054107666016,166.32219314575195,157.61235261325487,307.7599334716797,181.86824798583984,203.29418405817555,309.3963813781738,188.5131311416626,294.0389812148494,328.82591247558594,112.61803150177002,217.69043670102977,299.0253448486328,155.2667999267578,176.3237480242981,302.2593307495117,171.1952018737793,181.88982305020616,309.710693359375,175.0704288482666,213.674197106057,317.85837173461914,102.91783332824707,179.5722782169528,290.26437759399414,142.8504467010498,152.95099146392212,296.1981964111328,156.63253784179688,164.24314832724383,305.1766777038574,158.74667644500732,186.54372988825082,311.82750701904297,99.25046682357788,138.97110140584536,293.0322456359863,130.19200801849365,128.085471454163,296.7350387573242,143.23070526123047,144.0972626890869,303.0667495727539,145.6303596496582,161.22487247000848
290,11.6,388.91788482666016,82.17308521270752,158.80105908030083,387.8761672973633,117.93177366256714,226.74854959723038,368.3583068847656,147.09033966064453,280.1491985519072,344.8386001586914,166.16990089416504,301.0753956421993,329.7080993652344,180.9972095489502,334.60474700445275,357.3355484008789,127.91911125183105,307.95692077979544,328.62525939941406,167.20234394073486,412.7049518136772,321.4557647705078,185.70199012756348,355.5571101939777,319.20202255249023,197.21511840820312,327.7529378457983,339.82234954833984,113.9983606338501,277.06828671816794,312.0195960998535,158.843092918396,336.9351172164783,312.0309829711914,179.3606185913086,318.3543793011615,316.6151428222656,189.03141975402832,389.37505173063226,326.87339782714844,105.26196956634521,232.87022962337437,299.5297622680664,147.71801948547363,261.6541347492391,305.5234146118164,163.30809116363525,286.7083738782624,314.8169136047363,167.364764213562,323.26999649200593,319.07386779785156,102.54258871078491,198.97834533072165,299.6352195739746,136.57427787780762,229.58200248339912,303.99152755737305,151.12286567687988,268.02847998344504,311.05602264404297,154.35602188110352,295.7677145845365
291,11.64,387.6823043823242,82.31753826141357,31.09989668095646,386.4518737792969,118.67077589035034,40.11496228243987,366.9010543823242,148.17445278167725,45.407089996132726,342.68497467041016,167.20759391784668,59.76469251976977,325.9119415283203,181.85241222381592,97.28240442733446,357.08606719970703,129.29141521453857,34.86992826742804,327.18822479248047,168.29501152038574,45.13168857039986,320.3929901123047,185.7470941543579,26.593283307912568,318.8641357421875,195.9854793548584,31.88043775271004,340.0331497192383,114.1578483581543,6.608377554974382,310.40599822998047,158.02854537963867,45.18839576259076,311.9845962524414,176.30759239196777,76.33446429013014,318.2131004333496,182.98925399780273,156.24747108458737,327.49156951904297,104.90222454071045,17.88072852487954,298.80502700805664,146.51756286621094,35.05653729899249,305.19800186157227,161.54685974121094,44.776036987965426,314.58826065063477,164.68637466430664,67.20329582217192,320.1853942871094,101.67710065841675,35.21860929531641,299.55286026000977,135.0799798965454,37.41414767004143,303.92982482910156,149.63549137115479,37.21634009416563,310.9419059753418,152.89422512054443,36.656107806684815
292,11.68,396.63902282714844,87.97909498214722,264.90096003263494,398.1550598144531,122.65063762664795,309.0346489610045,380.95855712890625,149.9382448196411,354.19304925363974,356.9377136230469,165.67989349365234,358.3594880128155,340.62957763671875,175.05489349365234,405.289305239293,371.4033889770508,132.54873275756836,367.0795387686189,344.7220993041992,171.89955711364746,447.51362013253504,333.48907470703125,192.67759323120117,370.4214231506796,325.46363830566406,208.03150177001953,343.38397796044063,352.57198333740234,118.21369171142578,329.46188494486523,322.06859588623047,161.44211769104004,303.7974860173448,320.8285903930664,183.92157554626465,291.7500769422841,324.478759765625,196.26142501831055,366.92047032168387,338.1888961791992,109.48230743408203,290.91446013416544,307.0162773132324,149.9044132232666,222.05768804994324,312.8997230529785,168.0864715576172,252.59036999091578,322.689208984375,174.94324207305908,326.75362751109657,329.3658447265625,106.89260959625244,263.9628332643384,308.01252365112305,139.71270561218262,241.12762731496122,313.2943534851074,155.52987098693848,276.6293865491802,321.27147674560547,160.78691482543945,324.994791377148
293,11.72,402.3940658569336,99.21074151992798,315.50594707580524,407.0046615600586,133.58392238616943,351.64983176503875,390.46180725097656,161.41422271728516,372.4998587162853,364.93701934814453,177.0267391204834,347.0768986862954,347.2089385986328,185.99557399749756,319.1653965367893,382.76416778564453,142.49181747436523,377.4356143960122,351.8605041503906,186.83263778686523,413.7886856090914,340.7749557495117,211.42098426818848,502.7417143341302,334.20013427734375,228.93507957458496,566.395360423428,363.2413864135742,127.02836036682129,345.9900156672136,329.8768615722656,174.29447650909424,375.95889088081293,326.8805694580078,199.39175605773926,415.2957798817141,329.24983978271484,213.37288856506348,444.10400614701757,347.16442108154297,118.5513424873352,318.99005085359596,314.0354347229004,163.59618186950684,384.65333370115866,317.09264755249023,187.1432876586914,487.8158308782932,324.5354461669922,198.9316463470459,601.483650726844,335.8433532714844,117.07955360412598,301.7987172449197,312.44754791259766,153.52892875671387,362.7649567724167,315.6956481933594,172.99012184143066,440.6150361835672,322.0912170410156,182.07242488861084,532.5322248472912
294,11.76,406.5364456176758,111.04754447937012,313.5175577049719,412.28282928466797,146.20193481445312,341.9368473942135,396.79901123046875,176.30629062652588,404.6092566377537,372.61035919189453,194.39349174499512,474.66056363907694,354.76524353027344,206.13813400268555,537.8315650499554,393.2107162475586,159.6187448501587,501.5363995407153,362.8675079345703,205.01277923583984,531.314216947979,348.8698959350586,230.41231155395508,516.1144305545796,339.47845458984375,247.78461456298828,489.3654274928342,373.21598052978516,144.11876678466797,494.706048648036,339.4047546386719,193.2598114013672,530.6038269397294,333.6398696899414,219.91121292114258,540.1019866622918,335.17505645751953,233.61900329589844,527.383490887748,355.1797103881836,135.16324996948242,461.113010053234,323.3073425292969,181.48338317871094,503.686562411529,324.3429183959961,206.17180824279785,509.07454201469466,330.6024169921875,217.90147304534912,497.90966798546197,341.1874008178711,132.57360935211182,409.7442858812485,317.2027015686035,171.48372173309326,464.3450206452557,319.295654296875,191.89883708953857,481.2091257183424,325.5733108520508,201.63092136383057,496.65113616100774
295,11.8,408.4410858154297,128.8291311264038,447.0825412947164,415.1065444946289,164.13328170776367,453.80789506354074,401.99268341064453,198.12684059143066,560.753194087001,379.3867492675781,219.11338806152344,640.7967386180921,360.3367614746094,229.70669746398926,605.4538565373695,397.2642517089844,183.17227363586426,597.4947008112797,367.5440979003906,229.09114837646484,613.2079348499035,351.56848907470703,252.8756618499756,565.6216223407893,340.3217315673828,268.12808990478516,509.02363958068344,376.86920166015625,165.97168922424316,553.9044614018959,344.3680953979492,214.75423336029053,551.5007518359278,337.6764678955078,237.05512046813965,440.31784759220034,338.8682556152344,245.0255012512207,299.73729708625336,358.9188766479492,153.31844329833984,463.4061455181342,324.7425079345703,199.7244930267334,457.4370094806194,326.3375473022461,219.99708652496338,349.2105955338464,335.5519104003906,224.98138904571533,215.96107225911064,346.08829498291016,147.036395072937,381.76476266758425,319.81578826904297,184.6617078781128,335.8641289107288,321.0584259033203,204.07055854797363,307.4676476865272,328.5198974609375,210.66816329956055,237.63695320881166
296,11.84,408.25252532958984,150.56196212768555,543.3412247307698,415.3023910522461,187.20136642456055,576.7229016041023,399.3608093261719,221.2888240814209,582.7758147366249,374.8589324951172,243.40009689331055,617.629212495746,355.0684356689453,257.85435676574707,715.9111244432069,398.5643768310547,207.38681316375732,606.2354379080654,368.0120086669922,249.33832168579102,506.3144820066081,350.68824768066406,270.0863456726074,430.82947797996883,338.94676208496094,282.0487689971924,349.71045833604904,379.5395278930664,189.27788257598877,586.4667993262274,345.2614974975586,235.42232036590576,517.1846791664873,335.5030059814453,255.16304969787598,455.9475282865751,334.5504379272461,260.9667778015137,412.8921224421284,361.61991119384766,175.34032344818115,554.6726472389545,327.21031188964844,218.84177684783936,481.8976791403822,325.43609619140625,237.58074760437012,440.16882489895124,332.1216583251953,242.7004909515381,451.2020068995658,347.9397201538086,166.20522022247314,481.45069372219024,318.68066787719727,200.63652992248535,400.37750752676794,318.2260513305664,218.1118869781494,358.10372956418433,325.38612365722656,224.31621551513672,350.0802296723554
297,11.88,405.36468505859375,166.8795347213745,414.2785874121242,413.319091796875,202.22464084625244,378.840542218802,398.02722930908203,234.744873046875,338.049265476461,375.0470733642578,256.49285316467285,327.35269947712544,355.6532669067383,270.71099281311035,321.7482692562807,398.29463958740234,225.5293607711792,453.6138169386091,365.16658782958984,266.49845123291016,434.86094459596706,348.44512939453125,284.9517345428467,375.8418599532726,339.90604400634766,292.52108573913574,262.90402211202303,380.45719146728516,206.72646045684814,436.81730770702563,342.98500061035156,252.48690605163574,430.39409462657295,333.9911651611328,271.03949546813965,398.70665357039627,335.40233612060547,274.7540473937988,345.339084580467,363.2861328125,190.86974143981934,390.4637608356569,327.15099334716797,233.68278980255127,371.02828750936305,324.384765625,252.23041534423828,367.1835889990814,330.8787155151367,257.4980163574219,371.24087948969577,349.2000198364258,178.7853240966797,316.07689805630315,318.57595443725586,212.7491855621338,302.8277063253248,316.24645233154297,230.92871189117432,324.22003817630394,322.48279571533203,239.10983562469482,376.89563300410794
298,11.92,404.01988983154297,178.91607284545898,302.78573717155746,411.7314147949219,215.0608205795288,323.3498766888448,396.15028381347656,247.32324600219727,317.9410230261426,373.2532501220703,269.6084976196289,330.94366145636445,353.77471923828125,284.349946975708,344.19290738634606,396.336669921875,240.11944770812988,368.0219779772876,360.3916931152344,279.724760055542,351.5455736856963,344.7233581542969,294.55241203308105,257.42060600810584,340.7777404785156,295.9753131866455,89.06297631002428,379.44705963134766,221.0353946685791,358.6136192004034,341.2050247192383,265.20652770996094,321.08905433683805,330.9706115722656,280.9800338745117,259.7330935207533,332.9768371582031,282.2366237640381,196.64688268740392,363.0360794067383,204.38445568084717,337.9256831412544,326.98341369628906,246.27642631530762,314.86878572154717,321.1027526855469,263.16882133483887,285.50430661150335,326.67572021484375,266.96651458740234,258.98555488847734,349.27467346191406,190.92312812805176,303.4508401988189,320.17513275146484,225.83049774169922,329.4674676844847,316.2004280090332,242.6700210571289,293.53498425314626,321.63814544677734,248.98338317871094,247.7402563391584
299,11.96,403.3036804199219,188.24578285217285,233.929001957153,409.84561920166016,225.07884979248047,254.84938484710705,395.0749206542969,256.9935894012451,243.24877617835674,373.1392288208008,277.8229808807373,205.38186401215734,353.63319396972656,290.40870666503906,151.5103098280411,396.2466049194336,252.8678798675537,318.71875751602744,358.2030487060547,290.84095001220703,283.2400081010076,342.0292282104492,303.76885414123535,240.0535634073365,339.6513366699219,303.10486793518066,180.44967520817042,379.2706298828125,232.5778341293335,288.59469433938443,338.78543853759766,276.068058013916,278.1942192899153,327.9248046875,290.20480155944824,242.86477515833633,331.00982666015625,289.2289924621582,181.59424259505835,362.4082946777344,214.94905471801758,264.58087903577854,324.8077392578125,256.3780689239502,258.33208116562815,317.96945571899414,271.97948455810547,233.7805278386536,323.6534118652344,274.55068588256836,204.10475557072817,348.5110092163086,200.45758724212646,239.12482838203255,319.0120315551758,235.62336444854736,246.54239332580295,314.82622146606445,252.445707321167,246.7950637113223,319.8814392089844,259.53709602355957,267.47297949678926
300,12.0,404.9869918823242,193.8328456878662,145.8783924400754,409.6012878417969,231.915864944458,171.03448848438268,393.6692428588867,263.27030181884766,160.80471238002298,369.72869873046875,280.9395217895508,115.50038618270975,350.15148162841797,291.2493896484375,89.54422338360341,395.0968551635742,263.4826469421387,266.9213420522885,353.95904541015625,296.95369720458984,186.03971722051173,337.2483444213867,308.34646224975586,165.47534899440709,333.97666931152344,308.8219356536865,201.38072295786918,378.56090545654297,243.07682991027832,263.07392160942715,336.08570098876953,283.84886741638184,205.89678511036334,325.04810333251953,295.3875160217285,148.1889416489882,326.92493438720703,293.85180473327637,154.22535900347444,361.46575927734375,225.32252311706543,260.40499660028837,322.4201202392578,264.8331069946289,219.64231342456313,316.30615234375,277.7937126159668,151.1866107392625,322.0124816894531,279.3698501586914,127.27184528119832,347.2935485839844,210.22303104400635,246.02604414844672,317.29522705078125,244.76743698120117,232.59605568015223,312.26999282836914,260.6543827056885,214.93699137279538,315.2668762207031,267.9125690460205,239.0642433567624
301,12.04,407.7329635620117,190.4633903503418,108.66689277678354,412.213134765625,228.9179563522339,99.40196263417555,395.97511291503906,260.71085929870605,86.12412093081417,372.4449920654297,278.8656520843506,85.43705664003602,353.04908752441406,289.42806243896484,85.56193930596704,395.5476760864258,261.692590713501,46.148813677637904,354.7589111328125,295.28077125549316,46.35775559063332,338.47511291503906,307.02083587646484,45.15422335301768,334.7069549560547,308.20286750793457,23.934317565124775,379.2831039428711,241.65204048156738,39.93428641077954,337.56359100341797,282.83695220947266,44.77814255702501,326.3191223144531,294.6680545806885,36.512960178364395,327.5364685058594,292.8353691101074,29.655473296707193,362.63988494873047,223.82407665252686,47.591444210707834,323.67420196533203,263.40837478637695,47.45117781009088,317.67961502075195,276.4288330078125,48.407747764903284,323.21399688720703,278.0869960784912,43.94139109029135,348.5728073120117,208.2901382446289,57.94705270287318,318.2380676269531,241.89671516418457,75.53969197866779,313.01002502441406,258.5686683654785,55.32772790462156,316.29234313964844,266.7000102996826,39.701079292411166
302,12.08,407.86121368408203,190.86851119995117,10.62341154594629,412.41283416748047,229.60601806640625,17.91139256191508,395.73413848876953,261.2154006958008,13.97834699406166,371.9432067871094,279.4889259338379,20.00404266944742,352.4517059326172,290.30179023742676,26.46064332200362,395.3746032714844,262.16297149658203,12.530270357310943,353.38436126708984,296.242733001709,41.94309936196867,337.3804473876953,307.8149700164795,33.80959228802138,334.2627716064453,308.5770893096924,14.520261812831315,378.80496978759766,242.1360969543457,17.00961013805197,336.5333938598633,283.6604690551758,32.97239517521685,326.1146545410156,295.25556564331055,15.551855176268422,328.37928771972656,292.89708137512207,21.126887946952547,362.06058502197266,224.60622310638428,24.332867181337097,323.2698440551758,264.7427558898926,34.857551629144034,317.9957389831543,277.2396183013916,21.755849096982924,323.7759780883789,278.2832908630371,14.881920930077042,348.17501068115234,209.5590305328369,33.24464053231761,318.58421325683594,243.99968147277832,53.281587416335675,313.3060646057129,260.3466510772705,45.06149934483145,315.8367347717285,268.05347442626953,35.70227694836435
303,12.12,410.10162353515625,187.73720741271973,96.25649234181685,414.55528259277344,226.73948764801025,89.46745880007799,397.0814514160156,259.0642547607422,63.45609189551637,372.4127960205078,277.06260681152344,61.783586672718506,352.7394104003906,287.4932098388672,70.58194579684415,395.87757110595703,259.73816871643066,61.91044522707736,354.3870162963867,293.92441749572754,63.146179085952625,338.84578704833984,304.8295211791992,83.14191587684564,335.4022979736328,305.6545829772949,78.42019671463308,379.5138168334961,238.94052028656006,81.8312836503213,337.5541305541992,280.78474044799805,76.28777106007985,327.5074768066406,291.9824981689453,88.92737400320124,328.7593460083008,290.53662300109863,59.77148169388211,363.1782531738281,221.0617160797119,92.91364323863375,324.2124557495117,261.0065460205078,96.33204618138178,319.3647766113281,273.78275871276855,92.95207852305846,324.8217010498047,276.3083839416504,55.86699528900244,349.7780990600586,205.9036159515381,99.78711124112033,319.9600601196289,239.8646879196167,108.94702346365818,315.47264099121094,256.00759506225586,121.24732042305251,318.7734603881836,264.3060779571533,119.02556879481847
304,12.16,410.8316421508789,184.58401679992676,80.91484034120117,414.9934768676758,223.9568281173706,70.42375436428064,397.17296600341797,256.5728759765625,62.32647494227513,372.2001647949219,274.94585037231445,53.18522974606575,351.9944763183594,285.5752944946289,51.43762031721278,395.4619598388672,256.9837760925293,69.63930038030915,353.92200469970703,291.02794647216797,73.33902514762697,338.0552291870117,302.2272205352783,67.99333778696088,333.12694549560547,303.80035400390625,73.37997847258467,378.9990997314453,236.14318370819092,71.10742589484556,336.41529083251953,277.39648818969727,89.36305611645331,327.2614288330078,287.5521183013916,110.93017335286319,328.8716506958008,285.7642364501953,119.34269388529133,362.7390670776367,218.25143337249756,71.10983283606026,323.6705017089844,257.8664302825928,79.66351513375501,319.3783760070801,270.3738498687744,85.22339925977741,324.7966003417969,272.9707431793213,83.4433786464783,349.5753479003906,203.1598949432373,68.78005254131536,320.60577392578125,237.37804412841797,64.2278350082878,316.4776420593262,253.2318878173828,73.80115961213568,319.43498611450195,261.29602432250977,77.04722241104764
305,12.2,411.3370895385742,182.78597831726074,46.69327739940143,414.3916320800781,222.41642475128174,41.3450395952796,396.64562225341797,254.6850299835205,49.00289483865193,372.00305938720703,272.6096248626709,58.613139384760196,351.8103790283203,283.30235481262207,57.009574909840055,394.69512939453125,254.63467597961426,61.777323260936036,352.32105255126953,288.6548709869385,71.56524575598759,336.763916015625,299.3844223022461,78.05843764581113,333.96629333496094,299.4356632232666,111.11657843800648,378.6202621459961,233.66332054138184,62.71582357271052,335.5013656616211,274.53394889831543,75.12236023942272,326.3631057739258,284.703369140625,74.67578296981105,329.03289794921875,282.60329246520996,79.12635288318106,362.72754669189453,215.6050729751587,66.15963682587734,323.3610534667969,255.1918601989746,67.31030449891294,318.75484466552734,267.98784255981445,61.65337689610413,324.6944046020508,270.4935550689697,61.98238108169024,350.05008697509766,200.54419040679932,66.46092560198417,320.3214645385742,234.53443050384521,71.444778822134,315.8116149902344,250.61702728271484,67.4587266061954,318.95755767822266,258.6614227294922,66.93776711290708
306,12.24,410.4254913330078,183.7082862854004,32.41974009463388,412.52357482910156,223.58014583587646,55.02206748010542,393.86131286621094,254.970703125,69.97315515365497,368.6846923828125,272.1005058288574,83.92988802583045,348.3546447753906,281.9132709503174,93.11167086953577,392.66212463378906,254.93894577026367,51.3911985576217,348.72344970703125,288.3936882019043,90.17678010465603,333.3894729614258,298.04243087768555,90.78755045994535,331.2823486328125,297.2123050689697,87.13093827133488,377.4525833129883,233.29331874847412,30.622450749097162,332.6985168457031,273.82704734802246,72.26544509090843,323.75083923339844,282.9345703125,78.86929762720992,326.50970458984375,280.2308177947998,86.58500444119885,362.0777130126953,214.5092010498047,31.85140388782617,321.1088180541992,253.35619926452637,72.63872684396014,316.5619659423828,265.10098457336426,90.6320381003293,322.53265380859375,266.9425964355469,103.930486712551,349.7819137573242,198.35652351379395,55.101062316680505,318.8835906982422,231.8798589706421,75.47446259167556,314.96337890625,246.8599033355713,96.29214923986765,318.6235046386719,253.77339363098145,122.48576422670732
307,12.28,409.3766784667969,184.96172904968262,40.858958562207256,411.04705810546875,224.5822048187256,44.61098407536527,391.5861511230469,255.91801643371582,61.61251629350287,366.412353515625,272.82551765441895,59.629932052488456,346.08001708984375,282.5174331665039,58.837398243611524,389.89879608154297,257.1683692932129,88.76342832333101,345.3196334838867,290.1137924194336,95.34386254534157,330.9257125854492,299.0305709838867,66.36328079082699,330.4252624511719,297.8525733947754,26.745797003796856,375.0720977783203,235.19129276275635,76.11264981777846,329.93579864501953,274.79089736938477,73.15060970383513,322.3440933227539,283.1166458129883,35.46200030484365,326.4801788330078,280.2802276611328,1.43898949087993,360.1548385620117,215.82741737365723,58.28346908409705,318.6957550048828,253.50540161132812,60.44178304506818,315.37769317626953,264.4430351257324,33.869228846002684,322.02178955078125,265.9618663787842,27.64522714398541,348.4253692626953,199.1205883026123,38.92306487980519,316.93843841552734,232.40507125854492,50.37028731252988,313.9994812011719,246.5552043914795,25.272764891102785,318.12353134155273,252.65104293823242,30.71689656510726
308,12.32,407.93426513671875,187.16701984405518,65.87802982848027,409.50008392333984,226.37736797332764,59.24388086447296,390.3620910644531,257.63540267944336,52.72415565977957,365.8473205566406,275.29520988464355,63.33759723088276,345.6471633911133,285.3650093078613,72.00717067301645,388.89007568359375,260.1738739013672,79.25660378982444,343.9985656738281,292.94694900512695,78.15048143577981,329.48543548583984,300.9419918060303,59.832723503651906,329.6571350097656,300.09756088256836,59.31899246124874,374.2305374145508,238.83944034576416,93.5988936675858,328.5831069946289,278.5871887207031,100.75217964494331,321.6782760620117,284.9919891357422,49.750786444160184,326.8512725830078,281.4968776702881,31.79964441690533,359.2805862426758,219.53184127807617,95.15472131446884,316.85985565185547,257.1032238006592,100.97911584979194,313.9659118652344,266.49304389953613,62.22771911927764,321.1592483520508,267.3793029785156,41.48119930888598,347.3969268798828,202.29705333709717,83.47014380180337,315.0880432128906,234.9433135986328,78.52800687873975,312.5504684448242,248.0336093902588,51.75253199405952,317.6972770690918,253.73900413513184,29.212072319826188
309,12.36,408.15452575683594,189.5722532272339,60.38243933634448,409.37339782714844,229.13671016693115,69.05622124566729,390.04539489746094,259.91612434387207,57.56511407083945,365.1295471191406,276.5126609802246,35.332225709259355,344.8500061035156,285.1168727874756,20.872102701920035,389.0298843383789,263.060245513916,72.24389051020404,345.7910919189453,295.89975357055664,86.35756025479301,330.65319061279297,303.60952377319336,72.79843247094281,328.6365509033203,302.9446220397949,75.61146222348265,374.1846466064453,242.53046035766602,92.28263208253405,329.4466018676758,282.97871589660645,111.89038813855849,321.31649017333984,288.8936233520508,97.95929826690801,324.7816848754883,284.78565216064453,97.14432216918047,359.1731643676758,223.52901935577393,99.96553169735564,317.54329681396484,261.90796852111816,121.32771646156304,313.7680244445801,270.17847061157227,92.26839071779494,319.954833984375,270.24813652038574,77.7850397731743,347.14534759521484,206.29929542541504,100.25353444510398,315.9554862976074,239.20761108398438,108.79076979688654,312.94200897216797,252.27147102355957,106.39776550624602,317.4417495727539,258.22998046875,112.45599897988757
310,12.4,407.67086029052734,194.32883262634277,119.52766380457331,409.15489196777344,234.05508041381836,123.08053942451293,390.3980255126953,264.9111557006836,125.18657727151437,365.38448333740234,281.2115478515625,117.64493801534019,345.23765563964844,289.2597770690918,104.02502117729271,389.4573211669922,266.0489273071289,75.4773190416217,347.3988342285156,299.0620422363281,88.68802392251615,330.41683197021484,308.6236095428467,125.49133813076827,325.75279235839844,308.886079788208,165.10788806411517,374.6120834350586,245.7655906677246,81.58113432924763,330.65696716308594,286.3161277770996,88.75282463248084,321.1705780029297,294.38361167907715,137.29817504331487,323.6214828491211,290.9000587463379,155.58766949287156,359.6981430053711,227.45726108551025,99.07915288192027,319.03514862060547,265.91880798339844,106.98263587249104,314.195613861084,275.6992721557617,138.43338289460476,319.7317886352539,276.2921619415283,151.20348978938586,347.6213836669922,211.18426322937012,122.70269146220598,317.1420669555664,243.4713077545166,110.64324131004899,312.7697563171387,257.5645351409912,132.39665481142035,316.1395263671875,264.26753997802734,154.4099861269927
311,12.44,406.47594451904297,196.4368200302124,60.57760825902957,410.1318359375,236.23284816741943,59.671454170994544,392.2920608520508,266.5664291381836,62.88531237310333,367.12512969970703,283.6417293548584,74.73131830751271,346.7459487915039,292.44518280029297,88.11128582758062,390.80360412597656,269.1668701171875,84.90452421855903,351.2555694580078,301.73449516296387,117.30412203832104,332.7605438232422,314.68128204345703,162.38145940706974,322.5468444824219,321.4577865600586,324.3511917475336,374.69749450683594,248.74629020690918,74.54807506769232,334.00123596191406,289.3289852142334,112.53178366384897,320.3021240234375,303.2108974456787,221.74758499212336,316.2295150756836,308.18541526794434,469.98985204641724,358.8656997680664,230.7286548614502,84.39112431334566,320.6022262573242,269.17991638183594,90.45219837662742,312.72876739501953,282.79043197631836,181.03208651314182,314.51887130737305,288.6398220062256,335.07388750527866,346.03527069091797,215.01779079437256,103.7174285152469,318.3439826965332,247.64405250549316,108.5598918949415,313.0581474304199,261.84542655944824,107.26486135624359,314.8219299316406,269.8055362701416,142.3144917481111
312,12.48,406.44168853759766,193.48467350006104,73.80863181121475,411.2217712402344,234.00761604309082,61.94562621409757,393.9674377441406,265.4249095916748,50.682557438495635,368.5057067871094,283.0814266204834,37.24859266140501,348.15784454345703,292.6970100402832,35.85445032684558,390.7919692993164,265.6374263763428,88.23657294802504,354.67151641845703,300.4320430755615,91.39568875424656,335.54698944091797,318.1648349761963,111.52191549046775,322.49515533447266,329.65524673461914,204.94057840249994,374.20703887939453,245.01654624938965,94.04632073858072,334.83680725097656,286.7428779602051,67.94358923237105,316.2287902832031,306.6697311401367,133.59354935131083,305.7855987548828,317.9461669921875,357.375557308244,358.3464050292969,227.19321727752686,89.33429470089936,319.04348373413086,267.22941398620605,62.42063885932036,310.621280670166,284.93016242980957,75.08306528868336,312.1687126159668,294.34544563293457,154.2671928109881,345.5896759033203,212.3620319366455,67.32203309991597,315.82530975341797,246.06488227844238,74.31979884418574,309.8591613769531,263.23036193847656,87.14771143853761,311.8051528930664,274.18187141418457,132.88447283602736
313,12.52,407.04193115234375,182.1815299987793,282.97674839013365,412.5865173339844,221.9726800918579,302.80172478319486,395.1991653442383,254.28085327148438,280.2979933798343,369.4938278198242,272.06677436828613,276.47213626797884,349.11975860595703,280.97851753234863,293.94764130087214,391.07566833496094,252.6881217956543,323.81029773065546,358.20945739746094,288.55067253112793,309.9233699491793,340.2843475341797,307.63976097106934,288.55214489454875,327.2184753417969,320.6042289733887,255.23356265107782,372.53795623779297,232.96503067016602,304.16367368240816,337.39933013916016,274.6315383911133,309.48654020642954,318.7633514404297,297.12902069091797,246.79084785445536,306.69349670410156,310.92979431152344,176.87171247857268,355.7111358642578,215.37732124328613,302.6549630604454,321.0011291503906,254.97201919555664,310.31848823994744,314.08267974853516,275.01173973083496,262.6266270954707,316.2716293334961,285.7811164855957,237.41006104278136,342.13146209716797,201.55845165252686,283.58926029168924,315.2042770385742,234.13447380065918,298.6640337399068,311.4212226867676,252.22440719604492,277.9063188918983,315.43033599853516,263.36809158325195,285.13131490164
314,12.56,407.7356719970703,161.24569416046143,523.6831691303416,416.3422393798828,199.17912483215332,577.5225155044035,401.86702728271484,232.18809127807617,576.9264009212778,377.0716857910156,252.55230903625488,523.3535424468092,357.1727752685547,262.573184967041,502.2495297457035,396.60640716552734,226.02991104125977,680.6473355553021,366.1431121826172,266.5989875793457,583.5341412849888,349.2250061035156,286.5732192993164,572.1311877866948,336.6692352294922,300.5867385864258,553.4080681598246,375.9958267211914,208.20902824401855,624.9082554680413,343.6223602294922,252.9055881500244,564.990606881791,327.9902648925781,276.0893154144287,574.3502470046956,318.50399017333984,290.3920841217041,592.2865099700108,357.53963470458984,193.04600715637207,560.1512055114572,325.84949493408203,235.2066707611084,508.7826460702639,320.71136474609375,254.34931755065918,542.491448750968,323.55762481689453,263.36008071899414,589.3792152719509,342.8469467163086,182.0910358428955,487.01398628870976,318.63353729248047,214.55657958984375,496.8989884894247,316.8896484375,230.58470249176025,557.9989358636321,321.9966125488281,238.77233505249023,636.4291138136649
315,12.6,408.30150604248047,139.42700386047363,545.6506520738147,416.56787872314453,175.20761489868164,599.3142965108954,400.00476837158203,206.16994857788086,652.1175880448154,373.18931579589844,222.90321350097656,747.5550409664859,353.14022064208984,229.59712028503418,830.5428716836813,397.80540466308594,194.79779720306396,781.3780014344743,365.1552963256836,234.27457809448242,808.4874878099262,347.80860900878906,252.32305526733398,856.9859672668407,335.6892776489258,265.4415035247803,878.9723631882667,378.1053161621094,176.28859519958496,799.7515205696362,346.3456344604492,221.8008041381836,780.5942491782554,333.43273162841797,244.00371551513672,813.5977834087344,326.55284881591797,257.9967784881592,834.505824028131,359.6281051635742,162.5822925567627,763.3804818308593,327.16190338134766,206.73561573028564,712.5321880889802,323.8816452026367,224.2973756790161,755.4675242977656,328.61255645751953,232.22190856933594,788.6452381747533,344.666748046875,154.6374750137329,687.8452219991348,320.63243865966797,189.59628582000732,626.005127650864,320.21312713623047,206.49932384490967,607.8399127356033,326.19972229003906,215.360426902771,594.6551388764922
316,12.64,408.2415008544922,120.2327013015747,479.8599088178883,413.90655517578125,153.91176223754883,536.5375007795517,396.1009216308594,180.1842212677002,656.9332363405167,370.4585266113281,193.1766700744629,746.2927515639261,351.2814712524414,198.22553157806396,785.6651351294724,390.98705291748047,161.17432594299316,857.6959470376172,355.37281036376953,197.41361618041992,953.4239432254848,339.15050506591797,217.09578037261963,906.8915523621513,329.27120208740234,231.39999389648438,866.0312031354538,372.85778045654297,142.9698944091797,843.235010740536,336.19396209716797,185.4594612121582,943.3151837530179,326.2396240234375,209.36875820159912,884.3504201981387,323.8155746459961,224.2283535003662,846.9796322955183,355.5934143066406,131.13909244537354,792.5250640972998,320.6700134277344,170.7374382019043,914.4716440842647,316.16872787475586,193.63958358764648,790.3279816096807,319.3224334716797,206.96876049041748,672.6941508719865,342.2694396972656,124.88522529602051,746.2168964970174,315.6413269042969,154.37541961669922,889.3187746338256,313.9364433288574,174.28610801696777,820.4754847020512,318.36021423339844,186.8807601928711,738.4736380184443
317,12.68,402.9408264160156,105.60822486877441,388.88660014541034,401.2038040161133,139.56288814544678,479.09424616629667,377.9637908935547,164.37987327575684,601.4217149973296,349.884033203125,179.3505048751831,619.7139577669933,329.83856201171875,190.94910621643066,566.0966805399108,378.04908752441406,146.05791091918945,497.42898468277764,338.20751190185547,173.78296852111816,730.1776239744054,321.2738037109375,189.37734603881836,824.5787004784676,314.0388488769531,199.14542198181152,891.7615971094395,363.62525939941406,126.72483444213867,467.13315714251064,321.82430267333984,159.603910446167,739.5085434638167,311.52334213256836,178.5300636291504,854.2518787015856,310.99416732788086,188.56050968170166,947.5572437489152,349.0032196044922,112.3170518875122,498.56035051812063,308.9393615722656,143.88010025024414,732.6854691833569,304.71858978271484,163.24979782104492,811.8823580369985,309.1010284423828,172.69949913024902,894.0285911760842,337.2688674926758,103.27812194824219,554.4550463376684,305.66062927246094,127.88708209991455,707.6573807382168,303.0561828613281,144.50237274169922,792.7211658224147,307.2754669189453,153.2493495941162,885.2765817413074
318,12.72,393.9679718017578,94.08908128738403,365.03663238887316,388.9716339111328,127.67203330993652,426.4815457586907,365.26390075683594,148.8567352294922,501.40740937891223,339.16561126708984,159.43860054016113,565.3364612367723,320.3429412841797,165.8297824859619,671.354618326522,358.1645202636719,132.15482711791992,606.5742711800135,320.1991271972656,158.89440536499023,584.150682894895,306.3702964782715,174.23418045043945,531.1720483228523,301.19253158569336,183.45012187957764,507.05664947746635,345.08129119873047,112.02690124511719,591.5593783024186,303.28866958618164,142.25890159606934,634.6352426550427,296.1147880554199,160.1533842086792,599.5445590566941,297.91019439697266,169.0294075012207,587.7150138678645,334.0625762939453,96.4037561416626,545.6966900370711,293.4372329711914,125.52785396575928,600.5835364723586,290.6748962402344,143.74656200408936,600.833554139001,295.62448501586914,151.988525390625,617.738646177585,327.0130920410156,85.40445327758789,515.1753110975937,294.1754341125488,108.27863216400146,568.1114639479202,292.78045654296875,123.4510087966919,585.6355923881857,297.9015350341797,129.9605369567871,627.6142291631287
319,12.76,385.7540512084961,89.88197565078735,230.71658662454854,377.82398223876953,123.67303848266602,296.080750637474,353.66268157958984,145.64619541168213,300.9317326241186,329.4783020019531,157.13367462158203,248.94357328587216,311.28671646118164,164.72283840179443,228.0906251500697,340.96031188964844,128.88360500335693,437.8110893265097,305.92437744140625,161.04565143585205,360.8984797088075,299.2677879333496,177.14598655700684,191.90531915656246,300.59247970581055,183.19527626037598,16.298169915997754,328.1557846069336,108.87207269668579,430.4254556242559,291.15325927734375,145.5289077758789,314.2064645458477,291.2328910827637,162.6441764831543,137.01497227998271,298.1631851196289,166.93994522094727,52.618063238989066,319.24177169799805,93.25758934020996,378.77649611431,283.05335998535156,126.3872480392456,260.48437616246525,286.6264343261719,143.12018394470215,102.41579877787498,295.1052474975586,147.25165843963623,119.13101011016963,314.78527069091797,82.09320545196533,316.7056767850418,284.5489501953125,105.19301176071167,252.72297813268776,285.8991241455078,119.94265794754028,193.10175627937775,293.0340766906738,124.115309715271,190.16248353501354
320,12.8,381.36932373046875,87.54030704498291,124.2709914762345,374.2488098144531,123.31249237060547,89.83266166362608,349.6048355102539,149.13602828979492,133.80267243122924,324.49134826660156,165.01994132995605,233.26876954779192,306.0568618774414,176.71247005462646,327.01552537461856,335.2959442138672,133.51834774017334,182.97182399707734,303.4305000305176,168.7038516998291,201.35083781753767,299.6693801879883,183.90718460083008,169.3278538198622,301.0724067687988,189.41369533538818,155.92278894188348,320.9132385253906,114.78845357894897,233.79750384585307,288.55934143066406,154.36406135559082,230.20147231884133,290.3474426269531,170.59229850769043,199.93227397798617,296.4424514770508,174.4273281097412,192.06416049087696,311.2106704711914,100.33631801605225,267.63663167320607,279.5255470275879,136.13172054290771,259.0851798149502,284.08912658691406,151.301908493042,214.1531974262298,292.12907791137695,154.47142124176025,195.22832838218932,305.8665084838867,90.80731630325317,311.7290963662414,278.46912384033203,116.15841865539551,313.45298378773543,280.0193977355957,130.4081153869629,300.101005987759,286.90982818603516,134.52092170715332,301.85176481198334
321,12.84,376.93004608154297,91.52136325836182,149.07211891047655,370.6332015991211,128.86403560638428,165.6280755667233,347.6792907714844,155.5121612548828,166.51350194782165,323.30509185791016,172.92891025543213,199.93591743873148,304.6122360229492,185.8834934234619,232.10263555590177,332.4601745605469,142.7111577987671,240.50642701921038,300.8433151245117,179.52691555023193,278.1998347049306,297.89215087890625,193.94855976104736,254.9359712816251,299.96511459350586,197.6649570465088,208.13069179434765,317.8721237182617,124.44989204406738,253.2189917904661,285.11634826660156,165.4734992980957,290.76817798521665,288.1380271911621,179.65158462524414,233.12038403957325,294.8600959777832,181.07502937316895,170.83577825985589,308.2901382446289,109.52639579772949,241.0744673846495,276.80328369140625,145.90547561645508,253.64468985818976,282.8541374206543,158.67828369140625,186.97611697056112,291.2859916687012,159.0758514404297,117.02449494392243,303.2456970214844,99.09327507019043,217.26390261736398,277.49053955078125,126.22731685638428,252.90850395156554,280.9135437011719,138.14417839050293,194.68912367299995,288.5038757324219,138.89659881591797,116.42470136398373
322,12.88,376.1790466308594,97.15234279632568,142.02097277315863,369.771728515625,135.48319816589355,166.87467015472583,347.4235534667969,162.58990287780762,177.05900861346174,322.69676208496094,182.4942398071289,239.61635292851483,303.2162094116211,198.0348014831543,305.78094473523987,331.86676025390625,150.77630996704102,202.17384233120293,301.77541732788086,183.44733238220215,100.74250174926476,297.99522399902344,195.61012744903564,41.61904048822947,298.2469367980957,198.9592981338501,53.77879337515616,317.3419380187988,132.4242353439331,199.79872362584723,284.63367462158203,169.95969772338867,112.80223335194196,288.0843925476074,182.52091884613037,71.74588640707054,294.5717239379883,183.139328956604,52.10860775525503,307.7770233154297,117.00235605239868,187.3387117295177,276.18736267089844,151.89863204956055,150.61806568099834,282.3068618774414,164.46032524108887,145.19709665325425,290.57010650634766,165.09069442749023,151.4323853339118,302.70782470703125,105.8519697189331,169.5015855043804,277.16758728027344,131.30305767059326,127.15011546901225,280.8583450317383,143.12114238739014,124.43175217618973,288.254451751709,144.6152400970459,143.10195321949476
323,12.92,375.19264221191406,101.9239354133606,121.81207293577503,370.3176498413086,139.68390941619873,105.90091212507511,349.17808532714844,166.02637767791748,96.46158918443535,327.0889663696289,185.35377502441406,131.02576115298314,309.6222496032715,199.73145961761475,165.6728699921003,330.29125213623047,156.99234008789062,160.31464431737805,299.5883560180664,190.04559516906738,173.7820275830794,297.81394958496094,201.3384246826172,143.27911922505416,299.9843978881836,203.58567237854004,123.5468273861672,315.8580207824707,139.47685718536377,180.17610344205013,283.2295799255371,177.0234489440918,180.04871428214636,289.18996810913086,187.97653198242188,139.16270157425956,297.31149673461914,187.21057891845703,122.6820871935028,307.42794036865234,124.31784152984619,183.09523934703384,276.94637298583984,158.87557983398438,175.45280178149767,284.9772071838379,168.83089542388916,128.04449367841028,293.79528045654297,167.37517833709717,98.80730534186041,304.049072265625,112.87101030349731,178.6509791135938,278.9065170288086,137.39105701446533,158.28694805899053,283.1056022644043,147.7078628540039,127.69144868741054,290.33985137939453,147.46386051177979,88.25931209506194
324,12.96,374.10572052001953,105.42923927307129,91.7488212227191,368.65718841552734,144.15501594543457,119.23696402092258,345.9937286376953,170.7195281982422,141.78722908836176,322.4826431274414,188.9989471435547,146.8534422257377,303.1595802307129,200.977463722229,164.54220896118582,329.07886505126953,161.2776231765747,111.33713889001129,294.02599334716797,194.04593467712402,171.28666516676665,295.5516242980957,203.64850044250488,80.83380218081177,301.2335205078125,203.959321975708,32.59525790215088,314.5111083984375,142.8867244720459,91.65617778908492,281.0191535949707,180.01115798950195,92.91255937333948,290.8133888244629,187.98992156982422,40.58689828642342,301.0038185119629,184.39280033111572,116.11717216546313,306.206111907959,127.3874044418335,82.59495012562923,276.16418838500977,161.63599491119385,71.72736641382548,286.48324966430664,168.65479946136475,37.90756637033253,296.10631942749023,164.4986629486084,92.2470931298437,302.6389503479004,116.16235971450806,89.5175428624471,277.9530715942383,142.26476669311523,124.15238677847857,284.90102767944336,149.56655502319336,64.6059643181958,293.8223648071289,145.76552867889404,96.86405031325887
325,13.0,373.6526870727539,108.18872451782227,69.91064886848307,368.02947998046875,146.4153528213501,58.64693444709661,345.6707763671875,172.52872467041016,45.94487215628077,322.92972564697266,190.2363395690918,32.8920848575974,303.67237091064453,201.12696647644043,13.353495678603139,328.12137603759766,163.13791751861572,52.30607188900345,292.7414131164551,194.10615921020508,32.149779971284545,293.0299377441406,205.1892900466919,73.87885218707974,297.92078018188477,207.10716247558594,114.24520854203122,314.0207099914551,144.7428274154663,47.99484825312509,279.3548393249512,181.29056453704834,52.48108649370272,288.24058532714844,190.684175491333,93.13404999434609,298.5946846008301,187.776460647583,103.84207763175041,305.5305480957031,129.20308113098145,48.43209359469793,275.2026557922363,163.36973190307617,49.56302101861566,285.33315658569336,171.55139923095703,77.91423295311749,294.998722076416,168.14560890197754,95.28571075619817,301.9805717468262,117.62872695922852,40.18469297149659,276.63440704345703,143.8725471496582,51.984578205515874,283.96846771240234,151.87315464019775,62.199627638015045,293.51757049560547,148.52155208587646,69.3206525510798
326,13.04,372.53623962402344,109.32929992675781,39.90118395208705,366.4493179321289,147.64915466308594,50.11972593004376,344.54402923583984,174.1950559616089,50.28803952002529,323.0160140991211,192.03655242919922,45.05699195650935,304.5486068725586,203.12782287597656,54.60778214066746,327.1583938598633,164.87370014190674,49.62532109438361,291.88106536865234,195.7445240020752,46.26308894781055,291.34531021118164,207.66805171966553,74.9259190642936,295.5363082885742,210.8132028579712,110.1715750711652,313.1835174560547,146.56665802001953,50.170019779216176,278.27043533325195,182.85967826843262,47.68418185855694,286.2050247192383,192.84675121307373,74.24722528796099,296.48956298828125,190.72531700134277,90.57900832536173,304.7601318359375,131.19830131530762,53.46987935542437,274.4424057006836,165.53568363189697,57.387537264678365,283.8740348815918,174.21823024749756,75.99763079433312,293.3681869506836,171.5394401550293,94.13001437651977,301.2940979003906,119.82022762298584,57.41255035426056,276.4039421081543,145.97389698028564,52.84875351582375,283.6199760437012,154.24431324005127,59.915771863578485,293.33141326904297,151.14244937896729,65.687504205196
327,13.08,370.8853530883789,108.99639844894409,42.10292260864263,366.2947082519531,146.13508701324463,38.048529878794604,345.7264709472656,172.8303623199463,45.14253216558812,326.55975341796875,190.91697692871094,92.90969291885143,311.01879119873047,202.43782997131348,162.67178501342357,325.40348052978516,163.56732845306396,54.694194078849755,288.859806060791,194.35994625091553,83.08528507783838,290.25814056396484,206.63058757781982,37.56885085617086,296.5840530395508,208.7856674194336,57.05627166296438,311.0153388977051,145.68922519683838,58.47481626778872,275.9122657775879,182.2952699661255,60.619305840703795,285.1616668701172,192.80842781066895,26.101535928160363,296.78253173828125,190.87666511535645,8.24382117452436,302.69100189208984,131.37086391448975,51.90783042544916,273.603515625,165.7390594482422,21.5797689073949,283.93022537231445,174.9607229232788,18.615395927102472,294.40513610839844,172.87513732910156,42.274035297317546,299.6059226989746,121.27229690551758,55.66889117781718,277.2254180908203,148.48753452301025,66.11163138156793,284.8217582702637,157.0763111114502,76.91103815321945,294.593505859375,154.01598930358887,78.46220987267223
328,13.12,368.7295913696289,110.6484317779541,67.89938654080319,364.28783416748047,147.77957439422607,64.86467806679907,344.4296646118164,173.88487815856934,41.785989918632566,326.42189025878906,191.6323757171631,18.214034375616198,311.73553466796875,203.72594833374023,36.85249411773848,320.97877502441406,163.5340690612793,110.62076262054954,285.78216552734375,194.99267578125,78.55021447963578,288.61536026000977,207.21293449401855,43.573609113407954,296.3486862182617,208.51964950561523,8.879860325336963,307.1645164489746,145.61007499694824,96.290894837561,272.8440856933594,182.68165111541748,77.31033008993971,280.8789253234863,194.9364423751831,119.55731141910162,292.09423065185547,194.93980407714844,155.09929339743394,300.2820014953613,131.49234294891357,60.30153432564285,270.84716796875,165.61078548431396,68.98327067094205,279.8637008666992,176.77534103393555,111.32570582050181,290.3078842163086,176.67019844055176,139.61993479370028,298.98399353027344,122.09601402282715,25.803412810010702,276.47390365600586,149.11046504974365,24.403078531084404,282.8456115722656,159.62153434753418,80.55788715851483,292.5722122192383,158.40349674224854,120.76798391945364
329,13.16,367.8627395629883,107.95844793319702,70.65517116482964,365.45066833496094,144.81908798217773,79.51675569095032,345.90381622314453,170.38207054138184,95.0091580329499,326.8503952026367,188.926420211792,68.49184113796882,311.9780921936035,202.61395454406738,28.45351847216186,320.1993179321289,162.96595573425293,24.11309435579814,285.8267593383789,194.4697666168213,13.120180120385443,290.3614616394043,205.63925743103027,58.7650487412528,299.12797927856445,205.46682357788086,103.21160321184273,305.9069061279297,146.10764980316162,33.811651166581925,272.3603630065918,183.27847480773926,19.205893584558947,280.28554916381836,195.61625003814697,22.558725106467975,291.2666702270508,195.76825618743896,29.274446576192336,299.06375885009766,132.88762092590332,46.30682843687599,270.9840393066406,167.2708797454834,41.64317710549695,279.31684494018555,178.73904705047607,50.9607246058214,289.4258117675781,179.30791854858398,69.5324527339883,297.9879570007324,123.92666816711426,52.10196351971583,277.1243476867676,151.250581741333,55.919455976726695,282.5295829772949,163.02600860595703,85.47777141274429,291.7723846435547,163.6318588256836,132.22966343242842
330,13.2,367.5282669067383,107.78810977935791,9.383730749022726,364.4149398803711,145.46125888824463,30.466343153612176,343.80863189697266,171.1024045944214,55.38884425475879,324.5938491821289,189.49411869049072,58.171521734148925,310.7984733581543,203.68164539337158,39.77644047230167,318.525390625,163.276948928833,42.56428518008785,284.81422424316406,195.05945205688477,29.293303813164673,292.17979431152344,205.2981662750244,46.251195141324104,301.6493225097656,204.05377864837646,72.25764519378748,304.50815200805664,146.16278171539307,34.99600526853134,271.78829193115234,183.1391716003418,14.71968704969794,282.84048080444336,194.1548252105713,73.5842978109179,294.6036148071289,192.77674198150635,112.0389340107085,298.22052001953125,132.96865940093994,21.178098353771954,271.429500579834,167.41653442382812,11.716735659910638,281.85007095336914,177.4570083618164,70.97912207601192,292.42265701293945,176.2296724319458,107.40309754391065,297.4711036682129,124.42614555358887,17.968984162579478,277.8641128540039,151.97070121765137,25.80969491815552,284.86927032470703,162.49146938323975,59.99931803916354,294.4911766052246,161.39302253723145,88.0490547128814
331,13.24,368.0967330932617,107.07764625549316,22.747420512593457,365.0717544555664,144.82576847076416,22.848050476168904,344.8105239868164,170.11479377746582,35.17068102001934,325.5935287475586,188.81037712097168,30.27851721338552,312.3813056945801,203.99840354919434,40.355404954876626,318.58299255371094,163.8671064376831,14.824048608666532,285.9520721435547,195.7239532470703,32.94180167527804,295.4602241516113,204.27353382110596,85.91817183140749,305.43209075927734,200.96162796020508,122.1442065446432,304.47011947631836,146.88604831695557,18.10664674929816,274.14058685302734,183.04458618164062,58.854894661095244,286.9611167907715,191.88011169433594,117.6699901014649,298.27653884887695,187.7739143371582,155.15849850939688,298.33765029907227,133.5815191268921,15.598808970549221,273.41333389282227,167.5174856185913,49.66000501816183,284.93608474731445,175.68885326385498,88.91658164702648,295.31898498535156,171.96690559387207,128.8407370544104,297.56181716918945,124.90684032440186,12.229482867909217,279.03934478759766,152.10398197174072,29.569133580783312,286.8096351623535,161.07031345367432,60.12850758642821,296.0943031311035,157.793927192688,98.49968894967054
332,13.28,366.8324279785156,106.82277202606201,32.2434905833842,364.2300796508789,144.33789253234863,24.321279367697908,344.3065643310547,169.39465999603271,21.973961832652837,325.10974884033203,187.19007968902588,42.27445125757325,311.7670249938965,200.68533897399902,84.23826943055047,318.0839538574219,162.3883581161499,39.017113383353596,285.5673027038574,194.76167678833008,25.908776321579165,293.50013732910156,204.47580814361572,49.26240486747484,303.53565216064453,203.02754402160645,70.10923856356469,304.3290328979492,145.8265256881714,26.721873337932944,275.4013252258301,183.04866313934326,31.518624119730738,287.47814178466797,192.84682273864746,27.40717387276933,298.9949607849121,190.2941608428955,65.51608832882957,298.34667205810547,132.96916007995605,15.310637529599774,273.4249496459961,167.76068687438965,6.086962324493475,284.9859809875488,176.41003131866455,18.072552073663427,296.0088348388672,173.62694263458252,44.94173865215827,297.5040817260742,124.7951602935791,3.143029060107038,278.6818313598633,152.25208282470703,9.674377036136821,286.6053581237793,161.3298797607422,8.257715189956647,296.3746643066406,158.83954524993896,27.06380782518713
333,13.32,367.2524642944336,104.36654090881348,62.29717995237589,365.4810333251953,141.79598808288574,70.82621039154996,345.5953598022461,166.8815517425537,70.6076609700913,324.2860794067383,184.41896438598633,72.27340174026952,308.72745513916016,198.64904880523682,91.46537101964957,318.49178314208984,157.7646017074585,116.042686252591,286.36274337768555,190.96607208251953,96.95147287545232,289.5042610168457,202.86306381225586,107.72642370021404,296.879940032959,203.92500400543213,167.8986642836775,304.722843170166,141.60937786102295,105.88738807846244,277.31340408325195,179.27947998046875,105.66097683790059,287.5156021118164,189.64290618896484,80.10338840149115,297.61573791503906,187.94188499450684,68.17008779375622,298.91395568847656,129.3761157989502,90.93877721630884,273.05187225341797,164.55566883087158,80.66647150508562,283.61351013183594,173.69085788726807,76.14780200288862,294.2997360229492,171.56078338623047,67.03559130288045,298.31308364868164,122.39825248718262,63.24382945763816,278.3041000366211,149.81802463531494,61.57982736814566,285.1486587524414,159.21496868133545,64.20096344805495,294.4457244873047,157.874493598938,53.92201264163522
334,13.36,368.47900390625,100.10623455047607,110.83379923968602,367.2378921508789,137.53040313720703,115.33041625635664,345.63953399658203,164.44471836090088,60.930843428137884,322.7847671508789,182.74904251098633,56.13921066307556,307.0441246032715,198.1991672515869,43.56026791533838,319.79421615600586,152.8203248977661,127.82362097486188,288.05280685424805,187.5143337249756,96.0820360543228,286.0873031616211,201.77663326263428,89.637925579565,289.4209861755371,206.46952629089355,197.02567457751303,305.34523010253906,136.62158489227295,125.66185825634571,276.8594169616699,175.28433322906494,100.5214587532643,285.4965591430664,187.13810920715332,80.43064725957595,294.97867584228516,187.23512649536133,68.25322314583183,298.9915657043457,124.58284378051758,119.84750716340615,271.8028259277344,160.39475440979004,108.60860216641464,280.8090019226074,170.90745449066162,98.78195927100768,290.5653953552246,170.4100799560547,97.69025862016704,297.9667282104492,118.23498487472534,104.44124934182157,277.55943298339844,144.9474334716797,123.17971450140728,281.42358779907227,155.7300567626953,127.52638131067862,288.259334564209,156.24597072601318,159.92870878187279
335,13.4,370.52921295166016,97.10630893707275,90.83952476701327,369.20448303222656,135.86392879486084,64.44288376295867,345.61378479003906,164.81407642364502,9.256362681680672,318.5337448120117,184.29907321929932,113.1199201131843,299.8947525024414,201.20312690734863,193.8705996431182,323.5255813598633,147.3333978652954,165.88673572692548,293.43278884887695,185.68280696868896,142.07985545443498,289.2736053466797,202.3862600326538,81.10242911449083,288.8205337524414,211.30496978759766,121.81455404173667,307.2544288635254,131.55602931976318,135.33498523833478,279.7402000427246,173.60900402069092,83.31281082658472,287.3213195800781,188.219633102417,53.02973569440489,296.59021377563477,191.3142442703247,109.64789194464399,299.8779106140137,120.97987174987793,92.75982007470257,273.4556770324707,159.8443365097046,43.55224333460459,281.7156219482422,173.07944297790527,58.84032343767831,291.6280746459961,175.1077938079834,120.41024330813148,298.3901023864746,116.26203060150146,50.44671853275948,280.59574127197266,144.5196533203125,76.65737032882191,285.3654479980469,157.3570203781128,106.61048387164035,292.83580780029297,159.9213409423828,146.74053101471733
336,13.44,372.58636474609375,96.20515823364258,56.14682813633629,374.60105895996094,134.51003551483154,139.09542308589502,352.31273651123047,165.30086517333984,167.915375728525,325.17677307128906,184.10706996917725,166.14506030426924,307.1997261047363,199.7329044342041,186.28639485139016,330.7513427734375,143.4640073776245,204.9143277567117,303.0914306640625,187.0519781112671,243.8800823813307,299.43359375,207.49391555786133,284.2902448640585,299.69112396240234,218.4316921234131,324.96144267888644,312.53583908081055,129.0058422088623,146.62185244671284,284.3704605102539,176.5123414993286,136.63061633476158,289.1221809387207,196.546368598938,212.98125748242902,297.08837509155273,203.50955486297607,305.1370236753398,302.7376365661621,121.15506649017334,71.62718460201782,275.9112548828125,165.64772129058838,157.537966642336,283.8644599914551,181.0257053375244,205.79205284682848,293.4490776062012,184.19800758361816,231.77041208356349,299.8943901062012,119.57528114318848,90.96878137481224,281.70467376708984,153.17453384399414,218.14084922065064,286.8765068054199,167.33156204223633,252.20871828789438,294.2305564880371,170.60158252716064,269.27319330373115
337,13.48,377.24658966064453,104.62252378463745,240.53292273781756,380.3749084472656,142.12461948394775,238.90273507848622,359.87804412841797,172.3674488067627,258.80794470856534,333.52413177490234,191.62161827087402,280.78776850287915,316.767578125,207.10503101348877,301.9644459438262,339.9264144897461,149.04922485351562,268.5337446816571,309.4175720214844,196.0737133026123,275.46752342249914,304.40099716186523,218.39218139648438,299.42371205524586,306.328067779541,229.6733808517456,326.3669222445169,320.0081253051758,134.7577714920044,235.74317579877305,289.9771308898926,184.03135299682617,234.48119147041692,292.57104873657227,205.79442501068115,246.75549193716205,302.03577041625977,213.85484218597412,286.68546603193573,308.0883026123047,126.96298599243164,197.42333335065692,281.90723419189453,172.79096603393555,233.15460715249762,287.9247283935547,190.89404582977295,266.7746281602232,298.47728729248047,196.29793167114258,327.5773339734513,303.4343719482422,125.49834251403809,172.5074770930795,286.236515045166,161.11351490020752,228.53474240882662,290.4242706298828,177.7294921875,274.6629519292129,298.26446533203125,183.17853927612305,330.20094414890485
338,13.52,377.1163558959961,115.49858808517456,271.9211001178378,383.6579132080078,153.41903686523438,294.0471733431615,365.625,184.68119144439697,339.7202521338362,338.83716583251953,203.63751411437988,328.4528921886873,321.5919876098633,219.14528846740723,324.27103481720906,344.6144104003906,163.1612205505371,371.7574210851183,315.1430130004883,208.17691326141357,334.727616547007,308.7465476989746,231.81561470031738,352.7325218322524,307.23819732666016,246.70429229736328,426.3803176603389,323.93798828125,148.6208438873291,360.23308361456475,293.85913848876953,198.61185550689697,377.2110122695911,298.1450080871582,221.89799308776855,426.02371387589216,307.6966857910156,231.57331466674805,465.0203153707979,311.28862380981445,141.0886001586914,362.0903127512432,285.20076751708984,188.45257759094238,400.1042351115692,293.56945037841797,205.58655738830566,393.4882321811037,304.2353630065918,209.97525215148926,370.999099941251,305.6455421447754,139.5398712158203,355.36407556283984,288.91353607177734,177.02459335327148,403.36774405968214,295.28738021850586,192.32691764831543,384.65460558387633,303.5812568664551,195.93031883239746,345.3948411531531
339,13.56,375.97389221191406,128.79541397094727,333.6453973775914,384.60025787353516,167.31013298034668,348.07557077086005,366.5701675415039,202.45632648468018,445.0061568266614,339.4083023071289,225.91359615325928,557.0850630040231,321.8905258178711,245.804443359375,666.5206601334509,347.1393585205078,181.2621259689331,456.9040790848507,319.570255279541,227.58936882019043,497.7724787860655,313.18641662597656,249.77617263793945,462.5297811490336,308.8872718811035,264.40924644470215,444.53968344055374,326.1842346191406,166.19158744812012,442.84354735163384,297.37768173217773,219.24689769744873,523.3217896055833,300.8905029296875,242.45023727416992,518.3703327664401,306.29005432128906,253.2359504699707,542.706413516259,312.79958724975586,156.74880981445312,393.3233219782836,284.7286796569824,207.0590114593506,465.31054700537675,295.73036193847656,221.0727024078369,390.90458101718013,307.0978546142578,222.13623046875,312.33320732517006,306.0878372192383,153.01576137542725,337.07866341431077,289.55530166625977,192.3563575744629,383.6297508767945,297.4802780151367,205.56293964385986,335.411201934473,305.5538558959961,206.73173904418945,274.5016228584254
340,13.6,376.3688278198242,143.8315773010254,376.03372673137767,383.5660171508789,183.51046085357666,405.8326911060091,364.42481994628906,220.56072235107422,455.77658040384756,338.22460174560547,246.54991149902344,516.755901072482,319.72827911376953,268.1076908111572,560.195366426319,346.07616424560547,197.4761724472046,406.2216799865354,316.5655708312988,246.59892082214355,481.1387507443075,311.3060188293457,268.1443119049072,461.60347973416106,309.18148040771484,279.39425468444824,374.69740341573385,324.4840621948242,182.36217498779297,406.4929947510079,294.11853790283203,238.05974006652832,477.32657616680416,300.41894912719727,257.85876274108887,385.39348403071494,308.75558853149414,262.7368927001953,245.3909663727418,309.62406158447266,172.42010593414307,399.74482901743187,281.5557670593262,224.42461967468262,441.327346649268,292.4347496032715,239.19984340667725,460.6071410756364,303.49817276000977,239.5213222503662,443.84620485804413,301.6183280944824,168.28464031219482,397.73984572357443,283.3409881591797,207.32618808746338,405.21099284218457,291.55344009399414,221.68816566467285,429.498488039974,299.9869155883789,223.12505722045898,432.8190335008544
341,13.64,376.2877655029297,154.42099571228027,264.7432168487091,382.3582077026367,196.46198272705078,325.1929451325222,362.6557159423828,234.06352043151855,340.4549208209219,335.21968841552734,257.9795837402344,295.45189082021994,315.7354164123535,276.0794448852539,222.89545695549208,345.6121063232422,214.202241897583,418.31264400430086,316.0174751281738,261.66704177856445,376.95215052536406,306.4840316772461,285.65829277038574,454.1414192265453,298.6680221557617,302.1097183227539,625.7620817445057,323.77315521240234,197.67964839935303,383.34904171288986,295.21533966064453,252.1139430999756,352.4233932726541,299.3916320800781,274.21528816223145,409.7188854627836,304.85509872436523,282.0215606689453,491.87920226950075,307.9290199279785,186.15277290344238,345.92205435883136,279.9468231201172,238.10189723968506,344.28968742691495,289.1363525390625,255.8525848388672,424.4063651152616,298.922061920166,259.2025852203369,505.15647483705203,298.44579696655273,179.936785697937,301.9079390395313,277.34901428222656,220.0794553756714,352.26905330528706,284.7214698791504,234.32202816009521,359.0702390982786,293.289794921875,235.15638828277588,344.2422406104322
342,13.68,376.790771484375,163.88744831085205,236.99517376200953,382.86075592041016,205.11637687683105,216.72432490801862,364.5033264160156,242.74352073669434,221.86154150749252,338.96461486816406,268.7848091125488,285.8948336825168,320.39295196533203,288.3369541168213,327.81394302753745,346.8161392211914,226.65345668792725,312.7323585898083,315.28730392456055,276.4138412475586,369.1216301618207,304.73697662353516,300.5999565124512,376.08635705583765,297.1712303161621,316.5412902832031,362.72463303854556,323.90464782714844,209.75398063659668,301.8762052595754,294.06747817993164,266.88228607177734,370.32210650971706,298.8970947265625,286.779842376709,314.3570718571553,305.7320022583008,290.70173263549805,218.10883919610612,307.18639373779297,196.58399105072021,261.44048760478915,279.0861701965332,249.56923484802246,287.48973381503447,287.8754234313965,268.25077056884766,311.55351828543314,297.80529022216797,271.3684844970703,305.4262229216244,297.1781921386719,187.53607749938965,192.60720697070911,272.36572265625,226.17629528045654,196.85758217253914,278.28380584716797,243.11199188232422,272.38183266645893,287.2499084472656,246.6090202331543,323.6925694399296
343,13.72,376.92588806152344,171.69622421264648,195.2486196716026,381.7617416381836,213.70047569274902,216.35414381573304,364.0536880493164,249.4815731048584,168.82595397503547,340.37254333496094,274.9856758117676,158.9673912888604,322.43350982666016,294.0184020996094,150.91953064165276,347.17273712158203,234.2848777770996,190.9937006533653,316.7485809326172,283.6398696899414,184.30751738670406,306.02731704711914,306.03864669799805,139.74156804414622,298.6901092529297,319.4000816345215,80.93083935886577,324.7288131713867,217.26908683776855,189.00408350339845,293.86600494384766,271.9387149810791,126.51102911327712,292.4900436401367,293.7673759460449,237.00729024476547,296.0013771057129,300.5364990234375,345.8754253390226,307.73746490478516,203.49602222442627,173.34909571687712,276.24916076660156,254.8604393005371,150.0946931603344,279.51616287231445,275.5795955657959,277.92637618904337,287.2971534729004,281.33188247680664,362.01712428758265,297.6228904724121,193.22482109069824,142.65246285922902,267.2371292114258,227.82601833343506,134.68494921905412,268.37671279907227,247.11504936218262,267.1317112524696,276.10260009765625,254.42350387573242,340.3386530734791
344,13.76,375.2783203125,178.39300632476807,172.41187992865687,379.09305572509766,219.8682975769043,168.01025135644258,362.12310791015625,254.5557403564453,135.72562619766381,339.0944290161133,280.3404235839844,137.629257236843,321.52339935302734,298.58642578125,116.4451089307901,345.32325744628906,239.18429374694824,130.92185626101931,314.7659111022949,287.5030517578125,108.55630838875423,305.38381576538086,308.1742858886719,55.76204271467271,301.462459564209,318.4413814544678,73.33583828731621,323.0601501464844,222.38824367523193,134.60637758206403,291.8888854980469,276.7136764526367,129.20250180874805,288.0564308166504,299.4115447998047,179.432377092204,291.0753631591797,307.3729419708252,210.65755026571944,305.5558204650879,208.90035152435303,145.70163786679964,274.0721321105957,259.6163749694824,130.76309173515136,273.8526725769043,282.3233985900879,220.16187447628002,280.5932426452637,291.3727283477783,301.828807220991,294.807186126709,198.3200740814209,145.53735345668056,264.63253021240234,229.1113042831421,72.6115345444002,261.2680244445801,249.65137481689453,188.69021724362202,266.0650825500488,261.4156150817871,305.8199813987414
345,13.8,373.55186462402344,183.5273838043213,135.4217517305113,376.79576873779297,223.92435550689697,116.53629647425281,359.1591262817383,256.757755279541,92.3108092774602,335.3929138183594,280.2385425567627,92.57292565496297,317.9225730895996,296.12457275390625,109.04892854709911,343.0621337890625,243.77288818359375,127.88637314351492,310.9652328491211,289.33825492858887,105.51399747834435,301.2102508544922,308.3785915374756,104.46406338884641,297.79064178466797,318.08921813964844,92.21667693013171,320.5780792236328,227.28235244750977,137.18823004578425,289.7549057006836,279.01891708374023,78.53344885638367,284.4018363952637,301.3751220703125,103.71745297346848,285.9008598327637,311.3749122619629,163.5375547203133,302.4902153015137,214.1231346130371,151.4005412192633,270.8300971984863,261.88204765319824,98.881441260077,267.6305389404297,286.50197982788086,187.37577243167033,272.03296661376953,300.0544738769531,304.8063229010348,290.83044052124023,204.010648727417,173.56040989427242,262.62996673583984,231.66563987731934,81.1437413072587,256.67131423950195,253.10897827148438,143.79839698050574,258.6943054199219,269.252872467041,268.9690488986598
346,13.84,371.92432403564453,186.47652626037598,84.21078313124836,375.29144287109375,226.2278938293457,68.78083452264458,356.45774841308594,258.53931427001953,80.89883661786918,332.31231689453125,281.3771438598633,82.10698179251285,313.7871551513672,296.39267921447754,103.60249332802806,339.0807342529297,248.1485939025879,147.89849307370537,304.84127044677734,295.1517677307129,211.0980912481502,296.0003471374512,313.05230140686035,174.976178171527,294.8320198059082,319.77270126342773,85.1012611585826,317.41228103637695,230.54296016693115,113.61624240833379,285.2971076965332,282.5638675689697,142.38731726468833,281.2603950500488,303.85562896728516,100.06737789907534,284.08226013183594,312.03314781188965,48.351440719239605,300.36128997802734,216.21047973632812,74.53745994761691,267.03540802001953,264.30081367492676,112.50026396924977,265.3227996826172,287.8348159790039,66.62447320518511,271.7621612548828,299.119291305542,24.340064506294233,289.8708724975586,205.07274627685547,35.78426676449011,258.4114456176758,232.2309923171997,106.40589682224753,252.7471923828125,253.63154411315918,98.96908420383477,256.0479927062988,268.6417865753174,67.89880772768879
347,13.88,372.22217559814453,185.68203449249268,21.212212321532263,374.5667266845703,226.52519702911377,19.583199808787068,355.12481689453125,259.16985511779785,36.86366939373972,330.1575469970703,282.70002365112305,63.21117510539226,311.94543838500977,299.73355293273926,95.37215870228428,338.7067413330078,245.9388256072998,56.02982812201519,304.4192886352539,292.0802879333496,77.50829308397982,296.26373291015625,310.6874656677246,59.486448763337805,294.9369812011719,318.5727882385254,30.112374551689598,316.9612693786621,228.88834476470947,42.87455280134055,284.2709541320801,280.57456970214844,55.959232598269615,280.58685302734375,301.4659881591797,62.06872223648864,283.33202362060547,308.9173221588135,80.12187717452245,299.8933792114258,215.43701648712158,22.599583560527236,268.3384704589844,262.8699016571045,48.38311251478399,268.1443786621094,285.6812381744385,88.738398177695,274.8747444152832,295.92501640319824,111.49990493872421,289.1037940979004,205.32920837402344,20.220380784402632,258.26738357543945,232.73268699645996,13.049219881168916,253.88238906860352,253.3117961883545,29.48421453557617,258.02026748657227,266.7907905578613,67.6205130930179
348,13.92,371.982421875,185.75765132904053,6.284890299916193,374.2236328125,226.89466953277588,12.605141213373697,354.17652130126953,258.56563568115234,28.110781515058974,329.37904357910156,280.20355224609375,65.37601360551693,310.6077766418457,295.16770362854004,118.94410138743012,337.65869140625,247.4765396118164,46.52266254649138,302.28368759155273,294.1065216064453,73.59693741863703,295.97925186157227,311.5455150604248,22.599477694692098,298.1101417541504,316.33352279663086,97.09292460782747,316.7556953430176,229.52243328094482,16.664500640446906,283.66220474243164,281.23294830322266,22.417044321087896,281.6134834289551,300.551118850708,34.3780074420414,286.39591217041016,305.9603691101074,106.45123407538632,300.8835220336914,214.68074798583984,31.148082349831984,267.971248626709,263.02273750305176,9.943926221132156,268.89320373535156,285.00452041625977,25.232492873160933,276.840877532959,293.9088821411133,70.40275562422235,291.70108795166016,202.83531188964844,90.01893910990425,259.5433235168457,231.578950881958,43.005303132156335,255.77552795410156,251.1393642425537,72.03920546706041,260.7086944580078,262.51959800720215,126.1713254506263
349,13.96,371.9644546508789,185.561842918396,4.915775296288152,373.6201477050781,226.40539169311523,19.422716713667068,354.1719055175781,257.0511531829834,37.86223830149849,330.00732421875,278.83790016174316,37.58109712382135,311.76605224609375,293.8992977142334,42.94222818831892,337.9638671875,247.15304374694824,11.118167341348048,302.4699020385742,292.3598384857178,43.914531653215406,295.69360733032227,309.65094566345215,47.89954330535396,297.02022552490234,314.54538345336914,52.35312608681269,317.0249557495117,229.46555614471436,6.880051559180404,283.46435546875,280.1381778717041,27.8126166606955,281.63692474365234,299.2987632751465,31.31437352553507,286.4019203186035,304.32251930236816,40.9465206897686,301.2714195251465,214.56951141357422,10.088298880588962,268.4804916381836,261.743745803833,34.41609553869921,269.5099639892578,283.6501693725586,37.204334092052996,277.55428314208984,292.11642265319824,48.230297654560566,292.07921981811523,202.32481956481934,15.882107112609106,260.09740829467773,229.326753616333,57.98384723521014,256.4670944213867,248.93282890319824,57.809289816266904,261.66772842407227,260.38716316223145,58.454172841372824
350,14.0,371.4155578613281,185.61176776885986,13.779064197928005,372.94708251953125,226.78603649139404,19.331114919540404,352.8855895996094,257.1590995788574,32.27093376013835,327.9768753051758,277.65652656555176,58.72800846068329,309.10757064819336,291.1882209777832,94.92583116997335,337.3228073120117,247.2832202911377,16.35358708009804,301.28950119018555,292.355375289917,29.510232155489863,294.4806671142578,309.26937103271484,31.788590391923567,296.06739044189453,313.9617347717285,27.934527011739256,317.0020294189453,229.14127349853516,8.12730164500432,283.15372467041016,279.2784118652344,22.854007837222863,280.8453178405762,298.2527446746826,32.79478237382277,285.5456733703613,303.66554260253906,26.981211292448453,301.7512893676758,214.0768575668335,17.19343767396306,267.8414535522461,260.5316162109375,34.25664009768483,267.5318908691406,282.65496253967285,55.35798219742465,274.95561599731445,292.0993709564209,64.96807720766633,292.87269592285156,201.9311285018921,22.144369795394965,260.92700958251953,227.65153884887695,46.73450822125185,256.2777900695801,247.00183868408203,48.50618107478291,260.5974006652832,259.02706146240234,43.268624206175865
351,14.04,371.1923599243164,187.87273406982422,56.79891027334244,372.61329650878906,228.2414674758911,37.330386848394824,353.1681442260742,258.45571517944336,33.17613159919642,328.5190963745117,278.9989757537842,36.19542021286754,310.32833099365234,292.3289108276367,41.768926507961446,336.72386169433594,248.5147190093994,34.235626053254805,302.18360900878906,290.9854030609131,40.89814099939223,292.7856254577637,308.70205879211426,44.68647303425317,290.9673500061035,316.55030250549316,142.98403616966925,316.5635871887207,230.28323650360107,30.580948871228546,283.58448028564453,278.939208984375,13.706955224429956,278.524169921875,299.66806411743164,67.96532565173486,279.81664657592773,308.63073348999023,189.5304536218491,301.0989189147949,215.18059730529785,32.052970007252654,266.60634994506836,259.9415874481201,34.22001298048467,263.15174102783203,283.4444046020508,111.26806426982772,267.77374267578125,296.0675811767578,205.131050732417,292.0494842529297,202.90979862213135,31.971399892566925,259.81502532958984,225.8944272994995,51.98527421130423,253.8446044921875,245.3115177154541,74.06743983954132,257.1961784362793,259.50496673583984,85.8658332132522
352,14.08,370.9719467163086,189.5320701599121,41.84777653989265,371.8684387207031,230.50004482269287,59.45578586205017,351.68521881103516,259.9459648132324,52.55896544344986,326.69246673583984,280.17900466918945,54.36591348254834,308.48487854003906,293.6806011199951,57.14774489857823,336.64085388183594,248.67633819580078,4.542236395012031,306.4370346069336,289.8138999938965,110.2951969573598,294.7039222717285,308.9432430267334,48.33498022587065,288.8147735595703,319.84222412109375,98.33086138589668,316.2104797363281,229.87469673156738,13.49975968000258,284.06694412231445,278.7740135192871,12.74904151740106,272.06321716308594,302.91852951049805,180.81315601821254,266.0568618774414,317.13300704956055,404.36704445842497,299.46144104003906,214.8048448562622,42.000920326756315,263.9311981201172,257.6576042175293,87.93824780833303,254.36832427978516,283.1576728820801,219.70239081696928,253.3711814880371,299.68377113342285,371.2399818256034,288.4768486022949,202.96724796295166,89.3274381102581,256.43543243408203,230.10508060455322,134.97974244939178,249.40118789672852,249.76713180541992,157.31427136369066,251.17122650146484,264.4742202758789,195.2458811377579
353,14.12,374.6921157836914,180.04700660705566,254.71318243717485,375.29354095458984,222.32478618621826,221.5939122102473,354.4287109375,255.24407386779785,136.09401050086248,329.7624206542969,281.5450859069824,84.00444560296961,312.65188217163086,303.67366790771484,270.67658641070886,340.650634765625,243.1611156463623,170.4699799558467,310.31911849975586,285.0987911224365,152.690100818272,294.4289207458496,305.56543350219727,84.72463862154689,283.1968307495117,320.28865814208984,140.89132503500656,320.70533752441406,225.10060787200928,163.92771077153495,286.7002868652344,273.5049819946289,147.26079588932302,269.22569274902344,298.92866134643555,122.39943006147995,258.20783615112305,316.7713165283203,196.43387068801692,305.0633239746094,208.71657371520996,206.8334745326535,268.5555648803711,250.6626319885254,209.63421180993618,253.41733932495117,275.53868293762207,191.95276137319703,247.0505714416504,294.78206634521484,199.9637798284136,295.05971908569336,194.8789358139038,260.7141361022085,264.6703338623047,215.7628583908081,413.4556653688726,251.3141632080078,233.567533493042,407.8039204261973,245.6100845336914,250.4739761352539,376.60750123871975
354,14.16,377.4209213256836,165.6602954864502,366.080452695989,380.521240234375,205.48097133636475,440.91023636904544,359.2628860473633,239.84041213989258,403.6103037124388,333.32305908203125,269.3916320800781,316.6075902593712,316.7944145202637,294.79305267333984,244.9820161773138,344.1877746582031,222.8564214706421,515.2620475236326,314.99767303466797,268.8530158996582,422.6509235802524,299.96416091918945,291.50476455688477,377.7741512516362,289.1166687011719,308.16192626953125,337.3630345070096,323.961181640625,205.80214977264404,489.27944847629067,290.7069206237793,255.75599670410156,454.88981696015395,274.9692916870117,281.50279998779297,458.70031941555584,265.16361236572266,298.74853134155273,482.9619606112619,308.14537048339844,191.82623863220215,429.2307289636188,271.96672439575195,234.01938915252686,424.7304596280666,258.2674980163574,258.5050964355469,442.766239436442,252.4888038635254,277.1161079406738,462.1014892756959,298.2766342163086,181.56097412109375,342.52431173635085,266.92962646484375,202.616229057312,333.4837570034593,253.53471755981445,220.5160903930664,330.9749127777925,247.64087677001953,237.64567852020264,324.7011479879043
355,14.2,377.7827453613281,145.55246829986572,502.7770572022428,383.14632415771484,183.14563751220703,562.2267128576452,364.17736053466797,213.00586223602295,682.0214109678111,337.2353744506836,236.75007820129395,821.879420583307,319.27167892456055,256.92395210266113,948.7510266664323,350.0721740722656,187.17169761657715,904.1659392103762,322.02281951904297,232.54069805145264,924.6408460302421,307.4631118774414,256.1216354370117,904.2262202388418,297.51758575439453,273.1234359741211,900.7882692108753,327.74112701416016,171.33244514465332,866.908488598939,293.60239028930664,221.22480869293213,866.309229593683,280.067195892334,250.7987880706787,778.1086745648615,273.87170791625977,271.3076591491699,719.7362341493464,309.5950508117676,161.16512775421143,767.3840683317014,274.18529510498047,203.52012634277344,764.4961935525965,263.5108757019043,231.48579597473145,688.0841186517059,261.5563201904297,251.17687225341797,686.9606067570777,298.7294006347656,156.57212734222412,624.8237055199578,266.4333152770996,184.5506715774536,451.8093429846458,258.13560485839844,205.51328659057617,392.3106915047426,258.70187759399414,221.01003170013428,499.4312292185591
356,14.24,380.3672409057617,125.69417953491211,500.64411629637175,382.08587646484375,160.90391635894775,556.6746745006552,363.28136444091797,187.9910945892334,625.770230107907,338.9372253417969,208.1874418258667,715.3323061567535,321.2783432006836,224.09973621368408,822.1374011696744,351.7079544067383,155.26973247528076,798.5968778031635,314.7990036010742,196.82777881622314,910.9048100373618,298.84552001953125,219.1787052154541,948.3680004303428,291.43123626708984,233.55905055999756,1000.7447986621406,330.7776641845703,137.07839012145996,859.70955979303,290.94112396240234,181.42245769500732,997.2805157729946,278.8085746765137,209.13964748382568,1041.9537303187035,276.9606018066406,226.17545127868652,1130.9446971256364,313.5480499267578,126.4727783203125,872.920855249368,275.4745674133301,165.04305839538574,962.4665516632793,266.82912826538086,191.26453399658203,1008.9476928928062,268.882999420166,207.06470489501953,1117.9119871413186,303.03775787353516,123.07289600372314,844.3786333627467,269.981689453125,147.40655422210693,932.8305089219217,263.44871520996094,166.19978427886963,991.7725941529,266.99329376220703,177.83092975616455,1099.1992616111036
357,14.28,377.70469665527344,110.77732801437378,378.815259370906,372.8588104248047,143.34242820739746,495.94897280635354,348.2207489013672,162.960205078125,730.3113934084363,320.7313919067383,168.27574253082275,1096.698486276854,303.32441329956055,169.32157516479492,1441.134649935702,344.78416442871094,126.83435440063477,731.6546290377936,303.7233352661133,161.24160289764404,931.7478017059242,286.4001274108887,183.92111778259277,934.7410299011689,276.38572692871094,200.65966129302979,904.4118134838801,326.7873001098633,108.2342791557312,727.9705277567847,283.95015716552734,146.1014986038208,900.1540728801239,273.26061248779297,174.04459476470947,888.2717101924038,272.8927803039551,191.58189296722412,870.7975684775496,311.1643409729004,97.85749197006226,717.8599625290427,270.8805465698242,130.69438934326172,866.3631214605214,267.0529556274414,155.29064655303955,899.3645939247436,272.7825927734375,168.72648239135742,963.4009202628154,299.87586975097656,95.93210935592651,683.1086280566917,266.3376998901367,119.36292171478271,706.9847877345996,263.9046287536621,139.5366382598877,666.676089261533,269.91228103637695,150.29291152954102,692.307254113291
358,14.32,378.24230194091797,91.08718872070312,492.4369279710512,367.44895935058594,125.81920623779297,458.4824129950729,336.2360382080078,146.36432647705078,511.77172459085443,305.0991630554199,155.1868200302124,509.70976489504176,283.7475395202637,163.72135162353516,509.05334364546314,332.13077545166016,107.86129474639893,570.1344387772403,288.91246795654297,140.40588855743408,639.0856664644663,276.15259170532227,163.00698280334473,582.2440585608545,271.83773040771484,177.9078483581543,580.0480929298881,318.8285446166992,88.3375883102417,535.7355315364073,273.8636779785156,124.23419952392578,602.0360409890332,265.05001068115234,149.9994707107544,635.2076298332004,266.5292739868164,164.9501609802246,684.5360478435543,308.8680648803711,77.34190464019775,516.0924138311001,265.0071716308594,107.82753467559814,590.2274855753224,263.42823028564453,130.4914426803589,626.5676073468868,269.987850189209,142.22488403320312,666.2137896581261,302.0422554016113,74.34132099151611,542.4800508912953,266.8619918823242,96.8862247467041,562.070274013794,264.52260971069336,115.2344799041748,607.7503605559394,270.3365135192871,124.94333267211914,633.8282108782544
359,14.36,377.42687225341797,87.4473524093628,93.25145424002761,363.62300872802734,120.15664100646973,170.84814742419533,332.8295135498047,138.73918533325195,208.78695437843993,302.74526596069336,149.35378074645996,157.2521439010478,279.8982048034668,159.49971199035645,142.82773486433527,321.16321563720703,105.27640342712402,281.701339427138,280.8599090576172,140.49519538879395,201.32635279999414,271.5309524536133,160.45742511749268,131.95594379949424,268.5089683532715,172.70607948303223,154.3920663548056,310.58862686157227,84.46286201477051,227.63697590142334,265.74975967407227,122.36012935638428,208.18833007047073,261.2137222290039,146.81512355804443,124.64242826245876,264.3330192565918,159.99525547027588,135.4959027345344,304.07703399658203,71.52570247650146,188.38488616792947,262.3400115966797,104.89957094192505,99.01614222448242,263.6627388000488,125.2635383605957,130.8290340003096,271.27492904663086,133.50375652313232,220.389764156789,300.84489822387695,66.34916067123413,202.03386287353203,265.87724685668945,88.46619844436646,211.93537590733024,263.8657760620117,106.01566314697266,231.0546645884253,270.07192611694336,114.10911798477173,270.93612529641257
360,14.4,377.7676010131836,87.23407745361328,10.049325054493,361.52992248535156,121.22660636901855,58.76774145062953,329.7820281982422,142.95949459075928,130.1397738899172,298.8775444030762,157.24677085876465,219.74212579776932,277.32566833496094,171.3086700439453,302.1479709856724,314.77447509765625,113.03452491760254,251.25243126028178,276.6604804992676,147.10444450378418,195.76352775843085,270.7842826843262,166.56795501708984,153.8995033257057,270.3179931640625,177.3618507385254,124.87187621101343,304.44921493530273,92.73935794830322,257.62468308835935,264.7248649597168,130.077223777771,194.62135591339887,262.9720687866211,151.7457389831543,130.86909272010985,266.9514465332031,162.00319290161133,82.49232589709564,299.14173126220703,79.51312780380249,234.72880154438235,262.23255157470703,112.45951652526855,189.01773210375882,264.3703269958496,130.63050270080566,135.33520256182874,271.9890022277832,138.4081220626831,123.9019316172428,296.4860153198242,73.19649696350098,202.92528562046837,266.7805480957031,96.0169529914856,190.11484581570033,266.4158248901367,111.10244750976562,142.2544467217474,272.58018493652344,118.38463068008423,123.9237949149083
361,14.44,370.55686950683594,94.57221508026123,257.19996195113094,353.93077850341797,131.25926971435547,314.64396849755485,322.8084182739258,154.89486694335938,345.58315621183624,292.6743507385254,168.68114948272705,325.21591496655276,271.8238067626953,181.61119937896729,291.9895026573745,309.8777961730957,126.57697677612305,360.01342581786184,274.14730072021484,160.72400093078613,346.23726499155333,267.5018310546875,178.961763381958,320.5278600274023,264.79833602905273,189.16394233703613,325.72609370038776,299.31304931640625,104.80868339538574,327.9184483338883,262.645206451416,141.6273593902588,293.39671540638307,259.0155029296875,162.39728450775146,284.0662724642995,261.2186813354492,173.64460945129395,324.4102110906448,293.20852279663086,90.51482677459717,312.4903427907507,258.78307342529297,124.5887804031372,315.25579071035156,259.2641830444336,142.67882823944092,327.1418407372336,265.0229835510254,152.02314376831055,382.3400255741323,289.81000900268555,83.44195604324341,305.7148304600548,265.1775360107422,109.73404169082642,345.2609249992265,265.66234588623047,124.60312843322754,338.042264375381,270.30359268188477,132.10840702056885,347.7830765519706
362,14.48,364.3519973754883,105.36128282546997,311.15151150311647,349.698486328125,141.08705520629883,267.5089539771268,320.93658447265625,163.57588291168213,222.01323161842427,291.2808609008789,176.6597557067871,202.48452287495016,270.1382255554199,188.45061779022217,176.10158327392358,306.5521430969238,142.16680526733398,398.5149940469804,270.8762741088867,170.85322380065918,266.10708727828904,261.10137939453125,185.98029613494873,237.46787079887307,255.64620971679688,195.31651496887207,275.69861944873634,296.4575386047363,120.41845321655273,396.7200329689987,260.19086837768555,153.36605072021484,299.8131183755854,253.97748947143555,172.93255805969238,291.9477354978901,254.1796875,184.65920448303223,326.7919234091146,291.40283584594727,104.89731073379517,362.38476633998494,256.62288665771484,135.44105529785156,276.6295777538836,254.00964736938477,153.84342670440674,308.48258059033697,257.68951416015625,164.52326774597168,362.3127729977524,289.07337188720703,96.11073732376099,317.2544851667714,263.68236541748047,119.7403621673584,252.9352493500286,261.94332122802734,134.72607135772705,269.6121263280335,264.98987197875977,143.06405067443848,304.4069599046163
363,14.52,363.3413314819336,109.86199378967285,115.31978562808163,349.2713928222656,144.9706792831421,97.67594647923794,320.1544189453125,165.02722263336182,41.21718315740869,291.21734619140625,177.8571653366089,29.977324137476412,269.57502365112305,189.00160789489746,19.697501117745187,306.93912506103516,146.94424152374268,119.82709476730355,268.00424575805664,173.98916244506836,106.30927178952521,258.15046310424805,187.6830768585205,85.17397322842527,254.4400405883789,196.28479957580566,38.66861652533216,296.72346115112305,125.52722454071045,127.89218907739482,257.11822509765625,155.7464075088501,97.17006730312818,250.26142120361328,174.1091537475586,97.44723182260276,251.08074188232422,185.76501846313477,82.25831454897944,292.35042572021484,109.88407373428345,126.89989113680646,256.6282653808594,139.37065601348877,98.24010991888419,253.53631973266602,156.3682508468628,64.22020711004203,257.15484619140625,165.49059391021729,27.63138777777646,291.3885688781738,100.78198671340942,130.33780142209466,267.1696662902832,124.2022705078125,141.57571608521133,266.1599540710449,138.36024284362793,139.16535785206548,270.38970947265625,145.32543182373047,146.355922460588
364,14.56,366.4603805541992,112.68959283828735,105.24906025390052,350.7473373413086,148.23490619659424,89.55999932237579,319.59136962890625,166.91903114318848,49.34549099562007,289.3182945251465,178.10644626617432,47.88357111897172,267.02070236206055,188.4960651397705,65.09671038644763,307.9175567626953,149.85712051391602,76.82037736746207,267.1404457092285,174.66509342193604,27.420717644747665,256.8697738647461,187.09321975708008,35.24996744941579,253.43399047851562,194.60187435150146,49.01768898925201,298.63935470581055,128.04739952087402,79.1435801389458,257.4892997741699,156.9873332977295,32.380484371914456,250.53255081176758,174.50122833251953,11.917260187176884,251.91932678222656,185.0282907485962,27.906006966617586,294.4329261779785,112.06575393676758,75.40116321424152,258.0324935913086,139.9809980392456,38.27837391584814,254.5114517211914,156.4395046234131,24.443295293880713,257.9547119140625,164.6956729888916,28.192246778166673,293.7966728210449,102.45032787322998,73.23902146918809,268.6518096923828,124.51762676239014,37.883032413013076,266.72618865966797,139.17723655700684,24.85080905440713,270.16183853149414,146.51760578155518,30.343902924862142
365,14.6,366.65958404541016,117.90626049041748,130.51174138677015,349.57603454589844,152.09567070007324,100.86331341802108,318.5118865966797,168.99710655212402,58.543151937735715,288.17371368408203,178.73670101165771,32.66579198810426,265.6721305847168,188.03738594055176,35.611027491881245,306.7308044433594,153.780198097229,102.46621026020635,261.11454010009766,174.75561618804932,150.6646374845047,249.44950103759766,186.4248275756836,186.25788060084435,246.86307907104492,193.46310138702393,166.7214754265583,298.94874572753906,131.25163078308105,80.47833864630547,254.18439865112305,156.67648315429688,82.98719496399947,245.45494079589844,173.04409503936768,132.06381248109327,245.85983276367188,183.22271347045898,158.069559585775,295.7162857055664,114.40367460250854,66.67497992289395,256.98997497558594,139.1691255569458,33.03390296010231,251.5578842163086,155.32832622528076,78.89185017468377,253.61331939697266,164.16688442230225,109.33694005115366,295.5908012390137,103.54528427124023,52.54656443162244,268.8804626464844,124.35490608215332,7.01606162655123,265.24044036865234,139.15669441223145,37.14725733455822,267.28742599487305,147.22017288208008,73.97570530850179
366,14.64,367.73624420166016,120.97705364227295,81.35173505194403,349.42630767822266,154.61853504180908,63.18258572238384,318.4631156921387,171.77470207214355,69.45059158298402,288.5431671142578,180.81604957580566,52.79788281913389,266.4495086669922,188.61074924468994,24.14878570102464,308.07825088500977,156.59345626831055,77.98250384811233,261.06189727783203,175.3669023513794,15.338718171161197,248.6078643798828,186.4134979248047,21.042822775807238,246.5139389038086,193.062744140625,13.280266872364175,300.2414321899414,134.11263942718506,78.48729495799033,252.86026000976562,155.96258640289307,37.608108444197164,243.6554718017578,171.7088270187378,56.019133716694945,245.8395004272461,182.0000696182251,30.57032255012459,296.4664077758789,117.2408938407898,73.36763645523118,258.5183906555176,140.03621578216553,43.931053576403215,253.97457122802734,155.66309452056885,60.99408743958401,257.6551055908203,164.18635368347168,101.04582713089891,296.10450744628906,106.07909917831421,64.63412435927113,270.5913543701172,126.13637924194336,61.74947929460398,268.1135559082031,140.49377918243408,79.22510881309984,271.8289566040039,148.2453203201294,116.39487623874277
367,14.68,369.5615005493164,119.87094640731812,53.356313765798035,352.02075958251953,154.89036083221436,65.21632245860278,321.91566467285156,173.74380111694336,99.36500110845469,292.2593879699707,182.96027183532715,107.26132383885765,270.9085464477539,190.92570304870605,125.60361520719923,310.63594818115234,157.18767642974854,65.6454161525885,263.0534362792969,180.2870750427246,132.69873517439513,253.99856567382812,191.61209106445312,187.2248499000324,257.308406829834,195.81327438354492,278.48468811499316,301.41138076782227,135.09891986846924,38.255136777179686,254.5113182067871,160.21008968353271,113.92782059542242,246.73627853393555,176.0015058517456,132.09480895455584,250.8627700805664,185.11825561523438,147.80967898346827,296.81657791137695,118.77970218658447,39.453693180123146,259.2987251281738,143.71503353118896,94.01669372957649,256.62662506103516,158.86316299438477,103.90448670017204,262.61266708374023,166.01616382598877,132.11174511029674,296.31160736083984,108.4291934967041,58.98004789723065,270.2456855773926,128.98800373077393,71.81246905813902,268.9141273498535,142.7937126159668,60.88210139209516,274.90100860595703,149.17380809783936,80.23244767572604
368,14.72,372.09217071533203,119.27053928375244,65.02297768476713,355.2396774291992,154.84997749328613,80.47927884607934,326.88549041748047,172.71756649017334,126.86687274747412,298.4911918640137,180.00994205474854,172.3728255627503,277.5270652770996,185.28273582458496,217.43946080879118,315.79320907592773,156.87649726867676,129.16600851003912,269.2620849609375,182.00318813323975,161.0364139555773,260.6257629394531,194.6486234664917,182.24343716945205,265.5679702758789,198.76673698425293,219.29336750831973,305.1141548156738,135.52677154541016,93.18527481214576,258.42992782592773,162.954683303833,119.60428370206506,251.2748146057129,179.2078399658203,138.92193879546025,256.86511993408203,187.77212619781494,164.07169323402033,298.8968849182129,119.86352205276489,58.64268254127087,260.39867401123047,147.24459171295166,92.4245249642429,257.5429153442383,162.70967960357666,98.85367313573119,263.9376640319824,169.73371982574463,98.66559533397361,297.2520065307617,110.33867597579956,53.212274998128315,270.73450088500977,132.59289264678955,90.94697803450231,269.30192947387695,146.4722728729248,92.4736315506617,275.5398178100586,152.28461265563965,79.39293968954335
369,14.76,374.537353515625,119.72352504730225,62.16970237195206,358.3039855957031,155.37950992584229,77.74312323459615,329.56207275390625,172.50755310058594,67.12022155930583,301.8377113342285,180.00832557678223,83.66299651551475,281.43545150756836,184.90533828735352,98.16412222531358,318.44560623168945,157.230863571167,66.89911316785827,274.06864166259766,182.91533946990967,122.30854269853478,264.38358306884766,195.8224582672119,98.42224171987435,267.35822677612305,201.05133533477783,72.56207669940056,307.8141975402832,136.55992984771729,72.27398733440583,262.3072052001953,163.80877017974854,99.25580659531471,254.11462783813477,180.11670112609863,74.5426379819833,257.5924873352051,189.69536304473877,51.404664827121984,301.46142959594727,121.14535331726074,71.67627220153969,261.650390625,147.07952499389648,31.563839109476827,256.44969940185547,163.2429027557373,30.408140631663862,260.7344436645508,172.20398426055908,101.12747864773841,299.98477935791016,111.790030002594,77.35662478051444,272.48666763305664,133.16964626312256,46.11624609962824,268.5887908935547,147.65788078308105,34.58895010846245,272.58249282836914,155.42899131774902,107.91457332669805
370,14.8,373.25927734375,121.6130018234253,57.02850815942298,357.4021530151367,157.1691083908081,50.099679821700725,327.74913787841797,174.59951877593994,69.20555094075296,299.17795181274414,182.9117774963379,98.43892066053657,278.2233238220215,188.7608814239502,125.45660889928858,314.37992095947266,160.04040241241455,123.54985135867031,271.30664825439453,186.2497901916504,108.24500335660632,262.65323638916016,198.04248332977295,70.36783227399027,263.4288787841797,203.1372356414795,111.21700558841987,304.621639251709,138.9415454864502,99.5757295874637,261.3932991027832,167.23217010498047,88.58220547521466,254.62127685546875,182.79054164886475,68.03545200827126,256.47417068481445,191.65746688842773,56.46062579333449,299.94842529296875,123.44072341918945,68.72911467156642,260.55580139160156,149.36317920684814,63.310752217749545,255.55002212524414,165.0523853302002,50.52008504876815,258.5811424255371,173.79385471343994,66.91596541036284,299.53832626342773,114.1849422454834,60.90425383703961,271.7007827758789,134.3379020690918,35.19975707410939,266.39476776123047,148.49830627441406,58.73698000225297,267.7334976196289,156.63299560546875,124.90591674144494
371,14.84,372.6329803466797,123.13210487365723,41.078598486341214,356.3115692138672,158.24103355407715,38.22954177760362,326.88037872314453,173.97748947143555,26.71215694133522,299.4301986694336,180.7090187072754,55.42886634857893,279.2131233215332,185.2303647994995,91.66600611989531,312.11456298828125,160.35851955413818,57.18962566267405,269.4012260437012,185.99867820739746,48.04744419346759,263.26377868652344,197.53005981445312,19.92705064608094,267.30674743652344,201.76610469818115,102.82833190717832,302.71297454833984,139.29977416992188,48.549773039821346,260.2870178222656,167.5897979736328,29.066260122997743,253.80599975585938,182.3573112487793,23.08090835389816,256.1005973815918,190.5232286453247,29.854369498012023,298.6236000061035,123.93937110900879,35.38901276596763,259.55726623535156,149.41267490386963,24.994027815295876,254.70033645629883,164.58679676055908,24.222128986108718,257.7359199523926,173.13747882843018,26.7538587348969,298.8880920410156,114.86118078231812,23.45345260692228,270.32222747802734,134.77811336517334,36.17838351861856,264.65532302856445,148.39558124542236,43.56188421071863,266.00711822509766,156.04342460632324,45.60687843472407
372,14.88,374.1002655029297,123.6875581741333,39.222554885242296,357.5160598754883,158.9837408065796,35.376650287055035,327.86632537841797,174.55371379852295,28.54957620276753,299.9547576904297,181.7310619354248,28.71992477699993,279.50979232788086,186.739239692688,38.444082303244684,312.2615623474121,160.93256950378418,14.814312257776557,270.1301956176758,185.1996374130249,27.040049357992267,263.8531494140625,197.35479354858398,15.371973654016344,266.90114974975586,203.08427810668945,34.47907534296709,302.9162788391113,139.7052526473999,11.339792500967429,261.04618072509766,167.59835243225098,18.980277457775184,254.9121856689453,182.90379524230957,30.845299778638935,256.7282485961914,191.9725227355957,39.484169353701105,298.9190483093262,124.30658340454102,11.782788556491889,260.7724380493164,150.1805305480957,35.93609630149441,256.9468879699707,165.3691005706787,59.47159487367205,260.26092529296875,173.95716190338135,66.3679719127551,299.3696594238281,114.93498802185059,12.179764283338072,271.9568061828613,135.00823974609375,41.26746367821349,268.0545425415039,149.17589664459229,87.19083029241825,270.95287322998047,157.29131698608398,127.51893967120216
373,14.92,375.08392333984375,124.37484741210938,29.999471211591644,357.9982376098633,160.18897533416748,32.45271207866353,328.17909240722656,175.78797340393066,31.831784310761662,300.322322845459,182.36167430877686,18.247878448884432,280.3092384338379,186.75222873687744,19.98879047739658,311.9874572753906,162.67414569854736,44.075370337877715,269.3711853027344,185.48353672027588,20.259187342491018,264.0611457824707,196.7592430114746,15.770679509818727,268.3386993408203,201.53178691864014,52.89599297052398,303.1845283508301,141.1083984375,35.71393205750537,261.9249153137207,167.77104377746582,22.388568203921448,256.01903915405273,182.61252880096436,28.613379490069317,258.3868408203125,191.4052963256836,43.822610930437044,299.6652030944824,125.43020725250244,33.72014897579053,262.52498626708984,150.78879833221436,46.37762763996146,258.1071472167969,166.01029872894287,33.14114321737207,261.1660957336426,174.99558448791504,34.43884970802672,300.211124420166,115.76406955718994,29.532180882710275,273.41796875,135.8186674118042,41.77161902054552,269.4343566894531,149.7373867034912,37.242097896090215,272.1398735046387,157.73147106170654,31.649499031637518
374,14.96,374.71771240234375,124.8323392868042,14.65028297841917,357.7659606933594,160.1048469543457,6.176070263120386,327.4025344848633,176.24639511108398,22.544299007378513,298.74229431152344,183.28027725219727,45.69136635973444,278.15149307250977,188.736891746521,73.29201997054511,312.5950813293457,162.54920482635498,15.50840926096623,266.9811248779297,183.24395656585693,81.8844769411637,262.0772171020508,194.08753395080566,83.1940589595092,267.1707344055176,197.8962278366089,95.46410296885365,303.9347457885742,141.07086181640625,18.778897761492143,260.64945220947266,165.69386959075928,60.93776913898541,257.56399154663086,180.22421836853027,71.11128873553739,263.48045349121094,187.27588176727295,163.93015783472944,300.44055938720703,125.57069778442383,19.699539496952784,263.0453300476074,149.81818199157715,27.53240965929163,261.6193199157715,164.77319240570068,93.09198784813732,267.5253486633301,172.207932472229,173.58553652359956,300.6993293762207,116.1928653717041,16.244420766474356,274.6352005004883,135.53163528442383,31.26540196992183,273.3865165710449,148.8320016860962,101.36348504080213,278.5194969177246,155.21789073944092,171.42359983618655
375,15.0,374.1390609741211,125.30847072601318,18.733970194331118,357.26993560791016,161.01120471954346,25.830278791676488,326.54956817626953,177.4881649017334,37.66251233459421,297.39858627319336,184.490704536438,45.21259160004018,276.44140243530273,190.10172843933105,54.69911554074622,312.2529411315918,163.098406791687,16.176424080348532,266.10010147094727,182.65292644500732,26.522618264917046,259.9945259094238,193.74345302581787,52.77306537658638,264.29067611694336,198.1222915649414,72.22292120084116,303.58495712280273,141.4048147201538,12.090198835824138,259.82391357421875,165.17257690429688,24.408759995850755,256.3396644592285,179.77083206176758,32.63946958923949,262.4250793457031,186.8805456161499,28.17473668234463,299.952392578125,125.80146789550781,13.499112879626729,262.3624801635742,149.6880340576172,17.378550875256497,261.2077331542969,164.48155403137207,12.610922934161911,267.5507354736328,171.62042140960693,14.701482468629253,299.9041938781738,116.50573253631592,21.36185740617037,274.35447692871094,135.84490299224854,10.51612988809261,273.6903381347656,149.10417079925537,10.197535509240321,279.25743103027344,155.46064853668213,19.42096326435418
376,15.04,373.9268493652344,126.12532138824463,21.099152402025545,358.04283142089844,162.16248035430908,34.66629779897733,326.9172668457031,178.93316745758057,37.27628852491288,297.1384811401367,186.56002521514893,52.140092249049985,275.538387298584,193.12291145324707,78.83124039965787,311.8499946594238,164.79153156280518,43.51032456502815,265.931453704834,182.71664142608643,4.5070547359743625,258.22912216186523,194.48186874389648,47.840282219847694,260.4726982116699,200.23432731628418,109.08038979379549,303.50610733032227,142.93241500854492,38.240848013502074,259.02976989746094,165.48362731933594,21.322179473942004,255.83904266357422,180.55243492126465,23.204595615121825,261.9981384277344,187.8451108932495,26.370730948608596,300.2916145324707,127.08818435668945,33.267014310217284,261.52997970581055,149.74103450775146,20.854646662841702,260.7726287841797,164.74257946014404,12.684884887156707,267.2993278503418,171.83072090148926,8.194192659087935,300.5163383483887,117.45922565460205,28.326996609171534,274.2037010192871,135.3519344329834,12.887769766490997,273.40763092041016,148.97180557250977,7.804002270471723,278.84838104248047,155.8340549468994,13.84634969280684
377,15.08,373.52893829345703,126.92461967468262,22.321667888871158,358.98021697998047,162.66653537750244,26.607836636764436,329.34356689453125,180.81909656524658,76.82634853227967,301.3948631286621,188.4569263458252,116.49844830459189,281.34166717529297,193.08387279510498,145.08527954328486,311.97547912597656,166.70220851898193,47.86982858630074,267.9988670349121,185.0238847732544,77.44986176728939,258.5034370422363,196.23165607452393,44.278976077940435,256.8468475341797,202.0982837677002,101.9225404051766,303.2753372192383,145.13769149780273,55.43295070535088,258.9643096923828,167.6390504837036,53.91042371344823,257.0477485656738,182.33306407928467,53.80293995313775,264.0055847167969,188.70426177978516,54.58926662647261,299.8661231994629,129.6397876739502,64.67090904688516,261.5110206604004,152.28259563446045,63.540795980816064,261.8522071838379,166.49827480316162,51.52642318814553,269.25214767456055,172.45380878448486,51.245388669357936,300.10711669921875,120.30389785766602,71.84889656874584,275.15979766845703,138.0441427230835,71.4235005085758,274.28625106811523,151.40522003173828,64.67939825755813,279.34505462646484,158.0005645751953,55.56779990767312
378,15.12,373.55960845947266,127.47998714447021,13.905342623918518,360.1887512207031,161.94750308990479,35.156457813670286,333.7480926513672,180.73395252227783,110.13371603045843,308.6220932006836,189.85792636871338,184.04424668076487,290.74670791625977,194.4517707824707,237.599895100835,311.99419021606445,168.02730560302734,33.13072957087881,269.5819664001465,185.0411081314087,39.579826334507146,258.8078498840332,195.36316394805908,23.007413913539306,255.32211303710938,201.45330905914307,41.38846201867898,303.2971954345703,146.81469440460205,41.92863379445229,260.0796699523926,168.15698146820068,30.743708851478424,258.7110137939453,182.85748958587646,43.59955082581883,266.07749938964844,189.59941864013672,56.42548302967854,300.4322052001953,131.5050458908081,48.73164428216262,263.7986373901367,153.31739902496338,62.7694609223202,264.6282958984375,167.24442958831787,71.8653929002813,272.3667907714844,173.2256269454956,80.22119769300872,301.60099029541016,122.4722957611084,65.82936174806025,277.77782440185547,140.26134967803955,85.768841435477,277.0806121826172,153.193359375,82.93783948371006,282.3944091796875,159.56367015838623,85.66600206420269
379,15.16,374.1230773925781,127.00671672821045,18.39636726166519,362.20420837402344,161.76655769348145,50.58908462650823,335.78304290771484,181.14080429077148,51.88057745519876,312.18982696533203,191.22565269470215,95.52290143669492,296.4215850830078,196.4555311203003,150.45615297557893,311.35828018188477,169.57868099212646,41.91618996188153,271.10706329345703,186.47649765014648,52.3585213007861,260.57891845703125,196.8808650970459,58.31005845851791,256.182918548584,203.1008005142212,46.47051634598881,302.7791213989258,148.1958532333374,36.87818135939782,261.66378021240234,169.9224615097046,59.29968956925935,260.38021087646484,184.6391487121582,61.035482214009754,266.3500785827637,191.14717483520508,39.28938037093992,300.0026512145996,132.8983497619629,36.4504141258716,264.54803466796875,154.4740390777588,34.45479367730117,265.05008697509766,168.59571933746338,35.38972042217788,271.5260124206543,174.63529586791992,41.0340918176085,301.28793716430664,124.09978866577148,41.433194856467466,277.291259765625,141.5411138534546,34.228473982798874,275.50941467285156,154.53721046447754,51.68774858092383,279.5439338684082,161.1084222793579,81.05348780072372
380,15.2,375.1951217651367,126.02816104888916,36.28748367435474,362.5771713256836,161.01551055908203,20.963855224538072,336.26914978027344,182.41799354553223,34.16423828384914,313.54318618774414,194.51339721679688,88.88491585841419,297.2800827026367,197.81075477600098,40.10649355060244,311.4978218078613,167.31654167175293,56.66097736846885,272.3051452636719,185.5294704437256,38.179354180754984,262.74566650390625,197.18489170074463,54.699344570988764,258.6717987060547,203.87668132781982,65.17531873321502,302.70986557006836,146.3765573501587,45.51533999915395,262.6927375793457,169.421968460083,28.60557808044747,261.7744445800781,185.2536106109619,38.09077189238777,267.7389144897461,192.24769592285156,44.30019639402211,299.9527931213379,131.51324272155762,34.650102298225164,265.5951499938965,154.03451442718506,28.39049603580731,266.91944122314453,168.7551212310791,46.90345315365367,273.78061294555664,175.2691125869751,58.54991012078814,301.29404067993164,123.05226802825928,26.188460470655833,277.8614807128906,140.85162162780762,22.368385306165408,276.33535385131836,154.44361209869385,20.780642744567977,280.34961700439453,161.65912628173828,24.397748536628896
381,15.24,375.0782775878906,120.72429656982422,132.62878405073675,363.5850143432617,157.4202060699463,93.34734167907716,338.0731964111328,181.70363903045654,48.508289365865586,314.18418884277344,195.28553009033203,25.08826391647429,296.3003349304199,197.65821933746338,24.78876707772133,313.5061264038086,162.4808406829834,130.90380867952604,274.24652099609375,185.785174369812,48.95357642867235,265.8896827697754,198.50159168243408,85.21493825113184,262.57373809814453,204.74950790405273,99.95923310192799,303.721981048584,141.97903633117676,112.81225790621896,264.6199417114258,169.24238204956055,48.38883552503918,265.5861282348633,184.9917984008789,95.51661477690962,272.2162628173828,190.7343578338623,118.15466616520321,300.48791885375977,127.85539627075195,92.41956031859422,265.68790435791016,152.91579723358154,28.06389508010812,267.96762466430664,167.94206142425537,33.16393726435655,275.1015281677246,173.6579418182373,52.08579622957554,301.25362396240234,120.47472953796387,64.44638362628554,277.0911979675293,139.89134788513184,30.77601713057118,276.1212921142578,153.73725414276123,18.452032225182606,280.5740547180176,160.35781860351562,33.013008427527296
382,15.28,378.1758499145508,114.9690055847168,163.39814993243797,368.16463470458984,149.78469371795654,222.58982952293542,344.96726989746094,174.36299800872803,251.760376951944,322.1367645263672,189.85605239868164,240.7315517430877,306.8360137939453,197.21351623535156,263.62649947933386,318.81141662597656,154.10852909088135,247.79238504325227,282.51678466796875,182.33506679534912,224.02637048696627,274.1603088378906,196.50049209594727,212.73171941677055,270.848388671875,203.63545417785645,208.7327205755452,307.5477600097656,135.519118309021,187.6951076759742,269.07934188842773,165.58399200439453,144.20052804431504,271.6837692260742,181.3867950439453,177.08979865663915,279.90739822387695,187.23146438598633,211.28154549705744,303.1123352050781,123.18130016326904,134.01197616037453,269.8731231689453,150.62504768371582,119.2780103279009,273.05490493774414,166.00433349609375,136.09557786736644,280.65019607543945,172.03391075134277,144.53631130347318,303.9537811279297,117.1853256225586,106.39263025825673,282.23697662353516,138.45155239105225,133.5852935425934,283.1645202636719,152.72488117218018,177.89034859335004,288.94861221313477,158.84440898895264,212.75517311641795
383,15.32,383.9316177368164,108.14799070358276,223.12427483422817,375.9447479248047,143.05219173431396,257.2167673858873,353.6817932128906,171.7538595199585,227.41828239604303,330.5525588989258,189.9067211151123,210.39867252434962,315.1166534423828,195.43391704559326,211.74271868157524,326.9866180419922,146.42827033996582,280.42411258823483,293.1025505065918,177.9330539703369,286.6140210519744,287.79476165771484,194.3047857284546,345.2530142412413,287.5862693786621,202.46698379516602,419.46541394215456,313.51612091064453,127.98571586608887,240.27781343987505,275.7132148742676,162.12035179138184,187.09134519910035,279.8043632507324,178.69746208190918,213.8582461205444,289.23051834106445,184.39458847045898,243.62937230505142,307.2823143005371,116.61176919937134,194.5306253880344,275.8793067932129,148.3801031112671,160.30053388437886,280.006160736084,164.32737350463867,178.76687330657475,288.7404251098633,170.33602237701416,206.66190801813622,307.5240898132324,112.34365940093994,150.39289359439323,286.5653419494629,135.9021234512329,125.58446936694105,287.9873847961426,150.8061933517456,129.76272878519427,294.27406311035156,157.48486518859863,137.40630126505343
384,15.36,393.0052947998047,102.74155855178833,264.0562488080857,386.9388961791992,137.93591022491455,303.157995444443,365.2255630493164,169.1709280014038,295.7301950954587,341.7335891723633,190.10129928588867,279.5680805278793,324.4851303100586,194.9530792236328,234.52020679357764,338.86966705322266,138.1373691558838,362.237746728166,303.17670822143555,174.20984745025635,268.5038645610109,300.19495010375977,193.6942720413208,310.3802108499385,303.15210342407227,203.7784767150879,390.5246496767643,324.48070526123047,121.02770805358887,324.6497946825982,286.58769607543945,158.95309925079346,283.1583369451887,289.67735290527344,179.70717430114746,248.1121766010702,299.66928482055664,188.88333320617676,284.07379643743513,317.1198272705078,111.57179832458496,276.3353576872637,285.29571533203125,146.0644769668579,242.4237949988133,289.102783203125,165.45507431030273,229.15640048743288,298.96501541137695,174.37033653259277,274.79303295811263,315.95136642456055,109.15748119354248,225.23698998656468,295.6595993041992,135.19579410552979,228.0411393515121,297.038631439209,152.67818927764893,231.07011184408339,303.8345146179199,161.96964740753174,264.00225446459814
385,15.4,403.6433792114258,100.09088516235352,274.0835973820688,401.5005111694336,136.3870668411255,366.0938634347461,380.65540313720703,168.46552848815918,386.14889745663714,357.9781723022461,189.80462551116943,406.1822992760451,343.09932708740234,203.29972743988037,509.99684932327216,356.7488098144531,138.58779430389404,447.12038975147675,319.1830062866211,176.53900623321533,404.3718573199345,319.4944953918457,196.3732624053955,487.11487203846826,325.6339645385742,204.10077095031738,562.1042789964649,341.1510467529297,121.19845390319824,416.7803975079587,302.5080108642578,161.83748245239258,404.4873989297564,310.7048797607422,182.42368698120117,530.0567934183752,322.90760040283203,188.44542503356934,581.0610309323473,331.95438385009766,112.10072994232178,371.0995802757108,299.37206268310547,147.89969444274902,354.88693439945627,307.77435302734375,166.1352825164795,467.0988940420075,319.6262741088867,171.4348840713501,521.7186095717923,328.6940383911133,110.01991510391235,319.2955929629753,307.4807548522949,137.26326942443848,300.01476285194116,311.8704605102539,153.73053073883057,371.7278710155582,320.4905319213867,159.6619176864624,420.37819942202947
386,15.44,416.4518737792969,102.52843379974365,325.9593307212821,415.7038879394531,137.77875423431396,356.78486643870053,398.77952575683594,173.34474563598633,469.2351360905017,378.2292175292969,197.24789142608643,539.3903041097776,365.36285400390625,212.1470832824707,598.9262977233254,378.64612579345703,144.7437858581543,568.654485991089,346.9132995605469,184.91662502288818,724.2037272252078,346.5879821777344,207.16727256774902,729.1123377102612,350.95348358154297,217.65246391296387,717.9512634578249,361.8762969970703,128.73342990875244,551.31199259501,327.9254150390625,173.11564922332764,695.1804984581354,332.9774475097656,196.08592987060547,653.224767453706,342.6896667480469,204.37162399291992,634.908439353316,350.8265686035156,120.53788661956787,516.8080943176224,319.0580940246582,161.00436687469482,591.2234505292801,325.76622009277344,181.5740203857422,592.6961212838643,336.47518157958984,188.44688415527344,598.5888769701013,344.6205520629883,118.90739679336548,455.96132547124125,321.39705657958984,150.0366497039795,472.24377810279236,324.91588592529297,168.30389499664307,488.9824064129468,332.5386428833008,175.3613805770874,494.74116515905644
387,15.48,427.34989166259766,106.8066930770874,292.69256079216626,431.67137145996094,142.1907377243042,414.1453008106235,419.1098403930664,177.15680122375488,517.1154736929922,398.81324768066406,201.41507148742676,525.0402882970184,382.9735565185547,219.54691886901855,477.5552387992571,411.2423324584961,158.3525848388672,883.0742107289842,382.60936737060547,203.96766185760498,1011.5431471204149,375.94661712646484,226.50057792663574,878.8153041711809,376.06536865234375,238.5514211654663,816.7669442882069,391.3124084472656,144.9787473678589,840.5336833879222,360.55946350097656,195.0069522857666,982.4110229386251,357.33028411865234,218.27157497406006,823.5834427805312,362.2871398925781,229.7371530532837,801.3547194293792,374.1848373413086,137.45902061462402,721.0814335537983,344.234619140625,185.48821449279785,877.9650516611539,345.39051055908203,206.6693115234375,796.4320488873091,353.6200714111328,216.63928985595703,824.9087019663458,360.78651428222656,135.53210735321045,579.7194017757969,338.22154998779297,173.7188959121704,726.2542443542256,338.76293182373047,191.6422462463379,678.4261746717393,345.00431060791016,200.13416290283203,693.3089210351568
388,15.52,423.6668395996094,123.67984771728516,431.76108845829685,440.5657196044922,157.33612060546875,439.0985449853474,433.63574981689453,189.8274850845337,481.8896879013516,412.8249740600586,212.59170055389404,448.0830792250068,398.13182830810547,228.57323169708252,441.05521686346367,423.33656311035156,170.1760768890381,422.83668487426587,403.60755920410156,219.6785831451416,655.6280900687301,396.39217376708984,247.1041488647461,725.6582881024092,391.4329528808594,266.6070556640625,799.7191976482053,398.14186096191406,159.89493370056152,410.13262821444636,375.8386993408203,214.46179389953613,618.4385125390521,375.32039642333984,243.3695125579834,771.990370609383,378.9218521118164,258.3181571960449,826.7358437045542,377.09789276123047,156.16999626159668,473.4095092657229,355.71727752685547,206.87501907348633,606.860184570665,361.87774658203125,231.9107151031494,753.7230120999059,370.7244873046875,243.00756454467773,785.7508165440854,362.4490737915039,158.30679416656494,570.8822468164251,346.13685607910156,200.20009517669678,690.9712299576312,352.87513732910156,219.4055986404419,778.6037504665911,361.8220901489258,227.0459747314453,793.3644042103592
389,15.56,428.85753631591797,144.7323989868164,542.0754371838726,447.5357437133789,178.02133083343506,545.6986108728105,441.12754821777344,213.9768362045288,632.1185622552451,421.7303466796875,240.09143829345703,722.6432545000944,405.95497131347656,256.777868270874,731.7372695946544,432.5894546508789,195.0560760498047,663.621861501577,410.79254150390625,248.23885917663574,736.2546000041551,402.0625686645508,275.6096935272217,726.6014445681094,398.71150970458984,290.7996940612793,631.595767706075,408.34014892578125,183.77539157867432,649.173198125064,385.9030532836914,243.6144733428955,771.0260773048849,383.24337005615234,271.76708221435547,737.0530313242162,385.36598205566406,283.1005668640137,640.1633774300437,386.7498779296875,177.018141746521,574.3507137698427,366.07479095458984,231.59671783447266,670.093498156531,368.3174514770508,256.73340797424316,641.1103066690176,375.2458953857422,267.2153949737549,615.6613238615754,370.86143493652344,173.52190017700195,434.64588384041923,349.70767974853516,211.25597476959229,290.45573592501853,351.05419158935547,231.4830493927002,305.34883745922883,358.2280731201172,241.3754940032959,369.33392831361255
390,15.6,429.7322082519531,164.06413078308105,483.7877280109513,448.6958694458008,196.08256816864014,452.46145263549334,444.2498779296875,230.4036569595337,418.0231624465926,426.63238525390625,255.65757751464844,407.9940811738587,410.2002716064453,270.6889343261719,363.6106549012459,434.5139694213867,215.12486457824707,504.0213475769425,412.7909851074219,267.61281967163086,486.91896277644594,400.8739471435547,294.36450004577637,469.8108586632207,394.1883850097656,311.4939880371094,529.5708522963463,409.55814361572266,203.12011241912842,484.5756748562503,387.01480865478516,261.342830657959,444.079562899291,383.4788513183594,288.10632705688477,408.5235408218317,385.0595474243164,300.276460647583,429.46567779607324,388.14239501953125,195.37749767303467,460.30224709010463,366.4398956298828,247.66874313354492,401.9042941406727,367.3159408569336,272.4789619445801,394.43432070101994,374.346923828125,283.8936424255371,417.56143853650826,372.7528381347656,190.421462059021,425.12689125021234,349.2020797729492,222.94628620147705,292.5309948426065,348.50032806396484,243.39640617370605,304.6004439198371,355.0931930541992,255.5163288116455,362.10381980234774
391,15.64,428.3724594116211,180.68939208984375,417.019356885059,444.3300247192383,214.18840885162354,465.6192563498303,437.2889709472656,246.47375106811523,437.82284564978215,419.5005416870117,271.0245895385742,423.5329467749044,402.9210662841797,285.42354583740234,410.8646420283887,429.2430114746094,237.74755954742432,580.7157896430128,408.7725830078125,286.9610595703125,494.0280499444599,396.90433502197266,311.61346435546875,442.49617946998467,390.15472412109375,327.78679847717285,419.617453909393,405.87684631347656,224.73621368408203,548.1832401922359,384.3772506713867,279.32350158691406,454.32727684123745,379.0958023071289,303.1552505493164,391.85553533469874,378.73165130615234,314.4587802886963,388.2496455930316,385.59898376464844,214.2940378189087,477.1690161134785,362.9387664794922,264.2590141296387,423.89193570674985,362.2993469238281,286.8672180175781,380.94301371057765,367.82508850097656,297.05294609069824,367.1695869982669,370.1657485961914,205.31192779541016,377.83842622143044,345.40313720703125,236.17823123931885,344.16232916278904,344.17640686035156,254.06058311462402,287.6857708532252,350.5310821533203,263.74754905700684,235.2735676286814
392,15.68,425.0383758544922,192.25808143615723,300.98866917774524,441.6719436645508,225.22882461547852,283.8971811370119,434.0354919433594,257.43879318237305,285.93844857362467,415.6998062133789,282.5060749053955,302.3554369126904,400.1250457763672,297.19860076904297,302.56161492667724,424.26300048828125,251.84537887573242,373.7888936598826,403.4929656982422,299.26486015319824,334.71804152799075,391.85741424560547,322.241792678833,294.1436429197409,385.1612854003906,336.4523506164551,250.03277802124768,401.21631622314453,239.6141767501831,389.77102711011463,379.2638397216797,293.70723724365234,381.6402289653077,374.41490173339844,315.5298900604248,330.759101548086,374.4377899169922,324.61180686950684,275.59162993000837,381.93115234375,228.61001014709473,369.4591072039622,357.53379821777344,276.5859603881836,336.4959936344355,356.47167205810547,297.89039611816406,311.7212795288976,362.5121307373047,306.9114875793457,279.975847710504,367.9349136352539,218.2314920425415,327.7687494243232,341.5712356567383,245.3546905517578,248.60972804275158,339.6509552001953,261.5497398376465,218.75668725550352,346.5961456298828,270.64476013183594,198.51833362158834
393,15.72,423.35479736328125,199.68282222747803,190.33065365695026,438.5683059692383,233.70363235473633,225.63096690329988,429.3164825439453,265.7468032836914,238.8672245665023,411.6978454589844,290.2261447906494,217.39245748317475,396.2460708618164,304.29144859313965,202.10600041115066,419.26990509033203,262.40026473999023,291.90818040581166,395.71250915527344,309.10017013549805,313.517171045853,384.22630310058594,330.9356117248535,289.1975394438357,378.42174530029297,343.3729934692383,241.50142113531592,397.47840881347656,249.23383712768555,258.008984317578,373.96392822265625,302.3521614074707,253.50514750154906,370.53382873535156,323.11288833618164,212.96213053366392,372.5777816772461,329.8554039001465,139.09291065609776,379.4483184814453,236.78235054016113,213.52928881062135,352.7425003051758,284.7297763824463,236.21795369381795,352.0960235595703,305.61344146728516,221.91176349975504,358.7067413330078,313.1722068786621,183.16248705583766,366.40140533447266,224.60906982421875,163.98389034808469,338.4567642211914,251.90600395202637,181.34848977758222,336.4048767089844,266.9383907318115,157.2708333383211,343.2215118408203,274.10762786865234,120.88115592640543
394,15.76,421.7735290527344,204.75048065185547,132.71579450112424,434.7515106201172,240.6588363647461,198.34122988855648,423.3517074584961,273.43339920043945,243.2363801523164,404.40521240234375,298.2269096374512,270.64129284976354,388.3586883544922,313.3631229400635,300.52670250898666,415.13648986816406,272.6853275299072,277.11418899907596,387.7773666381836,317.1133804321289,281.933088276897,376.61502838134766,335.5484676361084,222.49991925520288,374.3586730957031,341.9677734375,107.48022805762088,394.7602081298828,257.6700210571289,221.5821154895064,367.2983932495117,307.7687931060791,214.72257600882085,362.5877380371094,326.0116195678711,211.45773829873025,366.14723205566406,329.15431022644043,161.7163813110384,377.54329681396484,243.1553077697754,166.2898286953811,348.4227752685547,287.2918510437012,125.55937579949831,345.5701446533203,306.8707466125488,166.1473587800623,352.3703384399414,312.9592037200928,158.49955041107538,364.7068405151367,229.2121124267578,122.62634078706496,336.0381317138672,256.1069583892822,121.18632706855055,333.1640625,271.8984031677246,148.12283775123834,340.73070526123047,279.90955352783203,157.84972832486858
395,15.8,419.7087097167969,206.9569444656372,75.54783853455717,431.9341278076172,243.23063850402832,95.36709389179741,420.35701751708984,275.6392765045166,92.985424011651,401.0279846191406,298.6849594116211,85.20371579065747,384.85660552978516,312.665433883667,89.27259563593478,410.67378997802734,275.7638454437256,135.53819308392104,381.8986129760742,318.42747688293457,150.59588743925005,371.03992462158203,336.9309425354004,143.59887442831248,369.84851837158203,343.32301139831543,117.73424938698538,390.6464385986328,260.6865406036377,127.5306089011341,361.6327667236328,310.05970001220703,152.78166280530715,357.38121032714844,327.97388076782227,139.10068253657334,362.3139190673828,330.6852149963379,103.19265320451755,373.91422271728516,246.2167453765869,118.69756479070917,342.8888702392578,289.9031066894531,152.97622552366735,339.89601135253906,307.8584575653076,143.9864612585902,347.29148864746094,312.46410369873047,127.57311444259096,362.15736389160156,232.28456497192383,99.81168423664558,332.98229217529297,257.66584396362305,85.76231514847228,329.79515075683594,273.25355529785156,90.78134317212547,337.26795196533203,281.1735534667969,92.1559691296453
396,15.84,417.2333526611328,209.8500680923462,95.18914352634839,427.97035217285156,246.5361785888672,129.03030781379957,415.9614944458008,277.91110038757324,123.6977334722149,396.3177490234375,300.02583503723145,122.43433650937328,380.60707092285156,312.95273780822754,106.48089007127683,406.3621139526367,277.9079818725586,120.38446529083669,377.69298553466797,319.3904399871826,107.86160147398469,366.0612487792969,336.8832492828369,124.47260689829984,363.02635192871094,343.81622314453125,170.99929239773496,386.5791320800781,262.131872177124,107.91190177986022,357.5963592529297,310.04236221313477,100.91111766309706,352.9408645629883,326.72810554504395,115.29480260126488,357.18013763427734,329.1390609741211,134.03894971079214,370.3865432739258,247.2572422027588,91.94820519038849,338.7376403808594,289.438419342041,104.42893417326809,335.1926040649414,306.82010650634766,120.41649864810368,342.36473083496094,311.60691261291504,125.01929626219513,359.35245513916016,233.23233604431152,74.01766307433537,331.0219955444336,256.7273998260498,54.33369281753383,326.8777084350586,271.8029308319092,81.45466930327031,332.9380798339844,280.4421901702881,109.78013522861643
397,15.88,416.015625,211.26242637634277,46.620921933329456,426.4270782470703,247.78570175170898,49.642487752896955,413.7815475463867,278.9622116088867,60.50311605527072,394.6160125732422,301.30022048950195,53.15052461454432,378.8239288330078,314.1244125366211,53.34098671359838,404.71893310546875,280.5407238006592,77.58613502294737,375.0399398803711,321.232852935791,80.75091608220085,363.82579803466797,337.6615333557129,59.176463489266304,362.20375061035156,343.09810638427734,27.298862273959195,385.44384002685547,264.63369369506836,68.68405452577683,355.8369827270508,310.9730529785156,49.75936507695649,351.00574493408203,326.8161106109619,48.42799338841566,355.3689956665039,329.49585914611816,46.148809322199,369.788818359375,248.90888214111328,43.91176920429739,337.9536819458008,289.23099517822266,20.27337557665325,333.60137939453125,306.5338897705078,40.41902376663683,340.2958297729492,312.6865768432617,58.34180777261763,359.29264068603516,233.75380039215088,13.122090984056408,330.1781463623047,254.0694522857666,69.71713638463086,324.8976135253906,268.46177101135254,97.09571565533635,330.15625,278.14647674560547,90.16955332009776
398,15.92,418.9735412597656,211.9160556793213,75.73184545444722,427.36419677734375,248.89431953430176,36.29070583206158,414.3955993652344,279.04772758483887,15.499447941240586,394.86377716064453,299.6435737609863,41.87679603515663,377.6925277709961,309.86412048339844,110.19912868834693,406.81129455566406,280.4777240753174,52.33274192401309,379.00787353515625,320.7231616973877,100.0133823773155,364.3744659423828,339.59667205810547,50.285424518777155,356.2282180786133,351.10782623291016,249.82819232855428,387.9882049560547,264.20680046081543,64.4982108588577,357.2260284423828,310.20386695861816,39.6948920870807,348.96106719970703,329.25464630126953,79.55801087238532,349.8478317260742,336.18804931640625,216.89378237457836,372.63153076171875,247.43053436279297,80.10354999976428,338.73329162597656,287.2676753997803,52.811077234366934,332.98805236816406,306.4486598968506,15.480515427385717,338.6690139770508,314.9289894104004,69.25922210726758,362.07740783691406,230.75387477874756,102.3305971183824,331.64649963378906,251.5711784362793,72.44581404794458,326.22936248779297,265.58444023132324,79.26454013524791,331.8584442138672,274.297571182251,105.21269878603086
399,15.96,423.3017349243164,199.8226547241211,321.11486171335025,431.8816375732422,236.4690399169922,330.5250036993951,420.1150894165039,271.3362121582031,240.02608793344237,403.1842803955078,300.23463249206543,208.53675411206768,392.97786712646484,322.1232318878174,489.8516431263886,410.9975814819336,268.98036003112793,305.8945674101573,385.34446716308594,313.4021186828613,242.06157484468753,369.63470458984375,336.4226245880127,153.59176404238772,360.3277587890625,351.89337730407715,104.35313999241377,391.9124221801758,252.41300582885742,310.7381058090661,362.71785736083984,298.90554428100586,314.0583944478413,353.18031311035156,321.18138313293457,227.73286741224416,352.19764709472656,331.7820167541504,124.8367814548603,375.841064453125,235.93694686889648,298.3325116335436,343.7485885620117,275.6938934326172,315.34270284489014,337.5695037841797,296.9343852996826,263.9970622322662,342.5941467285156,306.96730613708496,221.9164646623993,363.68595123291016,220.34042358398438,263.42382395404826,334.3765640258789,243.27083587646484,218.4446986585278,330.1719665527344,258.16649436950684,210.0149512858127,337.1506881713867,266.53321266174316,234.91103281466508
400,16.0,424.86122131347656,179.3119239807129,514.2482823419091,438.03245544433594,216.01183891296387,534.0468339730278,428.4027099609375,253.8259220123291,484.3132478579919,410.48023223876953,285.67111015319824,407.2216044534886,401.1947250366211,311.81010246276855,329.6564428059018,418.8473892211914,244.2333984375,649.0529589620402,392.3318099975586,291.4461135864258,576.0257805000789,377.72701263427734,315.7528781890869,554.9346052024453,369.33387756347656,332.4722671508789,535.1925441847502,397.60005950927734,227.03317165374756,650.2332279379954,370.2055358886719,277.4263000488281,568.6734907449625,361.8484115600586,301.82825088500977,530.1412892684131,359.9720764160156,314.5747661590576,472.0508608150978,379.92359161376953,211.87259674072266,610.2048708777754,349.47681427001953,255.27626037597656,530.1487464603127,344.70008850097656,277.27500915527344,522.8146832236436,348.5832977294922,287.7660942077637,502.8397292299063,366.9159698486328,199.08113479614258,537.5816100967664,342.2257995605469,224.74027633666992,503.11040993539564,339.38404083251953,240.4287815093994,499.68037911993014,344.56886291503906,249.33557510375977,468.23341808808533
401,16.04,424.58187103271484,153.59483242034912,642.9652181997751,440.5459976196289,186.98781967163086,728.3163749310139,432.80025482177734,219.90942478179932,855.0099360503193,412.5559616088867,243.61321449279785,1052.7271844473444,397.1204376220703,257.38391876220703,1364.4617276932954,423.7688446044922,212.08073616027832,813.1783378366697,400.0891876220703,256.792688369751,887.7769943998283,387.52845764160156,279.62230682373047,935.9108235492831,380.4544448852539,295.1062202453613,974.6436781279101,400.81268310546875,197.81699180603027,734.8069964559432,372.29209899902344,246.07681274414062,785.471235899286,365.6008529663086,270.5585289001465,787.3517040997234,366.47167205810547,283.3985996246338,796.1619273476979,382.15442657470703,185.43675899505615,663.2449311614389,353.45211029052734,227.80687808990479,693.8884734005437,352.66151428222656,247.34244346618652,774.3314815059243,359.94632720947266,254.72044944763184,873.6178643204553,370.00179290771484,175.5658721923828,592.9217271675415,346.4581298828125,201.45624160766602,591.6390861508332,344.9100875854492,214.5653200149536,661.1806831297353,350.1598358154297,219.4617462158203,759.8127361391375
402,16.08,422.3790740966797,129.38024997711182,607.8642515200979,435.7564926147461,158.2455539703369,728.4646507533738,425.777587890625,187.59504318237305,826.71681554933,404.2108917236328,204.01049137115479,1011.8102187537734,386.54346466064453,210.2960729598999,1206.528485813893,417.63912200927734,179.86883640289307,819.748431332032,394.2379379272461,219.41290855407715,945.8742854032708,381.6981506347656,238.6858606338501,1033.7386959632654,373.1993103027344,251.80649757385254,1097.5834140396926,396.3689422607422,167.85048007965088,757.3550429547248,371.2837219238281,206.33980751037598,993.744940010394,365.0065231323242,225.87823390960693,1117.1061913469769,364.10022735595703,236.41818523406982,1176.00570956428,378.5364532470703,157.6878833770752,699.5935556904044,354.5570373535156,190.77924728393555,926.1028246493765,352.3006820678711,208.26058387756348,977.0881321533143,355.35755157470703,216.52931213378906,961.6456699166189,365.4093551635742,150.70263862609863,632.0951608566387,346.6099166870117,174.56960678100586,672.1765818667479,345.1847457885742,187.88733959197998,666.9848557956116,348.3903503417969,193.92963409423828,639.8338789436059
403,16.12,422.9463577270508,112.6727557182312,417.92805535748,429.52831268310547,134.75111961364746,607.6484751696909,413.64681243896484,157.41737365722656,813.1141721137459,388.0628967285156,171.34052753448486,911.0722664296622,367.7613067626953,176.75954818725586,960.9461317920167,402.36778259277344,159.3764591217041,638.9206397358045,376.38580322265625,185.47729969024658,958.6201875839945,361.9118118286133,200.22451400756836,1081.3112374736413,351.40132904052734,210.4847288131714,1167.9684714865846,385.61912536621094,149.41200256347656,533.5822431807111,359.0460968017578,173.44820022583008,877.3601378528657,347.13592529296875,184.38321590423584,1129.4895933567868,340.32196044921875,189.4839334487915,1315.3492805458523,373.1344223022461,139.15682315826416,482.5596667524904,347.25536346435547,158.92112731933594,817.1039748948965,338.40614318847656,168.0648136138916,1063.2374375465524,335.1780319213867,170.60285568237305,1254.1063590318388,365.2914047241211,129.94989395141602,518.826996598297,345.4167938232422,142.6764678955078,797.8862113961321,337.71488189697266,147.57445335388184,1024.9779459227693,335.2490234375,147.27609157562256,1211.725913300395
404,16.16,414.9484634399414,102.6909613609314,319.7680131939394,417.5309753417969,134.7634506225586,299.9335919571805,394.24400329589844,160.18489837646484,489.9797162344174,364.41375732421875,174.3363904953003,595.9535371171214,344.2666244506836,186.6317367553711,637.1127274994107,388.68587493896484,133.37955951690674,734.4357468957289,355.7627868652344,153.86564254760742,943.5987199884876,337.63973236083984,170.34886837005615,962.3175294400334,327.56534576416016,182.84321308135986,912.4854419055272,373.83304595947266,115.57534217834473,895.7647758342764,335.4056167602539,138.722505569458,1050.2220497233943,322.44022369384766,157.71087169647217,908.7393819910142,318.5021209716797,169.43598747253418,740.7873905060852,362.02972412109375,104.12781715393066,918.6762158624359,324.1206359863281,122.78281688690186,1072.7281506728439,314.55291748046875,142.51649379730225,873.8181383044962,313.2776069641113,155.13273239135742,670.3326263638052,354.44252014160156,98.33830118179321,835.5354174559639,323.49071502685547,112.6263427734375,929.9741095984341,313.1083679199219,125.95666408538818,818.8442094500466,309.1874694824219,135.7430362701416,712.4850696824859
405,16.2,401.1407470703125,99.5482063293457,354.02148640008,397.70336151123047,131.51721954345703,502.2899352173212,369.93621826171875,153.5658359527588,629.8216020414071,338.8016128540039,167.01242923736572,665.9684456070739,316.3454246520996,179.53476905822754,720.2258103742297,361.8016052246094,124.25691604614258,709.7475704294832,320.3261184692383,152.4950122833252,886.5791329349693,310.0279998779297,170.7143783569336,690.3537898508556,310.4792785644531,180.20851135253906,432.20029034056927,349.2305374145508,103.8827133178711,680.9923808181221,304.1400146484375,133.6922836303711,791.6916256389266,298.3567810058594,153.90975952148438,609.5391012234452,303.68560791015625,162.92128086090088,404.63753960948907,339.8910140991211,91.1377501487732,641.7088135573414,298.8842964172363,116.35374069213867,651.0596437561322,295.3649711608887,135.99401950836182,506.65567376484574,301.23573303222656,145.29115676879883,388.79890249165555,334.6361541748047,84.25901412963867,607.514638047747,299.8102569580078,102.20539569854736,646.7999267007309,294.6408271789551,118.27967405319214,499.9913980345724,298.2247734069824,126.87562465667725,352.5015017388739
406,16.24,394.2930603027344,101.76363945007324,179.92873238327084,386.3954544067383,134.0248203277588,289.56521801795327,358.6714553833008,155.85941791534424,287.3971565252525,331.3650894165039,170.89675426483154,209.74666528261565,313.34678649902344,186.3992214202881,187.27075486458554,338.17466735839844,129.24967288970947,603.7175528717756,300.66247940063477,159.5426845550537,522.2118738297235,298.92709732055664,178.35920333862305,336.96567572691526,304.4283866882324,187.13860988616943,229.99939970511272,329.05181884765625,109.0114974975586,520.5076309261391,288.5084533691406,141.99890613555908,442.5393241510499,291.8833541870117,162.20412254333496,263.03720354402634,301.1968231201172,170.20995140075684,192.54669558592454,324.45892333984375,95.68069696426392,402.1720643665396,286.4909553527832,125.06838798522949,378.7644223185066,290.3676414489746,143.53009700775146,226.06106521024637,299.93202209472656,150.83961009979248,142.4890271537858,322.75890350341797,88.99633169174194,319.67880481348806,292.48382568359375,109.70501661300659,262.10793229997205,292.10182189941406,125.71959972381592,196.5309164513688,298.2614326477051,132.70342826843262,145.69797278342472
407,16.28,390.9766387939453,106.88333988189697,152.49996749092853,380.37010192871094,142.2788143157959,255.48151748098996,351.192626953125,166.70496940612793,329.3543511812599,325.4497528076172,183.5927152633667,350.1594573126303,309.87016677856445,199.68924522399902,343.43086766470157,325.72269439697266,140.8364725112915,425.2246142502015,292.8768730163574,169.78145599365234,321.5665826687018,295.82252502441406,186.9398546218872,228.12543915979492,303.4811592102051,193.1839942932129,152.978578002065,317.31836318969727,121.19323253631592,422.8391022538727,282.3699760437012,154.3011474609375,343.71685795031823,290.2910614013672,171.96722030639648,247.30228750245183,300.3910446166992,176.73834800720215,164.44839853206457,315.36447525024414,108.09137105941772,384.6539171373273,284.2802047729492,139.04587268829346,353.780914506619,291.15346908569336,154.35453414916992,271.3231059354676,300.94470977783203,158.60644340515137,195.81438267008372,316.29194259643555,101.43030166625977,350.37943067092425,293.0603790283203,123.30897331237793,340.40421894205946,295.01827239990234,137.33309268951416,299.3523241789273,301.4374542236328,142.24536895751953,251.4156731948246
408,16.32,387.8876495361328,116.63224697113037,255.66462904235775,375.62374114990234,152.54675388336182,282.79688338739504,348.6919403076172,176.444993019104,251.39795852436905,323.9048767089844,194.43706512451172,273.84594901952056,307.7214241027832,210.3951072692871,272.9841767615199,320.46844482421875,152.50349521636963,319.8891970018614,288.9262008666992,181.56525135040283,310.7105198611918,293.2557678222656,196.81634902954102,255.11441589902097,301.4961624145508,202.05717086791992,227.31238803226196,311.12558364868164,134.09172534942627,357.70242109667873,280.77903747558594,168.580584526062,359.19476647806295,288.81908416748047,184.36388969421387,312.0938649748756,299.6794128417969,188.80640029907227,302.2253979879527,309.69385147094727,121.71741485595703,368.97242748572563,284.1050910949707,155.14906883239746,402.60370624823275,290.8444595336914,168.7704563140869,360.4808410028311,301.29180908203125,172.82687187194824,355.6165980609089,311.62052154541016,115.26541471481323,365.0620903543478,294.6549606323242,139.45269584655762,405.55707655674735,298.2189750671387,152.0742702484131,377.11637244609176,305.5958366394043,157.08417892456055,385.2616201636179
409,16.36,383.50818634033203,126.5656042098999,271.3983280120622,370.1831817626953,162.45640754699707,282.622674889735,343.58394622802734,186.70949935913086,286.6309625650817,319.2604064941406,204.7020435333252,281.6701143514093,302.95482635498047,220.1264190673828,270.8999854664018,315.5192565917969,162.35259532928467,275.56673102236755,286.2244987487793,190.63533782958984,236.5978432302163,290.18198013305664,206.03373527526855,242.9099369638621,297.1946907043457,212.94445037841797,292.6554223970201,306.8986129760742,144.10045623779297,271.61780945709,278.9330863952637,178.35107803344727,248.58358600378304,286.1856269836426,193.90494346618652,247.4454533563673,296.61487579345703,199.13550853729248,269.3532349879014,306.02367401123047,131.68636322021484,265.57735934545957,283.1537437438965,164.63398933410645,238.312791707316,289.04809951782227,178.47710609436035,246.78679976790664,299.1062927246094,183.33007335662842,268.20435676031906,308.2394027709961,124.6571159362793,249.54460523118712,292.7330780029297,149.1540813446045,247.24799471239734,296.4570617675781,162.55142211914062,265.6066756002401,304.10221099853516,168.7012481689453,292.8173656307505
410,16.4,379.6651840209961,133.34893226623535,194.90735995962456,369.23240661621094,170.36181449890137,199.0594013956468,342.9361343383789,195.41351795196533,218.20231424754942,317.0924377441406,214.56563472747803,252.47588962407116,300.4680061340332,231.24326705932617,284.7900367894821,313.0435371398926,169.75399017333984,195.1118788704058,282.4708557128906,196.89705848693848,182.51537885809466,286.57453536987305,211.56985759735107,165.19365167221372,293.3256530761719,218.0454397201538,160.0576935684591,304.65389251708984,151.28272533416748,188.12190082450425,274.5787048339844,184.61066722869873,190.62905024306698,281.8600082397461,200.13298988342285,189.57112730581966,292.66082763671875,205.62161922454834,189.9080841373335,304.0795135498047,139.04723167419434,190.33218378758514,280.57315826416016,171.74673557281494,189.16028334868525,286.44304275512695,185.44677257537842,186.0150726310427,296.8217658996582,190.33920764923096,184.30108916128654,306.4603042602539,132.05998420715332,190.3412234429894,291.3935852050781,157.08452224731445,201.06922605608898,295.64685821533203,170.0433111190796,188.38927547680137,303.62205505371094,175.67068576812744,174.64895179374037
411,16.44,377.5630569458008,140.57122707366943,188.04999422653293,367.28904724121094,176.95672988891602,171.8821446912325,341.05552673339844,200.8815622329712,144.56009395522867,315.33945083618164,217.2714614868164,80.60110712261974,296.490478515625,230.47240734100342,101.28842067498593,311.92922592163086,176.0692262649536,160.31979054370726,276.5877151489258,202.06865787506104,195.8264268532822,279.1045951843262,216.5771770477295,224.82389560190506,286.352596282959,223.43105792999268,220.26745751404198,304.2953872680664,156.58892154693604,132.95733399754766,271.1728096008301,188.38079452514648,127.01865554575933,276.959228515625,204.17973518371582,158.8902715512337,287.502384185791,210.70422649383545,181.04287387630967,304.1440773010254,143.70496273040771,116.45446285454855,277.5713348388672,174.48749542236328,101.62033639217427,283.0566215515137,187.61601448059082,100.54059817932742,293.4299659729004,192.50822067260742,100.65077073329785,306.75086975097656,136.62972450256348,114.47421836349822,289.6064567565918,160.67896842956543,100.35521737959047,293.6886215209961,173.1670618057251,92.170051071925,301.8735694885254,178.2244062423706,77.37364712965484
412,16.48,377.39654541015625,144.49539184570312,98.19239803051498,367.17552185058594,180.04514694213867,77.26257142430396,340.7200622558594,203.15863609313965,57.54129919215107,314.754695892334,219.67260360717773,61.78299637909876,295.76391220092773,231.34673595428467,28.42038368028174,309.4723892211914,178.02290439605713,78.47334265762778,273.6327362060547,200.20275592803955,87.36951209056757,277.2645950317383,214.4509506225586,70.29597860394682,285.9309196472168,222.04896926879883,36.12461290909783,302.80914306640625,158.23602676391602,55.463261617325934,269.2677307128906,187.06937313079834,57.82058263946032,274.58335876464844,203.53882312774658,61.519942585169844,284.87585067749023,211.1887264251709,66.77115045853853,303.80441665649414,145.10476112365723,36.01045764069185,277.0148277282715,173.42164993286133,30.059594679104084,282.7853775024414,186.0128116607666,40.64966647810167,293.56977462768555,191.0976505279541,35.437044467443634,307.7864074707031,138.0928659439087,44.81295324985736,289.444580078125,159.53055381774902,28.994182386998663,293.6667823791504,172.3448610305786,20.562269189708193,302.4019241333008,178.04523468017578,13.947694239440237
413,16.52,374.20127868652344,143.89117240905762,81.2973345303191,365.33416748046875,179.8534870147705,46.282552355804356,340.9349822998047,202.5723695755005,15.610474348057995,316.08842849731445,219.48938369750977,33.656464803276705,298.9442825317383,232.7880620956421,87.29324317659221,306.9947814941406,180.41079998016357,86.0253791394464,270.80644607543945,199.95919704437256,70.91913014230623,273.53919982910156,214.58158493041992,93.19212258225976,282.4017906188965,222.36255168914795,88.57583485665364,300.11558532714844,160.50036907196045,87.97193935680447,266.0837173461914,187.41253852844238,80.06131872453875,271.3003349304199,203.74094009399414,82.23098854810462,281.5445899963379,211.2729549407959,83.30813348885859,300.75727462768555,147.10902214050293,91.18023623358273,272.77843475341797,174.41609859466553,108.78865283875079,277.6406478881836,188.12527656555176,139.03855305672036,287.9568862915039,194.76006031036377,167.5517846979217,304.65736389160156,139.37396049499512,84.52853426779934,286.2662124633789,160.45231819152832,82.73326966536615,289.5628547668457,173.88803958892822,109.61187752128767,297.85661697387695,180.7184886932373,131.8287340450173
414,16.56,372.5576400756836,142.37425804138184,55.9161039074654,363.5905075073242,177.9387903213501,64.7418601531374,339.5231628417969,201.1263370513916,50.523783030805106,315.9153175354004,219.31185722351074,6.198944169440165,299.5486831665039,232.4025821685791,17.92161581501472,305.6547737121582,178.57120513916016,56.89755066575714,269.4874382019043,197.6209831237793,67.11476229612158,272.89703369140625,211.9614315032959,67.4424816513685,281.7257499694824,219.3145751953125,78.05123183938878,298.6395835876465,159.01494026184082,52.351455835452946,266.90853118896484,185.92090129852295,42.612347835694926,273.01578521728516,202.03076362609863,60.557169466389205,283.6172294616699,208.80130290985107,80.6415607616721,299.4130325317383,146.15488529205322,41.21107207176122,273.79676818847656,173.68284702301025,31.371372821144238,279.11632537841797,187.15052604675293,44.21370424627279,289.48923110961914,192.78289318084717,62.536341932339276,303.05320739746094,139.43801879882812,40.13587488132892,285.12189865112305,160.97140789031982,31.413653642872717,288.9582633972168,174.27403450012207,17.932561091790944,297.53705978393555,180.37978649139404,11.641412585483387
415,16.6,372.85160064697266,139.34261798858643,76.14646342405679,364.08477783203125,174.19469833374023,94.41440556653143,340.3857421875,197.70689964294434,88.16389325399238,317.7923011779785,215.9091567993164,97.1514210244701,302.6063537597656,229.12060260772705,112.14036766132682,306.42011642456055,175.8276128768921,71.2085316561707,272.1498680114746,195.42048454284668,86.35220935062647,273.2496452331543,209.18088912963867,70.0702807502818,280.14495849609375,216.47695541381836,81.20570987723548,299.43960189819336,156.9281244277954,55.872788672309646,269.5001792907715,184.07196521759033,79.58958990884277,273.0885696411133,199.74909782409668,57.070660174346635,281.5950393676758,207.21399307250977,64.26899182327608,300.08092880249023,144.24914360046387,50.484755270441696,275.0581169128418,171.6122531890869,60.61332067674543,277.97033309936523,185.85302352905273,43.278250073556194,286.4036560058594,193.3289623260498,78.33807037563389,303.7845230102539,137.44683265686035,53.03091537890459,285.91291427612305,158.47792625427246,65.39856835349866,287.5621032714844,172.3154640197754,60.131425972461535,294.46727752685547,180.15668392181396,76.94696981703085
416,16.64,375.2111053466797,137.01740741729736,82.81706734112079,365.64430236816406,171.9256353378296,68.83296656676968,341.0760498046875,195.34800052642822,61.44575681163623,318.5915756225586,212.9854917526245,75.7737460429349,303.41936111450195,225.27963638305664,98.15167630354762,309.3403625488281,172.56006717681885,109.5578965900192,276.05125427246094,194.86098289489746,98.53253539907128,280.1200294494629,208.69621753692627,172.18646475638812,289.26219940185547,215.57839393615723,229.03533360437987,301.7262840270996,153.96068572998047,93.65697913112527,272.61587142944336,182.9724884033203,82.59988940708045,277.9378890991211,198.5578966140747,124.8370426009719,287.5265121459961,205.64701080322266,153.3741396720269,302.0022201538086,141.29520893096924,88.09473057557511,278.54400634765625,170.10326385498047,94.96207783306858,282.77063369750977,183.7668800354004,130.8502973550661,292.1364974975586,190.58670043945312,158.8739119231602,305.81939697265625,134.6403980255127,86.66309545767761,290.0359535217285,156.37938022613525,115.65938151803057,292.8279113769531,170.22481441497803,141.64116362674147,300.23571014404297,177.59502410888672,157.79123046013814
417,16.68,376.0737991333008,136.1922025680542,29.845472988891824,366.7263412475586,171.9161081314087,27.05202053663875,343.0352020263672,194.8313856124878,50.65303789642171,321.1264419555664,210.67402839660645,85.76279121955649,307.0436477661133,221.25775337219238,135.3490780494242,311.9844055175781,171.53895378112793,70.85917278066295,278.4585380554199,192.29387283325195,87.98106785091225,283.5184097290039,204.6718168258667,131.68330761610895,293.1707572937012,210.69199562072754,156.43232021177604,304.5762252807617,152.69177913665771,77.99154237761583,276.3223648071289,180.43198585510254,112.33945866304005,283.4484100341797,194.38794136047363,172.76133789268766,293.81195068359375,199.76632118225098,215.1877785042081,304.27881240844727,139.7920560836792,68.20163476869956,281.5268135070801,167.82241344451904,93.87297649354453,287.17023849487305,179.9001932144165,146.43212878444845,297.39341735839844,184.82179641723633,195.04698922417356,307.25194931030273,133.15618515014648,51.5696983429904,291.93843841552734,154.4190216064453,68.2937345631235,295.98628997802734,166.7178726196289,117.9883366685296,304.2849349975586,172.2022533416748,168.59381376184893
418,16.72,377.4889373779297,135.59410572052002,38.40846334502418,368.5707473754883,171.50912761688232,47.21934921160981,345.2178192138672,194.54910278320312,55.01989062420613,324.98302459716797,210.7522201538086,96.43438061188566,311.27397537231445,218.4571409225464,126.83429580780754,312.7782440185547,173.13629150390625,44.593072375673906,280.2410125732422,191.9486904144287,45.38974491109185,286.229190826416,203.9177942276001,70.34239580786041,296.5422821044922,209.3373727798462,90.83701954192756,305.6223487854004,153.42269897460938,31.904331567876277,278.43772888183594,179.47121143341064,58.083198183395346,286.64039611816406,193.09434413909912,86.1037489438532,297.7470016479492,197.89143562316895,108.97196299888692,305.63066482543945,139.76500511169434,33.80307597332069,284.59863662719727,166.4793348312378,83.81511439897035,291.16920471191406,177.85426139831543,112.29861920669921,301.921329498291,181.6567611694336,138.11099808310954,308.83989334106445,132.65976905822754,41.593232480986714,293.7711524963379,153.31121921539307,53.53776143773617,298.4718322753906,164.87401485443115,77.36977757117921,307.4782180786133,169.22345638275146,109.17385263377244
419,16.76,377.65533447265625,136.16223335266113,14.799852185404353,367.6805114746094,171.87121868133545,24.026416427685316,344.1775894165039,194.819598197937,26.870590344214047,324.96639251708984,211.44865036010742,17.415719521691344,311.23334884643555,219.0204906463623,14.120318381866884,312.16596603393555,173.81591320037842,22.86878304541182,280.054874420166,192.4513578414917,13.400605262933393,286.07595443725586,204.32435989379883,10.862119725635404,296.56925201416016,209.9326515197754,14.897234521866668,305.3419876098633,153.6463737487793,8.966353542149792,278.67353439331055,179.08654689788818,11.279711990187092,286.8949508666992,192.42841243743896,17.82314421050948,298.0233383178711,197.1489143371582,19.806877204057145,305.7798194885254,139.43437099456787,9.068008082273236,285.04058837890625,165.48630237579346,27.173456814560403,291.7257881164551,176.38827323913574,39.202250964274334,302.4620056152344,180.01968383789062,43.101282266923306,309.5127868652344,132.05233097076416,22.6628374901923,294.4507598876953,152.08565711975098,35.03452454956281,299.05391693115234,163.14584255218506,45.589212352840406,308.04683685302734,167.1130084991455,54.642689241294065
420,16.8,377.2032165527344,140.4679012298584,108.23350475431259,367.95337677001953,176.07094287872314,105.21447976503457,346.26277923583984,201.16653442382812,167.01724469009025,328.22052001953125,219.67559337615967,221.17857207400934,315.00322341918945,226.08351230621338,200.1534243740003,308.89259338378906,178.94564151763916,152.12881284382354,276.4811706542969,197.18899726867676,148.35891013898873,284.1006278991699,207.2923707962036,89.13123627852163,295.4056739807129,209.68297004699707,29.75162472212397,302.77183532714844,157.8918170928955,124.07022191194027,274.8661994934082,181.88369750976562,118.10972278336342,282.6261901855469,193.77672672271729,111.91589801285443,293.2247543334961,197.262225151062,119.99804059766923,304.1896057128906,142.38770484924316,83.85612943231177,283.4699249267578,166.19007110595703,43.028145624919865,289.4530487060547,175.99671363830566,57.65556861976411,299.64094161987305,178.66012573242188,78.28952798774318,308.7022399902344,133.34787368774414,38.20517936167274,293.6102104187012,152.96931266784668,30.48945040406035,298.27367782592773,162.6326036453247,23.347741283110608,306.97587966918945,165.44415950775146,49.573217603427885
421,16.84,376.2873840332031,142.3073387145996,51.37046490994381,364.7905731201172,177.35053539276123,85.29611630160065,342.68489837646484,202.3322868347168,94.07513661754211,325.3148651123047,221.62048816680908,87.41226382273625,315.5531120300293,232.72290229797363,166.55306389222025,305.3977584838867,178.7999439239502,87.44676511449045,272.2325134277344,196.5010929107666,107.59966494619518,277.24639892578125,206.6200590133667,172.17806544567108,287.9159164428711,211.02330207824707,190.21855510447182,299.15353775024414,157.395601272583,91.30411920937601,270.5466651916504,182.00945377349854,108.03411273161134,276.98272705078125,194.60859775543213,142.6111092458454,288.46378326416016,199.75792407989502,134.38600807569216,301.14391326904297,141.24258041381836,81.34629845265582,280.49062728881836,165.76440811157227,75.23880066254134,285.58956146240234,176.66004180908203,98.0004398714934,295.90282440185547,181.284441947937,114.18339397285176,306.5305709838867,131.08217239379883,78.45997636739894,293.3607482910156,150.51386833190918,61.70209801962243,297.669677734375,161.8018913269043,25.677069860226513,306.2202262878418,166.89388275146484,40.87105880162168
422,16.88,374.66827392578125,142.0418643951416,41.01824406778775,360.8349609375,178.17419528961182,101.01139590706285,337.4946975708008,204.71155643463135,142.73907189386125,317.62916564941406,222.2770357131958,192.84227835614726,306.302547454834,228.60619068145752,253.1307215321477,302.9778480529785,175.30034065246582,106.36960782867699,269.9738311767578,195.17641067504883,65.4619571607376,276.78409576416016,206.8941307067871,13.435947733114848,288.66064071655273,210.91547012329102,18.812262860968705,297.24451065063477,153.8891887664795,99.81017336049128,268.98265838623047,180.04952430725098,62.68692447425374,276.6903305053711,193.59264850616455,26.429725415419437,288.46946716308594,197.68823146820068,51.74251040977524,298.6455726623535,138.1101894378662,100.16729447922323,276.3998031616211,164.59994316101074,106.33326343607605,282.1841812133789,176.00329399108887,86.7032739321219,293.0784034729004,179.3349266052246,85.79759486500235,303.06922912597656,128.68374824523926,105.2773891135777,286.74365997314453,149.27584648132324,168.29764538800433,291.03946685791016,160.80392360687256,167.62241018994533,299.5139694213867,165.03873825073242,173.9530149880163
423,16.92,374.3013381958008,138.2407522201538,95.469548799528,361.8772506713867,173.12725067138672,128.83617957700423,339.5551300048828,198.40044021606445,165.97358551075848,322.4729919433594,216.5674924850464,187.18563152660585,313.5585403442383,225.07806301116943,201.70696205903837,305.02025604248047,169.12765502929688,162.54514411014023,270.8723449707031,190.70096969604492,114.11863069427315,278.10436248779297,204.7095823287964,63.81298769311199,291.3435173034668,209.80304718017578,72.60901969186064,299.18033599853516,149.0507411956787,130.28333228237997,269.96625900268555,176.32412910461426,96.32639691603066,278.71131896972656,190.57494163513184,90.79836566720218,289.87451553344727,194.38559532165527,89.72724795011874,299.37814712524414,134.07694816589355,102.48079241260011,273.77628326416016,160.8876085281372,113.6449654593356,280.47801971435547,173.41948986053467,77.40732703456939,291.67945861816406,176.95472717285156,69.02171779801549,302.5069999694824,125.02681732177734,92.49745065197784,282.6591682434082,144.52433109283447,156.64444447803209,286.99445724487305,155.87674140930176,159.37225914823847,295.5772590637207,159.75193977355957,164.7876030273365
424,16.96,376.5966033935547,132.8202724456787,147.16029379878995,365.4334259033203,167.22885131835938,172.18721135731042,343.33553314208984,195.6165075302124,117.37154968081111,324.8269271850586,215.79208374023438,61.959007838068324,311.0411262512207,218.05277824401855,186.56768171243797,310.5525779724121,157.75623321533203,316.1445674129144,275.8647155761719,183.27937602996826,223.61213183587782,281.2927055358887,199.83538627624512,145.60932008083861,293.0039405822754,209.03191566467285,45.76877537559945,302.8900718688965,139.3805694580078,258.93334285088525,272.3520278930664,171.94563388824463,124.65731416086471,279.5697784423828,189.4265842437744,35.84408393025331,291.1360740661621,196.47671699523926,61.05489223435699,301.09148025512695,126.71552181243896,188.95453879718295,273.8738441467285,157.97879219055176,72.76129900061717,279.61015701293945,173.92667770385742,25.129976832006463,291.5397262573242,181.35539531707764,110.07215033863027,303.3220100402832,120.05663394927979,125.91406834563278,283.4614562988281,141.2435531616211,84.43625538611293,286.167049407959,155.81947803497314,20.734675404776457,293.9845657348633,163.91140937805176,111.34927994401596
425,17.0,380.3225326538086,130.27554988861084,112.8000491601906,370.77335357666016,162.08330154418945,185.3906517919674,350.68431854248047,190.75574398040771,220.27208905706863,333.0315399169922,212.29371070861816,222.98302058305137,317.35897064208984,216.67080402374268,161.6806468256633,317.60026931762695,151.74386501312256,231.59572089143262,284.17369842529297,181.507830619812,212.39345730158766,287.6474952697754,199.69837188720703,158.90666581502236,297.95040130615234,210.20068645477295,127.0666627519009,308.288631439209,133.8168239593506,193.81000588211583,277.77008056640625,170.4305362701416,140.64764387349885,285.0829887390137,189.11656379699707,138.04799992279985,296.6074562072754,197.084698677063,137.62645153532117,304.49663162231445,122.4254035949707,136.93102769577087,276.8050765991211,156.18248462677002,85.9463661014054,283.6524963378906,172.58136749267578,106.50811818341678,295.50493240356445,180.62660694122314,100.79060062501475,305.5323028564453,117.89045333862305,77.36978080605432,285.3552055358887,141.28221988677979,47.35359865220053,288.7874984741211,155.7766342163086,65.51998216740654,296.8772888183594,164.149432182312,72.56248037527324
426,17.04,386.06101989746094,125.07293701171875,193.64499830934838,381.4807891845703,158.36349964141846,283.3792770888084,364.00646209716797,189.23040390014648,335.22955870954405,346.54518127441406,210.24224281311035,341.71170530079354,329.64027404785156,215.10126113891602,309.52976251453225,329.48299407958984,151.14054679870605,297.4507739068062,293.71803283691406,180.71365356445312,239.43297151305347,295.29266357421875,200.9987497329712,193.87428424274646,305.04438400268555,213.23893547058105,192.93060212932042,318.0822563171387,132.91528701782227,245.87580338778702,285.9971618652344,171.61362648010254,207.79281920706634,293.0334281921387,192.7554702758789,218.59083904045295,304.45404052734375,201.87827110290527,229.87390849895584,311.8780708312988,122.4702501296997,184.53938605283068,283.1367492675781,158.3726406097412,167.49414543915836,291.2137985229492,175.63562393188477,203.8715483003658,303.05625915527344,183.59925270080566,202.88413954003354,310.571346282959,119.06182050704956,129.33498100271973,289.8898506164551,145.0010061264038,146.61253592105047,294.7940444946289,159.55950736999512,177.46253899302323,303.2238006591797,167.20141410827637,176.05540005578771
427,17.08,396.31351470947266,122.06587314605713,267.1096251570868,395.7469177246094,156.82916164398193,358.71002966471275,379.08294677734375,190.77125072479248,378.8754736458576,360.09151458740234,214.31223392486572,353.61346647535197,342.8370666503906,224.4669771194458,404.5614684618247,343.57826232910156,153.70525360107422,358.1674782903651,307.74377822875977,186.5603256225586,379.8890528429914,306.2922668457031,209.29316997528076,344.409530288874,313.6224365234375,224.9117660522461,362.1446178989078,329.46861267089844,137.0368194580078,302.7335262552564,297.4884796142578,179.2999505996704,345.6244006143735,302.06424713134766,204.04725551605225,361.47277268054034,312.6825714111328,217.04576969146729,431.3943482617594,321.13494873046875,129.22110557556152,286.4260786955584,293.01259994506836,168.67928981781006,356.86083115679577,300.28100967407227,188.24933052062988,388.3618737450309,312.0399284362793,198.52393627166748,435.4971967768858,318.18359375,128.43400955200195,301.852860465366,297.55062103271484,157.40365505218506,364.4457296248164,301.6643714904785,173.42644214630127,386.8892550848925,310.1762580871582,182.50971794128418,420.327870931978
428,17.12,402.57022857666016,131.23592376708984,277.52961194276054,403.1814956665039,164.9124526977539,274.5593554157447,389.12689208984375,199.56988334655762,333.8195371878348,372.1847915649414,224.61939811706543,397.24440032274225,357.79117584228516,238.53139400482178,513.2209587794237,356.06868743896484,163.02886962890625,389.66374547450323,322.83111572265625,200.12008666992188,507.13340966426506,318.1109428405762,224.47440147399902,480.98264787403184,321.0627746582031,242.18599319458008,470.2110928379639,339.4125747680664,147.266263961792,356.6545221270802,310.37986755371094,192.75268077850342,465.8083244948786,313.6286926269531,218.12574863433838,455.4807680506799,322.2685241699219,231.99992179870605,444.0700645310443,329.09847259521484,139.91466522216797,333.32597620414157,302.5740051269531,181.52811527252197,400.40041256989366,308.94115447998047,202.8019094467163,423.36129772576754,319.1264343261719,214.57945346832275,438.74693601464,324.10648345947266,139.33849811553955,310.2302505225951,304.2892837524414,170.05894660949707,358.43930766833216,307.76023864746094,187.72201538085938,388.5252650248364,314.89402770996094,198.30692768096924,412.1659145397645
429,17.16,400.8481216430664,128.92739295959473,72.00245994011996,402.54058837890625,164.08404350280762,26.184727723991898,388.2279968261719,201.02346897125244,42.726776318919526,371.86450958251953,227.32275009155273,68.05646757577716,355.0923156738281,240.68561553955078,86.32973354229591,355.9559631347656,165.55119037628174,63.12095888747077,323.8179016113281,200.71555137634277,28.8132413860675,318.1536293029785,224.64162826538086,4.314722892919282,319.99536514282227,242.63494491577148,28.949532827473305,339.2118835449219,149.8045778274536,63.65588271939841,310.9148597717285,192.3041009902954,17.45423479646324,312.3937797546387,218.5090684890747,32.32591755506536,319.6887016296387,234.50304508209229,89.86486560102182,328.55113983154297,141.83993339538574,50.0389266783496,303.1085395812988,181.0992193222046,17.133279368697004,308.90846252441406,202.04893112182617,18.84219204526626,318.90527725219727,213.89257907867432,18.040005517666916,323.53302001953125,140.35244464874268,29.12202655577118,303.4480857849121,170.88782787322998,29.523911600841508,306.61474227905273,188.18494319915771,30.887538901137408,313.9015007019043,198.21265697479248,24.924847388762124
430,17.2,405.46398162841797,138.01032543182373,254.71286002507046,410.5522918701172,172.74158477783203,294.8944872321209,397.1275329589844,212.68169403076172,366.6707948874281,379.6775817871094,239.50643062591553,361.8409255438994,363.8190460205078,253.68736267089844,391.4725812646136,371.2824249267578,177.276349067688,482.42860702391494,343.13671112060547,220.71980953216553,695.2457952140676,334.40807342529297,246.91906929016113,689.4251828235272,330.40111541748047,265.41526794433594,626.1103916564421,350.3135299682617,162.43274688720703,420.3549148566065,326.0491180419922,213.18049907684326,644.626718758162,329.26815032958984,237.28471755981445,631.104874569368,336.39347076416016,247.66345024108887,531.6516574474573,335.3949737548828,155.22979259490967,375.93748828207197,312.66504287719727,202.76248455047607,591.9373993479769,320.5792236328125,222.35498428344727,585.5245830940232,330.9998321533203,229.07896041870117,485.3506699162185,325.90198516845703,154.56233024597168,360.1500074302037,307.08227157592773,191.69995307922363,528.1760253182505,313.57471466064453,208.67767810821533,541.0599548602662,323.2461166381836,214.63056564331055,472.2747955668697
431,17.24,406.19266510009766,148.07438850402832,252.260214266949,416.25648498535156,184.24495697021484,320.9997964294267,403.37146759033203,226.58484935760498,381.0220201337391,386.20582580566406,254.57616806030273,410.5750207842397,372.68260955810547,268.69385719299316,435.7161034052805,382.4436950683594,196.31571292877197,551.7423127061658,354.9818801879883,243.17484855651855,634.6932368377361,348.8144302368164,269.0895080566406,660.9989937961064,346.65985107421875,286.84264183044434,672.4390478004182,360.2637481689453,181.08803272247314,528.5750489740645,335.1887512207031,237.28059768676758,644.373556084449,341.20887756347656,259.76783752441406,636.4312856745914,349.7245788574219,266.95693016052246,586.2789493896098,343.1003189086914,171.97750568389893,460.88111105958205,321.8349075317383,224.85433101654053,597.9841647478871,332.70214080810547,240.82082748413086,552.2411644558277,343.66729736328125,242.3532485961914,458.71519041273564,331.52732849121094,168.78344535827637,382.33215478843846,310.14415740966797,208.2105588912964,419.80296653646764,318.87590408325195,222.64822483062744,373.56290050795377,330.091552734375,224.36801433563232,297.57131748397654
432,17.28,410.4020309448242,172.13168621063232,610.5695771976589,422.1571350097656,209.8529291152954,656.9750319141891,411.6782760620117,252.09500312805176,670.7137114564089,393.1517028808594,280.1573181152344,662.6841472737281,375.51727294921875,297.62672424316406,726.7849201637058,395.04276275634766,228.56128692626953,865.4888607871424,367.0542526245117,281.24688148498535,998.5057171695335,362.04429626464844,305.4450988769531,967.1990290939265,361.4150619506836,316.6222858428955,830.8668084887557,372.29015350341797,210.77353477478027,800.7275821739263,343.3833694458008,271.6337013244629,882.9239411599032,345.46539306640625,294.7954845428467,882.1330610637037,351.0735321044922,300.184907913208,831.3837036816045,353.0303955078125,199.14658069610596,723.1722902788039,328.1974411010742,255.6899070739746,787.12871573473,334.54845428466797,276.17197036743164,884.9831130483803,342.7946472167969,281.3174343109131,974.3489129572245,339.63523864746094,191.97518348693848,614.2042232282464,314.88698959350586,230.59792041778564,572.1059851776702,319.6646308898926,249.69703674316406,676.5077216185787,329.24678802490234,257.12267875671387,819.1389033430303
433,17.32,411.2209701538086,181.72897338867188,240.80409906936583,426.422119140625,222.19787120819092,326.52305136221395,413.41846466064453,261.61105155944824,241.84632789683712,389.07649993896484,289.77587699890137,261.1560285731921,370.8576202392578,310.6976509094238,346.9163149199196,400.57788848876953,238.86364459991455,292.3783833808418,371.23111724853516,291.6727638244629,280.78597347896505,362.84069061279297,314.8237895965576,235.311075456182,358.77819061279297,327.3709487915039,276.6844385253895,376.31290435791016,222.46499061584473,309.10421394013474,346.8187713623047,280.94916343688965,248.2184278714731,346.80171966552734,304.1648197174072,236.60384928289955,350.6690216064453,311.49450302124023,282.9206715789081,356.3999557495117,210.86945056915283,304.9381231115074,328.2099914550781,265.77773094177246,252.19579186999934,331.75437927246094,288.21435928344727,309.05701939368697,339.2967224121094,295.72829246520996,370.7326451454883,342.5054168701172,203.0635643005371,286.34563042020613,315.0657081604004,237.4084711074829,170.32238003101781,317.3233222961426,257.250452041626,197.6989640245462,325.8999252319336,266.5356731414795,249.75732452045798
434,17.36,410.7338333129883,190.7193660736084,225.08951404253116,425.24574279785156,230.25084972381592,203.46118222058175,412.2642135620117,266.59987449645996,128.01525762469996,388.8753128051758,293.7180519104004,98.68263302012224,371.6910934448242,312.6147651672363,52.261390277055355,399.59667205810547,250.6464672088623,295.59018750388975,370.34996032714844,301.26843452453613,240.90108668335205,359.95243072509766,324.76807594299316,258.88085594387593,355.9933090209961,337.22697257995605,256.047810963675,375.95977783203125,234.94375705718994,312.0940465638151,347.9531478881836,292.58179664611816,292.1953172568299,346.6377258300781,314.1107654571533,248.68244137358042,349.73743438720703,319.73748207092285,207.38635195052413,356.36608123779297,222.4931287765503,290.59318917482267,328.72047424316406,276.13200187683105,259.1711780772642,329.68639373779297,299.3122386932373,282.22275285428094,335.9707260131836,308.0815315246582,319.8288285410895,342.5769805908203,213.0765438079834,250.33088101383464,315.1413345336914,241.61087036132812,105.07699212082531,313.6617851257324,261.55981063842773,141.37146539817633,319.48816299438477,273.3502006530762,233.91836209076925
435,17.4,409.7196578979492,199.8918914794922,230.71055201005274,422.57503509521484,238.59113216400146,218.93633608738648,408.7245559692383,272.5331497192383,172.72255705197023,385.67638397216797,297.7259159088135,128.19935527437448,368.55140686035156,315.11192321777344,100.29154431605846,397.06329345703125,261.90399169921875,288.47645569802995,366.3178253173828,309.42712783813477,227.51701766342757,354.8356246948242,331.58002853393555,212.9912000128897,350.4124450683594,343.36535453796387,207.4032538321117,374.59781646728516,245.58334350585938,268.16009508986804,343.2884216308594,300.66003799438477,233.2081344215589,338.6713409423828,321.7840003967285,276.52059441479423,340.0735092163086,328.6936569213867,329.3976677786345,355.9006881713867,231.50711059570312,225.6496993991417,325.36224365234375,282.2842311859131,175.22777707288824,322.5928497314453,305.72218894958496,239.0159890818527,326.62769317626953,316.39288902282715,312.62090266609613,342.7296447753906,219.4086456298828,158.34854719129962,313.5284233093262,247.5901222229004,154.82436711036226,309.65410232543945,266.8336772918701,165.59587650749273,313.8564682006836,279.2838478088379,204.51796195334535
436,17.44,408.62098693847656,206.59586906433105,169.83520198859418,419.35401916503906,246.2120246887207,206.8407396038189,403.18920135498047,280.40242195129395,240.52754022121303,379.1651153564453,305.1719570159912,247.28544634171695,361.3690948486328,321.7755317687988,244.935303645394,391.48509979248047,270.62275886535645,258.7628565121876,358.46500396728516,315.3361701965332,245.69236957765975,346.8608093261719,336.51469230651855,234.45226954613915,344.1354751586914,347.92405128479004,193.94275456368663,370.03955841064453,252.7829074859619,213.03086339559917,338.46153259277344,306.4317226409912,188.10103908183686,334.271240234375,326.5800189971924,162.7165492824221,336.66194915771484,333.1417751312256,140.1438940029415,352.41432189941406,237.67267227172852,177.0750204066442,319.67235565185547,286.4703369140625,176.5968336093294,315.79193115234375,310.2077579498291,203.67379368662043,319.5904350280762,322.4337387084961,231.86050112238883,340.4623031616211,224.70425605773926,144.01459951414856,310.72607040405273,252.77715682983398,147.3908702634368,305.9329414367676,272.25276947021484,164.34262684400053,309.2740821838379,285.94611167907715,202.15096692212234
437,17.48,406.68304443359375,210.181245803833,101.89009862467356,417.02857971191406,249.25575256347656,95.75994734789998,401.2333679199219,282.1542549133301,65.6420366103602,377.6410675048828,306.622838973999,52.60572871563548,360.3572082519531,323.4792137145996,49.538158631677156,388.1439971923828,275.1990509033203,141.65410204330215,355.69480895996094,318.9013481140137,112.87292069484161,344.54212188720703,339.6100902557373,96.68828750048073,342.03125,350.97347259521484,92.62401769702745,367.11803436279297,257.51561164855957,139.0453870433234,334.888916015625,309.8939037322998,124.37415104315934,330.6439208984375,329.5858955383301,117.77292596727182,332.84820556640625,336.04296684265137,119.79553812301667,349.81407165527344,242.25580215454102,131.7345362245658,315.46092987060547,290.04146575927734,138.04226784780153,311.38118743896484,314.1452693939209,147.8146146306781,315.46985626220703,326.81819915771484,150.4216216100912,338.3903121948242,228.79597663879395,114.66070567089004,306.9614791870117,255.70406913757324,119.21347105250393,302.3779106140137,274.33865547180176,103.04478565879305,306.5095520019531,287.5092601776123,79.39639615177964
438,17.52,406.93641662597656,210.238037109375,6.491471340248914,415.5971908569336,250.30394554138184,44.353569283459464,398.5694122314453,283.73308181762695,77.41670646531297,374.23980712890625,308.6363410949707,98.81410241061774,356.57337188720703,325.2784538269043,104.74577144478529,386.23680114746094,275.828161239624,50.206925375202296,353.00716400146484,320.637788772583,79.99477164033199,342.4498748779297,341.0083866119385,62.91229136462258,340.19073486328125,352.2506618499756,56.00618470851645,366.33934020996094,257.3498725891113,19.903423378303273,333.53614807128906,309.54259872436523,34.94098882243091,329.4577407836914,328.621244430542,38.22282551349257,332.4291229248047,335.0988006591797,25.824891607991567,349.9650573730469,241.84410095214844,10.962851106779166,314.18161392211914,288.33446502685547,53.32975715149734,309.349308013916,312.16464042663574,70.93758305715764,313.7369728088379,325.3791618347168,56.31226265178584,338.7604522705078,228.39234352111816,13.69131497774519,306.74238204956055,252.74145126342773,74.2677092679153,300.75626373291016,270.33820152282715,107.91596963858994,304.4342231750488,283.4047222137451,114.98429685343712
439,17.56,407.67269134521484,204.75879192352295,138.21231011760557,418.00655364990234,244.8717212677002,148.5641478194651,401.81453704833984,277.5304985046387,175.00513355289297,376.99806213378906,299.93906021118164,228.10450653631844,358.77906799316406,313.4652900695801,300.4329514105357,387.3771667480469,271.06149673461914,122.52939495860058,353.2242202758789,315.4317283630371,130.26458271078454,341.00311279296875,335.0764274597168,152.64595456911695,336.8032455444336,346.9218635559082,157.85906519773104,366.8617630004883,252.8346061706543,113.6347119108752,333.73619079589844,304.6643257141113,122.05932127003054,328.53492736816406,324.3430709838867,109.41421479732278,331.7530822753906,332.4287796020508,68.85693231790441,350.5024719238281,237.09204196929932,119.55876948144697,313.79058837890625,283.7042999267578,116.16617900019158,308.34142684936523,307.2534370422363,125.33889840346974,313.13764572143555,320.8557987213135,114.07236413071298,340.2003860473633,223.85477542877197,119.01400514857356,310.24011611938477,246.34580612182617,182.24026105751983,303.45767974853516,260.8784294128418,245.94833916690203,305.8614730834961,271.7873954772949,292.6167745561198
440,17.6,408.3736038208008,205.75678825378418,30.488470911629967,418.0879592895508,245.61275482177734,18.637288000718836,402.12841033935547,278.3052062988281,20.89689883079047,378.3961868286133,301.5505886077881,53.33723157505843,360.428466796875,315.70512771606445,69.54040685229225,387.4260711669922,271.76424980163574,17.611315882721872,353.3480453491211,316.3114929199219,22.21089716099511,341.2236022949219,335.8766555786133,20.751214764805685,337.4430847167969,347.10960388183594,16.67034411143747,366.8842315673828,253.46940994262695,15.880031986133684,334.00821685791016,304.86608505249023,8.467031985763128,329.12525177001953,324.2619323730469,14.896861531775674,332.49500274658203,332.15137481689453,19.8021368859598,350.67588806152344,237.8198003768921,18.703366285162563,314.0184020996094,283.4226608276367,9.05606404206398,307.8109550476074,307.42115020751953,13.908811017424597,311.9520378112793,322.0195198059082,41.53246380359734,340.5821228027344,224.24357414245605,13.62184344544744,309.71710205078125,245.45093536376953,25.912561982343497,302.4471664428711,261.0410213470459,25.587756813468697,304.7802925109863,273.70250701904297,54.98069915723338
441,17.64,409.22508239746094,201.9502830505371,97.51441441159554,418.3731460571289,241.98369026184082,91.00632214504706,401.5565872192383,273.9430332183838,109.98731649732898,376.3497543334961,295.4340648651123,161.24466784166094,357.94300079345703,308.9238166809082,180.56114028508185,388.03985595703125,268.5736083984375,81.22855229338289,353.74961853027344,310.89426040649414,135.80240499609943,340.5057907104492,329.7439956665039,154.36314948117578,336.1423873901367,341.44392013549805,145.32675650301425,368.13331604003906,249.94460105895996,93.48960398825332,333.47999572753906,299.63178634643555,131.5221001076822,325.7365036010742,318.142147064209,174.88458047166117,327.61409759521484,325.940580368042,197.47975020008423,352.14183807373047,233.63348007202148,110.889266650513,314.2378234863281,279.35254096984863,101.90075257852149,306.9720268249512,303.1007194519043,110.02818524370016,311.066951751709,317.44797706604004,116.41085740623333,341.8049621582031,219.69417572021484,117.77192495872598,311.5457344055176,242.97746658325195,76.9006830958918,304.9424362182617,257.7755928039551,102.74177224360297,307.77713775634766,269.20520782470703,135.10824703737433
442,17.68,408.49605560302734,201.3048791885376,24.341659404275497,418.06236267089844,241.61782264709473,12.001182875993745,401.45469665527344,273.44404220581055,12.732186518179612,376.4369583129883,294.19137954711914,31.14353196888406,357.8695297241211,306.1087703704834,70.4001230816825,387.31109619140625,266.69803619384766,50.30445985834538,352.8779983520508,309.66087341308594,37.75716166002006,340.1190185546875,329.3326950073242,14.114729290580918,336.58409118652344,341.7305088043213,13.163284849352713,367.4013137817383,247.9698657989502,52.651012889611636,333.7089157104492,297.6779365539551,49.18036555724981,326.6362762451172,317.14539527893066,33.5699356979537,329.2581558227539,326.1266613006592,41.36388498000525,351.4905548095703,232.00475692749023,43.85280045010574,314.1541862487793,277.7530288696289,40.042431761930054,306.71051025390625,301.9781970977783,28.81457262006954,310.7366371154785,317.17692375183105,10.682276736835567,341.30245208740234,218.5063362121582,32.243982657199474,311.5894317626953,242.02534675598145,23.82805101799584,305.02635955810547,256.7551517486572,25.59715651087932,307.8171157836914,268.3278179168701,21.957505736142455
443,17.72,408.0778503417969,202.4070167541504,29.47035432065309,417.3640441894531,242.72624015808105,32.75131753255522,399.2280578613281,275.24937629699707,71.66393575006236,373.3607482910156,295.5179786682129,83.75161687757034,354.2116928100586,306.5518856048584,92.11447362118739,386.86492919921875,266.78967475891113,11.387015948124143,352.21141815185547,309.59667205810547,16.741620614387795,338.77735137939453,330.24524688720703,40.56493053377718,334.36363220214844,343.0319023132324,64.3431385538101,367.0985412597656,247.26439476013184,19.19245598329487,333.58165740966797,296.9911766052246,17.461276841521485,328.40938568115234,317.47066497802734,45.067431764158655,331.88411712646484,326.20622634887695,65.67916034350785,350.59680938720703,231.36483192443848,27.480503196881607,312.5320816040039,276.1442470550537,57.11502870036569,305.34149169921875,302.11100578308105,34.38613410564726,308.7443542480469,317.37499237060547,50.05261108077208,339.1909408569336,218.27796936035156,53.09561596426613,308.0067825317383,245.84744453430176,130.96709257271002,303.6961364746094,261.5060806274414,123.34103803867187,308.6387825012207,271.4494228363037,80.69833280390378
444,17.76,410.02437591552734,203.72523307800293,58.77210268091716,417.1443557739258,244.72540855407715,50.280073559677376,399.0419006347656,275.52700996398926,8.356695147042686,373.01013946533203,292.728967666626,70.27405689344073,353.89862060546875,301.7875671386719,119.36484159011358,387.00958251953125,266.6201591491699,5.571137957330017,355.09376525878906,308.9139175415039,74.05267793431027,337.7095413208008,330.5518054962158,27.773599222006133,327.4178695678711,345.48254013061523,184.13521574462294,367.43534088134766,247.10732460021973,9.290620950473892,331.6963195800781,295.1300811767578,66.22959556319287,318.08502197265625,319.70088958740234,264.06247815807376,313.04534912109375,335.4154300689697,524.2307537706822,351.0601806640625,230.33133029937744,28.31561571397561,313.06493759155273,271.97948455810547,104.96779910838487,300.59885025024414,298.6186408996582,147.2439735449661,299.0959358215332,317.32232093811035,241.21405485181833,339.9742126464844,216.09694004058838,57.93532811448436,307.8348731994629,242.37407684326172,86.94048228416158,299.91111755371094,260.69947242736816,96.75027461196353,301.62975311279297,275.44607162475586,201.7109542545962
445,17.8,411.1729431152344,199.2275333404541,116.05093047179128,419.25891876220703,239.33838844299316,144.67930551013558,403.0086135864258,271.0733699798584,149.1008902327497,378.51497650146484,291.0870552062988,143.61212370861364,359.90222930908203,301.19590759277344,150.81731184688707,391.2416076660156,261.20192527770996,171.87803656647077,360.33145904541016,305.8556270599365,151.6298471444006,344.5719528198242,327.4874496459961,187.88787939670456,335.70377349853516,341.5262031555176,229.54956737151434,370.3169631958008,242.35939979553223,138.84914726538884,337.18788146972656,292.7428436279297,149.7000231762967,325.4243850708008,316.43165588378906,200.8639771326088,321.6920471191406,330.1080894470215,253.64006331168608,352.41477966308594,226.85863494873047,93.18848992284535,317.20205307006836,270.6507396697998,108.63150861045105,306.56238555908203,296.9304943084717,154.9467495082805,305.81199645996094,314.3132972717285,183.9831750525784,339.7948455810547,214.52929973602295,39.446709849007455,310.49129486083984,243.64319801330566,73.6004610519119,302.83226013183594,263.37212562561035,98.98279231705177,304.0780448913574,278.6557102203369,100.92049019906035
446,17.84,411.0977554321289,193.9079475402832,133.00292824095695,420.95603942871094,232.5238037109375,175.5683336108779,405.3057098388672,264.85499382019043,165.72728587974603,381.060791015625,285.89226722717285,144.62666094245094,362.2194290161133,297.4450206756592,110.22297613033265,395.00186920166016,250.98644256591797,272.1392725372535,363.3785629272461,298.4387397766113,200.460499600686,349.3941116333008,320.1511287689209,219.48066491407485,342.24517822265625,333.03866386413574,267.8949175837237,373.8905334472656,233.1295680999756,247.437110028054,340.3434753417969,287.88230895996094,144.87617545677972,334.1944122314453,309.98966217041016,272.04395256288103,335.3170394897461,318.6448860168457,445.14425329089323,354.87552642822266,219.38209533691406,196.77702992408476,319.0774917602539,267.59765625,89.5774408295043,313.40402603149414,293.8560104370117,187.5174915668116,316.0250473022461,307.57126808166504,305.94256518459633,340.6558609008789,208.97701263427734,140.46627584847238,311.0699462890625,241.14890098571777,64.01345140485077,307.51352310180664,260.04515647888184,143.576953881234,311.92237854003906,271.31080627441406,268.6554302990544
447,17.88,413.0924606323242,187.69643783569336,163.09832472679636,423.12931060791016,225.73498249053955,178.2049402739432,407.13504791259766,258.5847473144531,163.29128312373027,382.2972106933594,279.8000907897949,155.4094337621425,363.3297348022461,291.9438171386719,140.30328598718214,397.0247268676758,244.2355728149414,176.18561861643343,365.3932571411133,290.93021392822266,194.35301835723885,350.97652435302734,313.4724712371826,171.58907388328387,343.17840576171875,327.2725009918213,146.02985120712972,375.95088958740234,226.14545345306396,182.04210506330074,342.38746643066406,280.18529891967773,199.09461182373335,336.20784759521484,301.93676948547363,207.51958124352674,337.33909606933594,310.05669593811035,220.5755562720387,356.89552307128906,212.13435173034668,188.0993318444704,321.06311798095703,260.45416831970215,185.3579835390407,314.8640823364258,286.80384635925293,180.04302019448383,316.99390411376953,300.57955741882324,176.46299455220606,342.4116516113281,201.5086841583252,191.7986105978376,312.1317481994629,233.71012687683105,187.8543044821793,308.66621017456055,252.379732131958,193.79018600361732,313.3175277709961,263.3818531036377,201.26900494270816
448,17.92,413.64131927490234,185.2382469177246,62.96798987738109,424.23046112060547,223.69646072387695,57.92291992794362,407.48802185058594,255.99806785583496,65.26628734718308,381.0618209838867,275.93127250671387,101.53183811548097,360.8534240722656,286.10684394836426,158.51334891694904,398.2912826538086,240.41207313537598,100.69543609017073,365.6201171875,287.6418685913086,82.40403712596188,350.1915740966797,311.09158515930176,62.67358604701003,341.87999725341797,326.5733528137207,36.86692987428934,376.5068817138672,221.5513515472412,115.69058833202239,343.11363220214844,275.9691524505615,106.95562098575218,336.23619079589844,300.5675983428955,34.236611933477725,337.1409225463867,312.54655838012695,62.4434130101155,356.8605422973633,207.3058032989502,120.71687850318895,320.6800842285156,255.8060646057129,116.59648094901405,313.56311798095703,284.08899307250977,75.26177907286498,315.87507247924805,300.3537368774414,28.53483773517034,341.97471618652344,197.23970890045166,107.28193673035568,312.30770111083984,231.09509468078613,65.523625573975,308.38388442993164,250.81592559814453,39.72718450002141,312.7657699584961,262.89090156555176,18.463986846083188
449,17.96,412.8398132324219,185.30585289001465,20.108805652343957,423.2467269897461,223.9861822128296,25.637757572799035,407.1140670776367,255.68870544433594,12.133303184314464,380.92044830322266,275.2046298980713,18.50668317684577,360.7297897338867,284.21688079833984,47.35006704111275,399.08836364746094,240.3420925140381,20.00367775255098,366.69761657714844,287.8677177429199,27.52286292766788,350.06649017333984,311.15504264831543,3.5064976106872114,339.9789047241211,326.9700622558594,48.55107611082352,376.4940643310547,221.7906618118286,5.99133165701993,343.5771179199219,275.65598487854004,13.98420847656809,333.65203857421875,301.2557029724121,66.85493010043389,331.52027130126953,315.9764099121094,164.6124272926401,356.8332290649414,207.16599941253662,3.561174255220366,322.1022033691406,254.75621223449707,44.19143618592485,312.66632080078125,282.91600227355957,36.91334952284412,313.21449279785156,301.320219039917,70.76710045743053,342.4554443359375,196.62148475646973,19.578378473479102,313.84246826171875,225.96526622772217,133.86245311251767,307.6968002319336,246.07223510742188,119.82978596459013,310.3487014770508,261.48573875427246,69.89591623531506
450,18.0,412.1622085571289,186.34459018707275,31.005274433135448,422.862548828125,224.39013004302979,13.936613411039128,406.63047790527344,256.1931037902832,17.46919036155763,379.9618911743164,275.63146591186523,26.232383994412544,359.4062805175781,284.386568069458,33.35856726196171,399.4607925415039,240.21366119384766,9.848790697464,366.84844970703125,287.7464962005615,4.837696727394813,349.8779296875,310.95102310180664,6.945278620122533,339.5939254760742,326.7472171783447,11.120615709102143,376.87843322753906,221.5396499633789,11.476780816249033,343.8600158691406,275.3869915008545,9.759248399302251,333.95336151123047,300.65205574035645,16.86685902031394,331.79466247558594,315.1949214935303,20.706500563168582,357.108154296875,207.07463264465332,7.242745052256658,321.84703826904297,254.80567932128906,6.497894898712074,312.4787902832031,282.71392822265625,6.8920976973449966,313.36048126220703,300.9144973754883,10.77968867568979,342.6612854003906,196.93755626678467,9.429731685205963,313.4031295776367,226.53565406799316,17.999318870097945,307.28965759277344,246.4566707611084,13.999015600384231,310.2458953857422,261.5748596191406,3.4014354474435198
451,18.04,411.7645263671875,186.61620140075684,12.03961626245654,422.88612365722656,224.5011806488037,2.8381342473890037,406.63665771484375,257.109432220459,22.90873171405852,379.9665832519531,277.3733139038086,43.54635778849408,359.3367385864258,286.8373489379883,61.294182767119096,399.3851089477539,240.20273208618164,1.9117158126422715,366.75941467285156,288.0978012084961,9.060299591876317,349.88224029541016,311.64525032043457,17.35601503125837,339.76261138916016,327.49674797058105,19.206954238375065,376.58458709716797,221.58631324768066,7.438204186659091,343.92662048339844,275.4642391204834,2.5499227168146907,333.9717102050781,300.8509826660156,4.994284002620384,331.4823532104492,315.23746490478516,7.879840533421321,356.4054489135742,207.31141090393066,18.538116135854846,321.806640625,255.37579536437988,14.288637798828056,312.8377914428711,283.42918395996094,20.007383049611622,313.4672546386719,301.2078666687012,7.8048901386380125,341.2862014770508,197.33196258544922,35.76321556807899,312.2807312011719,229.15989875793457,71.35491533601848,307.4993896484375,249.29125785827637,71.05838948799521,311.5220260620117,263.5324287414551,58.41974394176975
452,18.08,412.00366973876953,184.59822177886963,50.80250551476064,423.4265899658203,222.24656581878662,57.962228339119406,406.7380142211914,254.5876693725586,63.094973068530244,380.0279235839844,274.8718070983887,62.55646915935177,360.09437561035156,285.4815673828125,38.827804835726084,398.95572662353516,237.46015548706055,69.39963788809582,366.4811706542969,285.05624771118164,76.35634964955126,350.2937316894531,308.1814670562744,87.2034964481335,340.5168151855469,323.48193168640137,102.12606536224766,377.02159881591797,218.7890625,70.7795476626408,343.57261657714844,273.1739044189453,57.938285111777624,334.8393249511719,298.45252990722656,63.76387586136736,333.1074905395508,311.6901969909668,97.54544130443968,357.5288391113281,204.54626083374023,74.61593515749375,321.38031005859375,252.77212142944336,65.95867887984924,313.3515739440918,281.05602264404297,60.70351662965101,314.6379089355469,298.04102897644043,84.40709556931235,342.84778594970703,194.37114715576172,83.6845792018931,312.08993911743164,224.5411777496338,115.5664997191469,306.3380432128906,244.90636825561523,113.4018914383793,309.6828079223633,259.1686248779297,118.38894459717034
453,18.12,411.5163803100586,177.10121154785156,187.8207479741705,422.8709030151367,214.52477931976318,193.54388185186303,405.8071517944336,246.95280075073242,192.285145893565,379.1299057006836,268.62622261047363,157.7453678290051,359.45838928222656,282.11374282836914,85.68372380108697,397.48191833496094,228.65306854248047,223.23878936139062,363.37371826171875,276.93875312805176,217.29872681300174,347.4715805053711,300.1696586608887,212.35820426550083,340.1167678833008,314.97462272644043,212.91774172239911,375.89073181152344,209.63501930236816,230.59077258985502,341.59923553466797,265.3128433227539,202.6242123625582,332.23255157470703,289.91031646728516,223.27768289979394,331.0053253173828,302.6445007324219,232.1687417364067,355.4981231689453,195.74634075164795,225.7797608980082,319.84981536865234,245.16457557678223,193.99930395538865,311.91314697265625,272.4679470062256,217.69260913186983,312.415828704834,288.33455085754395,248.93944798929178,339.6835708618164,186.3768482208252,214.94341200587237,310.3513717651367,220.7403802871704,104.48886839376073,307.5030326843262,239.32054996490479,142.65028576336405,312.3543357849121,249.7046184539795,245.84608842849383
454,18.16,414.23187255859375,163.8786506652832,337.46297430707256,423.88668060302734,201.77807807922363,319.6777641466026,405.68058013916016,231.50270462036133,386.2653644368293,378.7795639038086,248.6938762664795,498.38562513854055,358.7721252441406,256.3289165496826,644.8489283119018,398.2074737548828,212.29675769805908,409.309888033134,362.510986328125,255.9041976928711,526.3060117133203,346.3129425048828,278.24878692626953,548.7867639289644,338.02276611328125,293.20112228393555,546.8490222016295,377.8052520751953,193.642315864563,402.6722854021584,338.90209197998047,243.092679977417,559.581452096144,328.23375701904297,268.6845874786377,539.977967720627,326.19842529296875,283.580961227417,491.5058661295367,359.4229507446289,180.08604526519775,403.61578746205123,318.0152893066406,221.1672306060791,601.6841216094678,308.78543853759766,249.08723831176758,589.7245644736622,309.8708724975586,266.99243545532227,537.3329344658541,346.26346588134766,171.2307071685791,412.84122798797193,311.3833236694336,195.94446659088135,620.4344550225458,306.9412422180176,214.36089992523193,624.1492903499612,312.4048042297363,227.11000442504883,564.8667598316181
455,18.2,413.57582092285156,151.993088722229,297.5913582949553,419.9771499633789,189.05550956726074,332.74256130297226,400.49625396728516,216.53514862060547,395.999503205351,373.2877731323242,233.04787158966064,414.5458571020809,353.50677490234375,241.54729843139648,392.28509117788406,392.4071502685547,194.03546333312988,479.0084970727585,353.0438995361328,237.7776861190796,511.2461211111473,336.1599349975586,259.67634201049805,529.1616433054436,329.4957733154297,272.31677055358887,563.9513240140094,373.2549285888672,174.08421993255615,502.011304850182,332.0899200439453,221.8334197998047,558.1004780646118,321.10103607177734,246.00977897644043,594.2551265675371,321.59854888916016,258.36636543273926,640.7684371222256,356.4415740966797,160.62466621398926,492.21049948913736,314.2403984069824,200.37832260131836,528.2213653708118,304.45295333862305,226.59253120422363,572.7031712924692,307.8031539916992,242.158842086792,622.9881717441472,344.7982406616211,152.69322395324707,464.8824911356898,309.4645118713379,173.07148933410645,573.8330154024848,302.9911231994629,190.60021877288818,602.1697274668969,308.55491638183594,202.7928113937378,615.5015807064659
456,18.24,409.4412612915039,128.3547592163086,599.9297902544707,406.36287689208984,164.4537878036499,702.9372060298797,380.62347412109375,189.37392711639404,841.3751141791739,351.5852737426758,202.74450302124023,931.8303984467951,328.78551483154297,210.6265926361084,989.7066315223577,374.23004150390625,160.801420211792,947.0047865615587,327.12799072265625,193.06260108947754,1292.060650383955,314.49344635009766,212.24342823028564,1303.677020965991,314.72293853759766,221.40186309814453,1325.3689223593522,359.34226989746094,139.24265384674072,937.9155076470793,310.0439453125,175.00150680541992,1294.0375469275298,301.8641471862793,195.81634998321533,1343.8373711341824,306.5197944641113,203.41379642486572,1424.5950467536452,346.18946075439453,124.10445213317871,948.2984315641669,298.4512138366699,154.0169620513916,1224.4065147643212,291.85136795043945,175.50723552703857,1315.4151884293758,296.9477653503418,184.9541473388672,1455.639155954818,337.4302291870117,114.66412782669067,968.4071152196406,299.65831756591797,132.71276950836182,1038.324284824051,292.03495025634766,149.90890502929688,1053.512203221572,294.55732345581055,159.9863576889038,1125.9232562953646
457,18.28,402.5428009033203,113.78801107406616,402.94145601971564,394.9003219604492,149.00799751281738,480.86029888449343,369.4072723388672,171.57175540924072,526.0231101806462,341.68102264404297,184.07329559326172,528.3867999885177,319.15300369262695,194.5718765258789,468.06728964794917,354.7193145751953,144.03573989868164,643.1157077308009,308.907527923584,172.55938053131104,685.7328734049788,303.9604187011719,192.33830451965332,563.0045633632844,309.9198532104492,199.6293067932129,557.4012450152534,343.82301330566406,121.95051670074463,580.8750576920397,294.5405960083008,154.13606643676758,649.8655829409076,294.2704391479492,174.62759971618652,562.7097051599476,302.85654067993164,181.01832389831543,567.3274065601228,335.7163619995117,106.2211275100708,518.1089998162703,288.35079193115234,134.10627365112305,558.1521047405269,288.981990814209,153.55037212371826,553.5889583334761,296.6493606567383,160.62987327575684,608.1526093724685,331.94286346435547,96.19342088699341,481.7145144081473,291.9548797607422,113.57937812805176,515.648632628323,290.3152084350586,129.22542572021484,518.8712679106417,297.5140571594238,135.5581283569336,615.1629166780804
458,18.32,403.2821273803711,103.34753036499023,261.6656276102372,391.29390716552734,138.90233516693115,268.2473661591272,363.3150100708008,160.3269624710083,319.72745011046845,336.7303466796875,174.02519702911377,280.03736051962676,316.76910400390625,185.14480590820312,243.0954521331702,342.4723434448242,136.1547088623047,364.09043524967785,299.8463439941406,162.22662448883057,343.5757755181337,299.2839241027832,180.03215789794922,329.11894354818526,308.00060272216797,188.19671630859375,289.8142159489549,333.7317657470703,113.91232252120972,322.53472967722143,289.6280288696289,146.2487268447876,232.30292955962386,294.15077209472656,165.0050926208496,240.58127914937114,304.3768119812012,170.22643089294434,272.4612122266687,329.17999267578125,97.01800346374512,282.2029590430692,285.30447006225586,124.76104259490967,245.73031511055467,289.46434020996094,141.09190464019775,311.69503623084864,299.044132232666,146.20014667510986,365.6774028005168,328.7057876586914,86.16208076477051,263.5176042735743,294.0015983581543,102.50387907028198,281.5756297112418,292.2064399719238,116.54220342636108,320.5862642111155,298.129825592041,122.54861354827881,325.6019870171403
459,18.36,400.50662994384766,100.00883102416992,108.54232846147558,387.7269744873047,135.9573268890381,115.63974902642511,360.7485580444336,157.7228593826294,91.40578789985348,334.7071838378906,173.13720703125,55.23650355931814,316.16085052490234,185.32012939453125,15.825426921148994,336.47533416748047,137.03978061676025,151.54923350821107,297.9063606262207,163.72650146484375,61.30439630942249,299.80138778686523,179.06161308288574,27.496885078022316,309.2757987976074,184.30011749267578,102.49880292907541,327.45227813720703,115.1362681388855,159.94141020514007,287.32269287109375,147.8539752960205,70.22907453615518,294.5982360839844,163.9823055267334,27.90964731922009,305.3595542907715,166.7539358139038,90.22196420834933,324.14554595947266,97.7431869506836,127.16019628081008,284.3887519836426,126.81023597717285,56.11223751002553,291.237735748291,140.97939491271973,44.424023442743,302.68184661865234,143.0496597290039,120.30828616411861,325.2189636230469,85.98092794418335,87.28816572120151,293.19847106933594,104.8843502998352,62.80752700102592,295.5904197692871,117.00966596603394,85.40287061539642,304.97764587402344,118.69211196899414,196.47717272840336
460,18.4,397.56072998046875,103.8426947593689,120.87399879189714,385.57178497314453,139.7188138961792,108.37904071716686,359.9992370605469,162.65100002288818,124.61955130281342,336.52549743652344,178.38300704956055,138.79995086247317,321.59854888916016,191.8710994720459,212.8435053876797,331.1067581176758,146.98001861572266,282.4335544408549,298.1663131713867,171.9051218032837,204.56876283734303,301.6813278198242,186.15018367767334,183.34054312400673,310.6357765197754,190.35409927368164,155.12139361147138,321.58164978027344,126.03800296783447,309.5481581938745,286.456241607666,156.40780448913574,214.94000857344756,295.9560203552246,169.48598384857178,141.71726517414237,307.29148864746094,169.3333625793457,80.56756790434942,319.13171768188477,107.98741579055786,285.134506111646,284.8904228210449,136.48801803588867,242.26939964260575,294.1158866882324,148.1158447265625,192.37442134185576,305.5271911621094,147.67706394195557,135.80513457023514,321.1275863647461,94.42787647247314,234.641092028493,291.81344985961914,112.71630048751831,198.83681672057557,296.9670867919922,123.5985517501831,168.2792098863647,307.5581741333008,124.04608726501465,148.58536596710752
461,18.44,395.3380584716797,103.08212757110596,58.729949152055504,384.8833465576172,138.81701946258545,28.363496042828444,359.93579864501953,162.47981071472168,4.564140923762801,337.2346878051758,179.7661256790161,38.85846209431328,323.1073760986328,194.7557258605957,81.38499919196923,332.87750244140625,145.31242847442627,60.809088236116985,298.17195892333984,170.26216506958008,41.074160850658,301.8390464782715,184.91445064544678,31.143933018308918,311.4462471008301,189.22924518585205,34.660489769170724,323.13255310058594,124.43195343017578,55.816083179324494,287.3289489746094,156.76561832427979,23.58030015894756,296.6409492492676,169.99849319458008,21.38623125460603,307.1359062194824,169.89323616027832,14.527222689704015,319.5746421813965,107.30307340621948,20.379318733547684,284.54784393310547,137.7437925338745,32.54160686964286,293.47707748413086,149.06251430511475,28.551056134155957,303.8642692565918,148.41745376586914,45.50746061914592,320.2424621582031,94.95414733886719,25.744002770347514,290.68042755126953,115.56693077087402,76.68862596403454,295.5503463745117,125.51949977874756,59.67199269217717,305.27076721191406,124.9766492843628,61.73621352102205
462,18.48,394.7505569458008,106.92500352859497,97.18813478106891,386.37718200683594,144.30097103118896,142.0943110141367,361.947021484375,169.48851585388184,182.2892019519311,340.1972198486328,187.40491390228271,204.82871140972009,329.05529022216797,203.2551097869873,259.34678707903936,331.0069274902344,156.962628364563,294.9853896043977,301.8486785888672,183.66026401519775,347.33568314333627,304.38636779785156,196.54887199401855,297.7505310882018,311.70345306396484,200.41379928588867,279.68777829496554,320.2722930908203,136.70476913452148,315.0427477306641,289.1341209411621,168.39740753173828,294.2757698948979,297.78223037719727,180.61992645263672,267.0643263667016,307.910213470459,181.0706377029419,280.1047314899073,317.33131408691406,119.04650688171387,298.8945787531704,285.7053756713867,148.65888118743896,274.4073614631856,293.80449295043945,159.8654079437256,270.1963543595618,303.9824676513672,159.97889041900635,289.0510209558945,319.3388366699219,105.90833187103271,274.7847996476129,292.38779067993164,125.79079627990723,259.1362030862265,297.02693939208984,136.6858720779419,281.5894587690729,306.6127395629883,137.46375560760498,313.9752320237644
463,18.52,393.00403594970703,113.38721752166748,167.35169793368257,386.55906677246094,150.6961441040039,159.94397593224588,364.3849182128906,175.7041311264038,166.91542333416118,343.81935119628906,194.390287399292,196.71565518597157,331.3791275024414,210.94974517822266,200.94718446217445,331.5045166015625,165.9940767288208,226.12863385688166,301.23538970947266,192.3336696624756,217.3765292813083,303.75043869018555,204.54467296600342,200.5262436278151,311.50096893310547,207.9159450531006,187.6219452378664,320.3635787963867,146.12618923187256,235.54655820401447,289.09292221069336,177.01138973236084,215.3520180542118,298.2386779785156,187.69062995910645,177.13552807305587,308.74427795410156,187.47811317443848,161.538318752673,316.97927474975586,128.7060785293579,241.64961218528188,287.1009826660156,157.52720832824707,224.4367187536539,296.1534309387207,166.76762580871582,182.2740401301381,307.04620361328125,165.70212364196777,162.29193712399677,318.464298248291,115.55459976196289,242.14574856181542,294.2997169494629,135.99722385406494,259.5990007283477,299.55211639404297,145.73754787445068,234.93264143193255,309.0907287597656,145.63992977142334,213.58583522853885
464,18.56,390.4442596435547,118.72066497802734,147.89801491925616,386.0261535644531,156.04259490966797,134.3236127432903,364.98538970947266,181.47780418395996,145.1203521946467,345.25829315185547,200.4137134552002,154.82291376457152,331.6853332519531,216.4373016357422,137.40232402396424,331.11324310302734,173.940167427063,198.8929554046393,298.6592102050781,199.17543411254883,182.7676831888444,302.5618362426758,210.67111015319824,156.01684281446552,311.7234802246094,213.55669498443604,141.12842348085752,319.4028663635254,153.8397216796875,194.32825193816436,288.87630462646484,184.36161518096924,183.8354177708412,298.8298225402832,194.25753593444824,164.8364833363036,310.2848815917969,193.61419200897217,158.16313380512455,315.6697654724121,136.73466682434082,203.36703973017904,288.48289489746094,165.85259914398193,210.98254319098976,297.5246810913086,174.99773025512695,208.5889291462526,308.5591125488281,174.39086437225342,220.4868319840528,316.7413520812988,124.01524543762207,215.85740192225785,296.3199806213379,146.03872776031494,256.067942647957,302.2169494628906,156.01161003112793,265.3508155302282,311.45965576171875,156.38145446777344,274.9910997910679
465,18.6,390.8634567260742,122.3908281326294,92.35063540452552,384.9765396118164,160.30338764190674,109.70427338038272,363.6180877685547,187.13995456695557,145.6225033204332,343.51985931396484,206.75671577453613,164.42291246930924,328.3298110961914,222.31982231140137,169.30663461114997,328.9805221557617,178.7241268157959,130.94551842262334,299.3708610534668,204.3230438232422,129.91423291838757,305.1054000854492,215.89186191558838,145.18515331027328,314.70359802246094,218.84990215301514,151.8616644733144,317.7852249145508,158.74091148376465,129.031065428617,290.13378143310547,188.9663028717041,119.33250984236304,300.57641983032227,198.93261909484863,124.7672950191453,312.59422302246094,198.36901187896729,132.14899223859484,315.49049377441406,141.7422580718994,125.26997955498092,292.0165252685547,169.21422958374023,121.93005887860913,300.6011962890625,178.3853530883789,114.40316380672331,311.2751770019531,178.05540561676025,114.03362619810031,317.77544021606445,129.37628746032715,136.49658841815608,299.9163627624512,149.40869808197021,123.21390057983488,305.66749572753906,159.96728897094727,131.22896355085237,314.5083427429199,160.93382835388184,136.97308200032222
466,18.64,389.1370391845703,127.66831398010254,138.81726837350723,383.01918029785156,166.2080955505371,155.5169423451328,360.42186737060547,193.11979293823242,169.51086207611758,339.79358673095703,212.05048084259033,161.84301027273813,324.24705505371094,226.25066757202148,141.68724661501474,327.89085388183594,182.09130764007568,88.47769369521156,296.210994720459,207.66088485717773,114.90740296620405,301.9989585876465,218.61268043518066,103.23768750990129,311.7175102233887,220.7431697845459,88.3925289135426,317.01892852783203,161.58426761627197,73.62015794164844,287.4134826660156,191.83701038360596,98.87171929171743,297.6880073547363,202.23957538604736,109.76932216305744,310.1753616333008,202.3317289352417,116.06575961512604,314.90800857543945,144.54553127288818,71.57875752626575,291.9807434082031,171.5879774093628,59.35043745193692,300.74798583984375,180.90651512145996,63.135791994656046,311.4345359802246,180.80540657043457,68.86536016553143,317.10521697998047,132.52741813659668,80.54045460634116,300.5877113342285,153.24256896972656,97.30517358038165,307.1859359741211,163.42403411865234,94.38865066383346,316.6778564453125,164.15173530578613,97.02356304006501
467,18.68,387.59239196777344,133.5173749923706,151.23956523838402,380.03353118896484,172.29947090148926,169.59317915894988,357.2373962402344,197.4521541595459,134.4205391023535,335.6290054321289,213.61231327056885,111.19537402595212,319.7490119934082,221.7312240600586,159.40859651803808,326.3039016723633,185.93142986297607,103.87780081050637,292.6839256286621,208.748517036438,92.27391334930218,300.23305892944336,218.8551378250122,44.56166506038176,311.0462760925293,219.89652156829834,27.011206707884618,316.0633659362793,164.67085361480713,80.77790923547819,283.8987731933594,193.2018756866455,94.26041047485425,294.926815032959,203.29482078552246,73.89911150918662,307.65451431274414,202.79680252075195,64.08473225687689,314.1509437561035,146.85381889343262,60.731678717920964,289.2877197265625,172.32434749603271,69.79710530539346,298.5270309448242,180.76764106750488,55.63231215182603,309.7170829772949,179.69547271728516,51.12238976001186,316.8311882019043,134.1968536376953,42.29440465018956,298.94575119018555,154.11983013153076,46.54044115494918,306.0658836364746,163.52683067321777,28.1189923661246,316.2354278564453,163.13110828399658,27.809874301383708
468,18.72,385.3395080566406,135.82590579986572,80.64118212099795,377.4385070800781,173.58552932739258,72.40552637981197,355.10169982910156,198.71345043182373,62.00840390114235,334.8983383178711,215.44531345367432,49.33155749063246,320.5695343017578,224.082670211792,62.2623274089215,324.33597564697266,186.1970615386963,49.644316319668405,290.9381294250488,208.712797164917,43.654039716932424,298.7233543395996,219.21730041503906,38.813413356485455,310.3195381164551,220.92216968536377,31.42552849504198,313.7510871887207,165.02655029296875,58.48692767013386,281.81983947753906,194.08339977264404,56.45269097311707,292.52328872680664,204.9477481842041,72.92593712835811,305.1464653015137,205.6170129776001,94.35271877259868,311.31662368774414,147.47948169708252,72.56386925398785,287.6700210571289,173.93470287322998,57.06462031085552,297.0102310180664,182.206449508667,52.26645523284894,308.1291961669922,181.47826194763184,59.685226198435714,313.9435386657715,135.2772045135498,77.07819835436452,296.97500228881836,155.81398487091064,64.97120281903406,304.18928146362305,164.8621129989624,57.579372416458696,314.24856185913086,164.5235824584961,60.65589840409409
469,18.76,383.36570739746094,133.7303924560547,71.96815796008448,375.9736633300781,172.4481439590454,46.36413409120975,353.5825729370117,197.7811861038208,44.55939359114769,333.3674621582031,213.30699920654297,65.7455779678596,319.375057220459,219.04768466949463,129.36830878564223,321.7430114746094,185.8267307281494,65.48190641505437,288.5546112060547,205.4113483428955,101.79858614165538,297.09171295166016,215.0134563446045,112.73464027131612,308.8300895690918,215.9685230255127,129.31809667902317,311.57047271728516,164.17694091796875,58.50702715872054,279.90121841430664,190.238356590271,107.42865032951102,290.6239891052246,201.09350681304932,107.42007377482679,302.8023338317871,201.51620864868164,118.0877546875595,309.27223205566406,146.3192081451416,58.76740093715137,285.4445266723633,170.63220977783203,99.55929734891178,294.87876892089844,179.35269355773926,89.04722658201915,306.1281967163086,178.8003444671631,83.57347378892173,312.2413444519043,133.9097785949707,54.58547645965931,295.35425186157227,153.83249759674072,63.99767459210794,302.8411674499512,163.1680154800415,54.1258821953072,313.25395584106445,162.82038688659668,49.308444302875785
470,18.8,379.9122619628906,134.68894958496094,89.60021323541704,372.25257873535156,173.37166786193848,95.84938367148673,350.98644256591797,199.04590129852295,72.19503717113224,331.29520416259766,215.80070972442627,81.05879558749545,317.5861930847168,222.74770259857178,102.7441226166885,318.50685119628906,186.25163555145264,81.5983971037596,286.5180969238281,207.7016830444336,76.62009962626617,298.5718536376953,214.03950691223145,44.29583746863527,311.2471008300781,211.579270362854,125.26841773864814,308.12713623046875,164.7389030456543,87.22230074067218,277.30920791625977,191.13306999206543,68.5521265777719,289.7171211242676,199.64555740356445,42.7124617889253,301.88886642456055,197.67798900604248,98.63554357205084,305.96120834350586,146.93289756774902,84.18540821415445,281.6277503967285,171.2838649749756,96.80016669088371,291.6642379760742,178.97252082824707,80.92334528537648,303.0381202697754,177.07656383514404,88.45900220138437,308.98298263549805,134.5924186706543,83.2275465198555,291.6914367675781,154.83012199401855,94.90610113039118,299.78872299194336,163.48299980163574,76.71632930833887,310.2059555053711,162.1391773223877,78.07989704765812
471,18.84,378.8538360595703,133.54920387268066,38.88513277494921,372.33070373535156,172.2864532470703,27.200577612760103,351.6674041748047,197.66262531280518,38.54511289905202,332.4754333496094,213.51207733154297,64.37574836278161,319.77773666381836,221.77103519439697,59.983031337406366,319.3212699890137,185.63166618347168,25.588571511244496,287.0492172241211,207.14027881622314,19.320705875366322,299.2923927307129,213.4490203857422,23.289629163695682,311.7176818847656,210.76859951019287,23.43386652348914,308.4836196899414,163.9767837524414,21.03429155517409,277.57572174072266,190.64108848571777,13.988285751342652,290.8146858215332,198.4093952178955,41.32754237461992,302.972354888916,195.23828029632568,66.73701109888054,305.96996307373047,146.40735626220703,13.140355520592074,281.54199600219727,171.20774745941162,2.866584679223225,292.4461364746094,178.10530185699463,29.19154421780041,303.9435005187988,174.9441432952881,57.91659279796957,308.67597579956055,134.27940845489502,10.960970317506806,290.8985900878906,154.74456310272217,19.936244966319514,299.48564529418945,162.64463424682617,22.28666774058774,309.8178291320801,160.15833377838135,50.46275376128705
472,18.88,376.0108947753906,132.49717712402344,75.7837194966024,370.3326416015625,171.04280948638916,58.83718049606718,350.2872848510742,198.07069301605225,35.9795827359732,332.9011917114258,216.62720203399658,78.60213139004765,321.9463348388672,226.7525053024292,135.82585928782973,316.53564453125,185.42770385742188,69.82706236387112,284.46388244628906,208.40829849243164,71.98884380895286,296.2540054321289,214.86153602600098,83.76678119253246,308.8162422180176,212.64095306396484,86.32808049130635,305.20532608032227,164.298677444458,82.35147440934867,275.1283264160156,192.3296070098877,74.33386964341526,287.4148178100586,201.0290765762329,107.30165689153178,299.49546813964844,199.40410137176514,135.65306552887034,302.34363555908203,147.29065418243408,93.30885026142263,278.6962699890137,173.1529426574707,86.17547831554919,288.7672996520996,181.01231575012207,117.21926607188374,300.1139831542969,179.02459144592285,139.9000990775218,304.63159561157227,135.85340023040771,108.4967200379052,287.6270294189453,157.29555130004883,103.71430106755355,295.43514251708984,165.86148262023926,129.31233072686373,305.6048774719238,164.33545589447021,148.31830396046038
473,18.92,372.75394439697266,130.94156742095947,90.23458080104221,365.8233642578125,169.58581924438477,118.47046764951878,346.9588851928711,197.96068668365479,83.25542654196114,331.2569046020508,217.94179916381836,52.629873359816095,318.79974365234375,227.0625400543213,79.04570530114114,313.1425476074219,181.2337589263916,134.8663246028415,282.44102478027344,205.91272830963135,80.31120592046943,292.08362579345703,215.27360916137695,104.76721397802471,303.47192764282227,215.32432079315186,149.5036802404194,301.82132720947266,161.1316967010498,115.86958020504619,272.47745513916016,190.44533729553223,81.30802114065447,283.085880279541,202.0903444290161,111.42819885041078,294.97745513916016,202.85847187042236,142.18191915327722,298.5481071472168,145.2700710296631,107.49648890352827,274.89734649658203,172.37890720367432,96.92442476319756,283.4730339050293,182.66685962677002,138.66949295076404,294.171142578125,183.17514896392822,181.2189315166633,300.52581787109375,134.87428665161133,105.52272934773441,283.40795516967773,156.35094165802002,108.08814370875331,290.0015068054199,166.767897605896,137.71797534580816,299.35190200805664,167.48115062713623,174.99124532181565
474,18.96,370.82305908203125,128.98813247680664,68.66688694566395,364.7665786743164,166.44943714141846,82.74089249462952,347.04822540283203,195.46588897705078,62.4099214367819,331.58145904541016,215.82335472106934,53.5790446660267,319.9502372741699,223.39533805847168,96.08591875317262,311.7652702331543,175.45151710510254,148.60016286484523,280.9195327758789,201.14457607269287,125.12547121304351,287.581787109375,213.06547164916992,125.35555135870851,299.07047271728516,216.62578582763672,114.74596043413024,300.5159568786621,156.42047882080078,122.21795494049385,272.7715492248535,188.326735496521,53.47291904561033,282.99842834472656,201.09108924865723,25.076866286191724,295.5523109436035,203.33569049835205,18.678142552615398,296.5848159790039,142.06798553466797,93.90109067670906,273.8836479187012,172.74670600891113,26.959005544661075,282.45283126831055,184.21113967895508,46.271037779753335,293.96900177001953,186.6684865951538,87.4795287197179,297.74343490600586,133.21901321411133,80.93819060440637,281.66534423828125,155.7384967803955,46.177521495521944,287.7212715148926,167.27089405059814,58.37635653428814,296.9449043273926,170.36174297332764,93.84645071757738
475,19.0,370.94058990478516,124.91114616394043,101.96700106405636,366.5997314453125,161.88995361328125,122.85494273014916,348.1304931640625,193.72272491455078,51.295251094706096,330.27122497558594,215.55426120758057,33.43954093518878,315.0314712524414,218.28346252441406,177.35122400939295,312.8865051269531,168.99418830871582,163.84875432795715,278.6014175415039,195.90023517608643,143.34566979782727,284.649658203125,210.38705348968506,99.28275202648842,296.9760513305664,216.64332389831543,52.362370369068614,302.00294494628906,150.69517135620117,147.88145395354886,274.70361709594727,185.39910793304443,87.6922509722939,284.0418243408203,200.6518793106079,28.301728904187033,296.4401435852051,205.00157833099365,47.192617738612874,297.6808738708496,137.5510025024414,116.20154532024283,275.0238800048828,171.91946983337402,35.21761722202575,282.90231704711914,185.42002201080322,32.24354545492182,295.1987648010254,189.92045402526855,86.91809822670645,298.1624412536621,130.22784233093262,75.5093933384795,282.9275894165039,154.48911666870117,44.400264311176244,287.8058052062988,168.1113052368164,21.116298605928087,296.63068771362305,174.15116786956787,95.06074743491034
476,19.04,372.29549407958984,118.77759218215942,157.03552498225682,370.6183624267578,154.7599983215332,204.61191532288342,352.28878021240234,187.14999675750732,194.4416792427468,335.4610061645508,211.5091037750244,164.5013819157335,319.075927734375,218.45129013061523,101.19842618482846,314.73907470703125,160.41152000427246,219.50827044944043,279.89023208618164,190.5074644088745,138.61597012580353,284.26137924194336,207.97728538513184,61.02122002538505,296.2466621398926,215.81079483032227,27.671208418288636,302.9630661010742,143.5121726989746,181.17205624347912,275.6269836425781,181.39031410217285,102.84403774001392,284.6043014526367,199.3815279006958,34.73266839359426,296.9685363769531,205.30686378479004,15.256108421525798,298.3316993713379,132.80709743499756,119.70852392636155,276.08104705810547,169.38666343688965,68.61445921092198,283.9486312866211,185.0069761276245,28.122281973057323,296.4012908935547,190.73840618133545,36.358585066221465,298.7451934814453,128.22697162628174,52.1001663607972,284.3926811218262,154.36549186706543,36.757454997112326,289.31013107299805,168.63362789154053,39.81062412266989,298.01998138427734,175.3084659576416,45.20422939269069
477,19.08,377.4775695800781,116.99940204620361,136.96684510395986,374.5967102050781,151.8535566329956,123.17328833328538,356.70997619628906,185.06080627441406,122.2489539898591,338.2312774658203,210.72588443756104,71.9715030985101,320.21141052246094,218.53214263916016,28.45894290659595,321.3583755493164,154.814715385437,216.70741447585326,286.0451126098633,186.92552089691162,178.0324296014785,286.08219146728516,206.64042949676514,56.47201091146206,295.72399139404297,219.11617755889893,83.66129515395647,307.8468894958496,138.54351997375488,174.1752724541949,279.2902183532715,180.03104209899902,97.68223010174641,284.7481918334961,200.57477474212646,30.047280100369655,295.9933662414551,211.00647926330566,144.56091578488238,301.3295364379883,129.47965621948242,111.96788635835463,279.0105438232422,169.21155452728271,73.36814034021438,285.4112243652344,187.0054578781128,61.912780489179795,297.8640365600586,196.45440101623535,147.50470720768186,300.80663681030273,126.48880004882812,67.41100165569392,287.4725341796875,155.33399105072021,80.71355805701789,292.0645332336426,171.72992706298828,103.60320887185188,301.18663787841797,181.75384998321533,179.5318366422165
478,19.12,382.65987396240234,113.99848222732544,149.71180328883688,382.48130798339844,147.71550178527832,222.61286470099014,363.05259704589844,183.19358825683594,165.29394719534486,343.3769226074219,209.73092079162598,131.02389233461426,328.22986602783203,224.85345840454102,255.26293025191276,330.4618453979492,153.03212642669678,231.90890814173852,297.9619598388672,191.4834451675415,318.9689655125313,291.59183502197266,215.32758235931396,257.17552002110324,291.1096954345703,233.6347246170044,380.854250238878,313.98855209350586,137.3225498199463,156.54629423101395,285.47903060913086,182.90639877319336,170.60384143921908,287.6981544494629,208.78901481628418,218.19718638123553,295.8782958984375,224.24028396606445,330.8576243025492,305.1447868347168,129.5724105834961,95.40944319674506,282.04490661621094,172.44810104370117,110.91266528302111,288.1229019165039,192.75286674499512,158.87476165437803,299.0861701965332,203.5829257965088,180.8132257475499,302.49202728271484,128.38075160980225,63.344404614624054,287.94546127319336,160.4917287826538,129.48435848390963,291.8191719055176,178.157958984375,160.81782504534806,299.94409561157227,188.0998134613037,161.66161369920508
479,19.16,386.8431091308594,121.81966781616211,221.74084041066124,387.08553314208984,156.3598108291626,244.85067918798288,369.4792175292969,190.9987735748291,252.76269588026187,349.79713439941406,217.16629028320312,245.59091866647847,335.82218170166016,235.48161506652832,326.5357669180374,340.4532241821289,161.08679294586182,320.84390942473317,308.597354888916,202.15712070465088,376.69531565816743,304.7933578491211,226.67590141296387,435.21873114213696,307.04639434814453,243.33154678344727,466.37346380712927,323.17615509033203,145.27012825012207,303.7022099556206,293.8154602050781,193.1052303314209,329.31009660470806,297.56446838378906,217.9978322982788,337.4041253335611,306.28849029541016,231.0516357421875,311.01312311626765,313.09268951416016,136.92795753479004,270.73191070064195,285.16088485717773,181.62816524505615,242.36194412899502,291.90147399902344,201.80731773376465,245.28133042848154,303.05131912231445,211.42920970916748,219.781961898706,308.48194122314453,135.2069091796875,227.04005178417265,287.2924613952637,169.64877605438232,229.50752108760898,290.6020927429199,187.4952507019043,235.40695920345928,298.7295722961426,196.60449028015137,214.774001389785
480,19.2,390.25848388671875,140.57840824127197,476.678040623079,396.15062713623047,179.96296405792236,632.1020346149212,379.82810974121094,220.6831455230713,785.9156713570655,359.90535736083984,248.1474494934082,814.7117578651553,342.90313720703125,269.7772693634033,875.4755259713882,359.00142669677734,190.95953464508057,879.0678703720255,329.6040344238281,241.64485931396484,1118.1910854031166,324.4184875488281,267.34588623046875,1128.9357213727894,324.2745590209961,282.60034561157227,1072.0448391388072,336.8899917602539,174.28423404693604,802.2965674385966,307.4534034729004,232.36870765686035,1039.1144511859716,309.65356826782227,258.17710876464844,1048.9639511701223,316.8389129638672,268.6783218383789,976.9464305504473,320.44178009033203,165.6011438369751,740.000314618426,294.70794677734375,219.793438911438,983.5314259523253,303.22505950927734,238.98714065551758,971.6489918242521,314.3223571777344,243.50990295410156,850.0761649413698,309.7775077819824,163.3989715576172,705.5453891447459,285.03944396972656,202.64111995697021,826.7295672204433,291.06122970581055,220.41096210479736,822.972836698316,302.3038864135742,225.94239234924316,738.8708527314211
481,19.24,390.4021453857422,160.35459995269775,494.4178377353053,396.6255187988281,199.98634815216064,500.72536926230794,378.4195327758789,240.58467864990234,498.78296248569995,354.9888229370117,268.8848876953125,532.8072200140067,335.5426788330078,292.07213401794434,586.9611025443008,360.9640121459961,211.12511157989502,506.52136847780537,327.24193572998047,263.01549911499023,537.5196250746615,323.09253692626953,288.16051483154297,521.420481026422,324.8160934448242,301.18045806884766,464.70006352027156,338.78639221191406,194.55169200897217,508.8996628240917,307.2868347167969,253.81427764892578,536.1554214002965,310.17724990844727,278.8574695587158,517.1747559055394,316.48193359375,287.0243453979492,458.73740767390433,320.987548828125,184.62844848632812,475.87825762901497,291.8014144897461,240.9495449066162,533.8707420914633,300.3668022155762,261.0919189453125,557.2201416394965,311.1529731750488,265.52435874938965,556.0357783672582,309.0482521057129,180.45988082885742,426.9121975029396,281.9966697692871,220.81754207611084,460.7336512889283,287.8381538391113,239.00251865386963,471.72170884951515,297.82360076904297,244.1458511352539,468.6675735733328
482,19.28,390.53050994873047,158.75965118408203,40.00264862746577,396.5766143798828,200.30427932739258,8.041761093532976,377.3532485961914,241.6179084777832,37.119114256291155,353.42464447021484,270.0299263000488,48.4624060634087,334.3894577026367,291.81713104248047,29.52695265589781,361.73282623291016,209.86531734466553,36.89644812982482,328.82240295410156,261.0113525390625,63.80869917340767,323.8080596923828,286.36467933654785,48.32829110566837,325.90858459472656,299.92183685302734,41.6658154060972,340.0286865234375,193.90870571136475,34.970760423480854,308.22723388671875,252.22975730895996,46.064189633564254,310.283145904541,277.5288963317871,33.31967119154666,317.7121162414551,285.6200408935547,46.67320221348546,322.05249786376953,184.2409086227417,28.331779797481865,291.7470932006836,239.33341026306152,40.426182639960025,300.4518699645996,257.14470863342285,98.70317170756182,311.5823173522949,258.9306163787842,165.1926429817112,309.87579345703125,180.11990547180176,22.36638006510752,282.0492935180664,221.24277591705322,10.711940721053955,288.7413024902344,237.12331295013428,52.124200011707956,299.83118057250977,238.7173318862915,144.69622901021623
483,19.32,390.8497619628906,173.25390815734863,362.4443121498398,397.4948501586914,215.47871589660645,380.05483332883966,377.1426773071289,255.6035041809082,349.67952063196907,351.4602279663086,283.4574508666992,339.26146645030565,332.3150634765625,307.67483711242676,399.8202355481003,362.0115280151367,229.08740043640137,480.60258599817496,328.19530487060547,279.9396800994873,473.46781585516834,321.5242385864258,304.2230987548828,450.09650559989495,320.8170700073242,317.65660285949707,461.27909535467586,339.3006134033203,212.06279754638672,454.21714302099537,305.9914016723633,270.8690643310547,469.3231242669193,306.7662811279297,295.9607791900635,469.10995749810064,312.21012115478516,304.52281951904297,492.1807275394099,321.0696029663086,200.29924392700195,402.20968965477607,290.6744956970215,256.5810012817383,432.0227579020009,297.3788070678711,277.8101921081543,522.3181039915044,307.4909973144531,283.44225883483887,621.2686192106783,309.04125213623047,193.44972610473633,333.89797966812796,278.72459411621094,229.99689102172852,234.10488752186782,282.2092056274414,249.62013244628906,352.52551941702046,291.8189811706543,257.7953052520752,517.303348505887
484,19.36,387.41809844970703,183.6947250366211,274.75781560109476,395.6815719604492,226.3941192626953,276.6247553869734,377.16331481933594,265.733642578125,253.2539854741631,350.14991760253906,292.41966247558594,226.4372846008715,330.4239273071289,313.7808036804199,159.80305015234805,361.2179183959961,244.6384334564209,389.281745829202,324.9187469482422,297.9144859313965,456.7750242963144,318.8519096374512,321.1328887939453,427.991195277941,319.7977066040039,330.4464054107666,320.7590129759503,337.8489685058594,226.64628982543945,366.3890691272693,303.59519958496094,287.0226001739502,408.2573519480246,304.4298553466797,310.1627540588379,359.82198342078624,311.1243438720703,314.8768615722656,260.27041124036134,319.1646385192871,213.40673446655273,331.1298817956757,287.2467041015625,269.78084564208984,340.94138642093253,292.5803565979004,292.36083984375,383.03596146295325,302.3863220214844,297.77212142944336,380.2981329060223,306.7687225341797,204.09194469451904,272.0537714599288,275.5006408691406,240.6328296661377,277.84557917453424,278.2084655761719,262.07064628601074,326.9377003258163,288.0242347717285,270.6031608581543,333.95477375156287
485,19.4,386.1037063598633,191.7103385925293,203.066625832975,393.52100372314453,234.5998764038086,212.13572507798736,376.62994384765625,271.45774841308594,143.72254564625635,351.4276885986328,297.62861251831055,134.08453319188962,332.8585433959961,316.69389724731445,94.9126889226793,358.18138122558594,255.73219299316406,287.54571228584945,324.02713775634766,304.63425636291504,169.46659258424262,312.84337997436523,325.719051361084,188.96976577684256,307.61789321899414,335.9007167816162,333.6328133441036,335.059814453125,237.9214096069336,290.37444190317126,301.6537857055664,292.8523921966553,153.61388869317264,299.29107666015625,314.90901947021484,174.88224921411546,303.0799102783203,320.6726360321045,247.8708250197747,317.0459175109863,223.67571830749512,262.1318940873931,284.96742248535156,275.4341125488281,152.38633346862866,286.80442810058594,297.69664764404297,196.58362547487977,294.92008209228516,303.9176273345947,241.75398330562606,305.7022285461426,213.24944972991943,230.48496141275518,273.67177963256836,244.9464225769043,117.13191607769772,272.61972427368164,266.26562118530273,174.69946292105857,280.03543853759766,276.39973640441895,246.755386635754
486,19.44,383.7384796142578,199.61321353912354,206.2306505766576,388.8770294189453,243.52832794189453,251.5995630535899,370.01792907714844,278.6348819732666,243.9646304616781,344.16812896728516,302.3927593231201,217.08048740454217,324.3283462524414,317.6816940307617,214.68000284332683,353.59752655029297,265.2524185180664,264.1571711704124,316.6825294494629,311.62299156188965,253.4581953485468,305.95083236694336,331.78001403808594,229.45925713047038,303.48527908325195,339.5980167388916,138.62838492036173,332.2428512573242,245.94706535339355,212.64176419388718,297.0677185058594,298.0004024505615,172.36230361971658,294.2295455932617,319.8699474334717,177.18264410940853,298.18042755126953,325.35226821899414,169.3810209211073,315.2012252807617,230.18910884857178,169.23937515549895,281.65409088134766,279.9000549316406,139.0206991887631,282.38426208496094,302.3313903808594,160.11462269683284,289.90922927856445,308.98006439208984,178.07462424829183,303.9957046508789,217.87639617919922,123.29045291913499,271.45931243896484,247.25604057312012,79.95837343274232,268.2684326171875,268.3121681213379,120.21359490837133,273.7190055847168,279.21031951904297,172.83789857198727
487,19.48,381.06693267822266,204.03282165527344,129.10775279726843,386.12369537353516,248.22524070739746,136.1107956141775,366.86450958251953,283.4307861328125,143.49379606941045,341.34437561035156,307.977933883667,156.46037416182594,321.9246292114258,324.6812438964844,185.01951575443158,350.13214111328125,270.93106269836426,166.31276250164092,314.0858459472656,315.99157333374023,127.05134766091784,303.37574005126953,335.8403491973877,120.20145080266407,300.0657653808594,345.0013732910156,159.8619247785261,328.70372772216797,251.68161392211914,168.46817704719774,294.28722381591797,302.8828811645508,140.46740972853488,292.0460891723633,323.90390396118164,114.67423209197985,296.25057220458984,329.27404403686523,109.2722152034389,311.9888687133789,235.83868503570557,162.47489384947417,278.8578796386719,284.8977470397949,143.16887694601738,280.21087646484375,306.28509521484375,112.7923616873157,288.2132339477539,312.24183082580566,91.90865176306308,301.1581802368164,223.63919734954834,160.58763598378678,268.63525390625,253.11198234558105,162.53338241468362,265.7100486755371,274.2055892944336,160.61939001173576,271.4432144165039,285.1489448547363,158.99389988112526
488,19.52,378.5874938964844,208.0127477645874,117.22688606924503,382.4864959716797,252.27333068847656,136.0520396387233,363.0839538574219,286.84375762939453,127.33071120867221,338.81885528564453,311.07630729675293,99.93176020861095,320.57708740234375,327.5716209411621,79.726675223949,346.8500518798828,274.63817596435547,123.78105292935074,311.04503631591797,319.3897533416748,114.00150925651945,303.5146713256836,337.6782417297363,46.07840369599126,303.0830764770508,344.61496353149414,76.04882787333591,326.03771209716797,255.99223136901855,126.7109458725295,292.664852142334,306.5032196044922,99.18083316272943,292.486629486084,325.7624816894531,47.751877842917914,298.2529640197754,329.1807746887207,50.11407083360779,310.098876953125,240.45970916748047,124.81469484868771,278.02154541015625,288.72900009155273,98.03683902107404,280.9502410888672,308.3815383911133,55.57502833211379,290.08161544799805,312.720251083374,48.21653874259796,300.0454902648926,228.41979503631592,122.70949743282753,267.7397155761719,256.0221576690674,76.12124093373951,264.6112251281738,276.0937786102295,54.616115298770836,269.9712944030762,286.49980545043945,49.94605136389978
489,19.56,376.4950942993164,210.66359996795654,84.42879203186445,379.6424102783203,254.7645664215088,94.52208375793752,359.63600158691406,288.9547061920166,101.07076324825644,335.36304473876953,312.1513366699219,90.47898474600504,316.9475555419922,327.23934173583984,91.1177500394293,343.41796875,277.54629135131836,112.46202057338215,306.9588851928711,321.28077507019043,112.56274410882877,300.21167755126953,338.76317024230957,86.91532427890824,300.540714263916,345.3830909729004,66.3966555493235,323.18416595458984,258.5789394378662,96.28663011181793,289.22962188720703,308.2884407043457,96.7852690273092,289.947452545166,326.945743560791,70.03359994250786,296.4920425415039,330.00829696655273,48.641787416699025,307.89485931396484,242.78669357299805,80.12704824703042,275.7642364501953,289.9024772644043,63.60273390312924,279.43775177001953,309.24405097961426,43.52838086345866,288.90886306762695,313.55947494506836,36.05243434658071,298.2258415222168,230.27180671691895,64.90892086132885,265.6996536254883,256.8815803527832,55.34245720913699,262.66002655029297,277.1330165863037,55.267482874421326,268.1418228149414,288.0183792114258,59.440267072017896
490,19.6,375.2394104003906,211.92675590515137,44.52741413789365,378.6151885986328,256.0925102233887,41.97185902610229,359.0070343017578,289.88184928894043,28.008862079375103,334.51454162597656,311.87747955322266,22.290065791543874,315.67914962768555,325.69321632385254,49.99598329516694,341.11255645751953,278.60644340515137,63.43721411544644,304.51812744140625,324.5347023010254,101.68991108052768,299.4113540649414,340.8267116546631,55.33263528010812,302.304630279541,343.787841796875,59.45702042120459,320.8589553833008,259.76122856140137,65.21316859185697,287.76424407958984,310.08853912353516,58.0284759720676,289.37170028686523,328.38257789611816,38.697412462862566,296.69921875,330.67625999450684,17.483860201633618,305.9800720214844,244.12127494812012,58.34979553449288,274.56775665283203,291.06502532958984,41.70642868135811,278.54515075683594,310.352783203125,35.58461493563135,288.7557601928711,314.42044258117676,21.86186406571658,296.68249130249023,231.83701515197754,54.95343111392478,263.8634490966797,256.15711212158203,49.348893665644525,259.96768951416016,276.30849838256836,70.39402045106259,265.2415466308594,287.6560592651367,73.07050399884491
491,19.64,374.3117141723633,214.01883602142334,57.21352279180111,377.20157623291016,258.2200813293457,63.85950757046298,357.7597427368164,292.10105895996094,63.64269307982718,333.71280670166016,316.18929862976074,109.64306475350591,315.9955596923828,333.1958484649658,187.7325297695963,340.7917022705078,281.31199836730957,68.11284323909582,307.7887535095215,324.4829750061035,81.77587736641401,300.4048728942871,342.83806800842285,56.083832597250314,299.10364151000977,351.5505123138428,209.9187084588727,319.86087799072266,262.7963447570801,79.87524961951121,288.0184555053711,312.26054191589355,54.67071644748685,287.88604736328125,333.0927085876465,123.4718989806757,292.889404296875,339.6034240722656,242.65323076159922,304.4462585449219,247.25852966308594,87.30317479715447,273.53723526000977,294.3178653717041,85.30439130199508,276.0068893432617,314.81454849243164,128.33092110950247,284.6342086791992,321.39784812927246,202.59469246263527,295.2303123474121,234.84546661376953,83.51498336949099,263.05999755859375,258.14698219299316,53.648842456934744,258.79663467407227,277.723388671875,45.91625508240181,263.3584213256836,289.55506324768066,66.85982089749018
492,19.68,373.8581085205078,209.3596601486206,117.03011872244242,380.281982421875,251.0291290283203,195.57399060942907,361.1228942871094,286.43054008483887,164.82106332200397,339.8853302001953,313.49616050720215,168.36166295943667,327.68016815185547,336.6607189178467,304.6877521603334,340.5078887939453,278.47643852233887,71.24320021890146,306.02901458740234,322.4571704864502,67.08467143221344,292.4970054626465,345.40783882141113,207.87329275860716,284.4563865661621,360.0101852416992,422.8682887705527,320.5406188964844,259.8537540435791,75.50201903818513,285.68885803222656,310.3153610229492,75.87305637196377,284.00983810424805,331.77260398864746,102.37087712123352,287.52899169921875,338.45189094543457,137.06761962463347,305.30982971191406,243.41809272766113,98.4083044496097,270.87684631347656,290.2272891998291,121.98996568557283,271.5528106689453,312.51139640808105,125.35780380736334,278.85698318481445,320.2408504486084,147.29854472726325,295.58786392211914,230.06974697113037,119.72714091232872,261.7358207702637,256.59173011779785,51.065235141872,257.23499298095703,276.8514633178711,44.714221735306516,262.0763397216797,288.7839889526367,37.40227940750024
493,19.72,375.1935577392578,198.2260036468506,280.33655188369767,380.4982376098633,239.25463199615479,294.4120694991192,360.7065963745117,273.98308753967285,311.3603005524639,339.4493103027344,301.39989852905273,302.6029444616793,331.88915252685547,325.77518463134766,291.7730348356621,342.23926544189453,265.8613872528076,318.33275007251245,307.0788383483887,309.0392875671387,336.47224250809626,292.1755027770996,331.9379997253418,336.84188543255334,283.31180572509766,346.3395023345947,342.9628591847909,323.37860107421875,246.62793159484863,338.172036734338,286.1494827270508,297.55763053894043,319.15108316055523,280.89778900146484,321.318998336792,272.675082220853,281.53953552246094,331.514196395874,229.13586438550007,308.0360412597656,230.5276393890381,329.38960278716416,271.08564376831055,277.0741653442383,328.869525360797,268.8020324707031,300.2233028411865,314.8055195321781,273.2177734375,310.57271003723145,279.81425266181765,297.03012466430664,218.5118579864502,291.18820570921844,262.5357246398926,248.58927726745605,201.05829040136416,256.4884948730469,268.8837146759033,200.06604822953585,258.8527297973633,281.9325828552246,189.29709859075868
494,19.76,378.3314895629883,177.9961109161377,511.79535462583254,384.5750427246094,219.46802616119385,505.0557583151897,363.03611755371094,253.71102333068848,510.13678081074676,336.7557907104492,279.8434352874756,543.1022896744975,319.1652488708496,303.9520740509033,631.5387357743886,343.67515563964844,239.64258670806885,656.4522462948084,305.96729278564453,282.44547843933105,665.4257178041738,289.62148666381836,306.12728118896484,648.4193230806421,279.38493728637695,322.8893280029297,594.4172418851207,322.52620697021484,220.81337928771973,645.7155365009982,282.9473304748535,270.73079109191895,675.4318497091879,276.80490493774414,296.6481113433838,625.2021498086523,277.3141860961914,310.081844329834,546.1222921978916,306.4657783508301,206.07513427734375,612.5717977514025,267.94530868530273,252.5192928314209,618.8716893237464,266.3032531738281,275.64537048339844,617.6157062438268,271.2919235229492,285.7188892364502,623.2080843760784,296.9640350341797,196.8065643310547,542.6348568018385,263.5285949707031,229.38740730285645,480.688049590894,261.41910552978516,248.59817504882812,521.9039898594731,266.86832427978516,258.59304428100586,616.9399361789997
495,19.8,380.27992248535156,158.18726062774658,497.61113118129316,383.6155700683594,199.92084503173828,489.2678700657208,359.30999755859375,233.96957874298096,502.2503139792066,327.60311126708984,259.1114616394043,566.5610472056474,306.0388374328613,281.8362236022949,642.9490251492347,347.27325439453125,211.33257865905762,713.4436165462596,306.3800239562988,254.74162101745605,692.6732919777224,288.70229721069336,277.91067123413086,705.7894456714644,279.7825241088867,293.0511474609375,746.0207325109817,324.9205017089844,191.70284271240234,730.2208514376791,283.00859451293945,240.90834617614746,745.56269607114,274.5615768432617,268.5674858093262,704.2522858160734,276.4140510559082,282.71284103393555,684.5950374590282,306.9600486755371,177.7351999282837,708.6061062320343,268.09791564941406,222.99696922302246,738.0679508539911,265.65881729125977,246.94424629211426,717.7089536549006,272.5152778625488,257.1027660369873,716.0565195949337,295.1534652709961,169.94479179382324,673.0680624523219,263.0742073059082,201.33816719055176,701.3230082439011,262.4876594543457,220.61599731445312,700.0643176915273,269.79713439941406,230.08217811584473,716.522600046821
496,19.84,383.53355407714844,144.98743057250977,339.87279975590855,385.3969192504883,185.76989650726318,356.5656926246334,361.5385437011719,215.43198108673096,466.7768101396302,330.96107482910156,233.8087034225464,638.1151407977682,310.98127365112305,249.14056777954102,826.6776825989856,348.40892791748047,189.78846073150635,539.3507506872057,309.71349716186523,236.25941276550293,469.5104268549271,293.7192153930664,260.43002128601074,454.65824435595107,284.18439865112305,276.55351638793945,426.8696599273153,327.6743698120117,169.4154167175293,561.4229393947436,284.6684455871582,219.63676929473877,533.4059714527165,276.5291404724121,246.9693088531494,542.1903231713704,276.7460823059082,260.90320587158203,545.3040612045858,311.01728439331055,155.3495693206787,568.7583072853296,268.5006332397461,198.51097583770752,612.2326220090132,265.87135314941406,223.87431621551514,576.7727267033861,270.81912994384766,235.414080619812,543.8726832215115,300.4634666442871,147.44690895080566,577.9007521854949,262.043399810791,175.0217342376709,658.4153359845627,259.8729705810547,196.13486766815186,615.5090914555623,266.92054748535156,206.84470653533936,585.3710563229054
497,19.88,388.56361389160156,137.89386749267578,217.3996016908725,386.32091522216797,177.77222156524658,201.27185135072997,361.9462203979492,207.42515087127686,200.43005386575024,332.6699447631836,223.93614292144775,250.48414034058925,312.35437393188477,236.68707847595215,313.22396162293984,346.77478790283203,181.558198928833,209.77312585269803,311.30088806152344,227.8611946105957,213.67305346856887,298.2019233703613,252.35258102416992,230.9487388920302,289.5840644836426,268.3747100830078,245.01181562894624,328.2030487060547,161.41087532043457,200.54953308162067,286.4616012573242,212.70166397094727,179.0794047160536,281.74692153930664,239.01646614074707,237.79316967463302,284.6163558959961,250.3158473968506,329.8042656782416,314.1155242919922,146.64443492889404,231.00115698954716,272.864990234375,190.89868068695068,219.36648763941005,273.98082733154297,213.80046844482422,323.30904373531456,281.47510528564453,221.930193901062,429.6546662212178,305.5620574951172,137.60991096496582,276.99521435124257,267.98187255859375,163.55774402618408,322.76978071206315,265.6575393676758,182.65966415405273,366.60805517740977,271.2907600402832,190.8172845840454,415.3138964838081
498,19.92,388.4667205810547,134.7611904144287,78.35437922590597,385.0597381591797,175.31521797180176,69.0445247757223,359.6284866333008,208.03627967834473,59.923744368466004,329.87613677978516,229.85641479492188,163.65929186871278,308.0373954772949,248.14656257629395,306.1413877028261,348.34938049316406,179.7704315185547,59.558029154251045,312.6034164428711,226.66909217834473,44.14244267988321,299.5306968688965,250.04193305969238,66.63676268656792,290.352840423584,265.6992530822754,69.59295316607547,328.9999008178711,159.44299221038818,53.077403519012364,287.3400688171387,211.14991664886475,44.57875759005508,284.635009765625,236.6273546218872,93.704680554614,288.8925361633301,247.74770736694336,124.70229772328885,313.9631462097168,145.05786895751953,39.846664395227876,273.19164276123047,190.38036346435547,15.316547761732249,277.7680969238281,211.22470378875732,114.50429721218758,286.97181701660156,217.03355312347412,184.03622394446083,304.3198585510254,137.2337007522583,32.4479616159495,269.58911895751953,169.15223121643066,145.51960329430918,271.9558525085449,187.09965705871582,192.6497557322346,280.6656837463379,192.56333827972412,238.4034107381586
499,19.96,388.20789337158203,135.9166431427002,29.602180363461184,383.8512420654297,175.6491994857788,31.344920444621206,359.7727966308594,209.48518753051758,36.401917355782125,334.9951934814453,235.68779468536377,193.9873271335364,323.92452239990234,260.89585304260254,509.25509892473383,345.70159912109375,185.05428314208984,147.7536678347987,309.73960876464844,228.46534252166748,84.51297871382741,296.99934005737305,251.22130393981934,69.81530536054366,289.82006072998047,266.24656677246094,19.095262458604374,327.17689514160156,164.6235466003418,137.29870147551145,287.6966094970703,214.43138122558594,82.51943341087186,286.30565643310547,237.85211563110352,51.78742497737836,289.8530387878418,248.0448818206787,25.135606562787633,313.4213638305664,149.01692390441895,99.89883701439727,274.56398010253906,194.7517490386963,114.54344595475816,279.9090385437012,213.7990951538086,83.70753371170947,289.0797805786133,218.6458683013916,66.34696023421218,304.74111557006836,139.33547973632812,53.58948342475036,270.8327865600586,173.10150146484375,103.51160744273446,272.564697265625,191.07078552246094,100.43826839715575,280.1544380187988,197.16788291931152,115.82099208444477
500,20.0,386.5453338623047,139.69456672668457,103.18917920594275,383.07838439941406,179.50294017791748,98.26185136589304,359.0586853027344,213.3629608154297,98.57446626197914,333.7960433959961,240.2175807952881,117.14553749795631,322.07103729248047,265.06731033325195,114.11743669118566,341.56978607177734,193.2014036178589,228.3739410500853,306.5932846069336,236.04921340942383,205.26576271321142,293.39921951293945,258.8499927520752,210.88764918892616,283.66857528686523,274.5695400238037,258.7381119242799,323.1815719604492,173.87354850769043,251.8992142303726,285.241641998291,221.92983627319336,197.25252457359687,283.13243865966797,243.37288856506348,159.19375935083895,285.2745246887207,251.8180274963379,148.32274700293826,310.7408905029297,158.29509258270264,241.44014693456688,273.1307601928711,201.4724063873291,171.79448933828044,277.5602149963379,220.12229919433594,168.6339997501793,286.38235092163086,225.02037048339844,173.04335588006953,303.4305763244629,148.08114051818848,221.0826989296686,271.52088165283203,179.54197883605957,161.92827043524923,272.63904571533203,197.4043893814087,158.35100555027216,279.7698211669922,204.088454246521,173.28126993721713
501,20.04,383.1831741333008,145.67487716674805,171.5157263250003,378.1727981567383,186.73211574554443,218.411532107259,354.0065002441406,219.1474485397339,192.00402355631755,329.17327880859375,244.37235832214355,155.38687349685543,312.00897216796875,266.60316467285156,254.46512914638961,335.4002380371094,202.45429515838623,278.0280165882994,300.4050636291504,244.0912914276123,253.68422512114643,288.96392822265625,264.89344596862793,187.40853704261252,281.4451217651367,278.6275577545166,115.68073917594045,318.1321716308594,182.7918577194214,256.2136350837267,279.1387176513672,228.5185146331787,224.52222623219137,275.93706130981445,248.81567001342773,225.5511653448103,276.801815032959,257.4491786956787,254.3332861874791,306.68554306030273,166.48484230041504,228.4702433020427,268.603572845459,207.65160083770752,191.5037031857278,272.96836853027344,224.80024337768555,163.8753637494877,281.12293243408203,229.1105318069458,166.56624522958785,300.192928314209,155.4954957962036,202.26070556791916,268.24371337890625,184.9243927001953,157.54009588924168,270.06324768066406,200.25159358978271,95.98602541380086,277.1221160888672,204.6562957763672,67.69779438683258
502,20.08,379.7593307495117,152.69519805908203,195.26841934254432,373.89835357666016,194.3043851852417,217.38522968386732,347.9683303833008,225.39977073669434,217.30023602575622,321.00292205810547,250.4011058807373,253.8460736296451,300.88823318481445,270.32958984375,293.21182625125425,330.6453323364258,210.01034259796143,223.19131525933108,294.72543716430664,252.26337432861328,248.79848236196355,284.1661262512207,272.1672821044922,217.84110592430022,278.369083404541,284.0391540527344,155.6184968334834,313.1460189819336,190.24749755859375,224.2324179978272,274.58717346191406,236.3622236251831,226.7161293057288,270.8746147155762,257.7658939361572,257.06866031582166,272.97718048095703,267.71435737609863,273.8632446100093,302.17695236206055,174.2578411102295,224.6481979975202,264.5635223388672,215.32991409301758,216.90796225369814,266.7988967895508,233.8621187210083,274.0665593171396,274.01865005493164,239.89336967468262,322.8200162286698,296.6421890258789,164.00776863098145,230.5788074436095,267.45277404785156,193.7825059890747,222.33386503189152,268.61827850341797,208.94924640655518,220.42161368089162,275.14232635498047,213.24783325195312,220.4173365243771
503,20.12,376.8819808959961,156.7945432662964,125.2092581127632,371.3462829589844,198.47107887268066,122.1535936908626,346.87686920166016,228.77132892608643,88.59561267172467,321.21753692626953,249.7880744934082,16.23782281218223,302.4352264404297,265.06622314453125,137.15004817572046,329.09900665283203,215.0011396408081,130.62153881210796,294.23444747924805,257.6373481750488,134.9089178228389,287.4569320678711,276.94467544555664,145.02777763705092,287.18780517578125,286.734094619751,230.53275030120216,309.5795440673828,196.70599937438965,184.4450951854625,274.61925506591797,242.5762939453125,155.35382835005328,272.68863677978516,264.3533706665039,170.81701781858564,277.5462532043457,274.86851692199707,212.21808411364256,297.3813247680664,183.01998138427734,249.71627174952152,263.3295440673828,224.37091827392578,228.12066293643696,266.5132713317871,243.77440452575684,247.9100035511148,274.89978790283203,251.78180694580078,298.0261572583794,292.08993911743164,175.26789665222168,303.63780055733923,266.8572998046875,207.0417594909668,331.81545417003775,268.63380432128906,223.12851905822754,354.48202879472996,275.13580322265625,228.9570665359497,392.7308659583887
504,20.16,372.5961685180664,161.4991807937622,159.10256519705894,369.6775817871094,202.9169797897339,118.71867630366675,346.84471130371094,232.35157012939453,89.50964055712653,321.33411407470703,252.22243309020996,60.928708388166875,302.9640579223633,267.45941162109375,61.273025369221514,328.9057159423828,218.26536655426025,81.74861864754698,290.8410453796387,262.2718906402588,143.60136156968477,286.1602783203125,279.5449447631836,72.64086085517695,290.0374984741211,284.6319007873535,88.52955298787568,310.2250289916992,200.2938938140869,91.1373870110749,272.9965591430664,246.70320510864258,110.86178841258128,273.2364273071289,265.67190170288086,35.69487494494856,281.1539077758789,272.27757453918457,111.04096636646803,298.1345558166504,187.34800815582275,109.8270593585795,263.28113555908203,229.50751304626465,128.42057185011015,267.3709487915039,247.34896659851074,91.90043742033059,277.3498725891113,253.29940795898438,72.05045022914582,292.94891357421875,180.18721103668213,124.84363002014808,267.01269149780273,213.30277919769287,156.57369340485783,270.16746520996094,228.2558012008667,133.79353938921207,278.7714958190918,231.95199966430664,117.7600449513387
505,20.2,374.4461441040039,157.42046356201172,111.96635634517395,372.96173095703125,199.05534267425537,126.73268368385622,349.0784454345703,228.91456604003906,102.47733065662712,322.21019744873047,249.30224418640137,76.219359877294,303.01591873168945,265.120325088501,58.49153437945556,330.26134490966797,215.51342010498047,76.69313510936881,292.71053314208984,259.03979301452637,93.34559294705565,288.5907554626465,275.07874488830566,127.11746649695608,291.92535400390625,279.2344093322754,142.9530353581679,311.90013885498047,197.3243522644043,85.23559287847993,274.46414947509766,243.0929660797119,97.42833016083482,276.75121307373047,260.0394630432129,165.9783198192373,285.1608657836914,264.0158271789551,229.55416289057973,300.68126678466797,184.28657054901123,99.55569099447837,265.5033874511719,225.94881534576416,104.88902705789924,271.58777236938477,241.4982032775879,180.3001534324571,281.4115905761719,244.64787483215332,238.93850993909803,296.3934326171875,177.0706844329834,116.12883338381208,269.72240447998047,208.58196258544922,136.0805228812572,273.3060073852539,222.36900329589844,166.77986344286185,281.5307807922363,224.53352451324463,197.8753192194926
506,20.24,379.3307113647461,150.15984535217285,218.76867650808438,375.22621154785156,190.86886882781982,212.34733690432628,351.84844970703125,221.8993377685547,188.557602887164,325.58082580566406,243.95095825195312,158.1087376475215,305.41419982910156,261.22323989868164,114.39794906081534,332.88089752197266,202.3262357711792,336.12115239735914,294.60155487060547,244.73957061767578,360.6178064942036,290.17608642578125,262.1879482269287,324.6978526527017,292.7701759338379,268.41050148010254,271.4206897115879,315.74663162231445,184.30419445037842,339.4112698034014,277.95541763305664,229.3026065826416,355.6358464156275,281.1824607849121,247.6102638244629,329.8872435177929,289.74584579467773,252.7938938140869,303.0612872698828,304.58179473876953,171.87898635864258,325.15598541489845,269.48795318603516,212.089262008667,360.52390940068716,275.88619232177734,228.26345443725586,347.8819761731311,286.56755447387695,231.9241189956665,343.2181579376396,299.3865203857422,165.84031105041504,290.55965469909484,273.63513946533203,195.0482940673828,352.1981674271743,277.44760513305664,209.15905952453613,346.09919671529724,286.3154602050781,212.86334037780762,315.3235985050495
507,20.28,383.09593200683594,138.97184371948242,295.1146673505732,375.98018646240234,178.7752389907837,302.9277562462526,353.7969970703125,207.53939151763916,362.28863937830465,328.3966827392578,228.34047317504883,396.5604419621299,308.1258010864258,244.08848762512207,433.69957693587935,335.6070327758789,183.07957649230957,485.9692035120956,297.557373046875,221.5378761291504,584.7304337417129,294.362850189209,239.51642990112305,576.3715891289737,297.91006088256836,246.54550552368164,561.5249690911395,320.0355529785156,164.28668975830078,511.7954550507878,282.6770210266113,207.99691200256348,545.5651657602403,286.4669418334961,225.24956703186035,574.416280346595,294.31175231933594,229.50631141662598,593.2742811668398,309.9442672729492,152.09589958190918,512.4247713662437,274.9394226074219,192.88737773895264,499.01833530932134,279.71744537353516,210.24059772491455,460.6394088792432,288.8785934448242,215.08156299591064,425.0092599948185,305.11884689331055,146.61686897277832,501.49793899229087,280.2366638183594,177.28235721588135,473.8200053785923,282.49732971191406,193.69850635528564,406.6082440611126,289.5853042602539,199.94689464569092,333.0976306729418
508,20.32,386.07799530029297,123.35051536560059,397.585368997949,381.1802673339844,160.66104412078857,471.1454770418254,357.9298400878906,189.58003520965576,460.7187797378728,333.1772994995117,209.41761016845703,487.9350885201464,312.8371238708496,223.3282470703125,532.2030570377902,336.005859375,166.75732612609863,408.17805526007857,297.75014877319336,202.96681880950928,464.30144602540634,296.80044174194336,221.48046970367432,454.9984291332202,302.7693557739258,228.9693260192871,455.88844085743085,321.9499206542969,148.06649208068848,408.3194340057914,285.75483322143555,189.80817317962646,461.1826833503893,291.80023193359375,208.58375072479248,437.4595813277561,302.0126533508301,213.64673137664795,440.7593984685246,313.33831787109375,135.65578937530518,419.67011082221654,279.9985122680664,173.75307083129883,494.79546849602957,286.1712455749512,191.64047241210938,492.19927283815474,296.16628646850586,197.42661952972412,477.49836282550507,309.38899993896484,129.69783782958984,436.23948544455794,284.75555419921875,158.30869674682617,487.6090659209041,287.13985443115234,173.8465976715088,509.68820993681607,294.3487548828125,179.7303056716919,519.2548336180732
509,20.36,389.44347381591797,112.65236377716064,280.3757445914918,383.6579895019531,149.74449634552002,279.8550098615404,359.00634765625,178.49963665008545,278.31423425651315,333.0708312988281,198.36024284362793,276.44699721867465,312.6959991455078,212.02900886535645,282.5029869316001,333.10230255126953,154.70324993133545,309.97116311217997,296.38723373413086,187.60624408721924,385.523015852133,297.0646286010742,204.5646858215332,422.94616903620437,304.1095161437988,211.85351371765137,429.20497766350206,320.8059310913086,136.21260166168213,297.7241069619202,285.73266983032227,175.62220573425293,354.649618970174,293.4159469604492,193.24702262878418,385.5400139243793,303.93177032470703,197.95191764831543,395.2927617020687,314.14684295654297,123.44132423400879,306.02989182200935,281.04251861572266,159.89623546600342,347.40271623402725,288.6419105529785,175.6392002105713,404.7722334083132,299.2563247680664,180.23131370544434,436.76858795824404,312.17979431152344,116.33173942565918,341.35860888282,287.3838996887207,142.88299083709717,391.20055823838106,290.2017593383789,157.45184898376465,416.9555178577104,297.4190139770508,162.46909618377686,438.303436482251
510,20.4,386.7091751098633,109.59513902664185,102.539664853159,379.4043731689453,148.61492156982422,110.02610793102427,354.5478057861328,175.08148670196533,140.45093599595026,329.3321990966797,192.79274940490723,167.65730287766203,310.6765365600586,206.549334526062,145.99884417083396,325.2555847167969,152.80836582183838,201.80678655934702,291.84282302856445,188.10670852661133,114.29712735881259,295.2461051940918,203.66294860839844,50.74542703100823,303.37390899658203,208.69282722473145,81.12897517827274,313.6452102661133,134.036865234375,187.09915776383292,280.67237854003906,173.3339023590088,138.8409167889409,290.38904190063477,188.91273021697998,132.16524919620937,301.4081001281738,191.96528434753418,162.4205373769219,309.62390899658203,120.44526100158691,135.63122450886388,279.97474670410156,156.0027265548706,100.93174827673643,289.4216728210449,169.29390907287598,159.8255862198203,300.39697647094727,171.69572353363037,215.28670692888264,310.1793670654297,112.75546789169312,102.44336011782991,287.39707946777344,138.67462635040283,105.20962812240012,292.5570869445801,151.40145778656006,162.31682324189345,300.9958839416504,154.27508354187012,223.51711612226458
511,20.44,383.5148239135742,112.22816705703735,103.49129242985195,374.7920227050781,151.39423370361328,134.6252965144436,349.5142364501953,178.59161853790283,153.4149719008714,325.1589584350586,197.23267078399658,152.3335966561185,307.4920463562012,211.2756586074829,142.47613217018795,320.5508041381836,161.94990634918213,257.0295745458645,289.33677673339844,193.7684726715088,154.78986010467906,294.5577621459961,207.52936363220215,98.18025924338333,303.1219291687012,211.16103172302246,62.02583775654945,308.90417098999023,142.62057781219482,245.14992228782626,279.0959167480469,178.58980178833008,137.18078991050248,289.3236541748047,191.84014320373535,77.8813111462459,300.6905746459961,192.97146320343018,30.895374933258275,305.22438049316406,127.8264570236206,214.82246415364878,278.5361862182617,160.92468738555908,128.19700340260337,287.0781898498535,172.44146347045898,98.10393443310592,298.0917739868164,173.11034202575684,67.6161222042737,305.5697250366211,118.85956764221191,191.22766764716977,285.65208435058594,142.65857219696045,108.73371276687807,290.6929397583008,153.72668266296387,74.50551765624529,299.3073081970215,154.9494981765747,45.4568692887334
512,20.48,381.6996765136719,117.94331073760986,149.91169770268124,373.91971588134766,154.9220323562622,90.8511231643503,349.3388366699219,181.51983261108398,73.33656464077166,326.83319091796875,202.3403263092041,134.37633573990624,318.1540298461914,222.83514976501465,393.1441591212748,320.6460952758789,169.82667446136475,196.93361237676675,290.5209732055664,200.92901229858398,181.44497966947384,286.60322189331055,215.93379020690918,289.2977452829053,285.80169677734375,224.44355964660645,545.6738942190055,307.5908660888672,151.06445789337158,213.63502841968506,277.9148864746094,185.29734134674072,170.2680229711739,287.4164581298828,194.65890884399414,85.08391625503165,297.6884078979492,194.48613166809082,84.0655463794316,303.5745620727539,135.55513858795166,197.5702715857629,279.37204360961914,166.25000953674316,134.76301790684892,287.84624099731445,175.4583978652954,77.82912255328614,297.0654106140137,175.83415031433105,72.76912706436973,303.9370346069336,125.60472965240479,173.49871862448705,286.00223541259766,147.42909908294678,119.58399907634578,291.2021255493164,157.75423049926758,101.49018346460568,298.9939498901367,158.98507118225098,101.19301764646576
513,20.52,382.5489044189453,123.27738761901855,135.03139498805865,374.5013427734375,160.76507091522217,146.7978828251088,349.6347427368164,187.9292392730713,160.40584107029937,327.0048141479492,209.25071239471436,172.81292338805758,319.37280654907227,230.32155990600586,189.62422289000486,324.0409851074219,174.6584987640381,147.63088061999966,291.5185737609863,206.47483348846436,140.8708174585413,286.2995910644531,221.02523803710938,127.51233442270133,284.8053741455078,229.18466091156006,121.11642124226292,310.39886474609375,154.84697341918945,117.77170755862649,277.72083282470703,191.47979736328125,154.63751811797363,287.0127487182617,200.8880853652954,156.05612256204984,297.4930763244629,199.983172416687,137.51275262527386,305.66064834594727,138.5815715789795,91.89345933058644,278.8869285583496,172.0229959487915,144.83332818852287,287.68917083740234,181.43218517303467,149.39629729607063,297.1453285217285,181.07397079467773,131.01074750338717,305.300350189209,127.72198677062988,62.95537646594279,285.45894622802734,152.64996528625488,131.2264432453399,291.563720703125,163.23057174682617,137.20665188632773,299.8796081542969,164.0815544128418,129.32162396658725
514,20.56,387.54505157470703,127.22280979156494,159.1537042485317,378.4767150878906,165.57844161987305,156.06914048529842,352.63317108154297,193.83516311645508,165.58704089977275,328.00636291503906,216.0230255126953,171.14928589691104,320.60508728027344,238.08290004730225,196.4639225617968,328.8982391357422,178.91335487365723,161.4324882288205,295.6121253967285,211.510648727417,162.24325894192634,288.7574768066406,226.88674449920654,158.89945784767377,285.3759956359863,235.6927728652954,163.32699196655483,315.4417037963867,158.5400390625,156.26291853187777,279.49872970581055,195.47444343566895,109.31066554629987,286.761417388916,208.15335273742676,181.7403323179582,296.6424751281738,209.451642036438,237.66499444501127,310.4351997375488,141.73705101013184,143.07644685505966,281.52088165283203,174.36684608459473,88.14527200536024,289.6463394165039,186.1572504043579,127.85917616483916,299.06734466552734,186.2744951248169,138.60825950631664,309.6472358703613,129.82735633850098,120.74766080116468,287.5381278991699,154.68559741973877,72.74439241484274,293.9388847351074,166.11040592193604,93.32352682655143,302.8537178039551,166.95390701293945,103.36748058346798
515,20.6,394.56214904785156,129.9137020111084,187.88387019115504,384.76612091064453,170.92370510101318,206.3499262268179,357.67093658447266,200.83024978637695,215.50858274994974,332.8331756591797,223.6699104309082,226.0710206707592,322.89905548095703,245.84529876708984,202.35662206656912,338.3728790283203,184.75504875183105,278.26941583239795,303.9329147338867,217.61708736419678,258.02631650924025,294.6028137207031,233.2825469970703,216.61349973885245,290.54370880126953,241.47314071655273,193.8393533549279,324.0526580810547,163.4483814239502,247.7906858997228,287.2578239440918,200.43469905853271,230.22771233427912,288.25586318969727,217.22343921661377,229.8094822230522,294.5914649963379,222.79499530792236,337.50159174488203,316.4764404296875,146.49785041809082,192.29177066240828,284.4026184082031,181.0882043838501,182.82687185255648,288.5618019104004,196.6574192047119,263.90074653891287,296.5031623840332,200.12333393096924,352.1056012153168,313.157901763916,135.21503448486328,160.76351192232275,289.5218276977539,162.28328704833984,196.3096288129012,292.7454948425293,176.07599258422852,250.9196795781588,299.71296310424805,179.9952220916748,335.3545130404743
516,20.64,394.14722442626953,138.7139654159546,220.25099096864196,388.9303970336914,180.29863357543945,256.4547712677456,362.98999786376953,211.60085678100586,300.3106599066045,339.2561721801758,235.98867416381836,347.3172399046642,328.9423370361328,258.7152099609375,355.4538174051703,349.3268585205078,196.08607292175293,394.00331173625466,308.7426948547363,232.65865802764893,394.7964925396251,303.8881492614746,246.68506622314453,407.61883061108944,306.3280487060547,250.53174018859863,454.9750066107638,333.0686569213867,173.9676332473755,346.35864181284774,291.10782623291016,212.60157108306885,319.0369223198808,298.37310791015625,223.58033180236816,298.71466745089117,309.5318603515625,222.477765083313,373.59407147482847,323.29925537109375,156.7456340789795,307.78226240827826,286.58681869506836,194.04712200164795,328.54249793407024,296.069278717041,204.5559310913086,272.42969049939745,307.8422546386719,202.15660572052002,287.99870586665594,317.6793670654297,146.45512104034424,302.8852858834264,292.6822090148926,176.75793170928955,370.39113458822067,299.34350967407227,186.74031257629395,313.50988880977445,308.5968208312988,185.1042652130127,256.2045688143679
517,20.68,391.75159454345703,150.50601482391357,300.8233200060815,390.341796875,191.18564128875732,274.4528493907113,369.0180969238281,223.30268383026123,329.0808549663023,348.3478546142578,248.83418083190918,393.43497798410215,337.3551559448242,271.0353755950928,372.962802471185,355.54054260253906,211.62657737731934,418.41751621792787,316.2523078918457,252.7961254119873,537.3033830053645,311.678409576416,265.21960258483887,502.62883542277035,314.76152420043945,265.51082611083984,429.75030830433474,338.22994232177734,191.29507541656494,451.9949661714237,297.31130599975586,234.28256034851074,563.7754743390042,303.2278251647949,244.48674201965332,536.5667874295168,313.69096755981445,241.6761589050293,491.0934853107452,326.4701843261719,174.4237232208252,449.0055860908051,289.42651748657227,213.78966808319092,498.6431683881749,299.0144348144531,223.97614002227783,491.0565518353137,311.0666847229004,220.7127285003662,470.85470289995294,319.5196342468262,163.74731540679932,434.74602449748295,293.02677154541016,195.08302688598633,458.2083563814284,299.958553314209,204.83007431030273,452.5053578912638,310.14007568359375,202.66685485839844,440.75658715394025
518,20.72,391.68582916259766,156.75138473510742,156.1429041234444,392.3677062988281,198.72282028198242,195.11755458163756,370.5122756958008,232.1176528930664,223.51768635393552,345.35858154296875,256.2333583831787,199.50498416384383,326.2193298339844,274.36612129211426,290.5818409556609,355.7313537597656,219.95261192321777,208.20551769408087,322.11509704589844,261.94387435913086,271.6311923648087,315.33485412597656,277.0739936828613,310.1372428547614,312.789363861084,282.3405361175537,423.6217027860851,337.52758026123047,201.3140058517456,251.08798200168434,300.54439544677734,247.06040382385254,329.5130415218575,305.9312629699707,259.69679832458496,386.2110730915515,314.53779220581055,258.63630294799805,424.53179941209555,325.23406982421875,186.11530780792236,293.9187060430006,292.3499870300293,227.6744270324707,354.72983139560415,301.4164733886719,238.96409511566162,379.4803907922351,310.88788986206055,236.7437982559204,400.8016693996758,319.0378952026367,175.3104543685913,289.3292406113757,293.25817108154297,207.63997077941895,313.97689573452016,299.82616424560547,218.0529499053955,330.5884581590699,308.69422912597656,215.94881057739258,334.01049757969304
519,20.76,389.64542388916016,159.9281930923462,94.39069412054629,391.40846252441406,200.2845811843872,45.8206130949294,370.9025192260742,229.3623161315918,69.57087520136238,347.3697280883789,247.37231254577637,227.16024597140202,329.56199645996094,258.77074241638184,398.7396256096033,352.9108428955078,223.9528512954712,122.36522323234544,318.5977363586426,267.5448703765869,165.34619475476975,313.4006690979004,280.01014709472656,87.89933368931857,314.6078300476074,281.6404151916504,48.71465758896915,334.5469284057617,207.52541542053223,172.23874113190115,300.3961181640625,252.15105056762695,127.32014378739902,304.851131439209,263.09743881225586,89.20145686216475,313.7861633300781,262.03845977783203,87.10488312094223,322.8206253051758,193.20990085601807,187.34654547887058,293.14361572265625,233.7190818786621,152.41329238157434,301.28368377685547,243.9375114440918,124.37971864642523,311.1470603942871,242.1455955505371,135.2002759263616,317.94628143310547,182.3705291748047,178.59919668625176,295.65053939819336,213.83129596710205,165.93661015232567,300.7718086242676,224.33471202850342,158.81352796245122,308.7000274658203,223.38499546051025,185.90467859338017
520,20.8,388.33274841308594,158.89341831207275,41.787227050982764,390.35717010498047,199.35085773468018,35.151949018611845,371.37298583984375,228.87183666229248,16.990970846230145,348.17562103271484,247.1444606781006,20.937106881888376,331.4312744140625,259.0974712371826,47.44043496870571,353.3332824707031,222.81625270843506,30.31410091384587,320.0032424926758,265.12447357177734,69.97217386905194,315.250301361084,277.19395637512207,84.23208147061654,315.7405662536621,279.99595642089844,49.92078701058678,334.3727493286133,207.23981380462646,8.363112231858707,301.5902519226074,251.5499782562256,33.42195532907601,306.70007705688477,261.82557106018066,56.10396307242523,315.30771255493164,260.8326530456543,48.5353087904664,322.2648239135742,194.15409564971924,27.39090856651427,294.8175811767578,234.32982444763184,44.54749450780868,303.3830261230469,243.41434478759766,54.08870975640212,312.7994155883789,241.34817123413086,45.86776664934561,316.87164306640625,184.73539352416992,64.93954404906448,297.01988220214844,215.88362216949463,61.680338012665636,302.73624420166016,225.36540985107422,55.460262458684674,310.3823661804199,224.15884494781494,46.29461753029715
521,20.84,390.28148651123047,151.95319175720215,180.21571242557326,392.43629455566406,192.02588081359863,190.35828944356413,372.75699615478516,221.50481700897217,187.3974104748248,349.25987243652344,240.6045913696289,165.7284897025681,332.15389251708984,253.75765800476074,134.71215210582014,357.1686553955078,214.09360885620117,238.21550280843192,321.50943756103516,256.26133918762207,224.75510936287074,317.47188568115234,269.61825370788574,197.36816453259567,319.69505310058594,272.0936107635498,220.91434017327614,338.2748794555664,199.17560577392578,223.9671721063332,305.8055114746094,245.584716796875,182.60742962903575,312.6988983154297,255.72592735290527,213.88009176825392,322.0071792602539,252.70337104797363,263.3534696153827,325.44498443603516,187.1949005126953,191.2848300045584,297.0684242248535,229.4522523880005,134.29678799225138,307.38563537597656,238.21343421936035,164.07001472397545,317.3776626586914,234.3843412399292,208.3495776708098,319.2931365966797,179.06295776367188,154.1917604278297,298.97804260253906,211.42373085021973,121.77084712022004,305.6544494628906,220.4551362991333,142.79948420242033,313.73287200927734,217.53963947296143,185.47198310583582
522,20.88,394.7100830078125,139.83861923217773,322.4664075465992,395.3784942626953,181.40976905822754,275.4069351870327,373.24764251708984,212.15631008148193,234.03433992976295,346.37073516845703,231.00749015808105,250.5636967649437,326.00475311279297,242.71224975585938,316.0428756497831,359.9483108520508,198.9759922027588,384.275956944947,320.37220001220703,240.18653869628906,402.87445320985586,319.0214157104492,251.5133285522461,454.27783225343364,324.6114730834961,251.45376205444336,530.4329247081819,341.8879699707031,180.1023530960083,485.311363190077,305.68363189697266,223.74305248260498,546.0501091066993,312.52241134643555,232.85293579101562,571.8418108623331,322.774658203125,230.08131980895996,565.8766573801169,329.80804443359375,166.31651401519775,533.2350064003115,298.80069732666016,206.90314292907715,565.3887531434393,307.72499084472656,217.19374179840088,525.5607907309056,317.9972457885742,215.2303647994995,479.09987002670624,323.2438278198242,158.44144821166992,524.9134555714512,302.66807556152344,190.58744430541992,529.012748083279,309.6391487121582,201.6943645477295,479.48174158106946,318.67481231689453,201.1774778366089,427.3048585452328
523,20.92,399.3379592895508,125.28687000274658,381.7481536590304,398.5947799682617,165.09252548217773,415.780088854049,374.3088912963867,194.2966604232788,447.27881047879,347.08255767822266,212.24231243133545,469.46684281331204,327.4002456665039,226.3074016571045,411.60238748296604,358.42308044433594,179.8522710800171,479.6111949909368,318.5173988342285,215.76061248779297,612.4061961602399,320.16178131103516,229.17860984802246,559.0953034254294,327.4285888671875,231.36513233184814,507.12990536835036,342.84915924072266,161.0653781890869,476.5306249468359,305.69128036499023,202.35802173614502,534.62580285543,315.07606506347656,213.1007194519043,497.9151519169794,325.9364700317383,211.1513900756836,479.80418775940484,332.3649597167969,147.30548858642578,479.5550695820113,300.49854278564453,186.72563552856445,506.2203596880627,311.4594841003418,197.1815299987793,508.9419545667444,322.4271774291992,195.32403945922852,509.8321310081668,325.9587097167969,139.33000087738037,482.5828963283362,305.350399017334,169.65790271759033,527.5181099961638,313.7499237060547,179.19970035552979,571.6797552882406,322.8567123413086,177.51495838165283,600.7303444403987
524,20.96,402.37518310546875,110.8198070526123,369.56109010480867,399.0364074707031,150.5049991607666,364.855244436728,375.0056457519531,178.1431245803833,404.21388753284253,349.31400299072266,194.73519802093506,441.21876883917184,330.5394744873047,208.2064390182495,459.27905871768894,353.09791564941406,163.90585899353027,420.30155731118236,317.0237350463867,194.86896514892578,523.6243644318812,315.7002830505371,209.2351484298706,510.91010710406454,321.1623001098633,214.03432846069336,460.7216741229199,339.5857620239258,145.71031093597412,392.45051578368964,305.06433486938477,182.2810935974121,502.1678654483387,311.2278747558594,195.982346534729,438.6394162457925,320.88573455810547,197.3400592803955,367.64689849899275,331.96178436279297,131.962308883667,383.7118985622754,301.2779426574707,167.07209587097168,491.72469764135707,308.33282470703125,180.47194004058838,424.98999659745806,317.66849517822266,182.36477851867676,345.1335800192711,328.7866973876953,123.4846830368042,402.39254135082064,306.5817451477051,149.81735229492188,496.96809151042925,311.2025833129883,162.07201480865479,432.9019485336564,319.09629821777344,164.5585012435913,337.2781640861406
525,21.0,399.03934478759766,107.7286148071289,113.69720418042868,394.29683685302734,146.54816150665283,154.353680432611,368.86768341064453,173.69203090667725,189.5501526566065,343.1940460205078,189.80006217956543,196.5474482950179,324.80030059814453,203.6228370666504,183.62244515023377,344.46815490722656,158.66625308990479,252.3963159555667,307.8766441345215,189.06944274902344,270.76711882272633,308.6686897277832,202.74859428405762,239.16350231478805,316.29371643066406,207.2962188720703,207.82388558232853,331.78192138671875,138.84106636047363,259.911583198218,298.4684371948242,173.64815711975098,271.6080106980985,307.14500427246094,186.19832038879395,265.0436273150929,318.3466148376465,187.28137493133545,259.35528212864864,326.1676788330078,123.78320217132568,250.58611980484073,297.7070617675781,156.36154174804688,282.25338787814127,306.50712966918945,167.75874137878418,321.0905076704428,317.18822479248047,168.96321773529053,335.2540930717856,324.6668243408203,114.61399555206299,244.51795738543348,304.92876052856445,138.49412441253662,286.0811159308037,311.0658264160156,150.01527786254883,301.43781306895,319.4883918762207,152.68725872039795,296.9428990579131
526,21.04,395.0687026977539,109.72707509994507,111.13010997137995,388.70113372802734,147.1475315093994,140.69279002343902,364.40208435058594,173.62362384796143,111.65307455148275,341.9349670410156,191.16557121276855,46.43473105041111,326.83055877685547,207.37853050231934,106.7332582157193,335.76099395751953,163.43544960021973,248.19333084072696,304.1510009765625,192.53348350524902,127.18096187430758,302.7469253540039,204.68875408172607,155.78734170948113,305.6118965148926,209.41304683685303,272.2386789949428,323.8301467895508,144.09467697143555,238.2634357383879,293.8541030883789,177.46325969696045,149.68109207690284,300.72574615478516,187.13315963745117,162.17428742362415,309.4562339782715,187.41877555847168,222.28606394278128,319.88338470458984,128.60498428344727,198.02451778322208,296.03389739990234,158.37421417236328,65.43283430770622,303.0865478515625,168.61587524414062,88.15844554770756,311.4188003540039,170.43817520141602,148.87443928981295,320.29415130615234,118.66715669631958,149.05616544071523,303.0415344238281,140.70543766021729,72.67878236530873,307.29597091674805,151.2705373764038,99.33367673050716,314.38587188720703,152.96803951263428,127.7559883419681
527,21.08,394.6912384033203,111.98671102523804,57.27365127420539,388.5472106933594,148.91940593719482,44.46368805326368,364.35306549072266,174.68583583831787,26.58356119248436,341.84093475341797,193.23429107666016,51.771396219163194,333.08528900146484,213.29340934753418,215.2141984399091,334.9568176269531,168.97258758544922,139.88074527547246,302.5281524658203,195.48882007598877,84.28987014749273,295.7032775878906,208.12783241271973,195.959551980413,292.92762756347656,216.61030769348145,364.5984457850616,322.5790786743164,149.76943016052246,145.27558979833853,293.5052680969238,179.84998226165771,60.30200272430094,300.94369888305664,188.51929664611816,35.079188974351844,310.15918731689453,188.91358852386475,41.296255866819365,319.1780090332031,133.4717559814453,122.94058930592008,296.4496612548828,160.46678066253662,53.33674916804894,303.21292877197266,169.90705490112305,32.43375020377079,311.5846252441406,171.51981353759766,27.356893378162507,319.28611755371094,122.44553089141846,97.76324591919177,302.8585433959961,142.64854431152344,48.792604297534375,307.1445655822754,152.8386640548706,39.385473646908245,314.6103858947754,154.85886096954346,47.602601829512416
528,21.12,398.27606201171875,113.95817756652832,102.27915423840611,391.9649124145508,151.11090660095215,101.4992617407988,368.89793395996094,178.9771270751953,156.26701883790417,348.05335998535156,199.31631088256836,217.3493618891956,341.54247283935547,218.94587516784668,254.30583005222212,341.0120391845703,172.17347145080566,171.2296806035156,305.73169708251953,196.59427642822266,84.72282697817039,295.8833694458008,208.4699535369873,9.665658958254072,291.5119171142578,217.92529106140137,48.30513258141659,327.92057037353516,152.70060539245605,152.32227720593713,299.1503715515137,180.0373077392578,141.20526691571277,303.5939407348633,190.2934169769287,79.73112951218778,311.9572448730469,193.55029106140137,124.32824849173225,323.67237091064453,135.86952209472656,127.34934977110825,303.9556884765625,160.28836727142334,187.70368268684325,310.2406883239746,169.36295986175537,176.21975579624154,319.42935943603516,171.08888626098633,196.41402836102174,323.25305938720703,124.81305599212646,115.49297222348589,309.7519874572754,143.7471055984497,174.51075885013492,315.3340530395508,152.8991460800171,204.7427698482854,324.26517486572266,154.42315578460693,241.61538273890167
529,21.16,404.6146774291992,115.91455221176147,165.84150408453294,399.94773864746094,153.60238552093506,209.064855178898,377.58636474609375,183.0525541305542,239.91917285954304,357.59185791015625,205.77326774597168,287.9618405680631,352.2713088989258,226.8213129043579,332.7259032736268,352.5954055786133,177.6122760772705,319.9169548331053,313.2999801635742,200.9300994873047,218.0571461719469,303.6911964416504,213.79244327545166,236.2348664639392,301.2742233276367,223.4385108947754,280.28803882667415,339.18285369873047,157.17573165893555,302.97048205838786,309.3249702453613,184.44621562957764,277.21937090300304,316.44805908203125,192.8130340576172,327.46834648204674,327.0245361328125,193.65700721740723,376.69172927322336,333.2072448730469,139.50908660888672,255.14732427025373,312.5277328491211,165.356183052063,248.9511768294309,320.4355239868164,171.87615394592285,262.5009746375303,330.05279541015625,170.88751316070557,265.6336092978528,330.60550689697266,126.96378707885742,191.51391690829166,316.96666717529297,149.10019397735596,224.59290759332114,324.15111541748047,155.60282707214355,230.5570426753012,333.0247497558594,154.7665786743164,219.15760815148838
530,21.2,410.2657699584961,119.36017513275146,165.4674516489696,408.2672882080078,158.8817310333252,246.3310703220231,385.93505859375,191.83788299560547,302.9879249130611,367.03826904296875,216.0239553451538,348.48895207214804,362.42931365966797,236.13425731658936,344.52503024505876,362.3316192626953,185.17147064208984,308.15507395922066,324.5392608642578,211.08996391296387,378.76796641919645,315.6595802307129,223.8607120513916,391.00211529707644,314.95899200439453,230.69124698638916,387.197522712059,348.1542205810547,164.34219360351562,287.0579215728707,319.1561698913574,193.60217571258545,335.8609194304487,324.3167495727539,203.39126586914062,329.5975560220331,333.367919921875,205.32654762268066,332.0548629045077,340.34217834472656,147.05537796020508,259.6316968374112,320.71407318115234,174.76738929748535,311.8362661575366,327.65281677246094,183.0132007598877,331.77847173430445,336.39854431152344,183.49950313568115,352.96141808284756,336.1032485961914,135.33249378204346,250.3253079435831,323.57372283935547,159.60654258728027,310.27865063245866,330.13370513916016,167.1090030670166,324.21392031625913,338.1877136230469,167.2791337966919,338.3971701126215
531,21.24,414.15149688720703,130.57258129119873,296.6657690340422,414.14119720458984,170.5083990097046,325.65531541521534,392.7182388305664,206.07184410095215,394.18997868545154,374.5604705810547,233.31911087036133,471.5041891520547,370.71590423583984,255.5617332458496,528.0236762915366,371.7422103881836,198.1818437576294,401.42638952916474,338.34869384765625,234.71563339233398,684.1384626262678,332.0167922973633,245.71735382080078,682.4913809115354,332.5782775878906,245.77486038208008,579.8462175134562,356.36573791503906,178.35107803344727,405.9540151740611,328.4547424316406,213.57267379760742,550.7292012929171,338.72283935546875,218.28656673431396,518.052489311939,350.19683837890625,212.70891666412354,459.42346281607473,347.1767807006836,161.17280960083008,392.1205693818654,326.44657135009766,193.2228183746338,483.1306744030396,337.5425720214844,197.7233648300171,443.1394996610213,348.2180404663086,192.0649766921997,364.921075885252,341.79630279541016,149.2560338973999,376.0616932924557,328.1729507446289,175.72382926940918,419.0165773261361,337.2979736328125,180.38354873657227,377.11097983738375,345.7258987426758,176.1038303375244,290.150288574275
532,21.28,410.44750213623047,145.25237560272217,378.4969766589109,413.02757263183594,186.32869720458984,396.48612417723,393.6674499511719,221.93790435791016,397.36072232049395,377.60597229003906,248.21863174438477,380.18975766622685,371.56288146972656,270.36595344543457,370.7107246160085,372.3161315917969,218.13434600830078,499.0188696400941,337.0319366455078,256.31750106811523,541.0490600510345,338.0023193359375,266.30661964416504,536.0412770222658,344.09732818603516,264.16205406188965,542.435144799267,357.1128463745117,197.1886682510376,471.3099936984618,329.28470611572266,233.7341022491455,504.4626082051228,341.3155746459961,237.99877166748047,497.0496074424437,352.5025177001953,231.29422187805176,468.19448885284817,347.94795989990234,178.50646018981934,433.7699275670769,327.60528564453125,212.08738803863525,472.5030472283281,339.58629608154297,215.3386688232422,443.33659814481996,350.1346206665039,208.18676948547363,405.88289762337837,342.31616973876953,164.40499305725098,378.9469168511877,327.68592834472656,193.29551696777344,439.4608908842547,337.23724365234375,196.50484085083008,403.03516251978476,346.5645980834961,190.0211477279663,348.5641439629412
533,21.32,407.4500274658203,156.09721183776855,281.28647248482014,410.53497314453125,199.27833080291748,329.68361967863177,391.5338134765625,233.98670196533203,305.90636679219205,372.49916076660156,259.3824005126953,306.9092466106838,360.28247833251953,277.7659034729004,337.27469826806384,375.86082458496094,231.52058601379395,346.190220381487,340.0040054321289,273.58863830566406,438.12482122011556,344.84642028808594,272.8099822998047,236.02892258413948,352.6993179321289,262.59690284729004,218.5805428161217,358.1028747558594,213.07730197906494,397.9862104546478,325.6527328491211,250.38213729858398,425.99024403194994,339.5182418823242,249.81688499450684,298.8500958610004,352.8742218017578,240.4958152770996,230.22744870632738,346.88140869140625,195.6805944442749,430.1804990861457,324.2137145996094,228.4844970703125,418.60477985614904,336.84547424316406,228.08471202850342,325.9349261548622,347.20237731933594,219.1228723526001,283.0596193465505,340.2199935913086,181.87994956970215,440.0057240772867,324.0407943725586,209.25278663635254,409.20766194470843,333.36097717285156,209.84644889831543,347.3326459540989,342.06787109375,201.9239902496338,318.0980722551679
534,21.36,406.11011505126953,157.3018741607666,45.04564761937575,411.3117218017578,200.22218227386475,30.559307867168155,395.49072265625,231.83431148529053,112.61082051380681,374.3145751953125,248.792724609375,268.6039897383027,357.1958541870117,256.76937103271484,530.5549118183927,379.6876525878906,233.07692527770996,103.27997285417156,350.4625701904297,279.86912727355957,304.98577679892327,350.5020523071289,280.54670333862305,239.5869179015711,355.3047180175781,270.1738929748535,200.31052299875122,359.228515625,217.68576622009277,118.59861410212571,331.3376998901367,259.3490982055664,265.43035593727893,342.1703338623047,257.23222732543945,196.8833629258671,353.87969970703125,246.0318088531494,140.66407388717312,345.621337890625,202.45086193084717,172.16325875226514,326.61865234375,238.0855894088745,247.44279597361785,338.32977294921875,237.24035739898682,231.87952798658418,347.3258972167969,227.59340286254883,211.785776619089,337.76634216308594,189.8908281326294,209.4555153863022,324.49893951416016,220.5457592010498,282.55655000125444,333.3411407470703,221.6777801513672,295.7836970482263,340.6333923339844,213.27515602111816,286.03615777111247
535,21.4,404.9265670776367,157.93673515319824,33.57672450524344,411.5426254272461,199.62829113006592,15.929986953586795,397.14672088623047,231.5596103668213,41.96569165838548,376.5420150756836,250.50899505615234,70.2987938514457,359.5443344116211,261.41178131103516,130.06568666839888,382.1995544433594,230.72267532348633,86.06735653860486,352.99537658691406,277.5248336791992,86.28014219184193,351.12682342529297,281.34246826171875,25.293042063498945,354.59869384765625,272.97274589538574,72.16321690829429,361.73362731933594,216.3414716720581,71.07527889926992,334.65526580810547,259.63562965393066,83.24791247746678,344.1666793823242,259.41844940185547,74.01419797372836,354.88853454589844,249.00704383850098,78.54047901469382,347.7534484863281,202.4242115020752,53.30692871043632,328.03375244140625,241.0056209564209,81.1214079522665,339.3765640258789,241.11127853393555,100.24907104048427,348.4461975097656,231.59520149230957,103.89136459416642,339.4660949707031,191.17292404174805,53.22669400299355,325.8672332763672,223.50727558135986,81.55828855234252,334.55944061279297,225.37156105041504,97.23769810685114,341.93885803222656,217.14829444885254,102.1807282761764
536,21.44,405.8116149902344,152.5563383102417,136.31759789937752,413.59580993652344,192.40309238433838,187.7815611694863,398.3041763305664,225.1585865020752,162.6207428779304,376.3470458984375,244.7134780883789,144.96988890763194,358.12511444091797,255.33376693725586,156.0377439377856,383.0904769897461,223.8120460510254,174.19554372359488,348.3785629272461,267.1277046203613,284.40207127655117,350.6037902832031,271.0213565826416,258.3588951919731,356.95556640625,263.41209411621094,246.17182858230677,363.3601379394531,207.9120683670044,214.62230906380114,333.66371154785156,249.9722671508789,242.8525204682031,344.3788146972656,250.92716217041016,212.34841687476666,354.8341369628906,240.90917587280273,202.4512668009867,349.63294982910156,193.443603515625,229.3793870204178,328.3833694458008,231.2142848968506,244.93939796560355,339.79122161865234,232.44719982147217,216.8498917094002,348.17676544189453,223.32873344421387,206.77144330967297,340.9039306640625,182.04989433288574,230.8909950467461,326.40289306640625,214.45215225219727,226.7738271894067,335.27050018310547,217.7428150177002,191.54531406464156,342.1735382080078,210.00173091888428,178.76039318172724
537,21.48,408.4380340576172,140.88987350463867,298.9611995914835,414.5360565185547,182.0922088623047,258.8416294763646,396.30340576171875,214.28466796875,276.41136366220564,373.0278778076172,233.47643852233887,292.92483573421725,355.1139831542969,244.33613777160645,285.0600363195565,381.0881042480469,212.27437019348145,292.75358749985077,345.1587677001953,252.72789001464844,368.8849261482513,352.6465606689453,248.5074234008789,565.1604297463577,362.6615905761719,236.81423664093018,680.0757007969229,362.63011932373047,194.96565341949463,324.17451624511403,333.5306930541992,232.42209434509277,438.7669223464553,345.01373291015625,230.84228038787842,502.3728678452736,355.9047317504883,221.18518352508545,493.8256570719324,350.1297378540039,179.7348117828369,342.9447560419219,328.67198944091797,212.64508724212646,464.2860130362757,340.44647216796875,213.39543342590332,476.57577838793503,350.1185989379883,205.77657222747803,441.4812288654223,342.3555374145508,168.03836345672607,352.1631011083846,327.78682708740234,197.18582153320312,433.04261472757446,337.0372772216797,199.30067539215088,463.1643978331893,345.38536071777344,191.9889736175537,457.42159808463
538,21.52,410.8800506591797,126.1515998840332,373.4803830174199,411.89308166503906,168.70503902435303,341.13929737945637,390.2178955078125,198.9626169204712,412.15795165238217,364.96166229248047,218.53092670440674,424.5822625214851,346.63246154785156,232.22087860107422,369.72600795197303,374.71343994140625,191.14515781402588,551.7472025294376,337.63572692871094,228.92346382141113,624.1228088478954,349.2057418823242,225.3026533126831,586.4621624454935,360.40332794189453,214.28980350494385,565.9338732478448,357.92057037353516,174.5236873626709,524.4364997205449,326.6044235229492,212.88691520690918,518.1677054658835,339.57908630371094,211.82142734527588,494.55044876965644,351.3406753540039,200.8981418609619,519.8525453627295,346.37489318847656,160.58526992797852,487.8548783406373,322.9824447631836,195.39782524108887,454.03673114928915,335.1948547363281,195.720534324646,460.9647111547278,345.3981399536133,186.55903816223145,494.719837744101,339.25384521484375,150.45514583587646,446.3673069932707,324.7874450683594,178.4443473815918,474.4991740454309,334.60391998291016,180.05192756652832,485.0486575501223,342.88646697998047,172.67465114593506,486.88263630112533
539,21.56,409.43973541259766,118.32706689834595,198.8998247448395,402.5081253051758,159.14414405822754,334.93293958438716,377.11822509765625,185.4680299758911,470.1763244116205,350.91041564941406,200.96221446990967,562.4150945936484,332.02049255371094,211.38500690460205,636.2208673279159,362.28771209716797,177.80523777008057,455.76321925283503,323.03977966308594,206.20615482330322,675.0545370081315,330.6578826904297,206.0731601715088,667.9242505090008,341.7130661010742,199.6172046661377,594.0386374023576,349.0095901489258,159.36791896820068,439.5330506558932,314.7197723388672,190.81649780273438,626.6718929002064,323.1705856323242,194.45773601531982,597.2523916260661,335.28751373291016,188.830246925354,502.0819692850389,340.0054931640625,144.4088315963745,434.6308877708713,316.0523796081543,172.04283714294434,609.0367764539264,325.2004623413086,176.71767711639404,536.7707037360304,335.88722229003906,172.53958225250244,423.5288499678354,334.6925735473633,133.80430698394775,431.6071953303277,319.26658630371094,158.11476230621338,526.647362352317,327.25955963134766,162.4707269668579,476.33906221005964,336.1539077758789,158.51323127746582,392.0085825972181
540,21.6,400.37139892578125,112.00067281723022,276.42583624240626,396.4999008178711,151.522479057312,242.62694985824993,370.4535675048828,177.94800281524658,251.20766972485146,344.2890167236328,192.34960556030273,271.59247500181436,325.50437927246094,202.36591815948486,278.167770965633,348.7929153442383,166.86859130859375,434.2520690987218,305.90526580810547,193.41497898101807,534.5592486308095,312.35103607177734,203.89317512512207,460.9046592852287,323.93341064453125,203.24137687683105,453.63171486221904,337.3610305786133,146.8497133255005,427.4886055323945,302.8299903869629,176.68275833129883,461.7422889923585,313.6416244506836,186.57023906707764,309.2467757610252,324.98340606689453,184.43464279174805,280.0624601006619,331.6828155517578,130.99549770355225,394.639462641767,306.4351272583008,159.67865467071533,391.60291668294064,316.8497657775879,168.27969074249268,296.78880027037104,327.66361236572266,166.1248254776001,260.74036975081987,328.69129180908203,120.38037300109863,367.60830553569474,311.24000549316406,144.52518939971924,394.5745266178803,318.7480354309082,152.12140560150146,334.99486650739317,327.2904586791992,150.3519630432129,301.2132021932906
541,21.64,393.6349105834961,112.83185005187988,169.6892947071641,387.6174545288086,152.52844333648682,223.48072653063377,363.03958892822266,177.82487869262695,185.37502172074488,338.34903717041016,192.56484031677246,148.59694456207663,320.6575012207031,204.5548439025879,132.95587321887749,337.49420166015625,167.0126724243164,282.49080768536794,296.2782669067383,192.6533031463623,241.42708257880832,302.67412185668945,201.41544342041016,249.72712999229864,314.5130157470703,200.63389778137207,244.36497710566525,325.9486389160156,146.25274658203125,285.6998564417481,294.56275939941406,175.15460014343262,210.18202772928473,305.13790130615234,183.8071060180664,223.5344094951806,317.14046478271484,182.53704071044922,201.73098058745182,321.94541931152344,130.14085292816162,244.37075217719007,300.93584060668945,156.9391679763794,153.59634807066982,309.9835395812988,163.80170345306396,204.93510000560428,320.6272888183594,161.84226036071777,205.9281019001479,320.9209442138672,119.88176822662354,194.65820762234517,307.0872688293457,142.44356632232666,116.13132769453993,314.3682098388672,149.63806629180908,125.87157727164042,323.0662155151367,148.6574935913086,113.78559067541683
542,21.68,390.8427429199219,116.2053108215332,109.47727454219518,384.8503875732422,154.5657777786255,85.90471162031812,360.1243209838867,179.54306602478027,84.59814897370993,336.31824493408203,195.69003582000732,93.17645907285943,324.2130661010742,212.38281726837158,214.94070204644112,328.7030792236328,172.22740173339844,255.53526598708558,290.41845321655273,196.1235237121582,170.25687808969488,295.8451461791992,202.73742198944092,173.89389031232852,305.6433296203613,201.11005783081055,222.06145036202125,318.38504791259766,151.9306468963623,236.44034771806864,290.16056060791016,178.04833889007568,131.70297579625395,300.4580497741699,184.60939407348633,118.70308674711166,311.3869857788086,182.89597034454346,144.1166002119054,316.61163330078125,135.01776695251465,180.6819782264551,297.568359375,159.37232494354248,103.86344000848837,306.1653709411621,164.90275382995605,99.34385894765241,316.17467880249023,162.52374172210693,112.61148031877958,317.4296760559082,123.90721321105957,133.2130827694383,303.66308212280273,144.5847988128662,100.96388952184772,310.68416595458984,150.84511756896973,96.91862607032911,319.4393539428711,148.92677307128906,90.9211069510115
543,21.72,395.5356979370117,118.6477518081665,132.26239253283362,388.29261779785156,156.07501029968262,93.96386180944369,364.18224334716797,182.15815544128418,120.68923564968632,341.83555603027344,200.98737716674805,191.21739440366957,330.93883514404297,219.79954719543457,250.30462943974453,331.8806838989258,175.0411033630371,106.10751720859322,293.0567932128906,196.1359977722168,65.9592371206005,288.6599922180176,205.0949478149414,189.05086197863855,292.37836837768555,208.19698333740234,375.98513094409066,320.6069564819336,153.76500606536865,72.03189940664366,296.94530487060547,177.73624420166016,169.79796414547008,305.73883056640625,183.81903648376465,133.48995958330255,317.1919059753418,182.74188995361328,145.1741179906655,318.86173248291016,135.45008182525635,57.28133683087169,304.5149612426758,159.06606674194336,173.83374167944817,312.5657653808594,163.51914882659912,163.70593259909293,323.1189727783203,161.2919569015503,176.31738546386967,319.4740104675293,123.61699104309082,51.62080547922662,309.0186309814453,142.4829626083374,143.8306708598167,316.49051666259766,147.76299476623535,164.34184934823745,325.7080841064453,146.2688112258911,170.2236378916287
544,21.76,402.8042984008789,121.85551643371582,198.62386972028284,393.45733642578125,161.2914276123047,183.5165661546444,367.5473403930664,189.66885566711426,205.75242406014075,345.01392364501953,210.895357131958,260.13228327798527,336.02752685546875,231.6425085067749,322.24846387903597,341.7543029785156,178.71339797973633,263.36061479542485,298.80414962768555,198.1360387802124,152.13536281948967,294.2280387878418,208.68717670440674,165.65636683742454,299.17272567749023,212.63837814331055,202.93052835169604,330.338134765625,155.55989742279053,247.38313626581208,306.42107009887695,179.85968112945557,242.7693234425997,315.7921028137207,185.7212734222412,255.7914045769615,327.37720489501953,183.46923351287842,255.280902556861,326.74869537353516,136.10771656036377,197.85832539173654,314.2429733276367,161.3310956954956,249.70554570030083,323.10951232910156,164.86576080322266,265.7347873399251,333.50696563720703,161.18428230285645,259.7137720831884,325.29380798339844,122.75967121124268,147.06512252187113,316.044864654541,144.8006772994995,184.96580937191575,324.2914581298828,149.23434734344482,198.46215977874417,333.2063674926758,146.74411296844482,187.83331288454676
545,21.8,416.00746154785156,123.33048820495605,332.1323708360987,404.30320739746094,165.0178098678589,286.7041613850779,374.42100524902344,196.90564155578613,249.52246711280725,350.7380676269531,220.50161361694336,279.55990858538456,343.1311798095703,242.72987365722656,329.1955642848999,357.2657012939453,182.03564643859863,396.5797622502376,315.26947021484375,201.0648536682129,418.0944411000859,304.45289611816406,213.2861852645874,280.288453162608,300.14591217041016,221.4498996734619,221.62750791914752,345.65025329589844,157.74704933166504,386.68834944761767,318.07031631469727,183.04161071777344,301.8998315892796,327.2505569458008,190.03832817077637,306.1179641890861,338.17272186279297,188.35638999938965,296.25525852414523,339.2800521850586,138.4711790084839,318.8072088674721,323.11832427978516,164.28521633148193,233.8518270932505,332.51312255859375,168.3777093887329,250.9502792081999,342.9030990600586,164.4371509552002,248.58157334342593,335.0579071044922,124.40913677215576,247.5610635317856,324.30492401123047,147.9129123687744,220.67310056741388,332.9016876220703,151.91333770751953,225.43436028994748,341.9485855102539,148.69711875915527,223.94280448003926
546,21.84,422.7758026123047,132.62666702270508,287.47758757893644,414.8523712158203,175.64917087554932,374.42513782999987,386.9257354736328,207.274489402771,406.11057889460807,362.19017028808594,230.1740312576294,374.7551854018998,349.88452911376953,253.2300567626953,312.11133037036984,370.6974792480469,194.69703197479248,461.4673219094362,325.36487579345703,221.720552444458,574.7690328143069,339.10682678222656,221.16838932037354,888.4762416796463,355.2793884277344,213.36984157562256,1393.0603771645615,359.2692565917969,170.9210729598999,473.7035922724931,324.11712646484375,199.85690116882324,446.7367135301013,338.4401321411133,200.66330909729004,385.75965051143896,352.2581481933594,192.81084537506104,369.3248972852876,351.9220733642578,151.48049354553223,453.50231822669525,327.64400482177734,179.70219612121582,401.68788428115255,340.37933349609375,180.61227321624756,363.62912644854794,352.54077911376953,173.39695930480957,328.97857308591114,346.3803482055664,137.99848079681396,442.20183705224497,329.74456787109375,163.8277816772461,420.47056260507264,340.2756881713867,164.836163520813,371.96716177476804,349.69852447509766,158.62807273864746,314.92598426217063
547,21.88,426.1268997192383,147.20632553100586,373.9955665168088,421.83860778808594,190.93544483184814,420.17680274995666,394.91722106933594,224.8937702178955,483.67273185785524,370.35377502441406,249.97278213500977,535.3941180310358,362.01744079589844,274.81801986694336,619.0959623095171,383.37562561035156,214.44562911987305,586.6975820123942,337.75001525878906,247.8046703338623,721.8781431291167,351.83509826660156,244.06682968139648,654.9558505861667,368.38401794433594,234.2885684967041,617.1124546862218,370.8808898925781,192.1838665008545,605.6692667398356,335.447998046875,225.7986545562744,707.7089884019321,349.05696868896484,224.1130828857422,643.5298696512531,361.52793884277344,214.60992336273193,592.2039449149478,361.0956573486328,172.84014701843262,581.156949326496,335.72532653808594,204.74295616149902,657.8123897042781,347.27901458740234,203.6022663116455,600.075714851992,358.0438995361328,194.8392391204834,553.430041918514,352.6863098144531,158.51996898651123,536.7125798161419,335.1421356201172,187.57202625274658,608.7501992127407,344.99210357666016,186.63532733917236,557.5886238161883,353.75885009765625,178.90404224395752,516.9629964643681
548,21.92,425.3272247314453,162.54085063934326,383.88404856181177,425.02716064453125,205.2650785446167,367.0024452068224,404.9947738647461,242.07664489746094,498.0011625224445,382.0267105102539,267.8313732147217,533.3776208096762,366.8304443359375,288.67366790771484,366.69468371705636,396.3794708251953,236.80048942565918,646.5484173975426,348.7397003173828,274.38114166259766,718.9758366828867,362.2982406616211,264.5759582519531,575.59844048503,377.8818893432617,251.87576293945312,499.69926548224646,380.4252243041992,214.88091945648193,615.5538828117583,341.90723419189453,251.0745620727539,652.2045463075365,356.07078552246094,245.00773429870605,551.0104832504926,370.70777893066406,233.64628314971924,528.3538456723812,366.9785690307617,195.38702487945557,582.5431052396549,340.10379791259766,228.97643566131592,615.6462764066839,351.9050979614258,224.34202194213867,531.235653333333,363.70887756347656,214.05039310455322,500.724733168041,355.5537796020508,180.1519775390625,545.530806302699,339.69947814941406,210.53977489471436,585.3881450637851,349.3035125732422,207.43921279907227,531.1484595692403,357.8183364868164,198.48328113555908,499.89125399816936
549,21.96,426.34849548339844,172.36799240112305,247.00165631391928,429.5536804199219,215.9544038772583,290.20580772967816,411.0212707519531,253.94765853881836,332.8284370407767,386.41529083251953,280.2541923522949,329.3801684317768,365.9358596801758,296.6278839111328,200.1090857747263,402.81822204589844,252.25004196166992,418.43920619148935,359.11060333251953,291.98890686035156,510.87487742144697,368.32847595214844,282.63885498046875,476.0724576444101,380.7219696044922,269.49706077575684,446.2175711788146,385.7577133178711,231.10028743743896,426.8367199400034,349.65389251708984,267.31106758117676,449.74633568015554,362.71785736083984,260.50655364990234,421.6018303043661,376.4463424682617,248.3635139465332,394.9113775596801,371.92935943603516,212.09242343902588,435.58916041311323,346.6493606567383,244.66395378112793,424.9578040794991,357.9085922241211,239.93160724639893,417.6400313974216,368.99967193603516,229.3357515335083,404.37813939610237,360.6346893310547,196.79399013519287,435.00878362112445,345.52940368652344,226.57680988311768,426.59591754633004,354.7922134399414,223.2824420928955,419.17609042975874,362.73948669433594,213.68797302246094,399.53126812912643
550,22.0,426.40403747558594,180.11213779449463,193.6086141978425,431.93931579589844,222.01473712921143,162.8244746495432,415.87879180908203,261.3391399383545,221.1186164993511,396.1624526977539,290.6308937072754,355.9170333778056,382.98038482666016,313.35333824157715,597.0011830122896,407.95536041259766,259.6611785888672,225.4372649785273,370.5868911743164,300.3200912475586,354.5365072187709,361.5225601196289,305.3708553314209,593.2244148902613,360.1376724243164,300.04448890686035,920.8890594918067,391.1943054199219,240.3544807434082,268.3242295110605,355.01243591308594,277.7952003479004,294.3541948030696,364.89330291748047,276.23376846313477,396.9239923709141,377.31842041015625,265.7729244232178,435.7809750052438,377.01122283935547,222.30039596557617,285.0745941337239,350.5122756958008,257.14696884155273,326.6762326809678,361.2691879272461,254.44330215454102,372.3933509970164,370.81565856933594,244.32658195495605,377.5105993354115,365.5233383178711,207.07094192504883,284.51123331000116,347.64781951904297,237.9554843902588,289.354798624168,357.32044219970703,235.12455940246582,302.72479564297635,365.0813674926758,225.20379066467285,293.7882545753745
551,22.04,424.86873626708984,188.9834690093994,225.08007925701907,429.6434020996094,228.46272468566895,171.1135646819071,411.9096374511719,264.17555809020996,121.96171081812004,389.4548034667969,289.4634246826172,170.21226110560974,372.2986602783203,306.80328369140625,313.2515502124656,407.01927185058594,264.23604011535645,116.74121964435054,370.1817321777344,305.8506202697754,138.63374651869046,353.9145278930664,310.70085525512695,232.23244490585304,345.9263610839844,306.66526794433594,391.94713058246606,389.5447540283203,245.91158866882324,144.91909011635875,354.23023223876953,282.7700614929199,125.89947875274127,360.59959411621094,279.3834686279297,133.12716288902266,370.15430450439453,270.1314926147461,209.64504732909637,374.78527069091797,227.89350986480713,150.49457227941818,349.25121307373047,262.7688217163086,144.03885908450098,358.49403381347656,258.40996742248535,121.0266336986612,367.28260040283203,248.59814643859863,138.58382649550197,363.25992584228516,212.66069412231445,150.76547528668897,348.42674255371094,241.91259384155273,100.8260764369027,357.16346740722656,239.34459686279297,105.57389962734247,363.9120864868164,230.9444761276245,146.46391973624432
552,22.08,422.5657272338867,194.08209800720215,139.86571297196576,425.9128189086914,232.37651824951172,135.17357129986803,408.17928314208984,265.20830154418945,96.7668018777113,384.5350646972656,284.0673351287842,182.5541221689724,363.5457992553711,293.1196975708008,406.0888951380368,404.49913024902344,269.6590805053711,149.50016882025633,366.32469177246094,308.25974464416504,113.68993177495479,353.1428909301758,309.9183654785156,27.474008774206872,352.09007263183594,302.4378776550293,186.85249647657037,388.32027435302734,251.48426055908203,142.64033105964026,351.1136245727539,287.1174716949463,133.72831321505532,355.5197525024414,283.1404781341553,157.95551440764513,365.4302978515625,274.0738105773926,153.82236056285515,374.0141296386719,232.86681175231934,125.8182970268824,346.1393356323242,266.38232231140137,119.21925117474981,354.8700714111328,262.0905303955078,129.13086214182354,364.58473205566406,252.99888610839844,129.04699546095725,363.13953399658203,216.7690372467041,102.75266853052865,346.1735534667969,245.03746032714844,96.31216049319742,354.9730682373047,242.81670570373535,102.63219623656327,362.659912109375,235.35780429840088,114.68818110012755
553,22.12,420.0179672241211,193.444504737854,65.65823560528695,424.62989807128906,231.66930198669434,36.62342758940748,408.82572174072266,264.8242378234863,18.798068440711578,386.8994903564453,285.36526679992676,67.4311469238357,366.6189193725586,296.2949752807617,110.47187365466971,404.9765396118164,268.4172248840332,33.261511953860676,368.03516387939453,308.21874618530273,42.77408460612374,355.69786071777344,310.0074577331543,63.91306617866478,354.41856384277344,302.5678253173828,58.30286074866057,388.19225311279297,251.08798027038574,10.411157031052126,352.90401458740234,287.6447582244873,46.66052593459112,356.82918548583984,284.9206066131592,55.246448640232146,366.52076721191406,275.85582733154297,52.22970382082786,373.0693054199219,233.74897956848145,32.31594865744286,347.4736022949219,268.4783935546875,62.117741949515526,355.5558776855469,265.1617240905762,78.67083703100111,364.66732025146484,256.28185272216797,82.10013168842595,360.75706481933594,218.88349056243896,79.63617348977566,345.0739288330078,248.80977630615234,98.23295711179347,353.7021255493164,246.88576698303223,106.57319964120904,361.1317825317383,239.23208713531494,104.11906497627803
554,22.16,420.3763198852539,186.68067455291748,169.3329106383329,425.8206558227539,225.8920669555664,147.4668365844617,409.69139099121094,259.58882331848145,132.66251422890826,387.24029541015625,280.6153106689453,119.0541665873226,366.91017150878906,291.30231857299805,125.02861874496074,406.28284454345703,260.53516387939453,199.73938997990953,369.13806915283203,298.82237434387207,236.52193849700197,357.80208587646484,304.3274688720703,151.43075352390446,354.57847595214844,300.98047256469727,39.88468255627047,387.8032684326172,242.9542350769043,203.57602995240805,353.85467529296875,280.8395004272461,171.78345646485488,358.8089370727539,281.9029140472412,90.2284765480296,368.0759048461914,274.3395137786865,54.300436532095844,371.7241668701172,227.00511932373047,171.91758330465967,346.63265228271484,263.62621307373047,123.11288606095275,355.7408142089844,263.9219570159912,31.33711773725869,365.28079986572266,256.71037673950195,18.708121073179214,358.7500762939453,214.3593406677246,123.73342113919128,343.79703521728516,244.57125663757324,110.66702954924395,352.6122283935547,244.91592407226562,56.281418465794076,360.3072738647461,238.60065937042236,25.962900986581687
555,22.2,420.8047103881836,178.62154483795166,201.7626857623292,426.95240020751953,217.5747299194336,209.84956028825016,411.2263870239258,251.0595989227295,216.65623925579172,388.4148406982422,272.1229076385498,214.3310317365927,368.55770111083984,283.3641242980957,202.68399378053692,407.2800827026367,249.75050926208496,270.7665728547155,369.04102325439453,287.01284408569336,295.2482248308638,360.2363967895508,293.5815238952637,275.4555352798855,358.7940979003906,292.1008014678955,245.7387169305513,387.96878814697266,232.12251663208008,270.82457565251707,352.98614501953125,271.008882522583,246.72276093745364,356.8616485595703,274.7886085510254,184.3998292553836,365.87791442871094,268.80629539489746,148.8448595812877,371.56776428222656,216.97697639465332,250.734062773064,346.61598205566406,254.2046070098877,235.5405202915053,355.81600189208984,256.4799499511719,186.05967177983464,365.63114166259766,250.447998046875,156.8042694422446,358.4313201904297,205.18818855285645,229.41724620162503,345.5236053466797,236.0562801361084,217.2065106531914,354.6397399902344,238.04190158843994,179.16994094785338,362.3496627807617,232.67098903656006,156.78875667707763
556,22.24,421.21620178222656,171.7075252532959,173.1563455095836,426.37210845947266,209.54169273376465,201.3492378604761,407.60009765625,242.0365333557129,243.11222563458097,381.6313934326172,260.3925132751465,338.76366091133474,360.64064025878906,269.99691009521484,388.3959546010801,403.20472717285156,238.45962524414062,300.096426795644,359.5012664794922,274.89973068237305,385.4660131305299,361.86187744140625,272.7759075164795,521.7254188332025,371.35494232177734,264.4369697570801,759.5485490994795,385.93345642089844,220.2506160736084,301.12767029264813,347.4712371826172,256.807279586792,380.8704950468106,354.81128692626953,256.5388011932373,459.11562502250456,366.8154525756836,248.04505348205566,519.5599962591951,371.06353759765625,204.63129043579102,308.899464171074,342.7033233642578,239.62756633758545,377.32530129633403,352.07027435302734,239.1148567199707,444.11213232499057,362.83714294433594,231.7349910736084,473.01100596284533,358.7415313720703,192.61366367340088,314.4587680854021,342.32418060302734,223.27634811401367,329.35825970709413,351.0186767578125,223.39046001434326,377.30693666791876,359.271240234375,216.66163444519043,407.56603744539814
557,22.28,421.6419982910156,156.84518337249756,371.71100068520076,423.8726043701172,195.411958694458,358.7277037620644,403.21044921875,224.0275526046753,463.406140102886,377.60303497314453,239.55895900726318,530.4860126047407,357.4087142944336,246.86307907104492,583.9624791531568,392.8683853149414,220.33860683441162,521.5429459841508,350.64502716064453,254.0382957458496,566.5865128576481,355.3121566772461,252.57402420043945,530.9278032389194,366.2986373901367,244.71668243408203,508.9547816747395,376.66072845458984,202.51144409179688,500.41339568990884,342.32471466064453,236.01420879364014,535.5128891295454,350.3611755371094,236.6673231124878,509.0917970327412,362.2442626953125,228.1369400024414,510.654457069312,364.1130828857422,186.5526008605957,484.21833754170495,339.9085998535156,217.86566734313965,548.51545519814,349.27772521972656,219.2776107788086,500.8209867258282,359.6396255493164,212.62817859649658,484.31291571602253,354.8953628540039,174.10082817077637,472.70371971814944,341.4314270019531,201.39781951904297,547.41838573959,349.63623046875,202.4546241760254,524.535735193,357.5783157348633,195.93429565429688,519.9089864543166
558,22.32,420.9098434448242,136.204833984375,516.333270271351,421.2179946899414,175.78914642333984,495.038959313828,397.6804733276367,204.05924320220947,517.9973538475481,372.28076934814453,221.75467014312744,464.56916421336325,354.62730407714844,234.70553398132324,311.79134189133003,380.03475189208984,198.57479095458984,631.6475621751596,340.2526092529297,229.5149803161621,665.8619177579825,345.2841567993164,233.44189167022705,540.0227290965223,355.79898834228516,229.02201175689697,472.0734303271465,365.0945281982422,180.04972457885742,631.6178788673881,332.32128143310547,213.3929443359375,618.3598679183269,339.84142303466797,218.89517784118652,516.3055903828047,351.2542724609375,214.53818321228027,437.1113070414755,355.08190155029297,164.64760780334473,592.3422559804318,331.8402862548828,197.07841873168945,557.4536915521107,341.1821746826172,202.5029468536377,465.64960559236613,351.7860794067383,198.6178207397461,401.5348010196422,349.0556335449219,153.43407154083252,536.8992386872278,337.7079772949219,181.22119903564453,512.9328000892785,346.0853576660156,186.49861335754395,408.6586127967141,354.3675994873047,182.8220272064209,337.49100235367445
559,22.36,414.93324279785156,125.79720497131348,300.04009832740894,409.200439453125,166.4805507659912,380.0259752486855,382.7172088623047,190.75793266296387,500.51482590485926,356.37516021728516,203.0027675628662,614.7266934394936,338.1640625,211.3884973526001,713.5836147453068,365.7181930541992,186.47013187408447,468.6994162133961,327.9180145263672,215.81919193267822,460.7852309602297,338.52996826171875,212.81586170196533,542.593410767357,350.1947784423828,204.40863132476807,631.0832279198944,352.9909896850586,167.4341869354248,437.069384203601,319.67092514038086,199.2156744003296,475.01743202221604,329.98504638671875,200.60484409332275,519.4254453447115,341.88114166259766,194.0471363067627,563.3263842163952,345.7564926147461,151.0323143005371,412.5677739647548,322.2399139404297,179.8522710800171,493.01832591023896,331.8686294555664,182.8474760055542,543.759861379647,341.9085693359375,177.7198076248169,577.8690148676232,342.4954605102539,138.75712394714355,401.90846354664285,328.197021484375,163.5519504547119,501.66013510453763,336.2544250488281,167.02420234680176,545.3782634207871,344.4308090209961,162.5892162322998,563.5304143776516
560,22.4,408.99227142333984,119.63747262954712,213.94719470433893,400.5457305908203,158.8033390045166,289.2269501639018,372.28851318359375,184.2832088470459,306.8791924882448,348.56910705566406,200.3259515762329,206.30652223746813,335.3643035888672,217.04200744628906,157.71974024339542,349.44576263427734,173.82169246673584,515.2517656523414,309.8672103881836,194.96267795562744,689.5767294643416,311.00292205810547,205.56725978851318,711.6356609931986,318.2072067260742,207.1358871459961,802.5905979313206,339.7669219970703,153.17932605743408,486.1050715042005,308.9541244506836,179.40886974334717,563.004955430321,315.84476470947266,189.92657661437988,442.98205540949294,325.16075134277344,190.090970993042,429.55114395491245,336.0702133178711,136.71077728271484,432.2401164066123,313.8917922973633,163.00761222839355,469.995789073565,320.53462982177734,172.7322006225586,379.7847612238473,329.25853729248047,172.90141582489014,338.41561931862265,334.8583984375,125.7645034790039,376.773227329963,320.0869369506836,147.93471336364746,439.93718692426694,325.74024200439453,156.2898302078247,375.64510371318363,333.44783782958984,156.631121635437,312.37452222494994
561,22.44,401.49147033691406,119.14169311523438,187.9291992096664,392.28912353515625,157.26479530334473,209.96826663816552,366.57432556152344,182.5578260421753,149.2248429458981,344.4864273071289,200.91137409210205,103.11096404840285,334.1839599609375,219.07204627990723,58.706200407154675,339.95689392089844,173.37600231170654,237.4832483224226,300.1310157775879,193.2359504699707,247.2031974220743,298.731632232666,202.1294403076172,318.5937428402764,304.58972930908203,205.04844188690186,344.41355856006095,329.51637268066406,151.30431175231934,260.51564244357473,301.46934509277344,176.0289716720581,205.31322565914607,307.91772842407227,184.05030727386475,246.68862665353646,317.47459411621094,185.01002311706543,230.34355351006366,327.0528030395508,132.8305721282959,245.42015016082135,310.5885314941406,156.9431734085083,172.64296636092368,317.3237419128418,163.21642398834229,251.07245731566908,326.6749572753906,163.08222770690918,253.83476539991076,327.1737289428711,119.77902889251709,243.51597902801933,316.81095123291016,140.48017501831055,203.56544458286928,323.0509948730469,146.94517135620117,243.09810157975278,330.97888946533203,147.5209665298462,235.9695850015604
562,22.48,401.395263671875,119.0472936630249,3.3696234002654957,392.03895568847656,157.46307849884033,7.980451785781778,366.6236114501953,184.52058792114258,49.08451443906064,344.17964935302734,204.1290807723999,80.8074447125548,333.6131286621094,223.4205722808838,109.6458125992821,338.8481140136719,172.66888618469238,32.87672143547059,299.50183868408203,193.41716766357422,16.368863091438556,292.50587463378906,203.27466487884521,158.2553257368424,293.30554962158203,208.20598125457764,292.94065746987263,327.85308837890625,150.92605590820312,42.64381660981197,304.77283477783203,175.90224266052246,82.64798977309327,313.3905601501465,181.44875049591064,151.49254266061135,324.5147705078125,180.13089179992676,214.1407335649084,325.33653259277344,132.9080057144165,42.95040895280277,311.2767791748047,158.69637966156006,47.08646989634632,319.2207717895508,162.95260906219482,47.882151348288794,329.6974182128906,160.64824104309082,97.01662614714232,325.05542755126953,121.12229347229004,62.707458273187655,316.9873237609863,142.0120668411255,38.55029041287549,324.80247497558594,147.1395206451416,44.05574732442618,333.4734344482422,145.68250179290771,77.4705882122713
563,22.52,406.43165588378906,122.34606742858887,150.51402523644117,395.9491729736328,162.8913688659668,167.25006638072801,368.4893798828125,191.83492183685303,188.71369265812257,344.34295654296875,212.18421936035156,201.41984589005006,333.32366943359375,232.08147525787354,216.64346721890018,345.74108123779297,179.23344612121582,237.96854350026004,304.75622177124023,197.61395931243896,168.11752171211037,297.0873260498047,207.5691032409668,156.98705743502606,297.41323471069336,212.56699562072754,149.77383594330104,334.69947814941406,156.05431079864502,213.8516587366334,307.69561767578125,180.5187177658081,136.598184162223,316.445255279541,186.8622922897339,155.3978705754555,328.3843231201172,185.29343605041504,161.2941810746044,330.48431396484375,136.88873291015625,162.68420724968996,314.8305320739746,162.16044902801514,124.06887261711515,323.2806396484375,166.3813304901123,132.8501450457477,334.07493591308594,163.1037425994873,125.47945327071683,328.6453628540039,123.44717502593994,106.92494364132293,319.3253707885742,145.2450656890869,99.7457563449834,327.1135711669922,149.79655265808105,88.03757977320522,335.7987594604492,147.5926637649536,75.2323699108548
564,22.56,411.69498443603516,129.54115390777588,222.86752916792958,400.0006866455078,171.67563915252686,241.8395225928911,370.6136703491211,203.66971492767334,300.5982966183626,346.82308197021484,226.36821269989014,359.97976435397317,336.5835952758789,247.14466094970703,385.29751465900995,354.00428771972656,187.74516105651855,296.57405536278475,314.67029571533203,208.116717338562,361.07200487248036,306.8841552734375,220.57419776916504,407.0552377475919,307.71697998046875,226.91471099853516,441.60510013684444,343.08494567871094,164.56528186798096,298.69789736869336,315.6597900390625,192.4345064163208,358.3068348110841,323.2636260986328,202.16360092163086,418.79307724340975,334.4049835205078,202.21927642822266,449.11887635113834,337.04212188720703,146.62190437316895,293.4061513872614,321.0066223144531,175.02711296081543,356.80450829039233,329.2866516113281,182.53631114959717,430.8825099481262,339.2879104614258,180.984148979187,465.6205777943326,333.40267181396484,134.34604167938232,297.2974971199335,322.37464904785156,159.79129314422607,371.5599136404062,330.1939392089844,166.77513599395752,431.39378716509464,339.0557098388672,165.71635723114014,460.3504036490635
565,22.6,412.21607208251953,145.5310821533203,399.9604180673526,406.0256576538086,188.26360702514648,441.20640988227234,380.32081604003906,219.87228870391846,472.1970420540648,356.6307067871094,244.03467178344727,505.1567090393607,345.21461486816406,267.26205825805664,547.2683149427266,367.18971252441406,206.890869140625,581.169922076306,321.7177963256836,238.20768356323242,772.630859946699,333.0293273925781,238.8424301147461,797.3778661069442,347.894287109375,231.4687156677246,1010.864409384816,355.4401397705078,184.9531602859497,595.9846932974916,318.39147567749023,218.79165172576904,662.4581190962951,331.96495056152344,220.7244873046875,512.4814330376006,345.56575775146484,213.06262493133545,389.0220817916004,347.36270904541016,166.5291452407837,560.587168874798,320.4793930053711,199.43781852722168,610.409963157002,332.53360748291016,201.26129150390625,475.1102580594202,344.18346405029297,193.86553287506104,344.5073439115205,341.3886260986328,153.0289077758789,507.95235469014966,323.7184143066406,181.6362762451172,547.1568512255802,333.5335922241211,183.53904247283936,427.3331857975462,342.5980758666992,177.19242095947266,300.2586341097119
566,22.64,407.87464141845703,164.56376552581787,488.03884103151,407.3039245605469,207.56428241729736,483.5739581995452,384.06124114990234,244.27648544311523,617.2294946411334,362.6517105102539,271.3552665710449,699.4048297401819,354.96387481689453,296.55518531799316,771.8222603429762,370.1007843017578,229.87061977386475,579.0850963258389,325.29125213623047,265.1194381713867,678.6991797362462,330.52379608154297,271.417293548584,816.7769795374708,341.4365768432617,267.82896995544434,923.2314558619312,356.0162353515625,207.38741397857666,561.0412333686228,318.8534355163574,245.67160606384277,672.0980918500917,332.62569427490234,249.41064834594727,717.3442416039959,345.8359909057617,241.90698623657227,721.1406784847549,345.8421325683594,188.74913692474365,556.798989345465,317.8662300109863,226.2040615081787,672.3375194753625,331.53392791748047,228.66532802581787,685.5566064008699,343.3460998535156,220.7744836807251,673.0494095252652,338.4122848510742,175.12754917144775,557.4543472069415,320.19676208496094,207.52027988433838,653.0618647789414,331.3142395019531,210.47321319580078,675.6363107466855,340.74066162109375,203.83069038391113,667.5736783348112
567,22.68,405.98060607910156,181.35369300842285,422.4105191767404,407.1277618408203,223.18696975708008,390.5920130235229,384.66907501220703,259.42651748657227,379.0555145044218,362.76817321777344,286.6135311126709,381.4677250309678,354.41211700439453,310.9852409362793,361.0150116602545,375.66967010498047,250.65367698669434,537.9056354284428,331.45191192626953,290.72153091430664,658.3221484699176,324.4493865966797,295.568790435791,622.5919874216219,326.5632629394531,288.14014434814453,629.3643974737063,360.3594970703125,228.84788990020752,547.3892291713325,317.90061950683594,265.60558319091797,498.9183941605314,328.1680679321289,267.79918670654297,473.02799576959995,342.85003662109375,259.6227550506592,449.14111623206844,348.65856170654297,209.83484745025635,531.8243727115927,316.585750579834,243.8129711151123,441.385124578555,328.8974380493164,245.01906394958496,414.12238339744,341.71024322509766,236.9703769683838,406.9574503971261,340.2694320678711,195.35001754760742,507.6891414842565,319.1453552246094,223.60223293304443,402.9071467524965,329.1236114501953,224.1978120803833,347.4581501812772,339.34825897216797,216.85521125793457,327.46844231029326
568,22.72,403.91326904296875,189.49058532714844,209.8852350504643,407.2781753540039,232.06243515014648,221.9184959738423,385.7536315917969,268.7650680541992,235.03296268616413,358.77601623535156,293.74457359313965,204.31147213040566,341.50333404541016,311.4169692993164,322.90001051178376,376.1128234863281,260.5595397949219,247.89426033949616,337.57415771484375,301.5215492248535,310.36499581527244,323.0519104003906,312.1918487548828,417.0424196043503,314.8809814453125,312.96295166015625,685.8605287144769,358.51165771484375,240.31282424926758,290.32226696366695,318.58367919921875,279.211950302124,340.58754060838373,329.0791702270508,282.7100372314453,373.4665068381236,342.9292297363281,275.03371238708496,385.2790203010639,345.3610610961914,222.98058986663818,338.8252259214268,316.93275451660156,259.14708137512207,383.4509007016649,329.9358367919922,260.53696632385254,388.8151601710075,341.97811126708984,251.98067665100098,375.31724068604484,336.4093780517578,209.70937728881836,371.72842000647944,320.1754379272461,239.4356346130371,396.6718410209079,330.3567123413086,241.54973030090332,434.89194328827176,339.22508239746094,235.01611232757568,454.0329697072176
569,22.76,400.2838134765625,197.16949939727783,212.33621482943698,404.51416015625,237.35620021820068,149.2977909438998,385.3742218017578,270.3790855407715,41.45030334432532,359.359130859375,289.36251640319824,110.5171024114231,337.95021057128906,298.48188400268555,335.3553321231323,377.4106979370117,267.2292423248291,169.8701892754952,335.21018981933594,308.53657722473145,185.0658025711108,327.6607131958008,315.11876106262207,136.49148065029556,331.17298126220703,309.0933609008789,418.6309462685899,359.63550567626953,248.72471809387207,212.1659024992232,321.79622650146484,288.4946537017822,245.5720904530819,329.68372344970703,290.463924407959,194.4354824632184,342.5190734863281,282.07852363586426,176.41852524667968,345.5432891845703,232.04649925231934,226.69351565711997,319.9217224121094,268.77928733825684,252.13255541062293,330.9847640991211,268.2286262512207,194.07131571590173,341.73683166503906,259.160213470459,179.58974913034254,335.147705078125,218.67854118347168,226.43669046439362,322.8030014038086,248.60767364501953,238.52461852444898,332.06851959228516,249.3629264831543,199.96299446215852,339.4158935546875,242.2891902923584,181.88951313147842
570,22.8,400.1319122314453,193.95605564117432,80.4257995060852,404.60609436035156,233.67784023284912,91.98771684211205,385.3627014160156,266.9143867492676,86.61794861320703,360.6334686279297,287.12931632995605,64.28024247141308,340.1063537597656,298.54588508605957,53.927321391195846,378.84395599365234,264.94723320007324,67.36929151324375,332.8664016723633,304.12562370300293,124.8745716928058,330.75626373291016,309.31875228881836,164.35961886971768,337.3520278930664,303.9346504211426,201.23510982193812,361.9766616821289,246.39495849609375,82.5711482117529,323.2155227661133,286.7933750152588,55.38925356095666,332.6710510253906,287.02783584594727,113.82780484801202,344.4471740722656,277.55252838134766,122.98934128970112,347.9351806640625,229.85984802246094,81.01924328017917,320.33397674560547,268.34790229797363,14.917411983703166,331.5871047973633,267.7246284484863,19.634601185152132,341.59278869628906,258.41291427612305,19.026370888543333,336.7362594604492,216.66313648223877,64.15489622465107,320.7582473754883,247.3047637939453,60.614525468108646,330.2638244628906,248.7403106689453,47.72692480510516,337.96154022216797,241.6896629333496,39.32696808497573
571,22.84,403.20823669433594,180.82011222839355,337.2839878581156,409.3621063232422,221.78586959838867,320.1939015678902,388.8037872314453,254.7806167602539,315.30684037085234,361.3680648803711,271.3545799255371,394.79578604244983,340.2320098876953,280.4509735107422,452.38369664274023,382.33776092529297,249.25237655639648,401.9757439556527,337.7309799194336,289.00251388549805,397.1559612373506,333.31180572509766,298.28481674194336,283.1502787019922,338.5603713989258,298.2758903503418,144.65834655975132,363.27953338623047,231.81873321533203,365.85842387533046,325.41290283203125,272.5952339172363,359.17935091108046,333.02032470703125,276.6728210449219,259.02259027223585,345.23094177246094,270.7082176208496,172.22601718769656,347.6664733886719,217.45430946350098,310.2112088336854,319.2164993286133,257.4623394012451,273.5692729411968,330.3573989868164,259.96381759643555,196.4407694793171,342.14698791503906,253.7632942199707,117.06329335192254,335.80623626708984,207.0740032196045,240.8531968190705,321.0536193847656,239.10916328430176,205.0230358056355,330.3844451904297,242.3668670654297,159.3646226564774,339.15889739990234,237.69716262817383,104.2044951582606
572,22.88,404.6026611328125,163.45396041870117,435.5511222806563,412.0199966430664,204.88255977630615,427.77495828233583,391.53785705566406,237.32518672943115,441.70633298936036,363.82896423339844,256.054630279541,387.4148977483203,343.6248016357422,266.5736389160156,357.1514483552545,383.0418395996094,226.30361080169678,573.9890985700998,338.67095947265625,265.00465393066406,600.4065518319135,341.1947250366211,271.6758728027344,693.8012658679518,351.1065673828125,267.6229476928711,828.0285046528752,364.398193359375,207.88903713226318,598.8957310978453,326.30584716796875,250.328950881958,557.1045176817172,333.6405563354492,257.87681579589844,470.15589209471693,345.9640121459961,252.86187171936035,446.5348909996825,349.45301055908203,194.29688930511475,580.6557841426419,320.14488220214844,235.65130233764648,545.7696586871303,330.14026641845703,242.79584884643555,429.2335447874057,341.78821563720703,238.8971757888794,371.76117565126196,338.45508575439453,185.95516204833984,532.1077522595266,322.24639892578125,219.4859504699707,491.4857603417875,331.88777923583984,225.67448616027832,418.9985035286159,341.9048309326172,222.06562042236328,396.77233924043605
573,22.92,408.22776794433594,145.2747917175293,463.4271612539429,411.2247848510742,184.92947101593018,499.22321715438926,388.7424087524414,214.85228061676025,566.1526077199236,361.95953369140625,231.57536029815674,613.7637113401391,341.92970275878906,242.34346389770508,607.234891547645,380.0242233276367,209.3285894393921,431.0288260484839,334.4218444824219,242.73207664489746,566.8568366167735,334.31983947753906,246.48144721984863,652.8893148450022,343.35533142089844,242.76206016540527,651.0306192830792,364.77745056152344,190.06612300872803,445.673720254158,324.6084213256836,225.68678855895996,617.5138755743884,330.2498245239258,230.34234523773193,693.5615199534461,342.13443756103516,225.69185256958008,685.9644588557438,352.6034164428711,173.38007926940918,528.8182575932904,320.9673309326172,208.16576957702637,687.4458765283687,329.5082092285156,212.7114486694336,752.2759759146538,340.83248138427734,208.82264614105225,752.2427971989235,343.3080291748047,160.6199312210083,644.8958156729043,323.6852264404297,189.47214603424072,751.2068129529786,331.70177459716797,193.82680892944336,796.2055100306434,341.18595123291016,189.88718032836914,804.6617281913486
574,22.96,410.35770416259766,127.53763675689697,446.6145530483661,407.1158981323242,168.20104122161865,430.64146445355914,382.90470123291016,195.74335098266602,499.5185312155325,356.59996032714844,213.01709175109863,482.9171500575875,337.70790100097656,224.91660118103027,448.2738798910348,369.3906021118164,189.234881401062,568.347936397236,330.4802703857422,216.82994842529297,655.0077540879038,323.78822326660156,226.40207290649414,566.8422470307996,324.9519348144531,229.3053960800171,569.95987521113,353.60145568847656,170.3066110610962,567.5281787117354,317.28723526000977,202.1872615814209,615.339100403338,315.1777648925781,215.08164882659912,536.2228061191435,321.6614532470703,218.82930278778076,539.8134378118081,342.5311279296875,154.67665672302246,531.077331257827,315.3905487060547,187.13258743286133,543.9986506831419,317.0451354980469,200.86532592773438,429.86831619004533,323.9630889892578,205.11016845703125,431.82670882795736,335.9914779663086,142.96780586242676,477.709019214118,323.5574722290039,168.74097347259521,518.2891548880199,327.8963851928711,178.7470579147339,388.81219694086104,334.2270278930664,181.27318382263184,276.84331065906736
575,23.0,404.0037536621094,120.54900169372559,236.1325197437392,399.64134216308594,160.07874011993408,275.95375758868323,374.14710998535156,187.29928493499756,304.1357179335219,348.30860137939453,203.29421997070312,319.4535068465657,329.40547943115234,216.08904361724854,302.9603691749164,349.7383117675781,175.3420114517212,601.6770059610152,308.8814926147461,200.14878273010254,682.2611716524293,312.9264831542969,213.54816913604736,420.7138579301514,323.1526184082031,217.84210681915283,290.09108505782956,338.44432830810547,154.96795177459717,539.1039899291798,307.1425247192383,185.00806331634521,498.773498811597,314.3794250488281,198.31071853637695,419.7480265778582,324.5703125,200.1863193511963,471.71382583227677,333.51402282714844,138.53143215179443,462.31513932977936,312.4104690551758,168.99786472320557,459.44874746924097,321.1592483520508,179.98599529266357,532.0199551850042,331.48406982421875,180.8676052093506,634.5603918942857,331.33060455322266,126.97052478790283,416.56087696618,318.3730888366699,151.8674898147583,441.2994178488667,325.2656555175781,161.880841255188,426.75373682547485,333.1551742553711,163.20645332336426,452.4624439896959
576,23.04,397.26749420166016,120.47747611999512,168.41597947156964,389.5908737182617,160.09257316589355,251.26194911084312,364.4491958618164,186.24436855316162,243.87802653187168,341.3479995727539,203.75261306762695,174.39198258147533,326.1159896850586,219.8710012435913,125.30948257491377,335.05001068115234,177.88074016571045,372.6520933531119,297.3808288574219,202.2907304763794,292.46068860490817,307.72064208984375,207.27600574493408,203.77808823749933,321.09195709228516,203.75507354736328,355.9238256455187,324.28600311279297,156.15004062652588,355.189655668344,299.1825294494629,182.36230373382568,209.70450707981416,311.86235427856445,187.38730430603027,280.2416632460456,323.8520812988281,184.04736042022705,403.87331819043874,322.11353302001953,137.63062477111816,285.9005746972308,307.9423141479492,161.46400451660156,218.9798191152899,317.6807403564453,164.86305713653564,387.9459340146198,328.5807800292969,160.99810123443604,502.01237524739037,322.799072265625,124.3862771987915,222.8583894204863,313.3261489868164,144.45257663726807,224.23834874659283,322.0170593261719,148.46534729003906,345.0804757079919,330.8260726928711,145.43628215789795,448.0539151000762
577,23.08,392.4225616455078,122.60809421539307,132.318047101723,385.4207229614258,161.90711975097656,113.69569210225092,361.05445861816406,190.2116060256958,130.53546959763395,338.04588317871094,210.03852367401123,177.51169826109648,324.4953918457031,229.64655876159668,247.72447162214687,328.41033935546875,181.38916969299316,187.74036769734377,293.6824607849121,204.54588890075684,108.29261839686993,288.36753845214844,216.71433448791504,538.2986333532461,288.1974792480469,224.4924545288086,972.1386355012248,316.51378631591797,160.24011611938477,219.56785892251904,289.6345901489258,189.0761947631836,291.80416982202473,289.69770431518555,202.8887128829956,676.1866309815688,295.31211853027344,210.0259780883789,964.8244823472103,313.6596488952637,142.5829267501831,244.94061995544155,299.44997787475586,169.2669153213501,288.3196927932789,304.042911529541,178.61934185028076,484.2686136313963,311.9133186340332,181.60064220428467,662.5089451173925,313.6082458496094,130.89563369750977,281.5615077526759,304.3629837036133,151.66342735290527,287.59205041301925,309.01119232177734,162.1521234512329,472.01722573348854,315.9683036804199,166.2974452972412,640.2838372323872
578,23.12,390.4254150390625,127.42561340332031,130.37706300784663,383.21189880371094,167.63331413269043,153.43607434546672,358.7313461303711,197.55659580230713,192.59044376841587,335.3113555908203,219.33242797851562,242.19607030025827,323.3854293823242,240.4618263244629,271.80189146519956,328.24939727783203,186.3019323348999,122.88495414428414,291.1224937438965,208.32109451293945,114.03291373914108,282.59008407592773,218.9505958557129,154.87867020351948,279.41598892211914,226.84367179870605,227.27020673999823,316.0922622680664,164.62524890899658,110.13364638430743,288.8465690612793,192.41791248321533,85.83434101129653,287.62332916259766,205.95256805419922,92.50081345515683,292.14351654052734,213.15625190734863,111.35150636371691,312.97550201416016,146.51673316955566,99.82137139667418,300.12962341308594,173.33886623382568,103.20701978118645,305.95542907714844,181.04998111724854,77.32128836885714,314.96349334716797,182.3935604095459,78.78882003844771,312.1874809265137,134.95415210723877,107.50042048989965,304.38316345214844,155.6940221786499,100.76613354560871,310.2730941772461,164.16645526885986,59.4239480572636,317.9888725280762,166.36247634887695,50.54037683993214
579,23.16,392.5828170776367,132.0616865158081,127.83670604617157,384.4956588745117,173.036470413208,138.83924542226654,358.9826202392578,204.46343421936035,172.78519105575694,334.36588287353516,226.47050857543945,180.0106129984268,320.33809661865234,246.59711837768555,171.2601193194236,332.7091979980469,189.15996551513672,132.42492241682504,293.1974411010742,214.63159561157227,166.07195475701337,286.668643951416,226.8065643310547,221.29009713426387,287.0912551879883,233.43122005462646,252.86545863866627,320.15380859375,166.91946029663086,116.61787075429493,292.1278762817383,198.98265838623047,183.4783124891575,293.38836669921875,213.0491065979004,228.57782742001484,300.2180480957031,218.91324520111084,247.9176168860742,315.24274826049805,149.47820663452148,93.24272969389462,301.6397285461426,179.97739791870117,170.2030413285479,306.31757736206055,189.344801902771,207.56806601118862,314.9367904663086,190.70292949676514,207.7352998281119,313.2950019836426,138.7276268005371,98.31618048720074,304.8103141784668,162.14863300323486,161.71823227423147,309.921932220459,172.42627143859863,206.6819384310295,317.3047637939453,175.67497730255127,233.4398728424238
580,23.2,396.2247085571289,138.79117012023926,191.29382362400239,387.6652526855469,180.76403617858887,208.80852111629486,360.904541015625,212.95751094818115,217.71988733480305,334.5077133178711,235.38195133209229,222.81428348520538,322.23594665527344,256.3580131530762,248.59216296193688,337.86243438720703,195.30356884002686,200.46774537342276,295.1762008666992,222.75721549987793,209.0771221034311,292.13375091552734,234.73802089691162,240.7999654605109,296.6375541687012,238.73348236083984,272.9993243959717,324.7614288330078,172.93756484985352,189.48572948037784,294.66400146484375,206.98908805847168,209.96256666505798,301.5101623535156,218.0066728591919,237.8826232163294,312.57898330688477,218.94588947296143,309.02445791506005,319.22752380371094,155.93838214874268,189.75692313511684,304.2246627807617,188.33302974700928,218.6585069342454,312.0918083190918,195.33205032348633,207.9496435385504,322.5332260131836,193.2136058807373,200.01457591082837,316.8320655822754,144.77241039276123,175.08966912984053,309.0701484680176,170.2499771118164,228.82575868453037,316.4949417114258,177.73651599884033,211.25096310123084,324.83882904052734,177.71278381347656,195.11982618977478
581,23.24,394.73304748535156,151.4269495010376,318.0880119098962,387.72151947021484,193.82243156433105,326.4629152000171,360.2851867675781,226.78318977355957,345.98861493831237,335.90087890625,250.26254653930664,373.6417268567695,325.85033416748047,273.18102836608887,430.1726673279396,342.58182525634766,208.68724822998047,354.7847271487291,294.8052787780762,240.34343719482422,439.7533233953639,292.4985122680664,256.5090751647949,544.3527433908467,299.1995048522949,261.9814109802246,584.7166922948538,329.7628402709961,185.45020580291748,336.8793366996682,294.2767143249512,221.70361518859863,367.99057392137126,301.5983200073242,233.61268043518066,390.1564143341615,311.9874954223633,234.26618099212646,383.29263473693953,322.8733444213867,167.99315929412842,314.8508178498829,300.7572555541992,203.5682201385498,390.619651276426,310.1709747314453,210.96261978149414,393.70380939628774,320.65479278564453,208.21523666381836,377.96944117729936,319.2531204223633,156.55474662780762,300.71264698878235,305.5686378479004,186.67171955108643,419.77240958979445,313.98046493530273,194.19805526733398,416.31183365493933,323.04492950439453,192.65108585357666,376.1407178395775
582,23.28,390.22693634033203,165.63694953918457,372.68379587745545,385.611572265625,208.8039779663086,378.2348888263438,359.17179107666016,244.67860221862793,448.2503740542654,334.6082305908203,271.1294460296631,522.6724799097551,327.5003433227539,296.99174880981445,596.6955558855673,346.8164825439453,225.57486534118652,435.26136834529046,300.0778388977051,259.222412109375,490.03544772249563,289.4634819030762,276.6090202331543,508.19484517965464,287.0492744445801,286.81108474731445,691.077418935764,330.8274459838867,203.3617115020752,448.5779069284389,290.1747131347656,243.94246101379395,565.3498238928545,296.25762939453125,257.3697566986084,608.7495630429112,306.62391662597656,259.0635681152344,634.2704399733244,320.2817916870117,186.55597686767578,468.5711937927932,290.93652725219727,225.79559326171875,607.506594788441,301.0892677307129,236.409330368042,675.4685788966606,312.54716873168945,235.32285690307617,707.3527421114283,313.7281036376953,175.55631637573242,494.7129618249063,296.97961807250977,207.9305362701416,573.2083767032452,305.1977729797363,217.93298721313477,632.693978386355,314.17760848999023,217.82700061798096,667.2968165465454
583,23.32,384.6552276611328,179.72067832946777,378.6450797284608,384.7753143310547,223.14282417297363,359.0802816498041,360.13702392578125,257.9121780395508,331.71825720513215,336.0466766357422,283.38855743408203,308.5803576968506,324.3488311767578,306.64916038513184,253.96558224176152,347.46692657470703,246.33685111999512,519.3043007937422,307.5733184814453,283.73823165893555,640.9015244057008,293.25382232666016,298.73525619506836,561.2135279736192,284.3317413330078,305.320987701416,467.7081712876292,330.11802673339844,224.67846393585205,533.2138466388831,288.67313385009766,264.34876441955566,511.5368749147919,297.81200408935547,271.8847846984863,364.9504405816204,310.8796691894531,267.50590324401855,236.3583776654647,318.4983825683594,206.30689144134521,495.7816899735709,288.7002944946289,243.004732131958,433.84559292535283,300.76637268066406,248.71885299682617,307.8439220630885,312.5238037109375,242.77579307556152,186.32431992921533,311.31181716918945,193.2132053375244,445.53631172648005,294.66564178466797,223.8901662826538,403.1627124972113,304.3994903564453,228.89017581939697,274.65573599036065,314.26490783691406,223.77897262573242,148.81530490223093
584,23.36,380.0868225097656,188.86473655700684,255.54369305422006,382.96695709228516,232.5872039794922,240.39871286155216,359.9136734008789,266.33703231811523,210.69535927497895,331.5597915649414,283.5145854949951,112.21636665030319,309.81332778930664,289.5052242279053,561.91380883196,346.72962188720703,255.66587448120117,233.95284657936116,309.84832763671875,301.4586639404297,446.6468032038834,299.2452049255371,313.1408500671387,390.04631155572037,295.84524154663086,312.4548625946045,338.61192588341714,328.3614730834961,235.99370956420898,286.26939274378856,287.4127388000488,277.6399898529053,333.7713187969301,298.11717987060547,283.65918159484863,294.4587773892636,313.23171615600586,278.09314727783203,271.13403185093364,316.04705810546875,218.9866304397583,322.8629475975872,287.772216796875,256.8280220031738,346.3602451537327,301.44153594970703,261.6991424560547,324.9459184668501,314.4016647338867,255.26066780090332,315.63275627003435,309.31983947753906,206.26776695251465,330.1415928086853,294.8746681213379,237.19711303710938,332.71470881159695,305.64109802246094,241.90881729125977,326.94286137757945,315.377140045166,236.6202449798584,322.2337429548552
585,23.4,379.53651428222656,192.12717533111572,82.71315607306026,381.97296142578125,233.74948024749756,38.23376704724698,361.51248931884766,264.90440368652344,53.66934143209022,335.15846252441406,281.3411521911621,105.10187022825257,315.43827056884766,288.86584281921387,141.52912654929642,345.44734954833984,259.1352367401123,92.4685650457119,306.72176361083984,302.3488712310791,81.27065748259594,298.63147735595703,312.6573944091797,19.531879435861136,299.5047187805176,310.7910919189453,100.4984654314389,327.3262405395508,240.93111991882324,126.11930718048183,288.6130905151367,281.5177345275879,101.48198116520439,293.46527099609375,289.5182704925537,187.03137919873865,303.69056701660156,286.62403106689453,319.9702184606842,315.1357841491699,225.31840324401855,159.92530887143513,288.3219528198242,262.9552459716797,153.79589407547735,299.53651428222656,269.67567443847656,205.02159950260287,311.65109634399414,265.70826530456543,270.09017020478893,308.77193450927734,213.0292510986328,169.5911770119048,296.1796188354492,242.52742767333984,137.19318151668568,305.0476264953613,249.40166473388672,187.90784185997802,314.2086982727051,247.00913429260254,261.3597584366244
586,23.44,380.7337951660156,184.3853759765625,195.84582386543156,383.0389404296875,226.24268531799316,189.55256749514407,363.3286666870117,258.4383487701416,167.90690578095843,338.8776397705078,278.37890625,118.8675218567736,320.5109405517578,290.4517364501953,132.86985964729087,350.18341064453125,249.04043197631836,278.7644143425308,312.60066986083984,291.89889907836914,299.7534994465272,302.9749298095703,307.07645416259766,176.79874372559595,301.22291564941406,312.339391708374,57.82210173362925,330.0343322753906,232.5129747390747,221.07539595838048,294.58744049072266,278.1570339202881,171.36796339071256,297.59193420410156,291.5871334075928,115.40565138227974,306.9417190551758,292.29503631591797,163.42102471908387,315.990047454834,218.8254690170288,163.72225083853718,287.94206619262695,262.34453201293945,17.980638700479382,295.9487533569336,273.8771724700928,138.1227130279764,306.70692443847656,272.9362106323242,218.92925440136395,308.36849212646484,209.15433883666992,97.39645397215378,294.3351173400879,241.18841171264648,56.98217654112192,301.70494079589844,251.85636520385742,103.67950039264062,310.4385185241699,251.95361137390137,155.44715529673175
587,23.48,383.78334045410156,173.2940912246704,287.5720821720629,388.56578826904297,215.34017086029053,305.58434651888996,367.3879623413086,247.84069061279297,283.7122658048682,340.36739349365234,265.22297859191895,331.0001875946269,320.0769805908203,274.41155433654785,401.15128340710874,351.5582275390625,234.72699165344238,359.48287108882226,311.3733673095703,276.5595531463623,384.7091475827285,307.2136116027832,291.94973945617676,392.7339439378496,313.32130432128906,294.4994831085205,538.8838855141249,332.0842742919922,216.74949645996094,397.4052636537418,296.4998245239258,261.47326469421387,419.82538652944106,300.89860916137695,273.8162326812744,451.89808855104064,312.6237678527832,272.298002243042,519.7156976716661,319.1159439086914,203.57996463775635,389.0666977031816,292.14454650878906,246.3401699066162,413.672913693631,299.89952087402344,258.1757926940918,404.769912144777,311.18444442749023,257.1636772155762,409.8940378579954,312.22509384155273,196.0495948791504,341.51106404200465,297.78833389282227,229.26910400390625,310.236402618746,305.6745147705078,240.79679489135742,293.7596945602683,315.5863571166992,241.27567291259766,296.35136657998885
588,23.52,388.08258056640625,153.6536693572998,502.6365714109071,394.1655731201172,193.81905555725098,555.9428895270198,374.0949249267578,226.59569263458252,556.9634672808339,346.1476135253906,246.49563789367676,489.97718903750166,326.73145294189453,259.2327117919922,414.3362638482965,357.89794921875,211.97723865509033,590.414754887363,317.4681854248047,249.92156982421875,683.1585482743864,310.1782989501953,266.0272693634033,652.2862805062277,309.8744201660156,272.8971004486084,546.89118374062,338.59092712402344,194.78758335113525,572.6376245476877,304.34242248535156,238.55004787445068,605.6918627437725,305.14461517333984,253.32075119018555,523.2669781079679,310.9305763244629,257.1594715118408,380.82313008394885,324.94590759277344,183.30029010772705,527.525873537044,296.9691276550293,225.56200504302979,533.2733341911973,302.43408203125,238.73565673828125,490.1166227542939,311.0115623474121,241.61138534545898,388.8313183654685,316.3465118408203,178.02932739257812,462.13913395501106,300.5012893676758,210.9124231338501,463.9018349645909,306.0417366027832,222.6028347015381,454.94164410314113,313.2868957519531,225.504469871521,398.4488423333239
589,23.56,393.22235107421875,140.1595973968506,360.994476192816,392.5084686279297,180.25272846221924,341.6789667833501,371.31263732910156,209.19058799743652,440.6520677544762,344.45377349853516,226.37967109680176,504.67886708378427,323.88484954833984,237.18801498413086,555.6931528678442,355.9541702270508,188.8352108001709,580.5879186256151,315.858211517334,222.36006259918213,690.2122393232038,309.3726921081543,238.49355697631836,688.6373865280348,309.2374801635742,245.82069396972656,677.0974266936887,340.48084259033203,170.99809169769287,596.6111032317227,304.8445510864258,211.40713691711426,678.6888777128988,307.13470458984375,227.22384452819824,654.3169115622405,314.54763412475586,230.86439609527588,663.5671114766285,329.0584182739258,158.74102592468262,622.5302208101834,300.04688262939453,199.6728801727295,651.7857020487212,306.7775535583496,213.2887887954712,645.3723891122567,316.63814544677734,214.9377679824829,681.5149946078411,321.58695220947266,152.00480461120605,663.6725478613092,306.3159942626953,184.37467575073242,679.1827944239005,312.2399139404297,196.10137939453125,680.4155603830442,319.4560432434082,198.04698944091797,703.5497549784036
590,23.6,390.31803131103516,126.69872760772705,344.265603101876,390.86971282958984,165.19602298736572,378.64057851995034,368.75011444091797,194.72192287445068,367.3458809432634,341.0645294189453,212.78563499450684,350.2541871462179,319.5534896850586,223.90312671661377,349.3287621869056,350.81871032714844,170.64289569854736,472.5815254669457,307.4859046936035,203.51181507110596,515.6015639706166,301.58313751220703,221.94849014282227,457.1763864528217,302.6236343383789,232.44677066802979,372.9986436630178,334.4754409790039,152.35151767730713,489.7445579145488,296.8053436279297,191.49125576019287,536.9306163377604,299.8460006713867,210.89781761169434,446.97899817087387,309.5094108581543,219.20024871826172,317.6436955505646,323.994140625,141.69373512268066,444.59042372828225,296.8082809448242,180.08176803588867,496.4248530930773,303.0918884277344,196.54662609100342,428.5762326280944,313.4267044067383,202.97065258026123,309.7632206659412,318.511962890625,137.491135597229,370.89599920185236,304.4160270690918,166.85993671417236,440.4372535160162,309.3899345397949,182.2871446609497,352.628933741381,316.8927192687988,189.82499599456787,215.30763750769378
591,23.64,386.1537170410156,128.63366603851318,114.79737603278821,384.04857635498047,166.62586212158203,174.23465275846905,361.1846923828125,195.45201301574707,190.01421415858434,333.4459686279297,213.6543846130371,191.69832163143917,312.2491455078125,226.5194606781006,193.9694680511894,341.63707733154297,168.634672164917,234.9672134402717,301.80646896362305,203.73418807983398,142.09468666612224,296.9241714477539,223.0761480331421,119.83733012746487,298.77559661865234,234.87626552581787,113.77016182983006,326.1628723144531,149.9672555923462,216.19363932111563,291.0198974609375,192.0869779586792,145.4008947035187,294.3987846374512,210.84547519683838,136.1866876955065,303.88343811035156,218.74019622802734,141.11878341664402,317.288761138916,138.80069732666016,182.57153006013684,291.42879486083984,178.89877796173096,137.70061738091724,297.3875045776367,193.76011848449707,158.7147987554498,307.1924018859863,199.12765502929688,183.09007021301733,313.13955307006836,134.25174236297607,156.83680970625383,299.4144821166992,164.52145099639893,138.0307197760566,305.01657485961914,178.86481761932373,138.83127635738194,312.6286506652832,184.8415231704712,163.96890414800802
592,23.68,383.37867736816406,133.04532051086426,130.2966336127764,381.4010238647461,171.66409492492676,142.28783321415148,355.43643951416016,201.86379432678223,215.2808494480373,327.48558044433594,223.55667114257812,288.94366428883404,311.60675048828125,244.26758766174316,443.9937237651988,338.0621337890625,176.68478965759277,220.205320351552,298.73992919921875,213.87595653533936,264.8810269863583,292.9469299316406,234.05659675598145,291.9639363778508,293.83832931518555,245.94663619995117,303.0364203447674,322.70214080810547,158.67193222045898,234.18483319677273,287.6899719238281,201.49247646331787,249.43912860086405,291.1924934387207,219.61071968078613,233.3315962777451,299.3809127807617,227.01171398162842,235.4394034190856,313.83106231689453,147.7583885192871,240.0467567036098,287.0884132385254,188.52091312408447,263.89438904361555,292.21508026123047,203.99654388427734,286.7254547845131,300.67012786865234,209.6962594985962,310.47892318328496,309.52415466308594,143.2643222808838,242.76751020508857,294.64305877685547,173.0367136001587,244.0237922557389,299.03486251831055,186.95922374725342,251.6201168155445,305.73068618774414,192.26433277130127,253.32787092960913
593,23.72,381.9970703125,145.9112548828125,323.4975901374112,378.67889404296875,184.41714763641357,326.00838201318805,353.6854553222656,216.16427421569824,360.1819598251313,327.5929641723633,239.58035945892334,400.60120329046003,316.417179107666,261.91383361816406,457.25418249638307,338.95851135253906,195.17533779144287,462.80656260643303,299.0857124328613,232.49728202819824,465.6133919060859,288.7112236022949,252.9631519317627,484.3804268878698,284.23301696777344,267.33235359191895,586.0945602356226,322.36244201660156,176.17602825164795,437.68479892643234,285.49062728881836,219.20629978179932,446.24590571085577,283.8095283508301,239.5268154144287,531.0126191771647,288.09974670410156,250.72714805603027,656.5470857954937,312.3146438598633,163.80349159240723,402.9150480900671,282.2329521179199,205.33289909362793,437.4774100838217,283.54984283447266,224.4827127456665,556.0853432025043,290.41378021240234,234.20196533203125,664.1358509563,306.8454360961914,158.07626724243164,376.3054333787152,289.6752738952637,190.59895992279053,456.2834799541888,290.77880859375,207.95495510101318,564.0163791307963,295.4932975769043,217.46646881103516,680.0513705479384
594,23.76,379.38568115234375,156.56879425048828,274.32018099219005,379.3111801147461,196.89886093139648,312.4429472466901,356.13834381103516,231.0856533050537,378.04118150886745,330.44410705566406,256.13287925720215,419.9069297277438,316.34815216064453,278.3279514312744,410.3565738340268,340.8112335205078,212.0991611480713,425.62334907025223,300.81573486328125,254.2042350769043,544.3946111671232,289.4558906555176,275.6188201904297,566.6975787771014,283.9150619506836,290.5187702178955,579.7149144979878,322.333984375,194.59852695465088,460.56301706410807,284.7542190551758,240.38532257080078,529.7955403877636,283.6086654663086,261.11743927001953,539.7889543446504,288.7499237060547,271.5212631225586,520.1069310331103,310.8598327636719,183.06818962097168,482.9887844565963,279.1021537780762,226.75246238708496,541.179031101989,280.8999443054199,245.98812103271484,541.7013405736845,288.72854232788086,254.53914642333984,510.1721287149725,304.39037322998047,178.10216903686523,504.395725322233,286.5909004211426,210.65590381622314,507.3179218154072,287.79523849487305,227.91037559509277,504.43068009294166,293.507022857666,236.5436553955078,479.5077783773876
595,23.8,376.80908203125,170.538911819458,355.1434990972467,378.89339447021484,212.99145698547363,402.4504570475693,354.6327590942383,249.11948204040527,452.41419365682214,328.3567810058594,276.0201358795166,499.91243358211204,318.53050231933594,300.89893341064453,566.9060105785785,342.1091079711914,230.8928632736206,470.9615945552342,301.3922309875488,273.23155403137207,475.9012597012274,288.11784744262695,293.2525062561035,442.1094631863683,279.43592071533203,306.40488624572754,412.6373927675245,322.22740173339844,212.4321985244751,445.84975154182223,282.70313262939453,258.8019847869873,463.26315598637916,284.7625732421875,277.31812477111816,406.0431887902607,290.671329498291,283.8705539703369,312.4467801296933,309.5902633666992,199.3385124206543,407.9944932682927,276.7086410522461,243.23312759399414,416.3391262172411,282.9603576660156,259.68149185180664,346.1879074340228,291.80301666259766,263.27479362487793,231.52203521556604,302.46057510375977,192.95753002166748,374.50456505624675,284.21485900878906,225.68079471588135,380.2901189715646,289.79393005371094,240.2812099456787,313.2813337052325,297.53902435302734,243.97258758544922,211.31444215514415
596,23.84,373.6958312988281,182.08484172821045,298.95738364852014,378.2861328125,225.8910369873047,322.84664601069716,355.4584503173828,261.8279457092285,318.38146814962613,327.55870819091797,286.12043380737305,253.29446604867044,307.8951072692871,304.1635322570801,278.1290544634265,342.07141876220703,245.2921199798584,359.982650769978,301.18377685546875,291.4441680908203,455.3451740188378,289.7606658935547,310.5951976776123,435.508178887308,287.7679634094238,317.70286560058594,350.95162857487844,322.09190368652344,226.8048334121704,359.33183943927736,280.4448699951172,271.7306327819824,328.1098226050469,279.3853569030762,290.4714775085449,355.25091818387483,287.7953910827637,295.9959411621094,311.54457578361234,308.8096237182617,213.1177282333374,345.03277622677456,273.81107330322266,256.0227298736572,327.8431649929429,278.2153129577637,273.24148178100586,359.15593424313454,288.99242401123047,276.78903579711914,345.085290672739,302.5116729736328,205.25919914245605,307.5443810957094,282.86834716796875,237.94172286987305,308.3661108718981,286.83313369750977,252.59897232055664,316.71515691040554,295.3391647338867,256.3179588317871,313.4959863716678
597,23.88,371.5241241455078,189.45456504821777,192.07604902297552,376.79161071777344,232.54330158233643,170.45201035397517,355.94310760498047,265.7585906982422,99.01029844187865,329.59896087646484,283.68069648742676,79.51001985292457,310.09050369262695,293.5708236694336,270.4455128561169,340.1640319824219,253.51106643676758,210.93423914403863,299.95418548583984,300.29651641845703,223.43338751471111,293.22792053222656,316.44012451171875,169.89891190324252,297.03460693359375,317.362060546875,231.8227101265578,321.30149841308594,235.97951889038086,230.21673771736752,281.51031494140625,283.7357711791992,301.3081073314967,282.72926330566406,300.6302261352539,267.3736660671844,292.83639907836914,303.25063705444336,220.8539875432492,308.4567070007324,222.4372673034668,233.15547212265346,273.471622467041,267.2563076019287,280.9676309729707,279.86236572265625,281.4975357055664,210.46853864591006,291.9779586791992,282.1395206451416,153.17699191327904,303.14300537109375,213.7364959716797,212.51932577834074,284.48638916015625,247.4297332763672,240.62470956115357,290.1564025878906,260.6877136230469,218.6204644703702,299.4836616516113,262.6421928405762,189.03172765926254
598,23.92,373.37940216064453,188.4752655029297,52.44690239215214,377.4631118774414,231.19869232177734,37.573992593087816,357.68470764160156,263.2297897338867,76.76264148693907,332.62699127197266,281.15715980529785,98.54315508372895,312.5831604003906,290.7283401489258,94.51537582292403,345.06290435791016,253.6421298980713,122.51563212048468,303.18002700805664,297.31364250183105,109.83962834783712,295.4532814025879,312.8407287597656,105.79426018962917,297.8344917297363,315.50951957702637,50.44628165229182,325.7212448120117,236.88524723052979,112.78990994589881,285.40205001831055,284.4225311279297,98.79663815126621,285.50304412841797,299.4528579711914,75.33282753232999,293.08109283447266,301.22852325439453,50.921626389383654,311.4225387573242,223.89158248901367,82.58022866930916,276.3119316101074,268.9094924926758,82.15981496137964,282.6786994934082,281.02535247802734,71.39105733846817,292.9071235656738,280.5171775817871,46.7396004574267,304.3496322631836,215.16474723815918,46.74298167181538,283.68221282958984,250.14678955078125,70.83914158577902,288.1065368652344,261.9041347503662,59.59042414636492,295.3507423400879,262.2330951690674,103.82793139492041
599,23.96,373.857421875,187.99761772155762,16.89397544914579,378.26416015625,230.46489715576172,27.1584895871681,358.44871520996094,263.43764305114746,19.794421025990818,332.91900634765625,282.22057342529297,27.569472832482834,312.9560661315918,292.6156425476074,48.0947569155942,345.17372131347656,252.78945922851562,21.496041326857014,304.73304748535156,295.1963996887207,65.64387696391026,296.3113021850586,311.4536476135254,40.77525114428144,297.2518730163574,315.01407623291016,19.119830549856253,325.4862594604492,236.3467025756836,14.689461799032053,285.26939392089844,283.82569313049316,15.285066964292524,285.7977867126465,300.1907444000244,19.864377236866016,293.66077423095703,302.33147621154785,31.150198104539896,310.92376708984375,223.8782501220703,12.473745635572934,275.70350646972656,268.4235191345215,19.467139881785936,282.87166595458984,281.19452476501465,6.415572744574359,293.38626861572266,280.7950687408447,13.847460851828576,303.99940490722656,215.61242580413818,14.209928291903658,283.6579895019531,249.8668384552002,7.02492818107544,288.49647521972656,262.2843933105469,13.616361777626821,295.4882621765137,263.4976387023926,31.799980867576235
600,24.0,381.043701171875,168.7024211883545,514.7494653880348,384.79347229003906,209.82667922973633,541.1607640656338,361.8307113647461,241.821928024292,546.9672260023943,333.3408737182617,259.1883659362793,575.901767825555,312.88997650146484,267.27739334106445,633.4583849256031,353.14170837402344,227.66889095306396,658.8492658978754,305.89221954345703,268.0074977874756,680.3400190602412,299.11943435668945,282.1446132659912,736.0813052400727,303.31016540527344,283.78764152526855,795.2173960701728,333.8471221923828,208.76280784606934,720.5793129822166,288.2753372192383,252.74076461791992,780.7482291625063,289.77731704711914,266.3921356201172,850.8020543655446,299.8622131347656,266.3623237609863,912.4958124867637,318.9714813232422,195.67800521850586,733.1522339372366,280.37696838378906,238.20117473602295,764.538810003966,286.47064208984375,251.77928924560547,740.8646594876652,297.52254486083984,252.20664024353027,722.1526090108923,309.55055236816406,188.80180835723877,684.4817592607291,285.6964111328125,223.3427381515503,665.0578262749208,291.0845947265625,236.4263105392456,649.6820410733296,299.8473930358887,238.0695676803589,644.9752019219154
601,24.04,389.73827362060547,151.31847381591797,485.9251590483519,387.3564147949219,191.3388204574585,466.6165424273885,365.31314849853516,220.5976152420044,537.7027649356855,339.5685577392578,238.6547613143921,536.4308943338821,318.71313095092773,248.37023735046387,494.589271135153,353.7981414794922,206.5829372406006,527.404226131451,309.688720703125,238.94781589508057,732.6657375393601,303.52731704711914,251.21824264526367,780.9728826851117,307.2563171386719,253.1056022644043,773.3691092826484,339.8569107055664,187.6309061050415,549.2465459413745,295.58496475219727,224.80489253997803,721.908756105007,294.7154235839844,238.29520225524902,713.1893860851727,301.9466781616211,239.80728149414062,665.9181932875395,328.7317657470703,172.57636070251465,626.971456376429,288.867130279541,208.51065158843994,772.014416070565,292.4978446960449,221.6066551208496,769.2183619113707,301.9694709777832,223.38362216949463,729.1011258673838,321.85577392578125,162.23902702331543,731.863985730901,294.7739791870117,189.61369514465332,873.2305623157765,296.98486328125,202.83512592315674,852.6359323187123,304.0365409851074,207.25530624389648,777.4427906665776
602,24.08,391.9968795776367,129.06848430633545,559.1082934267237,392.4217224121094,166.02311611175537,645.436977837394,371.6587829589844,195.18901348114014,654.725190513086,347.78018951416016,214.51064586639404,637.5584322107483,328.6766052246094,226.6747283935547,596.848980323772,349.9983596801758,175.05107402801514,793.9996612796884,307.55126953125,207.12990760803223,797.2405476372742,303.7173843383789,224.7767686843872,661.0539268844274,307.77238845825195,232.22973346710205,522.0561677450704,334.5184326171875,156.36559009552002,792.9451957241994,293.0270195007324,194.01648044586182,772.3622058280902,297.4960517883301,213.21857929229736,630.7579331827886,308.2466506958008,219.1600799560547,539.6738513246662,324.8710632324219,144.36864852905273,711.7671889246354,289.4764709472656,180.97991466522217,688.4369849452315,295.78683853149414,197.87203788757324,599.0354411780254,306.4447784423828,202.84679889678955,525.4697226274209,320.9677505493164,138.5763645172119,591.9829929962648,299.20495986938477,166.3329792022705,592.465887518788,303.5292053222656,182.69322395324707,529.4600006818596,311.81724548339844,189.7382640838623,479.18298209435414
603,24.12,392.8371810913086,113.24624061584473,396.1135427777879,393.63147735595703,151.70428276062012,359.24616870064455,371.2171173095703,181.5265989303589,341.73878904734346,343.5011291503906,199.49599742889404,390.31239515491353,321.2000274658203,208.09890747070312,500.5998513914764,344.86183166503906,160.28557777404785,390.83548303298784,301.02148056030273,191.21603965759277,430.03585399150774,299.5816993713379,207.8809404373169,434.86556996179013,306.0618782043457,213.43395709991455,471.83621004409633,330.9124755859375,141.14564895629883,391.031915571302,289.19116973876953,176.16901874542236,456.3754160125493,295.1177406311035,194.1778564453125,479.7170328018121,306.9776153564453,199.40410137176514,494.91737979399176,323.6170959472656,129.5722532272339,371.2358986210192,289.5155334472656,162.3566436767578,465.5827988853623,295.71693420410156,178.70884895324707,479.0829108487311,305.79341888427734,184.422869682312,460.88599252825964,321.5666198730469,123.99929523468018,364.7341440476163,300.0141143798828,149.20593738555908,428.65362795417434,303.03871154785156,164.548602104187,453.7812566287629,311.01964950561523,171.27808570861816,461.93502315640086
604,24.16,391.30027770996094,108.94275426864624,114.24225013135911,389.2974090576172,148.89784812927246,129.0838471563684,364.7488784790039,175.94358444213867,213.6120378526862,337.20882415771484,192.72791862487793,231.0302913286274,315.59425354003906,202.4099636077881,199.66970160487486,333.08589935302734,158.30610752105713,298.5285625986616,293.5116386413574,188.2710599899292,201.6659225217849,296.8314743041992,203.49738121032715,129.37187053327332,305.677547454834,207.67134189605713,144.38543060318827,320.7423400878906,138.75070095062256,261.2080492616541,283.54896545410156,173.0409336090088,161.28272111919085,293.3127784729004,187.66141891479492,169.04482852501604,304.7365951538086,189.4711446762085,254.56556162464003,316.4946937561035,124.91628170013428,212.7302926151931,283.1381416320801,157.4569272994995,201.05712332252867,292.3436164855957,170.60654640197754,219.41196848379522,303.50772857666016,172.79581546783447,296.23973599174604,317.2936820983887,117.11307048797607,202.60504758060227,293.95837783813477,141.59334182739258,243.1866004163251,298.85454177856445,154.95118618011475,261.74614261466684,307.3385810852051,158.05214881896973,343.2161047764807
605,24.2,387.5089645385742,111.55937433242798,115.16497981622811,381.11568450927734,152.56858348846436,224.18590870933502,356.24961853027344,178.77119064331055,223.93187650628187,330.12725830078125,193.84948253631592,179.24578201719228,311.40026092529297,202.40192413330078,104.85000800457411,326.1820602416992,163.21908473968506,211.83770265503514,289.9649238586426,192.7216386795044,142.27358420932552,295.0297164916992,205.75774669647217,72.26506480425205,304.6995735168457,208.24421882629395,28.33528057675917,314.52903747558594,143.2003355026245,191.0568910665778,280.63879013061523,177.65396118164062,136.356939224069,291.07635498046875,189.84694004058838,78.17485460807409,303.67252349853516,190.1773738861084,31.927732698942478,311.29222869873047,128.14045429229736,153.01334005823472,281.1147880554199,160.30892372131348,87.42083306563396,290.836181640625,171.29968643188477,41.47893224948388,303.2329559326172,172.02760219573975,20.396869204256117,312.6350975036621,118.91281127929688,124.85360763251816,291.5748405456543,143.4752655029297,75.92301505963222,297.5740051269531,154.8425531387329,32.128406957471256,307.2628402709961,156.34737968444824,42.66127102649846
606,24.24,387.3500442504883,112.88533687591553,33.3863026245166,381.5357208251953,151.22179985046387,35.269114270454196,357.62290954589844,178.07072639465332,38.54038772219408,334.68799591064453,196.7427635192871,135.02639184721485,322.62195587158203,214.96127128601074,421.05792235885826,324.38045501708984,168.94014358520508,149.95060790815975,292.46206283569336,196.61664962768555,115.6687440418685,290.8274841308594,208.08458805084229,120.08577013664173,293.1378173828125,213.33612442016602,315.83392340730285,312.16360092163086,150.15149116516113,183.56513683091114,282.4525260925293,180.819354057312,91.20495530977024,290.07537841796875,190.90702056884766,36.44966396509014,299.5223045349121,192.1690320968628,115.08426226704978,308.5765075683594,134.6975040435791,177.42963869293365,282.5551414489746,162.80452251434326,72.03571698338361,289.17497634887695,173.31865310668945,65.3635480184847,298.1191062927246,175.675950050354,157.04676892509184,310.2260971069336,124.44474220275879,150.8425144260404,291.5432357788086,144.6851921081543,30.25848281182608,294.86183166503906,156.5348768234253,79.92122817688096,302.3476791381836,159.53580379486084,146.46854881972746
607,24.28,388.9383316040039,111.90176725387573,46.70429529722864,384.39952850341797,150.48022270202637,73.95662193530971,361.11576080322266,178.74009132385254,88.91027539826756,338.30291748046875,198.37526321411133,99.16121094454462,328.2448959350586,219.0036106109619,173.1292186769331,327.4883270263672,168.84638786315918,77.7321465091259,294.8619079589844,197.49894618988037,63.922334904576175,288.8654136657715,210.17090320587158,71.59971820857228,287.3911666870117,218.08897018432617,186.43621073547305,314.5372772216797,149.50637340545654,61.4944921380147,286.0365676879883,181.80843830108643,92.95039604293984,290.943546295166,193.58134746551514,70.29286865161146,299.19010162353516,196.9573974609375,119.99687921514257,311.232852935791,134.21340465545654,67.50242092258698,289.4717216491699,162.94140815734863,172.9483653886956,294.51725006103516,174.99298095703125,139.962633776945,302.21702575683594,179.55880165100098,141.13265144667363,312.44457244873047,124.88020420074463,56.52023970363725,297.70477294921875,145.68317413330078,156.04588352641161,301.1882209777832,158.33520412445068,164.4391607236941,308.4324836730957,163.0770206451416,176.00614870083263
608,24.32,393.98365020751953,112.53706455230713,127.12897601544044,390.31761169433594,151.5311050415039,150.26655970734888,366.4444351196289,182.48242378234863,162.78786464337767,341.40167236328125,205.53302764892578,194.99338695204668,331.12571716308594,228.43972206115723,246.65174113560403,334.0918731689453,168.64867687225342,165.16263063470836,299.38344955444336,198.93988609313965,118.63980730627112,293.75749588012695,211.8668031692505,129.44242223330824,292.5820541381836,219.45290565490723,134.17719743552462,320.5897521972656,149.1226100921631,151.6157305714103,290.7381057739258,183.36557865142822,123.81727071622375,297.01881408691406,195.17775535583496,157.03780773615986,306.3232231140137,197.8092384338379,179.59512667566722,316.9557762145996,134.1605043411255,143.07919419500175,295.8169364929199,164.8119592666626,165.3797011159113,302.0599937438965,176.58884525299072,192.7429718505689,310.50397872924805,180.10050773620605,207.61598422586306,317.0179748535156,125.2664852142334,114.74216361443969,303.13344955444336,147.18353748321533,140.80487355263978,307.7708625793457,159.72643375396729,168.2013123028961,315.08026123046875,164.42092895507812,169.5564728892508
609,24.36,393.9966583251953,113.52198600769043,24.625183811494512,389.14669036865234,152.71794319152832,41.68064257912477,365.0265121459961,183.13304901123047,39.00175274597652,341.5544891357422,206.11072540283203,14.939203058013673,330.77964782714844,227.9939603805542,14.10823033663014,334.77733612060547,168.48230838775635,17.634092171354215,299.7293281555176,198.05747509002686,23.69442425307566,293.7314987182617,212.15932846069336,7.341955570502992,293.10110092163086,220.7815933227539,35.661783484694794,321.2615966796875,149.0760898590088,16.83632866477738,291.66133880615234,182.89680004119873,25.88571779479646,294.9766540527344,196.68428421020508,63.44311819580257,302.3404312133789,201.80007934570312,140.95531762667562,316.7357635498047,134.3063735961914,6.59940396189537,295.2725601196289,165.4841709136963,21.624842979274256,300.46316146850586,177.2419023513794,43.13030322091586,308.6092948913574,180.96774101257324,52.093188141556205,315.94900131225586,125.65032005310059,28.394911685917023,302.6978302001953,149.65604782104492,62.76479702264278,307.4868965148926,161.31945133209229,40.45322708060691,314.5003128051758,165.66000938415527,34.20216080273479
610,24.4,401.6629409790039,119.8195481300354,248.03122083328623,394.7365188598633,160.53381443023682,240.22648919980733,367.1157455444336,191.8207883834839,223.38547344409636,340.88340759277344,215.0286626815796,223.5787832971142,328.97789001464844,237.47018337249756,241.14976338359315,344.0871810913086,172.79807567596436,256.538326406227,305.74010848999023,203.44913005828857,201.86539996688464,301.76233291625977,217.4511480331421,240.439249477761,303.3310317993164,224.5166015625,272.26110206150844,330.07503509521484,152.04721927642822,232.51922866634635,296.5116882324219,187.4189043045044,165.78471831927172,301.4506721496582,201.54995441436768,202.46551690191117,310.8618927001953,205.81543922424316,235.50268154721238,324.090576171875,137.39710807800293,199.44596439703838,301.1945152282715,170.52313327789307,194.39118745549126,307.3596382141113,182.7315616607666,220.36581920158724,316.38105392456055,185.36062717437744,223.18390301042265,321.8519592285156,129.0084457397461,169.78280295800388,308.47856521606445,154.742431640625,192.49707413974767,314.48490142822266,166.07707500457764,211.5523808894397,322.1120834350586,169.3395709991455,211.3619907298497
611,24.44,403.8003921508789,132.27388858795166,315.910681358117,398.33057403564453,174.96703147888184,371.84925287327223,370.38124084472656,204.59429740905762,329.6077141681542,341.9614791870117,226.19244575500488,280.3929061076623,326.8178939819336,247.8311061859131,264.592026059576,356.07749938964844,187.15403079986572,467.61441141110936,307.9347610473633,222.1794319152832,471.4609657103919,322.8599548339844,226.8545150756836,577.4583114390215,338.2413864135742,220.00917434692383,880.0034656881147,341.4557647705078,164.9472999572754,430.06764694235915,298.79039764404297,203.83855819702148,414.4254686706813,314.3429374694824,210.80090045928955,396.6977027621268,328.93707275390625,204.8444938659668,452.5309857228205,332.59822845458984,148.80067348480225,355.6872321214359,300.75117111206055,186.45586967468262,398.47258617670406,314.610652923584,192.00161933898926,294.22693587875716,327.4897003173828,185.49196243286133,277.73556851671447,326.839599609375,139.26409721374512,285.1040859547147,308.3574676513672,170.06275177001953,383.0199680559315,318.7882995605469,175.46517848968506,258.18564364181066,328.4857177734375,170.144362449646,160.60608635369604
612,24.48,394.91249084472656,159.61054801940918,718.630528548659,397.5191879272461,205.8936309814453,773.431034501809,371.9123840332031,240.11143684387207,888.7531972852722,342.5398635864258,258.4595203399658,806.8064478179222,322.969970703125,271.38665199279785,596.6941489468471,354.92095947265625,232.81811714172363,1141.968247702254,315.42348861694336,275.51319122314453,1346.4237173249626,305.4861259460449,296.9890880584717,1806.3617193314003,303.61083984375,307.3970603942871,2349.9890137444945,335.62835693359375,213.63298416137695,1225.829955713483,291.2135696411133,257.27365493774414,1349.240037548075,292.70130157470703,277.4938488006592,1752.910038098545,301.70249938964844,283.8397979736328,2088.956087588334,322.5675582885742,198.98324489593506,1279.3809092225133,287.7136993408203,240.6383228302002,1393.2233085851094,294.58871841430664,259.15698051452637,1751.9133105177157,305.3839874267578,263.57422828674316,2028.7777698775662,315.7849884033203,189.59405422210693,1288.2422621009068,295.89115142822266,224.0766477584839,1385.8458608436767,302.9961395263672,239.37900066375732,1645.898117944287,313.6679458618164,242.26229667663574,1840.6117871500712
613,24.52,389.3138885498047,188.8335657119751,743.8620128746683,392.7727508544922,233.38999271392822,697.5755216324086,368.8631820678711,267.6823425292969,693.4751585943682,340.83744049072266,287.4815082550049,726.7969226929284,320.06656646728516,298.8845443725586,691.2686893882131,353.6223602294922,261.6994285583496,722.762283334948,318.01469802856445,310.89746475219727,886.9756124725527,301.2838935852051,331.9106197357178,879.3364442505041,291.1911392211914,343.92419815063477,964.5208513250182,332.15457916259766,241.0616111755371,691.1931314239272,287.5601387023926,287.1189308166504,751.7014242337283,282.59023666381836,305.35274505615234,740.9249853251572,287.4789810180664,311.31792068481445,773.5291294601839,318.2961082458496,223.6169958114624,625.0334839209298,279.2033004760742,263.8103199005127,617.134677898412,284.2949104309082,278.93938064575195,557.5088775924288,295.7690620422363,280.5746555328369,488.2758676581062,312.49996185302734,211.76955699920654,560.4375092579916,288.5659980773926,244.50671195983887,542.5895057987343,293.9229393005371,258.0264472961426,518.4413107127334,304.90001678466797,259.9790382385254,494.1909498568678
614,24.56,382.557373046875,204.54837799072266,427.6431242122369,386.3435745239258,250.60054779052734,459.30485133389834,365.0395965576172,284.9337387084961,441.75111508483553,339.32106018066406,303.81285667419434,410.03989930378674,318.4852600097656,313.0986785888672,357.5455754444352,350.60420989990234,279.77182388305664,458.06706945087194,314.63260650634766,325.48619270324707,374.3907770418435,297.5294494628906,346.93336486816406,387.1197505149571,286.82857513427734,361.0569763183594,441.98702834252765,329.92198944091797,259.56576347351074,465.95876234648745,284.6799850463867,303.51731300354004,416.2347770711138,279.30572509765625,322.05299377441406,425.50435035970463,282.89432525634766,329.8052215576172,476.1823193477169,315.6558036804199,242.44214057922363,475.23499695242674,274.7669219970703,282.2629165649414,474.4600731812521,281.0125923156738,297.5986576080322,473.64426852113854,293.1300354003906,300.6112575531006,505.2412060929448,309.19090270996094,230.51344871520996,475.84355955606156,283.2284355163574,262.0949077606201,459.5066686265169,287.56128311157227,275.949125289917,475.4557392223279,296.70143127441406,279.5114994049072,529.583470513124
615,24.6,377.49034881591797,215.83126544952393,309.2109756754689,382.2707748413086,260.10775566101074,258.57143445683937,362.26768493652344,294.85968589782715,257.6430690419204,337.30865478515625,315.10857582092285,286.83950926175396,316.8026351928711,325.81915855407715,320.7820880478457,348.79302978515625,290.7065677642822,277.0931670441055,312.1500587463379,337.37640380859375,303.6652798625888,296.9942092895508,355.3285503387451,210.30576122727257,289.6981430053711,362.437105178833,79.60517978720733,327.9949188232422,271.499662399292,302.21220269898123,284.65267181396484,316.5530776977539,325.8948327064059,278.7755584716797,333.4684467315674,285.693939019845,282.09510803222656,337.5956439971924,195.78277177520079,312.83308029174805,254.9754524230957,321.18109485216746,274.09326553344727,294.91899490356445,316.8498579220376,280.9968376159668,308.52922439575195,273.26445354199063,293.53172302246094,309.6672821044922,226.62321927200546,306.02813720703125,242.38277435302734,307.08709750153855,281.29297256469727,273.64877700805664,292.8714643663117,285.41770935058594,286.2517833709717,263.08229701453513,294.59537506103516,288.34370613098145,226.99579900576157
616,24.64,375.7025146484375,217.33603477478027,58.42025404687907,380.3768539428711,261.25574111938477,55.36699706377733,363.80149841308594,294.75377082824707,38.43665066418456,340.3458023071289,316.0000705718994,79.13212037963554,320.2560043334961,328.0914115905762,103.34678358353757,351.13399505615234,291.6532516479492,63.12848394150533,315.13111114501953,337.2762680053711,74.56834357978512,303.1089401245117,350.6367015838623,192.68396716306842,301.0721969604492,349.94690895080566,422.325485546735,330.16029357910156,273.5768795013428,75.01532644385618,290.8680534362793,322.33211517333984,212.1736359317984,286.9048500061035,335.73174476623535,210.96193205971252,291.3552474975586,335.36767959594727,238.10975448652786,313.7856864929199,257.90711402893066,77.06368448253501,276.48157119750977,301.72067642211914,180.22013522502388,282.0376205444336,313.1681156158447,118.8553239658455,292.7554702758789,312.5478172302246,74.58238287773816,305.07686614990234,245.61152458190918,84.14921517992478,282.16758728027344,279.51539039611816,148.28625936361462,286.5650749206543,291.75636291503906,140.57214275138088,294.6664810180664,293.65233421325684,132.72760680489623
617,24.68,376.0748291015625,212.44528770446777,122.62245144593238,382.5572204589844,255.38263320922852,156.61935278911074,366.37500762939453,290.3646469116211,127.19905277242492,343.03138732910156,312.33856201171875,113.52040523216561,322.418212890625,324.58428382873535,103.00209640583799,354.9628448486328,284.4206428527832,204.58910148956272,318.90172958374023,333.1757926940918,139.26472361305196,307.933349609375,347.9512023925781,138.03720690457604,306.1030387878418,348.5427474975586,130.57813484420836,333.58428955078125,268.0879211425781,161.73360094289896,295.2077865600586,320.12535095214844,121.71455313960438,293.6820411682129,334.25846099853516,173.387004104875,299.9637985229492,333.6413383483887,219.49858322403836,316.70976638793945,254.3067169189453,115.95554800776111,282.2824478149414,301.5794849395752,145.0648660199294,287.9296684265137,314.2649459838867,149.83170788626376,297.8105163574219,313.53057861328125,128.7422590453265,307.3252868652344,243.3673095703125,79.41936449715085,286.51376724243164,279.6078586578369,108.67908792314522,291.84804916381836,292.2710609436035,132.69968659190343,300.2815246582031,293.07623863220215,141.11298930101754
618,24.72,379.58534240722656,202.68227577209473,259.37437428948977,387.10235595703125,244.6541976928711,291.2876427651081,371.24359130859375,279.92960929870605,287.8727116977187,347.65674591064453,301.7714023590088,288.37779597009813,327.7939224243164,312.7920627593994,323.99337448734104,359.41539764404297,272.28466987609863,323.17474615787677,321.8682098388672,318.50555419921875,374.1790201565564,309.29555892944336,335.33411979675293,317.26013327153566,305.6540870666504,339.944543838501,215.24791492978585,336.79256439208984,256.15957260131836,308.806701654882,299.2266082763672,306.5083980560303,354.94043000426,297.7994728088379,322.34447479248047,315.1351997885999,304.5492172241211,323.2023239135742,285.0428553692862,319.0473937988281,243.50126266479492,276.3855363783926,286.42200469970703,290.86910247802734,287.06295441379484,291.3664436340332,304.634313583374,255.63707705068163,301.46392822265625,303.62826347351074,263.86936088759376,308.6724662780762,235.0888967514038,209.68281279508898,291.06414794921875,270.525541305542,253.9616765681608,296.7437744140625,284.3393039703369,233.02480341269657,304.9398612976074,286.5724468231201,199.9990752195792
619,24.76,384.881591796875,190.84871292114258,324.11752049294,390.7572937011719,232.04967498779297,328.09351042840456,371.06422424316406,266.0709857940674,346.4946049250662,344.4689178466797,288.36705207824707,344.4550535036816,324.6546936035156,303.2215404510498,251.80554854386625,362.43724822998047,255.53483963012695,425.5058711643989,320.950927734375,300.4328155517578,452.4000502035296,311.63990020751953,315.6932830810547,494.5063213200691,312.63134002685547,318.68207931518555,559.4497611917097,341.5060806274414,238.1083631515503,466.4114317720988,300.21894454956055,287.24830627441406,482.14097180918964,301.5687942504883,300.640811920166,550.7136087645546,310.7443046569824,298.77342224121094,630.054732354058,325.10108947753906,224.67445850372314,494.4035461352605,289.5373725891113,270.0180244445801,527.0631913272108,297.6799964904785,281.5366744995117,598.6244027557536,308.8238716125488,278.6905574798584,650.0278585031316,314.6622085571289,215.8498764038086,503.746536281302,293.2037544250488,250.30726432800293,508.2793522094298,299.9849319458008,262.5044059753418,551.8536222345251,308.70012283325195,262.91407585144043,598.8833796377137
620,24.8,384.2727279663086,188.41429710388184,62.73503574310214,391.5394592285156,230.05599975585938,53.54042773100526,373.4212112426758,263.85993003845215,80.79354580621876,348.0181121826172,286.03906631469727,106.1140251967824,328.64601135253906,300.7371425628662,117.53417120267787,363.0836868286133,254.84458923339844,23.64223540597192,321.9634246826172,298.5278034210205,53.9341107768082,312.23209381103516,316.6127586364746,27.341915636294523,312.3429489135742,322.974214553833,107.5453228325705,342.60276794433594,237.80489444732666,28.447499071540726,300.80806732177734,286.74556732177734,19.361884193607505,302.3846626281738,300.8425998687744,21.01130032135731,311.12247467041016,300.4574775695801,43.14984724816841,326.2974548339844,224.79742527008057,30.066705960777036,288.96650314331055,269.68700408935547,16.497469497659285,297.0364761352539,281.6047668457031,16.17782075864704,308.1613349914551,280.6839179992676,52.51452736284955,316.57604217529297,216.29918575286865,49.146706458620656,295.15878677368164,251.07759475708008,52.53308751493502,300.70960998535156,263.1905937194824,24.95009871242952,308.35060119628906,264.9159336090088,50.80354229924474
621,24.84,392.72533416748047,170.35371780395508,498.5172240260562,397.69474029541016,211.12050533294678,497.7702997195496,376.37725830078125,242.61088371276855,536.3418825483317,348.8884735107422,258.9291286468506,678.0976373263053,329.2130661010742,267.3514938354492,834.761602209845,365.7955551147461,230.78198432922363,605.3734304004793,322.96043395996094,272.21832275390625,658.2091235277966,314.0117645263672,289.85607147216797,670.395189358291,315.93114852905273,295.4630470275879,693.6044960645999,346.3710021972656,212.66628742218018,635.4866012305534,303.17020416259766,258.3432197570801,712.5101041566995,304.100399017334,275.5485248565674,633.8049690560597,313.78040313720703,278.278169631958,558.4500225660722,331.05213165283203,199.29117679595947,648.6407243590688,293.97117614746094,243.22068214416504,673.3836894672959,300.6058883666992,258.2984161376953,589.4524403008735,311.7097854614258,259.48914527893066,537.2440619754286,321.45469665527344,190.96067905426025,645.0974690165317,299.8008155822754,225.29643058776855,654.8935301753287,305.9231185913086,240.97580909729004,570.458876582475,314.92347717285156,245.4748249053955,513.0542163291448
622,24.88,400.5474853515625,149.770188331604,550.4928102878486,401.2626647949219,188.28447818756104,577.8268669219887,377.91072845458984,214.96077060699463,692.3150860855882,350.46146392822266,230.20169734954834,719.2616039186933,331.0845947265625,239.48936462402344,698.1228686584332,366.2876892089844,209.47031021118164,532.9338899434036,320.3547668457031,242.832612991333,737.5251857396622,311.78699493408203,254.89849090576172,875.7075848976147,313.4560203552246,257.931432723999,940.3285103190781,349.70523834228516,190.3930950164795,563.0343187875613,303.5993194580078,227.4162769317627,773.2479924227113,305.1759719848633,239.32693004608154,905.9390114073265,314.4939613342285,239.5450258255005,968.4928995713698,337.2572708129883,174.75876331329346,632.6250189099967,296.960506439209,208.7177038192749,865.8058417166204,303.1030082702637,220.82196235656738,938.988882995226,313.27470779418945,221.06665134429932,961.3587461453857,329.86446380615234,163.15289497375488,726.2906782927936,304.04407501220703,191.04012966156006,862.952563780542,308.1033706665039,203.59243869781494,936.1723537681725,315.2470397949219,206.16541385650635,982.7685669134322
623,24.92,404.14947509765625,130.88722229003906,480.58605931837224,398.8999938964844,170.33170223236084,452.68944809876126,369.6715545654297,194.88143920898438,542.5999537913146,341.5713882446289,206.03934288024902,643.6482051362051,321.6575241088867,212.21323013305664,721.4816236398343,352.2493362426758,183.83718967437744,730.6385146145282,308.43358993530273,212.96732425689697,803.9161687173511,306.16161346435547,225.70693016052246,743.2160416994075,312.5241470336914,230.03098011016846,697.9002632647404,338.46038818359375,163.50460052490234,728.6279019135027,297.0228958129883,195.65048217773438,810.9851510330758,300.4595375061035,209.73485469818115,749.1393718745898,310.91997146606445,213.1791114807129,665.1761246158869,329.9254608154297,147.89899349212646,696.0615421275502,293.5277557373047,179.08826351165771,745.6907495420247,298.6326026916504,193.5824203491211,690.0983511485554,308.61743927001953,197.6473331451416,596.9477652083679,326.7166519165039,137.38829612731934,648.9044967338992,304.1257095336914,163.2615852355957,694.4666094476634,307.57984161376953,176.96415424346924,665.835760365594,314.85145568847656,181.43086910247803,618.4426969080795
624,24.96,392.26261138916016,115.81762075424194,479.8374850353375,380.2555465698242,154.32528018951416,614.3192180832847,353.2144546508789,177.12365627288818,605.276275969813,328.2059097290039,192.0388126373291,483.8974988534173,310.6829261779785,203.4279441833496,351.4461631630213,327.71663665771484,164.9584722518921,773.8940982314678,291.45992279052734,191.77276611328125,678.8384708661991,294.0338897705078,203.05286407470703,642.4019342547579,302.086181640625,205.04090309143066,677.0593912968874,317.05392837524414,145.3401231765747,701.8657095842815,283.18031311035156,175.51327228546143,610.9031828596046,292.7504348754883,185.47194957733154,636.4544505857768,304.05872344970703,184.78754997253418,730.2214943146804,313.55247497558594,129.4530487060547,616.6074239145867,282.9368782043457,158.16351413726807,586.3082717836857,291.88817977905273,167.96178817749023,662.336788055168,303.1057357788086,167.35146045684814,769.829030256196,314.68421936035156,118.42909812927246,561.3770023052131,293.24798583984375,140.70483684539795,626.0649780066681,298.16564559936523,150.81403255462646,694.827294611272,306.26190185546875,151.03304386138916,789.7025604768539
625,25.0,386.6838836669922,118.43029975891113,154.00546779969494,375.16761779785156,157.23107814788818,146.48097351609744,348.65245819091797,178.96968841552734,123.03364979842164,324.82181549072266,192.00044631958008,84.60779288836953,309.6883773803711,203.39040756225586,24.881422647548515,319.9076271057129,169.83810424804688,230.20566701478495,287.10792541503906,196.48967742919922,160.44690227317392,294.1103744506836,203.69436264038086,16.151050973217856,303.18918228149414,201.76603317260742,86.39076700873149,309.71595764160156,149.62231636047363,212.40143736570118,279.5964813232422,177.74478435516357,105.54470733864969,291.7780303955078,184.33095932006836,37.478570876031874,303.47179412841797,180.96410751342773,96.70573362748063,307.5803565979004,132.88161277770996,172.15772112828478,282.07420349121094,158.61996173858643,24.399693561490608,292.50322341918945,165.36020278930664,66.83246409531732,303.6106300354004,162.34159469604492,125.88107768745427,309.43952560424805,121.55117511749268,152.5905004327051,291.38065338134766,142.53045558929443,65.28693546864508,298.13636779785156,149.7372007369995,26.93074396850236,307.42334365844727,146.88517570495605,107.68518150393811
626,25.04,389.3116760253906,118.27011108398438,65.81675836380889,378.4357452392578,156.93058490753174,82.04782584250968,350.46573638916016,180.3046703338623,56.29250919583865,326.25244140625,194.5407199859619,72.88553015813335,314.62806701660156,209.3006944656372,192.5682102895033,322.51277923583984,171.61149501800537,78.78662816461541,292.1024513244629,197.44587421417236,127.13084143781481,287.0666313171387,208.5443115234375,213.7994409189714,285.73974609375,213.59115600585938,526.9703225109381,312.0360565185547,151.52366638183594,74.99162746006046,284.91214752197266,177.88138389587402,132.93552612744256,292.4208068847656,186.3863468170166,53.83876030422784,301.08707427978516,186.54144287109375,151.64423507080397,309.34417724609375,135.1093053817749,71.0355439955893,286.52881622314453,160.08955478668213,117.26913041833542,293.33606719970703,169.47738647460938,105.01437479361402,301.7577934265137,170.30563831329346,204.41837343526018,310.8584976196289,124.20021057128906,75.12851662278548,295.58685302734375,142.9921531677246,105.7865779408769,299.9206352233887,152.84671783447266,89.62667998882445,307.73401260375977,153.99089813232422,177.8127638985467
627,25.08,395.17669677734375,115.52217721939087,161.92129443231943,385.74249267578125,155.22758960723877,187.56457403711954,357.0993423461914,180.37100315093994,165.84843991537488,331.23695373535156,195.75250625610352,128.2424196674729,318.08834075927734,211.88951969146729,108.03792859496617,330.8922576904297,170.56437492370605,211.1162589410465,298.78318786621094,199.7453498840332,176.63491496680663,290.7565116882324,211.9136381149292,124.91892078743521,285.6065368652344,218.85533809661865,131.6466809855846,319.15393829345703,150.05041122436523,181.71874167326027,291.5091133117676,179.6111011505127,170.49904584175698,299.58412170410156,188.2301902770996,184.92031714060101,308.6815071105957,188.40534210205078,195.49541293348693,316.02134704589844,134.2517852783203,168.3002103074528,294.9993705749512,161.42399311065674,214.37557094297523,302.0743942260742,171.1230182647705,222.29831197139148,310.23609161376953,172.3348045349121,217.94359319985773,316.706600189209,124.73004341125488,146.80136771892523,302.42713928222656,145.41415214538574,181.4104377794493,307.51705169677734,155.6605625152588,202.52046983693896,315.3765106201172,157.27851390838623,207.99067500286964
628,25.12,405.1422882080078,115.371994972229,249.16807488907912,397.4346923828125,156.5420150756836,294.1462734563346,367.3917770385742,184.3289852142334,275.68078676967815,338.60511779785156,201.27596855163574,230.21522183340016,320.1919174194336,216.54230117797852,127.6553228580182,343.8056945800781,171.72735214233398,324.1424921176456,305.5192565917969,201.7082405090332,175.40588908573213,296.9171905517578,212.93625354766846,156.12436225403172,292.59708404541016,218.14318656921387,175.6682058531234,330.6669235229492,149.6334743499756,288.01330834239576,300.0466728210449,180.06624698638916,213.74207603202464,308.8470268249512,189.00004863739014,232.37105721879817,319.5818901062012,188.81511211395264,272.70205916157255,326.38004302978516,132.91593074798584,261.11191304305464,303.96738052368164,162.03048706054688,224.71236802825015,312.25486755371094,171.0071039199829,254.52833009074132,322.33959197998047,170.42083740234375,306.3474246050351,325.83709716796875,122.8602933883667,232.99938335115766,311.80397033691406,145.84593772888184,234.6691812667715,318.57311248779297,154.48395252227783,277.9623302830526,327.60143280029297,154.28574085235596,314.648030420753
629,25.16,416.41754150390625,120.51044940948486,309.7731537859832,409.1022491455078,163.84511947631836,344.1177257651878,379.11434173583984,190.2575397491455,328.4112151280438,347.1339797973633,202.809419631958,216.64048447609082,325.7881164550781,214.36370372772217,150.13271315908352,359.21207427978516,175.97870349884033,399.5548490257731,313.4370231628418,208.0667495727539,253.8720949944268,318.3473205566406,217.90769577026367,549.9805165860316,328.4876251220703,217.45983123779297,897.4261506122701,346.16039276123047,153.29047679901123,397.9802570086078,307.28219985961914,186.0719919204712,235.08219804356543,317.7816581726074,195.03869533538818,269.59795444068703,330.3385925292969,193.28500270843506,291.2114448146692,339.9694061279297,137.2926664352417,356.91963791702415,311.6462707519531,168.40454578399658,249.4919584723982,322.4849319458008,176.16860389709473,286.4604024555901,334.62207794189453,173.64747047424316,317.4809269716953,337.4599838256836,127.48226165771484,312.70401834337173,320.3617858886719,153.448748588562,286.18060292625825,328.6103820800781,161.20013236999512,301.92492093968497,338.38844299316406,158.9893913269043,294.1979740411035
630,25.2,426.0749816894531,129.094877243042,323.03110547492753,419.2976379394531,174.54555988311768,369.49744379965705,389.9307632446289,203.46603870391846,426.8045651217551,357.1533966064453,217.98790454864502,454.68060050449884,335.16937255859375,231.20046615600586,481.84835214658983,375.5405044555664,190.69958209991455,549.6145801792201,329.35245513916016,221.13507270812988,514.831310093061,322.0140075683594,236.9809341430664,485.56218426921237,323.50772857666016,246.73665046691895,742.4332940481542,361.76124572753906,167.7982521057129,532.6010218881731,318.4966278076172,201.96327209472656,486.2459381433957,322.3727798461914,216.2902021408081,543.544466742638,333.0431365966797,220.61951637268066,686.6996231401167,353.15208435058594,151.3084602355957,481.03110669694286,319.1423034667969,185.0844669342041,457.1722022656971,324.99996185302734,199.17248725891113,578.5239975350513,334.9003219604492,202.87091732025146,730.6192858182596,348.3251953125,141.09204769134521,435.3727544691212,328.5199737548828,170.2621364593506,467.2031416806102,334.2086410522461,182.35479354858398,547.07186062502,342.34703063964844,184.83065128326416,653.5676764340603
631,25.24,424.8326110839844,131.22719764709473,61.6962064619475,417.83607482910156,176.20004653930664,55.18997203437343,388.09017181396484,204.59415435791016,53.97002491786007,355.9129333496094,219.9510383605957,58.05516479599405,334.6808624267578,233.6607027053833,62.706688378309096,375.1309585571289,190.91285705566406,11.543776723762658,330.3487014770508,221.2698268890381,25.132964596232004,322.1363830566406,237.62283325195312,16.33650486872953,323.24947357177734,247.89173126220703,29.58998237569578,362.15221405029297,168.78403186798096,26.51200163480551,317.78581619262695,202.48496532440186,22.042813141334513,321.92848205566406,215.76171398162842,17.260870869190924,333.8538360595703,219.55933570861816,33.36555727452292,354.12288665771484,152.12164878845215,31.659642508479614,319.25745010375977,184.49612617492676,14.98756978780468,326.61048889160156,196.66056632995605,74.5970177658815,337.99755096435547,198.6536979675293,130.80941903111489,349.82582092285156,141.0457706451416,37.5334749544351,327.9176712036133,168.57413291931152,44.80600067548286,334.92584228515625,179.20639514923096,80.72635137277261,344.99107360839844,180.41112899780273,128.75155448645683
632,25.28,425.0876998901367,153.92935752868652,567.5898241624295,423.4241485595703,198.99869441986084,586.8373460756893,396.39644622802734,232.0090913772583,716.1411201783725,364.43904876708984,250.7673454284668,799.3510748622598,341.8661880493164,265.9478759765625,826.9259572905188,389.3862533569336,221.19076251983643,836.6469495576887,341.0650634765625,253.46054077148438,848.1901595331155,340.7756805419922,263.6174011230469,799.6643708270412,348.20140838623047,266.26596450805664,774.6819905441857,377.18196868896484,198.85385513305664,840.4194621183094,330.6797409057617,234.65625286102295,866.4745510803891,339.29054260253906,240.77058792114258,761.119620261766,352.51800537109375,236.12668991088867,623.9132759009377,367.0058822631836,180.57106018066406,780.7610807466344,328.18260192871094,216.971697807312,841.9920902050592,339.534912109375,221.32468700408936,696.1319756969268,353.15269470214844,215.61890602111816,568.7138263302566,358.51879119873047,167.3529052734375,692.6547952301886,333.5001754760742,198.56924057006836,762.7543989272267,343.2221984863281,202.72989749908447,623.5907557346238,354.7093963623047,196.82647705078125,476.91026989460863
633,25.32,419.334716796875,178.18708419799805,623.264649664562,423.79180908203125,220.64117431640625,541.1400640846996,402.29076385498047,258.96263122558594,689.7627720106004,375.38562774658203,283.5706329345703,864.5386278827957,355.7850646972656,301.75764083862305,960.492837888736,395.90885162353516,256.3967514038086,895.1277637318896,359.05296325683594,292.8394889831543,1082.319875534303,344.7700881958008,309.90509033203125,1161.4929683419132,336.5151596069336,320.6952095031738,1391.7415172343667,378.93489837646484,236.16698741912842,933.8571235363079,333.66676330566406,274.2579174041748,992.8538844556412,338.13690185546875,281.4383125305176,1017.1021064393149,349.6028518676758,278.71232986450195,1067.1325041341147,365.4615020751953,217.39108085632324,921.3098802523707,330.20484924316406,254.06424522399902,928.6907982679121,340.54054260253906,257.6700782775879,908.9825216665627,352.72884368896484,251.8550205230713,905.964832333475,355.68614959716797,202.38577365875244,878.6800205939951,334.0623474121094,232.73386001586914,854.2311086446596,343.89835357666016,236.5280055999756,845.121772625735,354.5257568359375,231.23318195343018,860.1798742609051
634,25.36,414.4047164916992,202.8580141067505,628.967251518118,421.1454391479492,244.9277687072754,610.7587192043443,402.2059631347656,282.2182559967041,581.3944845462038,377.10147857666016,305.3158950805664,545.321332948044,356.6920471191406,318.70665550231934,424.3316179474066,396.5222930908203,279.3863582611084,574.944744022736,364.11766052246094,321.4174461364746,725.5820049490619,346.0434341430664,340.30500411987305,760.6642525654928,332.87872314453125,351.86296463012695,784.4793774371964,377.0687484741211,259.26398277282715,579.3065411694822,334.23423767089844,301.6746425628662,685.5649338239324,329.6696090698242,315.9895133972168,889.3398283448884,333.07315826416016,319.0290641784668,1089.3432185177383,361.61510467529297,241.20142936706543,602.9756779718493,326.009521484375,280.8152961730957,676.9506545369612,332.21885681152344,293.25822830200195,913.703615978875,342.55714416503906,293.87706756591797,1080.8896535019924,351.3839340209961,227.72316455841064,642.5011850504335,328.71089935302734,261.03464126586914,720.0573829951873,335.0,271.684627532959,906.6313894418412,344.28234100341797,272.0845413208008,1052.9010904638578
635,25.4,409.05174255371094,219.88460540771484,446.20562896414197,417.8182601928711,259.9699115753174,385.14297820882484,400.29483795166016,293.5374069213867,286.9838596520317,375.5405044555664,312.9297351837158,194.30517447280369,353.85196685791016,323.1891632080078,132.6624740219222,393.3525085449219,295.82093238830566,418.43664455458367,358.7737274169922,340.8808994293213,504.593670143704,340.2777862548828,354.5347023010254,383.8350930878441,329.4966506958008,357.2527313232422,159.0754519376655,374.5817565917969,276.81535720825195,443.1674861122133,332.3866271972656,322.4025535583496,520.2523178101656,327.56053924560547,331.17136001586914,383.1910769085344,330.8673095703125,328.4567356109619,242.05727253487183,358.82991790771484,259.23974990844727,456.3018965580314,322.5258255004883,301.16689682006836,516.1902426685862,329.2159652709961,307.8000068664551,371.21479750758783,339.9116897583008,303.39240074157715,246.90584549318996,348.17222595214844,244.9259376525879,437.50033632076344,324.28062438964844,278.9841556549072,462.2042318157549,330.3985595703125,286.9386863708496,398.32427513411716,339.8020553588867,284.27867889404297,324.7787233368952
636,25.44,402.8340530395508,221.32241249084473,159.5441790359249,410.6689453125,261.0508060455322,180.76406604057917,394.3851852416992,296.21981620788574,162.24848753656545,371.1830139160156,317.9546070098877,166.27736743114357,351.1142349243164,331.1510181427002,210.48502046063814,391.12789154052734,295.9437561035156,55.700126129004836,350.8341979980469,339.6529769897461,200.84807833271392,337.6362609863281,348.12987327575684,173.20416166213982,336.2479019165039,343.62951278686523,380.1081066082796,372.0817565917969,278.2576847076416,72.15568504757437,330.0815963745117,325.24048805236816,91.40240453000231,328.35453033447266,331.6709804534912,23.452644185813185,335.0946044921875,325.4084587097168,130.29297377251078,355.13267517089844,262.1866035461426,118.19885314835908,318.94845962524414,305.020694732666,131.45651599603033,324.80953216552734,310.70640563964844,131.96544657075682,334.4240951538086,305.17444610595703,144.24237463372108,343.11450958251953,248.82574081420898,159.66558719516334,321.08642578125,282.54475593566895,119.58464342583599,327.45201110839844,290.3910541534424,113.47078683711027,335.3962707519531,287.9461669921875,143.31217444953165
637,25.48,404.35699462890625,210.12957572937012,282.3992584241392,412.4892044067383,250.25705337524414,273.65402413164463,395.90301513671875,286.19256019592285,253.537066717646,371.32823944091797,308.5919952392578,234.09345038443035,350.2854537963867,322.5894355773926,215.04007501596035,392.9842758178711,284.89940643310547,279.9819438681024,349.59625244140625,327.2830009460449,310.79416070261357,338.9711380004883,337.5892639160156,265.619961502328,339.66468811035156,335.7096862792969,215.63580379376126,373.27816009521484,266.27503395080566,301.0557470213071,330.73875427246094,312.4574947357178,319.996850215324,329.2685317993164,323.1393814086914,214.5104614858059,336.13189697265625,319.9258804321289,139.49605787421828,356.0848617553711,250.3110122680664,297.8425837329685,320.98548889160156,292.7855587005615,310.08873927081174,325.79872131347656,302.1503734588623,215.3255991647713,335.24707794189453,298.98322105407715,156.1420993688737,342.57354736328125,238.02070140838623,270.46431913935726,321.0157775878906,272.2441005706787,257.52244090992224,326.3302230834961,282.0326900482178,210.83266304157172,334.20833587646484,281.95435523986816,152.7109142784854
638,25.52,411.80049896240234,193.07464599609375,465.2125757179248,418.8474655151367,231.65632724761963,491.4357134950774,398.4465789794922,264.6946620941162,541.1962096931239,370.6452941894531,284.17210578918457,610.7359366833064,349.33937072753906,295.3550434112549,681.2704996145724,398.90869140625,266.0473823547363,494.02524727692105,351.25614166259766,303.5053253173828,595.8885647336356,339.76795196533203,313.01422119140625,614.6989290553884,339.74090576171875,313.2392978668213,561.762941850195,381.11846923828125,245.7538890838623,549.1970468949,336.44500732421875,288.93370628356934,605.1497474965016,331.3346481323242,300.485200881958,568.705070774468,334.67761993408203,301.6252326965332,458.9584875340636,364.96978759765625,228.79600524902344,581.9350448355334,327.35618591308594,269.1635513305664,611.6499268002764,325.4188537597656,281.63978576660156,512.8526267605296,330.7665252685547,284.65733528137207,375.25520935022223,352.4258041381836,216.2102222442627,598.3121911506964,329.4793701171875,249.8935031890869,597.4851472086921,328.38287353515625,262.88912773132324,481.33236441772027,331.8406677246094,268.59463691711426,339.1975144925125
639,25.56,418.2864761352539,171.8265151977539,555.4001723476674,424.4376754760742,208.27817916870117,600.9306610412738,402.68775939941406,240.45799255371094,615.1238502149066,373.41503143310547,255.91361045837402,709.8476961469959,351.74686431884766,262.9266357421875,812.9412837589425,399.64733123779297,238.80369186401367,681.3425443357373,351.76387786865234,276.8825340270996,665.6908123055881,344.3583679199219,282.8042507171631,763.9184489732841,348.7163543701172,280.2437496185303,854.8628844467185,383.2160949707031,217.6939058303833,703.4569522627346,335.792236328125,258.5072708129883,760.8359240905584,336.1124801635742,265.0126647949219,894.8213841896463,346.07635498046875,262.025671005249,1030.187011784616,369.09610748291016,200.73200225830078,709.1433122343519,330.75809478759766,238.95426750183105,760.0056798453766,335.21583557128906,244.5128059387207,959.9457939628653,346.14940643310547,242.2756004333496,1127.1769164739546,358.7062072753906,188.42144966125488,712.240893779962,333.07971954345703,219.83997344970703,756.7104655129953,338.4861373901367,224.4877052307129,992.7062728325465,347.9132080078125,222.26812362670898,1225.8854924097936
640,25.6,421.7960739135742,148.47350120544434,590.3815181148741,424.9213409423828,186.7224884033203,539.0279078211217,402.41870880126953,215.7234764099121,618.3994851086386,374.6171569824219,230.53619384765625,635.146823414798,353.82450103759766,237.75697231292725,631.3816850157574,397.51495361328125,209.35290813446045,738.1969997138447,350.34534454345703,242.21946716308594,867.3020095437389,339.8698425292969,253.4959316253662,741.2508128869365,340.723876953125,257.1219062805176,611.6061511548568,382.5558090209961,188.64569664001465,726.3928150038718,335.09605407714844,226.19826793670654,807.91256356511,332.0960998535156,238.7019395828247,665.3878436584523,338.8173294067383,241.08149528503418,554.1614999705129,368.8536834716797,172.75986671447754,699.3296505776267,327.3759460449219,207.96745777130127,779.2710164769535,327.80418395996094,221.47255897521973,605.075181148394,335.82977294921875,225.6809663772583,488.5416529691592,359.0589904785156,161.87344551086426,663.758700676291,331.54354095458984,191.84866905212402,700.8356469846567,330.9916687011719,204.87919807434082,524.7979455415252,335.51273345947266,210.66285610198975,424.59834207189806
641,25.64,425.76622009277344,143.15008163452148,166.02118955929728,426.6495895385742,183.3804988861084,94.06027702819044,404.7730255126953,211.94652557373047,111.26591121226186,377.4801254272461,227.89225101470947,97.42632479196087,357.8072738647461,237.48547554016113,99.80039419478253,398.52989196777344,206.61905765533447,72.9042107221723,357.9718780517578,234.88258838653564,264.56781211892155,343.3026885986328,248.24260711669922,156.8874009622755,337.4406433105469,256.9756507873535,82.16223973425036,383.1646728515625,187.05385208129883,42.60783571777879,341.8397521972656,219.8576831817627,231.4093766600362,333.6354064941406,234.45083141326904,113.03037645677139,335.19298553466797,242.00737953186035,93.51848126685472,369.4895553588867,171.40262603759766,37.470282490908666,331.2517547607422,203.76299858093262,142.95840803600913,327.3728561401367,218.94211292266846,64.17359714587951,332.23323822021484,226.38692378997803,91.62913676031607,359.72015380859375,160.95638751983643,28.26362843775546,335.0902557373047,188.06618213653564,129.6302265497068,332.34588623046875,202.70421981811523,64.05288601864977,334.6033477783203,211.61370277404785,32.89273961348544
642,25.68,424.4025421142578,131.75880432128906,286.8152894896515,420.6531524658203,170.2163600921631,361.6384656616271,393.2870101928711,195.3030252456665,505.553317599577,365.3546905517578,205.2978515625,641.0601851258347,345.78956604003906,210.22533416748047,744.7904944590797,381.6294860839844,185.34173011779785,679.314169850936,338.9970397949219,211.32649898529053,756.1968306732948,329.42047119140625,223.57513904571533,707.6368865697088,330.2606201171875,229.95596408843994,698.934994457919,368.2868194580078,165.15273571014404,661.9145620390572,325.3495407104492,195.1393175125122,742.851211649544,321.9655990600586,208.61636638641357,708.6977444459196,327.3542785644531,213.55138778686523,737.8976864868042,358.5011672973633,148.8661766052246,626.8154758422421,321.3399124145508,178.43303203582764,680.0054337429457,321.0791015625,193.03373336791992,666.5468277981464,326.99527740478516,198.4225845336914,711.2666973192395,353.5059356689453,137.55455017089844,605.3214530278956,327.21179962158203,163.50894927978516,644.7517721709037,327.46368408203125,177.12401390075684,651.0485929409692,331.9511032104492,182.9006052017212,720.8833008217041
643,25.72,409.9833297729492,126.6892147064209,382.1112594903849,403.9854049682617,167.93947219848633,420.56362860061273,371.7005920410156,191.41834259033203,548.329399152218,340.9868621826172,201.32280349731445,617.2479579494523,319.7337341308594,209.36727046966553,651.7489210716684,357.79693603515625,177.52069473266602,627.0760701090128,310.3915786743164,201.54939651489258,755.7546471239579,323.6846923828125,204.69560623168945,493.289923509107,338.3366394042969,200.104079246521,773.1256027244832,347.3601531982422,154.32781219482422,589.0163038172931,302.68009185791016,181.8682336807251,656.7084481279563,317.5267219543457,188.03621292114258,526.3354126729266,332.2576904296875,183.9319610595703,750.5639078276888,342.33253479003906,136.78866863250732,504.5362201987776,305.484619140625,163.76564025878906,539.9784175914666,317.84950256347656,170.2766990661621,574.6264655767012,330.18932342529297,166.10803127288818,811.8005768145932,340.5158233642578,125.35815238952637,445.45983021048824,316.85291290283203,150.3156852722168,419.3512468871515,326.0310363769531,156.99405670166016,504.52183815738454,335.95176696777344,152.95412063598633,755.3133655745822
644,25.76,401.9886016845703,124.84931945800781,205.0928017572894,392.4009323120117,165.5264711380005,295.82784356077536,362.0796585083008,187.67920017242432,258.0498353786455,334.33250427246094,198.77152919769287,178.1668455205132,315.33496856689453,207.93824672698975,115.6266819981823,337.41382598876953,177.27637767791748,509.6143554114916,297.75794982910156,201.08360767364502,316.0553126464528,310.12102127075195,204.49158668518066,339.1301354306185,323.9868927001953,199.6395492553711,358.9315904393825,327.38685607910156,154.10852909088135,499.36252042550836,292.08675384521484,179.8143196105957,269.7653763674684,306.6277313232422,186.09094619750977,276.7806661001579,320.0249481201172,182.64050960540771,307.51812067625616,325.0186538696289,136.47308349609375,432.9189203133683,294.39308166503906,160.26660919189453,290.75915933489995,306.1674118041992,167.51323699951172,300.1124446580489,318.8358497619629,164.81055736541748,285.68426930408793,326.8836975097656,125.29955863952637,340.8062944513472,306.5458679199219,146.93707466125488,271.16667607331226,314.04136657714844,154.54670906066895,305.92247014584206,324.0316390991211,152.28092193603516,298.4780612694154
645,25.8,399.13890838623047,126.74102783203125,85.51064431897285,386.49715423583984,168.55327606201172,165.8616585077499,356.20967864990234,189.62938785552979,154.63645983673212,328.93707275390625,199.61472988128662,136.52304902521567,311.05995178222656,207.49242782592773,107.45499930708493,330.34732818603516,182.6548719406128,222.0129384319416,293.7386703491211,205.26829719543457,145.05652762795467,300.9324836730957,209.07145500183105,256.66663322951695,311.60194396972656,205.9538698196411,347.54280244013,320.5735778808594,160.7205104827881,237.3539784445945,290.0959014892578,183.21673393249512,98.55175138311189,302.37693786621094,189.42071914672852,134.9922055798237,315.0148391723633,187.9271364212036,182.0879161934147,318.7972640991211,143.00748825073242,225.5606018540579,293.99335861206055,164.80223178863525,113.83005660618464,303.47412109375,171.82230949401855,127.03818474652468,315.0922966003418,170.42232513427734,168.64557466306687,320.6166458129883,130.75588703155518,207.73699792607277,304.45323944091797,150.17586708068848,96.40043531838535,310.6614112854004,157.33642101287842,109.56331089407854,319.7465515136719,155.78165531158447,138.33182429771884
646,25.84,406.54510498046875,123.84288311004639,198.8262288124913,395.3882598876953,164.04520511627197,249.21685256554068,366.2967300415039,186.68500900268555,262.6998912802965,340.4641342163086,200.38578987121582,288.82053193340374,327.16270446777344,216.57375812530518,462.17502370468236,337.3112487792969,181.67730331420898,175.80498863901673,304.8480224609375,204.73414421081543,278.0546526261712,295.8777618408203,214.39641952514648,183.55084441417281,291.65082931518555,219.4185733795166,601.7397786387635,327.14588165283203,160.64658164978027,164.3179888650279,300.34976959228516,182.67019271850586,256.71058408847114,308.73945236206055,189.47560787200928,159.0687812749161,319.21810150146484,189.09197330474854,109.04201934492654,324.55482482910156,142.68728256225586,144.16144864861144,304.3450355529785,163.8038206100464,259.99283688529766,311.55160903930664,171.2021827697754,202.531430685359,320.8734893798828,171.26432418823242,146.0546823134199,325.0716781616211,130.35738945007324,111.82048546054672,311.3954544067383,147.36242294311523,187.26621516390904,317.23764419555664,154.96028423309326,174.80858332199736,326.09004974365234,154.88845825195312,160.1518240239153
647,25.88,413.97727966308594,120.98223209381104,199.09254247338134,406.0910415649414,163.85591983795166,267.6113839920019,375.2274703979492,190.89038372039795,246.78343217107334,347.71568298339844,207.0481252670288,246.1854895802462,331.5224838256836,222.76310920715332,189.2679034860941,350.60604095458984,183.35494995117188,335.0055943774895,314.8372268676758,205.88852405548096,251.39212088061936,302.91797637939453,215.63622951507568,178.71371932555996,295.53321838378906,221.2380838394165,107.19014411810801,339.12330627441406,161.09052658081055,299.64123096157317,309.3649673461914,185.6444549560547,237.32892048766575,317.3453903198242,193.49653244018555,237.47368606311034,327.98954010009766,192.97905921936035,239.85356469776403,334.8683547973633,143.0066442489624,257.9618337724214,312.4162292480469,167.0473051071167,217.4631568594533,320.4484558105469,174.25515174865723,235.15221407758236,330.46398162841797,172.916522026062,243.2941882584509,333.70216369628906,130.9594488143921,216.28649409157097,319.6551322937012,150.92149257659912,224.84613551878496,326.4093780517578,157.34962463378906,236.94626168102965,335.16651153564453,156.1014747619629,228.92898423289796
648,25.92,437.82703399658203,134.2534303665161,682.3376571397615,431.92359924316406,177.79704093933105,733.8579110435932,401.3071060180664,206.02118968963623,753.777438703238,369.2143249511719,221.74445629119873,651.0442343029047,347.5527572631836,235.98059177398682,519.4176498045464,388.30753326416016,197.95663833618164,1010.7583248672499,340.28026580810547,227.00726509094238,826.6458784778642,350.00293731689453,225.82260131835938,1204.3555634136442,363.5304641723633,218.99529933929443,1700.8555782946714,376.05506896972656,174.19911861419678,979.729006179972,331.8158721923828,201.42156600952148,686.0030801708205,345.04241943359375,202.60627269744873,728.9173432580501,360.34393310546875,196.30266666412354,813.1163482218009,368.0670166015625,154.7006320953369,879.9504593089143,336.455078125,181.03830814361572,695.3481238273366,349.462890625,182.0442295074463,751.0439234553013,362.5448226928711,175.77741622924805,805.2038092326864,362.9751205444336,140.37192821502686,768.7249065419574,344.4302749633789,164.0690803527832,701.1895065865536,355.68885803222656,164.899263381958,755.9286479037407,365.8366012573242,158.6026668548584,769.2977176544872
649,25.96,443.06995391845703,151.25965118408203,444.90150300586635,438.2313537597656,197.1485424041748,508.8395965242615,412.16583251953125,229.8672580718994,655.051008760571,380.9846878051758,250.3849697113037,774.1206505941631,359.1770553588867,266.18096351623535,809.0066283673805,403.71700286865234,223.3676290512085,742.9544916290927,355.0733184814453,254.37572479248047,777.7640202171388,368.42124938964844,248.0427074432373,721.5293375056684,384.6657943725586,239.25405979156494,731.9151068147212,390.71502685546875,199.87655639648438,739.1909328257929,349.57275390625,231.523175239563,873.7182492222504,362.02369689941406,227.90575504302979,761.7527450416343,376.58592224121094,218.53430271148682,688.3167205345904,380.5630874633789,179.17997360229492,687.1089558786392,349.78458404541016,209.85822200775146,793.828997336034,360.4509735107422,207.36906051635742,690.1471904301679,372.98004150390625,199.12714004516602,639.386128404537,372.4956512451172,162.95110702514648,612.607041953697,353.81725311279297,190.27453422546387,695.8992255756086,363.2585906982422,189.08223152160645,633.5005922837579,372.60841369628906,181.58410549163818,598.9594965044556
650,26.0,439.38060760498047,167.65494346618652,420.13159042465367,444.7877502441406,214.03025150299072,452.7543739141077,423.7259292602539,253.0231475830078,647.027364039539,396.07147216796875,278.3521270751953,794.4231214480774,374.29981231689453,294.7707939147949,808.5775242012105,414.75162506103516,254.62105751037598,828.6056350056276,372.6054382324219,296.1514091491699,1132.636036650877,380.5122375488281,285.99409103393555,995.7721599071192,393.4900665283203,273.3958053588867,881.5918023179322,398.6744689941406,232.09969997406006,829.7905237091176,358.27911376953125,269.4315719604492,972.3834261805669,370.0344467163086,262.661075592041,891.6643213302716,384.6419906616211,251.8297576904297,856.4051175732857,386.29154205322266,211.35859966278076,817.113504634026,355.5927276611328,245.8286476135254,910.9082179758069,366.7385482788086,241.07711791992188,857.2363772561589,378.70933532714844,231.55490398406982,823.2499171691088,376.4176559448242,195.43466091156006,817.9866265548211,358.32759857177734,225.43928146362305,886.320577049793,367.48992919921875,222.6831293106079,846.6568659058292,376.34937286376953,214.048490524292,816.9803665944003
651,26.04,437.8727340698242,187.4531650543213,496.3889985755313,446.9247817993164,231.12653732299805,430.7333083730585,430.13954162597656,273.55982780456543,537.8717656771607,411.07276916503906,304.6321105957031,756.5036539206507,404.0060043334961,331.24857902526855,1176.0863729689174,420.33172607421875,278.0984687805176,603.285984869896,383.0088424682617,319.6136283874512,641.6319774993028,369.78248596191406,330.36097526550293,1141.1474448811894,362.7323532104492,332.1175003051758,1657.2330829407672,401.9837951660156,258.0469608306885,653.9361521174001,359.3377685546875,297.9527950286865,713.521598859438,363.47007751464844,303.2460594177246,1027.8107362090986,373.0754089355469,299.573278427124,1228.1158295232976,387.28885650634766,238.47437381744385,678.3527125162776,354.306640625,275.0636959075928,731.583073128473,364.29481506347656,278.1119728088379,927.8847950684609,375.56182861328125,273.0545425415039,1040.4706864297968,376.44989013671875,221.95488452911377,663.0060801795961,357.1762466430664,251.46180152893066,651.1994518833516,365.8656311035156,254.17722702026367,788.3989055552117,375.20198822021484,249.58868980407715,888.9678904378052
652,26.08,437.6230239868164,187.59844779968262,7.222456371255087,447.1611022949219,230.63109397888184,13.72296168544414,430.47306060791016,273.9232063293457,12.330826806765348,411.6533660888672,305.8447551727295,33.6117507182211,406.0101318359375,333.9031791687012,83.15433304838398,419.6519470214844,277.0467281341553,31.307526528646456,384.6742248535156,318.95376205444336,44.78366098918756,368.43990325927734,329.441556930542,40.680603394628214,360.09979248046875,330.75456619262695,74.1112567031173,401.07940673828125,257.98009872436523,22.671416054718485,361.5315246582031,296.4436626434326,66.56785259198975,357.26707458496094,303.2729244232178,155.07652762876432,359.7759246826172,303.231897354126,344.83852547872107,386.28761291503906,238.48215579986572,25.031845821709602,354.6849822998047,272.8219699859619,56.835714622309354,357.19215393066406,278.73470306396484,178.24770008722382,363.9186096191406,277.4567985534668,311.1916677672103,375.86551666259766,221.87514781951904,14.744708799119907,356.17420196533203,250.69127082824707,31.601138200147727,358.9921188354492,257.0111274719238,185.86985142361547,364.79736328125,256.61038398742676,313.8076733098385
653,26.12,435.79872131347656,205.38964748382568,447.1121688437137,445.71094512939453,246.50968551635742,398.6168469052719,430.9690856933594,287.6527976989746,343.46371720895013,414.17449951171875,318.3274269104004,318.36811186724856,406.4677429199219,343.8159370422363,248.08286992897985,418.9495849609375,292.9757308959961,398.61199920068583,385.51334381103516,337.2677421569824,458.32984016771786,371.01829528808594,347.5824165344238,458.0794776987228,364.27764892578125,346.9375705718994,417.83976834516875,400.9904098510742,274.21082496643066,405.77425589144076,361.1163330078125,315.21735191345215,469.4569954438056,360.51090240478516,319.498872756958,413.6754602447076,366.5188980102539,316.01901054382324,361.4017441014829,386.4640426635742,255.08159637451172,415.0094538436534,352.93216705322266,291.18947982788086,461.2739011975692,359.0041732788086,293.8488006591797,380.5582743120044,368.43074798583984,289.53786849975586,322.40467940866637,376.3205337524414,238.4234619140625,413.8642137855388,354.6839904785156,270.06237030029297,485.7083905437348,360.5792236328125,273.65429878234863,417.9668444580569,369.1859436035156,269.93247985839844,350.65819864251154
654,26.16,433.30814361572266,213.37626457214355,209.14861609624654,440.5559539794922,254.45531845092773,236.78447014967526,425.0387954711914,288.4585475921631,149.61946524749516,403.34217071533203,307.56503105163574,381.74640778744026,383.1136703491211,317.17329025268555,885.735334903643,417.2943878173828,300.4763889312744,192.02790901685495,385.2848434448242,345.4038619995117,203.4831972629397,368.22750091552734,349.86674308776855,90.16194122321136,364.02130126953125,342.0183849334717,123.14651199429723,399.2002868652344,284.27578926086426,255.57294280774238,358.3220672607422,321.6555118560791,175.4597968768357,359.91161346435547,317.6942825317383,47.53743994921214,369.8493194580078,309.2160987854004,189.35963702130914,384.5079040527344,265.54052352905273,266.00709047036446,352.26566314697266,296.8676948547363,142.9299508243762,360.6321334838867,293.48525047302246,41.701492533038945,371.7748260498047,285.4537296295166,131.96365126733303,374.87091064453125,248.17205429077148,246.39457745937668,354.2471694946289,274.5168113708496,111.89520159234252,361.89624786376953,274.0400791168213,34.30906668974137,371.76048278808594,268.11933517456055,78.72319249043439
655,26.2,428.89163970947266,218.45758438110352,168.3102005131641,434.6251678466797,259.9053955078125,201.36652539452587,418.31199645996094,294.20336723327637,221.15150017354074,396.34464263916016,313.2846736907959,225.94207097245166,375.94512939453125,323.79878997802734,244.03537913094704,413.15345764160156,307.0917320251465,195.11225450099334,377.80773162841797,347.8318977355957,196.53650845762547,364.3326187133789,348.5717582702637,102.61302623869453,364.7235107421875,339.5702648162842,63.670981673690584,395.79315185546875,291.1438179016113,191.66765895830707,356.20948791503906,326.48680686950684,131.8247013050455,359.57611083984375,319.98790740966797,57.950825553396044,371.02134704589844,309.8513889312744,33.328312253073165,380.91503143310547,272.47066497802734,195.15313564556646,349.0816879272461,302.6190948486328,164.34776407367337,358.0010223388672,297.5650978088379,121.36695426733301,369.4243621826172,288.5636901855469,97.4568335566385,370.59059143066406,254.78914260864258,197.01997103578535,350.4341125488281,279.574670791626,158.35353088946232,358.8865280151367,276.95603370666504,104.76522782299106,368.51158142089844,269.9373722076416,93.0746298252341
656,26.24,426.4345169067383,217.6156711578369,64.9339584848925,432.74059295654297,259.2759704589844,49.67266859542902,417.578125,294.42798614501953,19.186925484198238,396.6998291015625,313.9331817626953,18.48513156554118,376.0651397705078,323.8548946380615,3.3119313870069425,414.962158203125,306.88061714172363,45.52449351213203,380.09910583496094,347.08983421325684,60.21344339927539,366.18927001953125,348.43196868896484,46.54765837072866,363.58726501464844,341.4484977722168,54.87948950941366,396.9556427001953,291.63414001464844,31.5416464635077,358.45916748046875,327.95313835144043,67.1341295561611,360.7368850708008,321.533203125,48.31754121872706,371.1234664916992,311.0825729370117,30.88529623050844,380.91541290283203,273.72596740722656,31.382562179025193,350.01991271972656,306.4002799987793,97.39618479730517,357.81517028808594,300.0270938873291,61.72502366993115,368.74011993408203,290.2407646179199,45.28221302564496,369.0260696411133,256.3094902038574,54.53889231694398,349.9510192871094,281.5029716491699,49.69735466251433,358.3387756347656,277.5234889984131,19.717349250328063,367.7378463745117,269.94601249694824,19.34458219706425
657,26.28,427.9576110839844,208.046293258667,242.2457549291147,436.23207092285156,248.52198600769043,282.66433269857635,421.6280746459961,283.0053234100342,302.98444276514317,399.5680618286133,303.2947540283203,275.4574645431264,379.17633056640625,314.55628395080566,245.13219505201684,418.3049774169922,294.11699295043945,329.85275388509945,380.8052444458008,336.4228820800781,267.2574829977225,368.6698532104492,338.44428062438965,257.27806679048956,367.2352600097656,331.88398361206055,255.9147790332622,398.7627410888672,278.91443252563477,321.18585273211653,362.12547302246094,319.0151882171631,241.51701406173106,363.65264892578125,315.36895751953125,170.47654300253333,372.1361541748047,305.7032775878906,136.84469937804806,381.8567657470703,262.3733139038086,284.7903688966059,353.33770751953125,298.4680938720703,214.95252249387175,360.6621551513672,293.7030601501465,173.38311177991156,370.3404998779297,284.23962593078613,155.2717003893572,369.2251968383789,246.87320709228516,235.95959744524433,351.8932342529297,276.78869247436523,127.46721909831751,359.53216552734375,275.3635597229004,61.69214856306892,368.1851577758789,268.7333106994629,32.314210684090675
658,26.32,433.59161376953125,191.15564346313477,445.1376449875239,442.13233947753906,229.5214033126831,497.3902591070001,422.8379440307617,264.99924659729004,451.1669495005669,394.9817657470703,285.3596305847168,462.8058209746778,372.5026321411133,296.458797454834,482.21965180794115,423.5181427001953,274.66029167175293,503.57491803481696,379.6273422241211,316.62683486938477,495.77649879497005,373.0912780761719,308.77275466918945,749.978520672988,375.74710845947266,297.70071029663086,880.6772034165482,404.85557556152344,257.90751457214355,546.8164876217041,363.31714630126953,298.0450630187988,525.0989406998087,361.53141021728516,292.5175952911377,573.7401466210954,367.4474334716797,283.26258659362793,573.1321368868046,388.1090545654297,241.2327003479004,551.1446367495284,353.56624603271484,277.73343086242676,518.3980613241919,354.55543518066406,274.0436553955078,514.6505028337763,361.47125244140625,266.5861129760742,493.90666484953084,374.74578857421875,227.66401290893555,499.6686866611313,352.0296859741211,259.4110107421875,434.45543604686884,352.4601745605469,257.3985958099365,482.67029677912035,357.5366973876953,250.80714225769043,521.2588270484696
659,26.36,438.1372833251953,165.98602294921875,639.4201027707807,447.2040557861328,204.14587497711182,646.9349583923783,424.74254608154297,239.39984321594238,641.7539259973375,393.32427978515625,256.75655364990234,716.276513406684,369.64061737060547,264.7162628173828,796.7824490397271,424.11949157714844,246.02479934692383,716.0451457298097,373.9186096191406,286.8899917602539,756.9963119346382,371.0823440551758,281.4803409576416,684.1562605241403,376.5193557739258,272.99732208251953,617.8863948836865,407.38536834716797,228.01091194152832,750.0861202185423,361.1195373535156,269.4888210296631,716.0169523260811,367.9771041870117,261.45647048950195,793.0717356795981,380.0248336791992,250.3014850616455,881.9811541997957,392.3594665527344,211.00407600402832,763.1496133560405,355.54576873779297,249.3431282043457,711.4807600865623,364.78137969970703,242.2408962249756,835.1592034476931,376.8749237060547,233.0334234237671,922.9897292978318,381.13147735595703,196.80413246154785,787.8408954399833,356.87896728515625,227.61723518371582,804.0365715780697,364.3100357055664,222.2054672241211,928.3639873501876,373.66161346435547,213.3881950378418,1018.6358922356502
660,26.4,433.0487060546875,129.45390701293945,922.1202176979422,437.97122955322266,164.56093311309814,1016.1854846140468,406.7195129394531,197.98376083374023,1129.1926329047626,369.4361114501953,216.34453296661377,1173.6098164706334,341.49635314941406,221.90212726593018,1280.9053955040931,405.0672149658203,187.52660751342773,1538.06446789932,351.3999557495117,227.98743724822998,1576.5073541182148,358.3991241455078,213.99991035461426,1716.5504255714036,372.2334289550781,197.85444259643555,1881.6252127742953,389.9806213378906,168.2706069946289,1555.6006182511715,341.8174362182617,212.03400135040283,1515.261407441774,351.4080047607422,202.64622688293457,1527.49382340433,364.35081481933594,187.7720546722412,1611.599464050138,374.98958587646484,152.02815055847168,1537.0166998254479,333.71482849121094,192.58913040161133,1520.1986339461148,345.13427734375,185.00544548034668,1512.841997063452,357.38948822021484,173.44931602478027,1567.2324433948093,363.00323486328125,139.52642440795898,1501.9506099871874,334.6128463745117,170.51779747009277,1532.1810287175924,344.0114212036133,165.46923637390137,1506.451468225148,354.359130859375,154.76557731628418,1542.9673407195498
661,26.44,426.15333557128906,113.43766450881958,435.9373220817547,420.78765869140625,155.9342336654663,480.68639134759496,388.3931350708008,182.14500904083252,605.5587214207469,352.2859573364258,196.49040699005127,655.8935243330562,329.12410736083984,209.2090129852295,443.13345619281284,381.10782623291016,165.6768035888672,810.6580043383136,326.84326171875,193.64513397216797,1055.4693908474644,336.56959533691406,197.0870590209961,690.3680486877516,351.54327392578125,191.66224479675293,539.9223490041953,367.5556182861328,143.36344242095947,837.8721594652735,319.4793891906738,176.53771877288818,1048.5032253853283,331.8973922729492,180.6249189376831,735.527873056325,346.58390045166016,172.9170799255371,578.9718909808687,356.93702697753906,125.9848165512085,792.2081990443924,316.47083282470703,158.6178159713745,952.4329342086317,329.6902084350586,163.03004264831543,671.4897588973602,343.91143798828125,155.56806564331055,559.7973702931135,348.72154235839844,113.403639793396,744.2977465465664,320.2189636230469,141.09643936157227,818.8407100944307,329.78466033935547,145.75677394866943,607.752982075653,340.81836700439453,139.28421020507812,514.18929722445
662,26.48,423.5688018798828,113.18322658538818,64.92569338720081,416.3075256347656,155.8761978149414,112.01272351040701,387.26306915283203,180.93279361724854,41.43153397571598,352.8998565673828,193.1381893157959,85.19916226612693,329.08203125,205.92973709106445,81.98864551401051,378.7301254272461,166.82177066802979,65.97542503473197,326.50196075439453,194.0602684020996,13.435562492519646,334.70272064208984,197.98657894134521,51.80707729934147,349.55493927001953,193.7096357345581,71.34986140276408,365.4241943359375,143.5412836074829,53.470760368928815,318.1653022766113,174.98192310333252,50.91245294079866,330.3042984008789,178.62037181854248,64.01248529624397,345.9134292602539,171.53348922729492,38.437082020231614,355.3157043457031,125.21942138671875,44.82268422857795,315.9172821044922,156.63768768310547,51.40115780465007,327.90836334228516,159.871244430542,90.66758694280382,342.2618103027344,152.25121021270752,92.61074940457618,348.1373977661133,112.4154281616211,28.698727474741876,320.23162841796875,140.56391716003418,13.316819537744903,329.00062561035156,144.4552516937256,37.985775597570296,340.6388854980469,137.14769840240479,53.60093454224531
663,26.52,410.4001235961914,111.30786895751953,332.5385823214454,403.10253143310547,152.08459854125977,343.46406009040953,373.6164093017578,177.214937210083,353.60092384920915,343.41129302978516,192.08782196044922,238.6630857351605,321.66141510009766,206.7004108428955,186.5132067642142,356.69769287109375,161.60681247711182,566.0299645747697,308.2862854003906,188.5999345779419,475.41171240942975,312.2457504272461,199.1046667098999,562.119666690605,323.52779388427734,199.32301998138428,665.6399081114903,345.0421142578125,138.19297313690186,526.8026274142118,300.69881439208984,170.47971725463867,450.93517863168876,314.6613121032715,178.0973196029663,391.2932116132293,328.3062744140625,173.716778755188,443.550064071386,338.13045501708984,119.09823417663574,456.0713536193425,299.38594818115234,151.37336254119873,433.73243515204604,313.3730888366699,158.1388521194458,365.953709566809,326.69055938720703,153.06989192962646,389.8189442131505,334.8262023925781,105.05686283111572,380.24367680125476,307.03529357910156,130.46696662902832,415.40015587764844,315.7383155822754,137.9556655883789,369.2335700657727,326.3922882080078,133.63948345184326,366.80470492134145
664,26.56,403.2010269165039,108.49910974502563,193.19051690827266,395.8824920654297,147.77954578399658,210.15239665776986,369.7564697265625,173.57292652130127,132.6729422804425,343.88153076171875,192.55720138549805,16.610248515472662,326.9767379760742,211.0557746887207,171.7953933924761,348.2518005371094,160.08530616760254,214.546147086024,306.89220428466797,187.25568294525146,48.41535531991253,299.6685028076172,201.25548362731934,318.9956613123039,298.84937286376953,208.2879638671875,656.4081632933518,334.91641998291016,138.38975429534912,253.1901550380538,294.9397087097168,173.6121654510498,163.8969378221053,302.3752784729004,184.62917804718018,347.86114067061436,312.42528915405273,183.52988719940186,466.705735827291,328.2448959350586,120.85909366607666,251.02901289727032,293.0775833129883,154.6118974685669,177.2772824307836,302.1107482910156,164.52484130859375,323.671489023017,312.2835159301758,162.9312515258789,436.46972565358635,325.25951385498047,108.78547668457031,256.6905856809613,299.0252113342285,133.59580993652344,214.98703160377985,304.7542190551758,142.58524417877197,297.9968272075933,313.6764335632324,140.98229885101318,367.0915224209615
665,26.6,403.8213348388672,99.3075442314148,230.31182463882897,396.1274719238281,138.14011573791504,241.06356364079647,371.11080169677734,166.11206531524658,189.56968544172256,345.6919479370117,185.13423442840576,191.01382278954262,331.64501190185547,204.1380214691162,208.6385796261645,346.03458404541016,148.89949321746826,285.08601807881456,306.981201171875,176.07925415039062,279.4195781577043,298.0649185180664,191.2214183807373,254.03487450835294,294.3335723876953,201.06545448303223,212.95113251624645,333.8502883911133,128.29081535339355,253.87645165066752,297.2025680541992,162.7631950378418,277.06124259761384,304.5880126953125,174.92640495300293,248.79710415331857,314.3257141113281,175.64419269561768,202.78651462999085,327.9215621948242,112.62409687042236,206.03354843934167,295.4658889770508,145.18349647521973,243.15472085220614,304.7989845275879,156.03139400482178,222.71795668172393,314.9562072753906,155.91872692108154,187.61459891169642,325.7656478881836,102.34213829040527,161.57966557028408,300.3107261657715,127.23634243011475,162.2023723377392,306.09020233154297,137.51598358154297,131.05879958379217,314.8060417175293,137.41656303405762,93.50964689062091
666,26.64,410.4085159301758,86.21200561523438,366.4731286001455,400.93475341796875,122.54968643188477,407.8690363571334,374.4039535522461,149.60937023162842,420.7016417293647,348.1565475463867,168.56500625610352,418.7881127882167,333.19690704345703,186.798734664917,435.2149220563357,354.0449523925781,122.39619255065918,692.1844711186974,313.6098861694336,149.09348487854004,694.6992190826247,300.92817306518555,164.77156162261963,665.1095535354222,293.93985748291016,175.86374759674072,630.1195528473161,341.39583587646484,103.16847324371338,655.7759525599736,305.1285934448242,138.5627317428589,636.6338734825571,306.74407958984375,155.6074333190918,485.9727933778525,312.6374053955078,162.8075122833252,323.68073614988305,333.6594009399414,90.60609340667725,568.8339333641563,301.9669532775879,123.76893997192383,559.4903189916307,305.3578567504883,140.30858516693115,393.31845869026824,312.1771049499512,147.15866088867188,229.7582515213554,329.7310256958008,83.98148775100708,469.59937006655343,306.2443542480469,109.29598331451416,472.403712024657,307.92835235595703,123.73340606689453,347.6153032264493,313.58184814453125,130.3857135772705,178.415760914243
667,26.68,418.7635040283203,75.30346870422363,343.5131035155542,407.9403305053711,104.95882272720337,473.36336215177636,379.55089569091797,125.46206474304199,617.2435579544109,352.63866424560547,141.0858678817749,696.0569372817656,339.0037155151367,157.88146018981934,737.3634567222028,361.2874221801758,91.62577629089355,790.2815500754754,323.6964797973633,114.1715669631958,908.7352893929813,310.7676124572754,130.4675531387329,892.1811635022556,302.38807678222656,142.60797500610352,857.8019949008917,350.18310546875,74.86560344696045,740.8898980362435,310.62360763549805,102.31848478317261,916.4607938390064,311.81434631347656,121.42154216766357,863.9960787187044,318.26696395874023,130.17850399017334,827.7771861329276,344.6687316894531,65.78925848007202,678.7307360648059,309.9397087097168,90.00283241271973,867.3648485788295,313.5493278503418,107.27650165557861,850.8153221618894,320.8349609375,113.95300626754761,857.8949415278535,342.6600646972656,63.68950366973877,601.5213355816263,316.06164932250977,81.76744937896729,730.6672734646519,315.7818412780762,96.17828607559204,716.3108289985422,320.7550811767578,102.54539251327515,718.7396734392825
668,26.72,426.26087188720703,66.9633436203003,280.36606787706467,414.77771759033203,92.4205756187439,357.0342269152768,386.7669677734375,106.37525081634521,510.133660286978,357.5124740600586,114.75253343582153,669.5140612553881,339.9617004394531,126.35287284851074,788.578449986803,383.85520935058594,65.83322525024414,856.7966163833145,348.0923080444336,76.16153955459595,1129.1364563968414,334.46338653564453,93.53904962539673,1096.92868982776,327.1929931640625,107.01418161392212,1084.6088018138064,369.9127197265625,50.10537028312683,791.4886390093844,329.3375778198242,69.1382646560669,952.3456855781939,325.4026412963867,89.38910722732544,869.8845644500686,329.9295425415039,100.32442331314087,801.2809558255384,359.85870361328125,42.91372776031494,686.4879609092012,322.98473358154297,62.31343746185303,765.210455794534,323.64540100097656,80.37612676620483,718.31437331254,331.0269546508789,89.68003034591675,658.1480152412653,354.0292739868164,43.03708791732788,589.3753029055622,327.0811080932617,58.27655553817749,648.6768094742741,324.7411346435547,72.8043794631958,625.8037072106396,329.71412658691406,81.20460748672485,578.6263908012421
669,26.76,431.99058532714844,62.856037616729736,176.2448203331305,427.41466522216797,83.0616545677185,393.12994725749564,407.50194549560547,91.39718770980835,639.4732576319175,381.63928985595703,90.22343158721924,860.1526310589879,360.92212677001953,88.84112119674683,1074.2645693516083,403.78856658935547,46.74781322479248,689.9237652585522,367.7953338623047,47.70771861076355,865.2417121400854,357.22972869873047,67.17172622680664,870.898271431766,355.54237365722656,82.34194278717041,939.550006342952,390.4497528076172,33.6113440990448,658.5128261533323,350.9303283691406,43.12477111816406,845.1881160174921,350.02613067626953,66.4562201499939,841.216952895789,357.74112701416016,76.86120271682739,909.6726580310919,379.35325622558594,29.384093284606934,593.2371946575113,341.7631149291992,39.378873109817505,741.0389025110552,346.64600372314453,59.99147415161133,768.3430987361108,357.92198181152344,68.66907119750977,853.2302188989771,371.25572204589844,30.51248788833618,532.456640616439,343.6521530151367,38.01469087600708,654.3807613838585,344.39762115478516,53.86561632156372,682.3920296011245,353.2752990722656,61.78192377090454,763.3681498830033
670,26.8,433.5088348388672,64.25873279571533,51.675885000789144,432.95616149902344,77.9277491569519,188.85372274776188,419.5936965942383,81.7764687538147,386.3035382486674,399.3233108520508,77.58233070373535,543.4392963666122,381.59454345703125,70.81652641296387,685.6724932507029,415.66856384277344,30.08237600326538,511.6585363586487,389.2512893676758,29.2797714471817,707.0834742589751,376.7436981201172,49.51246619224548,657.953487882628,372.69439697265625,64.14896965026855,625.0880814798604,401.81739807128906,18.79631280899048,466.8434634368691,371.95960998535156,25.297733545303345,689.217832908297,366.8980407714844,48.873066902160645,609.2149807322749,371.23756408691406,58.95678162574768,560.5366336520221,389.4779968261719,16.724824905395508,405.25258182864764,364.5854949951172,26.155829429626465,659.4078385384164,364.22027587890625,46.79823875427246,549.3840312422501,370.36128997802734,54.55551266670227,470.32496881397054,380.16380310058594,19.26935076713562,358.61019959264297,363.43902587890625,28.112940788269043,553.1528905550206,361.7630386352539,43.80225419998169,501.7649981945368,365.64998626708984,50.467296838760376,419.1909363459483
671,26.84,430.96263885498047,69.57947015762329,147.46474168162226,436.17565155029297,77.25810527801514,82.20986526423155,429.4788360595703,78.33088874816895,261.71072272689105,412.98561096191406,71.63375616073608,372.5285084607529,397.6681137084961,61.465444564819336,464.89406882070574,432.56317138671875,29.884366393089294,422.3941967150294,411.55738830566406,28.88513445854187,557.7397400356889,395.42335510253906,42.0169472694397,503.1850982137946,387.9449462890625,52.08219051361084,486.1753883534579,418.17859649658203,16.41936957836151,413.32392943779735,399.17510986328125,22.042667269706726,685.2366790314667,387.98606872558594,42.89368271827698,547.9837806743503,387.81044006347656,55.823153257369995,421.66325788894017,404.81300354003906,13.345035910606384,392.57595169887935,389.42039489746094,22.45090663433075,627.7433323413994,383.2439422607422,40.254385471343994,502.94252802624504,384.6971893310547,50.594319105148315,371.82746729180917,394.35203552246094,16.230908632278442,362.74825108470577,386.0758590698242,26.399182677268982,567.5402980056041,380.4441833496094,39.64717984199524,478.4413566200458,379.5191955566406,47.93286681175232,352.4718977088473
672,26.88,423.06468963623047,75.86394309997559,252.32940031969108,438.9812469482422,83.57016563415527,172.6873465915891,447.1522521972656,88.23693752288818,506.50730516897875,441.3298797607422,91.7739200592041,869.2754797809265,431.4756393432617,87.29379415512085,1063.6177744213858,451.3375473022461,46.656893491744995,629.3820661433884,447.65453338623047,56.01845741271973,1128.9433935939765,440.82386016845703,65.68126201629639,1279.942785019789,437.38048553466797,72.45298862457275,1336.7034909108884,434.1493606567383,36.31160259246826,637.7530096689322,421.05140686035156,47.45252251625061,838.2396412849153,413.2341766357422,63.44096660614014,813.8096476646641,412.1266555786133,71.56946182250977,724.2343243070444,417.91664123535156,35.256582498550415,638.2697288008693,404.5188522338867,51.24214768409729,812.7495674889772,402.2386169433594,67.09017276763916,821.9478184891269,404.4710159301758,72.70784854888916,741.6250749331253,404.06795501708984,39.70976114273071,635.2438541781027,393.31871032714844,53.877586126327515,710.4230915645245,392.9175567626953,66.24036312103271,734.3289629036999,396.1470031738281,71.14110946655273,713.7517571249371
673,26.92,410.4399108886719,80.45331716537476,335.8267715066855,426.28440856933594,93.42746257781982,401.851968901209,441.9357681274414,96.87802791595459,252.33924242955453,441.33506774902344,91.5155839920044,6.45970388440029,432.77149200439453,82.53581285476685,123.28224774344886,454.84397888183594,54.48364019393921,214.40765256085913,440.9049987792969,64.04284715652466,262.1390949604284,429.3440628051758,73.97266387939453,354.02426855141806,425.45806884765625,77.96136617660522,328.3350450706476,440.58006286621094,41.17987275123596,201.64012690568404,420.7768249511719,53.0820894241333,140.9064822745405,410.3940963745117,65.55797338485718,88.55709172394394,409.22901153564453,69.24760580062866,92.82832402511177,424.0077590942383,36.86747074127197,157.51324885026986,404.18453216552734,50.23545742034912,26.51880459260437,398.30013275146484,63.296778202056885,136.70566022478792,399.8724365234375,67.22223043441772,178.95344830760902,408.41175079345703,38.44935894012451,113.07402293166184,393.31493377685547,48.65462064743042,130.57417110612573,390.49976348876953,60.12326717376709,164.439554136722,393.4604263305664,65.12811183929443,164.64703838849496
674,26.96,419.41383361816406,106.1771821975708,681.1059578681273,431.3904571533203,114.40500497817993,539.7505310910512,445.2280044555664,118.01909923553467,534.8970208015495,444.8946762084961,114.50622797012329,581.6144142134482,439.0950393676758,107.21948146820068,637.0197933902251,456.86790466308594,77.00284481048584,565.2493101112019,441.5792465209961,89.50500726699829,636.7771428787809,433.88439178466797,103.28882932662964,741.6418204613996,433.93341064453125,107.41373062133789,766.1891044151606,441.7978286743164,64.97121334075928,595.5621507292975,424.8075866699219,79.9764633178711,679.8687314334591,419.30023193359375,94.92510795593262,767.1977595087526,421.4007568359375,98.60260963439941,794.4603647035749,425.46810150146484,59.85802888870239,575.9222841868095,409.8973846435547,73.98606777191162,610.7005073619612,407.1312713623047,89.3633222579956,688.0469316224278,410.8893585205078,93.75204563140869,718.1589590212709,410.3202819824219,59.09462928771973,518.3324699363732,398.6632537841797,70.15007257461548,553.7705867813564,396.3821792602539,84.79324579238892,634.0399535675307,399.60071563720703,90.32871723175049,648.4470221785327
675,27.0,424.96959686279297,116.47637844085693,292.5533589023641,436.97998046875,124.10219192504883,279.8193676019592,446.7082977294922,130.7820224761963,321.21203844175346,447.5975799560547,138.07724475860596,593.1370631605196,444.9850082397461,143.71207237243652,924.1215167044705,458.0697250366211,96.98658227920532,500.49608853925315,444.7846221923828,115.57860374450684,656.747129069983,435.99082946777344,132.75163650512695,738.4502719166841,432.6571273803711,143.4919309616089,902.5191960434641,442.50911712646484,87.47811555862427,562.9534720486985,428.66443634033203,106.95592403411865,681.3436127973939,422.67818450927734,123.56091499328613,720.8588663376281,421.9544219970703,131.9633674621582,834.1337977031253,425.64693450927734,84.17645931243896,607.9771991606674,413.0575942993164,100.30202150344849,662.6256229334738,409.44061279296875,116.09511852264404,670.7840512126712,410.9175109863281,123.90715599060059,753.8780875149733,411.0157012939453,84.91996765136719,645.8674929966871,400.59009552001953,96.22818231582642,653.7299359968988,398.50475311279297,109.45549964904785,618.8356430879745,400.2326965332031,116.62598848342896,657.6216024134143
676,27.04,443.23604583740234,97.29591608047485,662.1712837797529,452.93750762939453,115.83826303482056,449.2599427012283,451.67346954345703,138.505597114563,229.5464772336588,443.47129821777344,157.36900806427002,493.20275522942876,438.2177734375,169.66163635253906,670.4361162827922,451.6162109375,119.09005165100098,575.6578858670439,435.07747650146484,147.68360137939453,838.5104168258927,427.06695556640625,162.16050624847412,768.3249414264217,423.8249969482422,170.538010597229,711.2914977465475,435.4705810546875,110.66858768463135,605.8769406100663,420.35797119140625,138.8507080078125,823.9670078342474,416.8229675292969,150.94459533691406,700.0667446057582,415.6385040283203,155.7859468460083,616.1402581230079,420.4419708251953,106.22707843780518,566.4149598376281,408.50109100341797,129.97042179107666,750.4064306729341,406.8876266479492,139.78189945220947,595.5991358822466,408.3498764038086,142.5962734222412,471.61680533763564,408.8755416870117,105.01349687576294,505.17954718767834,398.0349349975586,125.89110374450684,744.3192162051554,397.9648208618164,135.2519130706787,645.051583332363,399.3229293823242,139.75194454193115,578.5961025882999
677,27.08,442.39795684814453,114.39991235733032,428.1129244958339,445.5685043334961,133.79121780395508,485.1615674942421,442.3847198486328,153.90634059906006,449.62746438605706,433.55377197265625,169.52178955078125,392.14747280318403,424.54296112060547,178.479266166687,406.77933778773195,439.4063949584961,142.98667430877686,670.8801032455737,426.8098831176758,163.0669069290161,436.6056501528946,419.3313217163086,173.94546031951904,352.4247911961279,413.55247497558594,181.94269180297852,383.7247231768837,427.8480911254883,135.72083473205566,654.6551739493873,411.20731353759766,158.42076301574707,540.0935037743411,405.4636764526367,168.47362518310547,522.1951150629428,402.8057861328125,173.39006423950195,544.623492532681,417.04341888427734,131.40518188476562,635.1609286634367,402.4650573730469,154.075927734375,621.243268962209,399.51698303222656,162.96335220336914,608.1252641131191,399.31140899658203,166.23581886291504,632.7134035807502,408.0310821533203,129.4360113143921,610.927738878079,396.2313461303711,149.06437397003174,581.0837857761143,395.5669403076172,156.40979290008545,532.3331370179669,396.69506072998047,158.44950199127197,472.03306837641907
678,27.12,437.52613067626953,127.2826337814331,344.32833308123503,444.11205291748047,142.4505615234375,219.52432151608164,442.21988677978516,164.47566032409668,264.26512420133344,434.6329116821289,181.023588180542,288.8078018251572,423.8037109375,190.71105480194092,306.35268079734107,445.56068420410156,148.82673740386963,212.10494612520193,427.17151641845703,172.3825979232788,233.0676904689132,419.9971008300781,181.4875602722168,189.28571909420293,416.93016052246094,183.34393501281738,91.42019124175947,433.8224411010742,137.6968002319336,157.31595851877904,411.25030517578125,167.5729751586914,228.80782792336274,413.988037109375,171.20424270629883,223.77583183863675,419.7488784790039,165.95505237579346,462.5660626231241,421.63501739501953,129.81542587280273,121.4755661167659,401.27994537353516,157.73082733154297,96.05591313385281,406.1668395996094,161.9062614440918,168.33380758205158,412.63160705566406,157.92428970336914,392.515280994857,410.91075897216797,124.7151517868042,138.24582557039903,396.06727600097656,147.81845569610596,31.416868007705435,399.7183609008789,153.07168006896973,133.1758476024672,404.7761535644531,150.22892475128174,288.1860852361833
679,27.16,427.37098693847656,142.09044456481934,448.8862638045169,436.9002914428711,153.7549352645874,335.22228562390086,441.51782989501953,166.4232873916626,51.75745757715882,437.8326416015625,174.38621520996094,184.20944517708384,429.1569519042969,176.81809902191162,372.2158388912623,450.54393768310547,138.19766521453857,293.48125029762906,429.1561508178711,158.35281372070312,354.2365192126052,424.35821533203125,167.57379055023193,364.5307836585689,423.875732421875,170.24617195129395,370.6348997208524,439.3081283569336,124.10867214202881,366.3417032436703,415.85205078125,153.33520889282227,374.07389883131066,419.28821563720703,159.27340507507324,326.37859439763383,424.88243103027344,155.1355791091919,299.38934053685824,426.7339324951172,117.89230585098267,324.1910376737095,406.6645050048828,145.559720993042,332.72484120388185,412.1290588378906,150.60649394989014,319.4064844249678,418.4383010864258,146.66848182678223,316.633568302462,415.23609161376953,116.28501892089844,236.87502321547177,401.2391662597656,136.8197536468506,303.8501847305382,405.21827697753906,141.95960998535156,309.96691193733346,410.1446533203125,139.638991355896,296.8243156180188
680,27.2,419.41261291503906,149.80762481689453,277.1400685347846,431.7782211303711,154.4871711730957,129.35361831019364,442.45941162109375,156.30849838256836,253.9630052357165,441.55548095703125,154.4123411178589,507.9463425856198,436.39041900634766,150.70080757141113,677.5119736150594,451.0803985595703,119.32248830795288,472.06997198964274,433.5081481933594,137.01776504516602,544.3598207664409,429.4727325439453,147.18410968780518,525.5338785360186,432.0740509033203,148.59366416931152,578.8153414367234,437.8129196166992,111.02402687072754,329.24496109722384,421.7527389526367,130.95168113708496,578.7056871198678,420.47767639160156,141.83339595794678,437.01311113891296,423.3441162109375,142.52592086791992,317.57862554518164,424.1200256347656,108.52343559265137,243.16691668486402,411.0888671875,127.22582817077637,471.5046438936843,411.9852828979492,136.9582986831665,341.22381361021996,415.85594177246094,136.84508800506592,253.92868807373253,411.9784927368164,110.16579151153564,173.3077005837867,404.02679443359375,123.7183141708374,334.8680590724847,405.4086685180664,132.8882074356079,226.83500771237894,409.28733825683594,134.00586605072021,142.4497495212688
681,27.24,416.62670135498047,137.25943565368652,321.3432301450808,426.3255310058594,146.00810050964355,252.02488581209903,435.5657196044922,146.2126064300537,305.6243854151348,437.4732971191406,139.23974990844727,392.80382261239055,437.1592330932617,129.67310428619385,526.0438316762298,448.78753662109375,111.07519626617432,214.00210555520616,431.16981506347656,115.61188459396362,538.3304745446079,424.5094299316406,125.62196731567383,553.1502714551063,425.140380859375,129.14038181304932,516.3005270133175,439.30187225341797,100.93629598617554,254.9255949702972,421.07967376708984,106.90465450286865,601.411104554688,415.42423248291016,120.40504932403564,550.4040191085436,417.16846466064453,125.72110176086426,447.59120389836403,428.4288024902344,97.03926086425781,306.64701529455687,411.1195373535156,102.11744785308838,627.7099762413893,408.0562210083008,116.08339548110962,531.0361987590468,411.3307189941406,122.10043430328369,385.58596154011923,418.03653717041016,98.15616130828857,336.27659744076425,405.2325439453125,102.0325756072998,542.9808289267171,404.3392562866211,113.58700275421143,483.2702043590149,408.6282730102539,119.55245733261108,361.7106842595036
682,27.28,414.18731689453125,126.90939903259277,265.8404768416847,425.00247955322266,132.5117826461792,339.0253134151556,434.7434997558594,132.12882041931152,352.6941609559399,436.5004348754883,126.25100612640381,325.6281679123222,436.92699432373047,120.30080795288086,234.37933116732142,442.88585662841797,97.5268006324768,369.4496337316693,425.65616607666016,103.51311922073364,332.397022311319,422.08736419677734,111.25375270843506,364.2732434447976,424.6461868286133,112.27153301239014,421.90215660708964,433.9115905761719,89.68344926834106,311.93117812180645,413.9228820800781,98.48536491394043,276.25181496407765,412.6109313964844,109.87647771835327,272.4489436789781,416.67213439941406,112.17970848083496,338.76215447994974,423.9180374145508,87.3013687133789,268.2973456705217,406.2385559082031,96.3862681388855,188.1993636844575,406.5888977050781,107.46910572052002,218.45912912313122,410.9291458129883,109.75753784179688,308.7356819340014,414.40494537353516,89.23220872879028,240.8648332315554,402.01793670654297,95.78189134597778,175.7212875448794,402.2063446044922,105.19601583480835,216.44568274360932,406.2360382080078,108.39858770370483,285.1880903979366
683,27.32,417.1879577636719,112.75611877441406,361.69668550813077,429.08912658691406,116.46974086761475,413.8597198955116,435.33069610595703,117.616446018219,363.10622611628213,431.4490509033203,119.35481071472168,213.7083163893913,426.32808685302734,117.69911527633667,272.83883103825025,439.90272521972656,86.51756286621094,285.1560857623591,426.67179107666016,92.68336057662964,271.9319382103847,419.9767303466797,97.26202011108398,353.7507564699992,417.5218963623047,96.11246109008789,441.49682900791623,430.6698226928711,79.7874641418457,260.3358175427195,413.641357421875,92.01465368270874,161.92081392451587,412.7644348144531,103.26723575592041,165.27560810906024,415.7297134399414,105.72941780090332,162.96933592026284,420.09517669677734,78.70968103408813,235.09487612181715,404.92244720458984,93.31671237945557,83.49518953200274,407.03319549560547,104.10173892974854,84.91377843972866,411.7405319213867,105.93528270721436,97.68566210921257,410.90171813964844,82.02412605285645,200.35758176842086,400.52234649658203,93.7076210975647,63.9305636001997,401.89483642578125,102.64471292495728,64.25624426475203,405.4435729980469,105.04991054534912,86.02920950138
684,27.36,429.02889251708984,109.04507875442505,310.2212455094161,438.48033905029297,112.34320163726807,256.4458977444286,442.35340118408203,111.26274347305298,236.75926941565004,429.8291015625,107.09439754486084,309.17427019656054,417.8618621826172,103.78134727478027,407.26314152753923,439.2410659790039,79.74715948104858,170.06644831626022,421.18408203125,82.75424480438232,283.6175798784417,411.33758544921875,89.92226600646973,283.40211590107174,408.8857650756836,95.23435592651367,217.01646290957314,427.74837493896484,75.01108646392822,139.97464212517266,409.77325439453125,80.80739736557007,296.4000834895616,405.86193084716797,93.0947470664978,307.3313431327195,407.4869155883789,100.61503171920776,242.5137385468664,417.55645751953125,75.67190408706665,98.97343027541613,401.54258728027344,84.81826543807983,228.6469078122677,401.64783477783203,97.10358381271362,220.76045431448307,405.77754974365234,103.00267696380615,166.12746028698976,409.53704833984375,79.79135513305664,65.41974875182298,397.85919189453125,87.8115963935852,161.73956640298454,398.21041107177734,97.65681982040405,155.0283599290715,401.92378997802734,102.23807573318481,112.62572840751379
685,27.4,432.69832611083984,111.09520196914673,105.08255116360243,439.7441864013672,112.07459449768066,32.30189547703282,440.09891510009766,108.09176445007324,97.26836416281736,428.7937927246094,103.63562822341919,90.2598665270187,418.17962646484375,96.73176527023315,176.41850203757957,436.99840545654297,72.8318738937378,181.74621896526676,417.467041015625,78.68844509124756,137.72055315739294,408.60416412353516,89.45472478866577,69.32796574095957,406.27769470214844,96.39405727386475,71.35710497368021,426.3800048828125,70.02164125442505,129.34208544884117,404.9455261230469,81.46221399307251,121.79836072106835,405.60497283935547,95.7471513748169,66.620548784556,411.36085510253906,99.83126163482666,98.81074999886839,416.8397521972656,72.84793138504028,72.83752613159808,397.6143264770508,85.51247835159302,99.72826989946222,401.60938262939453,97.68461465835571,14.557545537173787,408.4923553466797,100.2553653717041,96.55921255351222,409.56790924072266,78.75561475753784,25.905000973302432,395.9512710571289,88.94394636154175,55.466084072415626,399.89891052246094,97.87295579910278,42.556911573260166,406.5991973876953,99.67366218566895,133.312722782423
686,27.44,435.0587463378906,108.38780164718628,89.79699379580451,441.2064743041992,110.4568076133728,54.517888771756816,440.77625274658203,106.9491720199585,33.20677405195844,429.3168640136719,102.78315782546997,25.003866611251407,418.7432098388672,94.92396354675293,47.340345444542024,437.43202209472656,72.29971647262573,17.16127380459928,415.41099548339844,78.33118915557861,52.171322547446394,408.23535919189453,89.36749935150146,9.474483973116639,407.8335952758789,95.85233688354492,41.187737682342004,427.7035903930664,68.75598192214966,45.78326760625737,405.39379119873047,81.35513305664062,11.521933025342019,407.18223571777344,95.93405485153198,39.707454410692236,413.06297302246094,100.48896789550781,45.61923209197489,419.12254333496094,70.79204320907593,76.80255354808484,399.04735565185547,85.33334255218506,36.10455520490915,404.5943832397461,97.65443801879883,74.62882851726162,412.3167419433594,100.67355394363403,96.17956683515227,412.7277374267578,76.15399360656738,102.32590940971123,398.2952880859375,87.4014687538147,70.15007573803838,403.19091796875,96.28748416900635,91.34766457148508,410.66829681396484,98.2980751991272,107.38310417149559
687,27.48,434.58290100097656,107.23705530166626,31.131233676873233,441.36268615722656,109.42151069641113,26.175392180640955,441.66614532470703,106.58391237258911,24.04843303884848,430.3204345703125,102.55311727523804,25.73995577049163,419.3507766723633,95.07525444030762,15.653002739830901,439.2561721801758,71.28795862197876,52.14869055516983,418.4568786621094,77.18274593353271,81.37999666924226,411.87767028808594,88.65241527557373,92.79606456190797,412.36915588378906,95.26352405548096,114.3405291621234,429.48509216308594,67.1387243270874,60.152258298053916,408.17176818847656,78.54735374450684,98.74455941090268,408.2085418701172,93.05197477340698,76.4840256812805,413.38478088378906,97.42607116699219,76.99389857792426,420.9396743774414,68.82549047470093,66.93884747767895,401.16607666015625,81.88726902008057,101.13234367552192,404.9123001098633,94.20231342315674,86.66831658737152,412.0459747314453,97.53304481506348,78.80399922308318,414.4259262084961,73.98894309997559,68.78993764768191,400.30689239501953,84.53563928604126,87.53403064907093,404.27391052246094,93.39426755905151,77.23169371893202,411.55357360839844,96.05698585510254,60.240126009701235
688,27.52,437.0113754272461,105.81369638442993,70.37150811195404,443.1636428833008,108.09087038040161,55.980179415250895,442.9654312133789,105.01275300979614,50.96987813769197,431.4875030517578,100.62038898468018,56.44404023846196,420.18150329589844,93.30093383789062,48.97907922784175,441.01341247558594,70.32257080078125,50.12401558341102,420.93997955322266,74.53956842422485,90.66482704568543,413.4657669067383,84.4156551361084,113.11550332938813,412.6811981201172,90.42174339294434,121.2956366212482,431.9719696044922,66.6068172454834,63.57812395016359,409.4831085205078,75.93270063400269,73.12670662402031,409.47208404541016,89.42415475845337,96.0391095128767,414.64122772216797,94.37373161315918,82.52058610418764,423.7858200073242,68.46127510070801,71.73387355859954,403.33885192871094,80.43440580368042,65.34410786947184,407.51041412353516,91.87867641448975,87.14027977952084,414.6402359008789,94.68192100524902,96.36875139964278,417.6213073730469,73.3924913406372,81.2642890819199,402.99060821533203,83.21426153182983,74.78456464037393,407.0853805541992,91.62704944610596,83.01891199481788,414.0155029296875,93.73842716217041,84.54588397578104
689,27.56,435.0801467895508,103.22219610214233,80.79881560143374,443.7540054321289,105.71436882019043,61.21829590053645,445.43540954589844,103.53110790252686,72.00722701147339,434.39517974853516,98.98022890090942,83.45922984224426,423.52420806884766,91.65860652923584,93.10919056358897,443.9378356933594,69.60987567901611,75.25035503753524,427.82535552978516,71.01824998855591,193.33921915897906,417.84217834472656,79.16950464248657,170.79789239822892,412.91385650634766,84.56992149353027,146.41112805031543,433.9387893676758,65.02203941345215,63.146163569864036,414.30660247802734,74.2514419555664,127.7025956618657,413.1316375732422,88.33565711975098,95.45011502261453,416.7164993286133,93.49794387817383,56.312500817252385,425.00843048095703,66.36901617050171,60.58219520445268,406.6756057739258,78.41421604156494,97.51632202646975,410.3146743774414,90.26175498962402,80.92554628263309,416.5858459472656,93.7908124923706,53.49925720468763,418.3162307739258,71.03723287582397,61.39096517996098,405.1887512207031,81.38646125793457,71.46977732455107,409.0353775024414,90.04271507263184,62.81223758714082,415.52223205566406,92.43460178375244,49.81335963168449
690,27.6,435.7468032836914,100.3636908531189,73.38035815135756,444.1416549682617,103.72180223464966,50.74811425485183,446.6378402709961,101.60240650177002,56.82059893834859,436.9040298461914,95.96111297607422,98.13698901313698,426.8999481201172,87.73633003234863,129.3731855229741,449.7134780883789,67.56907939910889,153.13983505939538,431.9561767578125,69.14921522140503,113.34950093278992,424.01546478271484,75.37741899490356,181.12388544180038,420.93414306640625,77.04731941223145,274.90286759487657,439.93701934814453,62.32818603515625,164.3844748644743,417.60467529296875,70.35019397735596,127.71310641469675,418.8340759277344,84.82336521148682,167.43281793685466,424.7854995727539,87.38074064254761,253.14143818957388,430.6259536743164,63.02194833755493,163.4767374626233,410.6126403808594,74.00306224822998,147.81432458629936,414.63329315185547,86.33163213729858,145.98016507622762,421.2069320678711,86.91020250320435,207.20948149919897,423.20167541503906,67.16943025588989,155.77922367920135,409.13597106933594,77.25064516067505,142.92812731359035,413.20850372314453,86.1814284324646,142.13663534486352,419.84832763671875,86.60171270370483,181.55181422351498
691,27.64,439.74681854248047,96.0370659828186,147.30878461340646,447.37579345703125,100.61398029327393,112.13331625747122,449.85496520996094,99.42283630371094,97.14814435044828,440.4813003540039,93.1488847732544,113.75821879868812,431.23401641845703,84.09846782684326,141.46154389294028,455.6816101074219,66.80306196212769,150.42727169317808,437.2523880004883,65.35024166107178,162.9456459205731,427.50648498535156,68.65989446640015,189.26231440493967,423.16139221191406,69.91089820861816,186.89760958802168,446.8452835083008,59.66741323471069,185.074014927289,422.7935028076172,66.09739780426025,167.72411548930236,421.9504165649414,78.82530212402344,168.98287592293678,426.89361572265625,83.39150190353394,112.8000981225373,437.9703903198242,58.69768023490906,213.07282244493106,416.06170654296875,67.7398681640625,207.54505862432006,418.5414123535156,79.04052257537842,206.81162071180336,424.7450256347656,81.47191286087036,162.19798920227396,430.73055267333984,61.39333248138428,237.2331372711338,414.8655319213867,69.31411027908325,244.71469802107845,417.55306243896484,78.03574562072754,230.79663519080876,423.77429962158203,80.24662971496582,186.74905592079196
692,27.68,442.5508117675781,92.7362608909607,108.27537884033431,449.41829681396484,96.19185447692871,121.77596411718486,451.83597564697266,93.95580053329468,145.3721140439258,443.58482360839844,87.13610887527466,169.16214593898817,436.61075592041016,78.41619729995728,195.57211907084985,460.5025100708008,65.95481157302856,122.37392793073192,446.79771423339844,61.21952533721924,260.019314475897,436.4198684692383,61.61304473876953,284.0625989709753,429.71004486083984,63.56146574020386,228.03528261438575,453.0516815185547,59.134955406188965,155.72990962086755,437.30419158935547,56.61302089691162,433.38312599903537,428.75511169433594,64.19207096099854,403.45022158449797,426.2760543823242,69.77174520492554,340.8437641889252,444.6160888671875,57.11601734161377,170.7830617524277,428.67130279541016,56.14612698554993,428.23529759053207,424.3842315673828,64.71927165985107,386.6820109529828,425.28820037841797,70.09511232376099,284.7439960553536,437.16617584228516,59.032055139541626,171.37837571030732,424.6490478515625,59.37288522720337,348.69859790380525,422.6370620727539,65.61889886856079,335.4336144671189,425.0855255126953,70.03922939300537,257.28186715920646
693,27.72,447.8083801269531,87.10690498352051,192.56763906828434,451.2934112548828,89.13392543792725,182.5691931948666,450.7666778564453,84.82409477233887,229.85246337256783,442.7452087402344,76.92391633987427,256.1662418076024,437.45189666748047,67.33009815216064,277.9490871445245,464.6174621582031,61.75455093383789,147.00131827374744,449.2709732055664,54.206578731536865,185.9072854233416,437.6776123046875,53.79092574119568,198.06480184496482,430.4239273071289,55.12888312339783,211.56866163313697,458.7965393066406,55.72387933731079,167.03074371392873,441.10130310058594,52.068421840667725,148.05285460506127,435.8492660522461,62.10939645767212,184.8387120246013,436.41204833984375,69.53702688217163,253.46778172717146,451.4772415161133,53.265663385391235,196.692401448397,435.0745391845703,52.10989952087402,189.22963629223898,433.4282684326172,61.99505567550659,236.13549546430485,435.8378601074219,68.0634355545044,268.58777765902676,444.7178268432617,53.49650859832764,234.08025914002297,433.7912368774414,52.924615144729614,279.68711004601505,432.59349822998047,60.35812854766846,281.52078666826503,434.8611068725586,65.32248973846436,271.35035458336205
700,28.0,519.0542221069336,57.403260469436646,,512.1311569213867,48.962827920913696,,509.1666030883789,37.87949323654175,,506.17332458496094,29.03684914112091,,502.7755355834961,21.556885242462158,,519.9271774291992,28.008264899253845,,518.492431640625,17.011420726776123,,513.4365844726562,14.062200486660004,,509.2633056640625,15.174980163574219,,520.9652709960938,27.10613787174225,,518.6855697631836,15.85391879081726,,512.8540802001953,13.411547541618347,,507.9865264892578,14.45482313632965,,521.1429595947266,26.747102737426758,,518.8844680786133,15.550459027290344,,512.9196166992188,13.259807825088501,,507.8158187866211,14.356579184532166,,520.3607559204102,26.75728440284729,,517.4259948730469,17.266520261764526,,512.7846145629883,14.103813171386719,,508.57311248779297,14.192997515201569,
701,28.04,525.8280563354492,58.99566292762756,173.96223682214475,519.8928451538086,51.53083920478821,204.38701978633426,516.898193359375,39.54254150390625,197.71067506925607,513.9912796020508,29.712243676185608,196.17686284835477,511.6967010498047,21.47173762321472,223.03929501648435,529.94140625,31.15254521369934,262.40626608749085,530.8668518066406,17.27615475654602,309.4312913956146,525.2170562744141,12.819045782089233,296.14708074230975,519.515495300293,12.665112018585205,263.8735853141401,531.0160064697266,30.97678542137146,269.2573072527369,531.679801940918,18.17721962928772,330.00738313228027,525.0928115844727,14.35248613357544,306.871218235689,519.9326705932617,13.93291711807251,298.93848117706455,530.9447479248047,31.04549288749695,267.57150019886757,531.5207290649414,19.41300630569458,330.33540076007046,525.274543762207,15.933483839035034,316.02290874170944,520.4668426513672,15.635109543800354,317.88661963224564,530.3009033203125,31.48356556892395,275.16388752046055,530.7944107055664,21.329793334007263,349.30710872630743,526.804084777832,17.05706477165222,358.1787613393641,522.9550552368164,16.17444634437561,362.9449137772348
702,28.08,534.2631912231445,61.655945777893066,221.11734076196873,526.611442565918,53.08763265609741,172.4151186744546,524.936408996582,41.463478803634644,206.61393760424212,523.4546661376953,32.59651780128479,247.32913540429132,521.689338684082,25.07867932319641,265.5923042430855,540.5194854736328,34.823209047317505,279.9213427921366,540.8766937255859,22.824078798294067,286.1122992105556,537.2237777709961,16.75953447818756,315.9200969594247,533.1015396118164,13.986808061599731,341.2545608347222,542.7973175048828,34.49213147163391,307.36475436379965,543.411865234375,23.255478143692017,319.59937681885583,538.8461685180664,17.424593567848206,352.3072797915064,534.7444152832031,14.209202527999878,370.3580314943114,543.4193420410156,34.24443483352661,321.955672354783,544.2501068115234,23.75993013381958,336.2781629309086,540.0125122070312,17.863109707832336,371.5938389846552,535.9086990356445,14.582805633544922,386.9417528131542,542.789306640625,34.051058292388916,318.73993746453965,543.3369064331055,24.9428129196167,326.31283839412924,540.6279754638672,19.601987600326538,351.4048465653231,536.9841003417969,16.415770053863525,350.77801357334374
703,28.12,541.5123748779297,62.94761896133423,184.08402170209072,534.1557693481445,52.670878171920776,188.89572337850572,532.4540328979492,42.10573196411133,188.6252207496215,530.9489440917969,33.79233241081238,189.72706487493477,529.2075347900391,27.309728264808655,196.05619740825682,546.2903213500977,37.59653091430664,160.06612089034854,548.5518646240234,26.795257329940796,216.04181778424544,546.5686416625977,21.077767610549927,257.35872160516385,543.1865310668945,17.337650656700134,265.6774345260362,549.6625518798828,38.922908306121826,204.27191801113472,551.4097595214844,28.15644085407257,234.50179705643714,548.5012435913086,22.105940580368042,268.2530108423424,544.5856475830078,18.55648934841156,268.9664894062597,550.8775329589844,40.060447454452515,236.4458375818352,552.1315383911133,29.824188351631165,248.61138282977336,549.5637512207031,23.95643413066864,283.23440956456574,545.9941864013672,20.483728051185608,292.12362620897096,550.4034805297852,40.79496145248413,254.28315153474892,551.2599945068359,32.06349849700928,266.3168785912947,549.7621154785156,26.62456512451172,288.0419987718725,546.8227767944336,23.164654970169067,298.2731570570053
704,28.16,549.8697280883789,61.5781831741333,211.72019722305734,541.5840148925781,53.23724985122681,186.24514884205286,538.576545715332,42.849998474121094,154.18960697169845,536.314582824707,35.13659119606018,138.28663776243351,534.3408966064453,28.852450847625732,134.0041895466133,552.4130630493164,35.82820415496826,159.32463997123978,554.7735214233398,26.349322199821472,155.94043628248457,553.1027221679688,21.944931149482727,164.7842920569286,550.0738143920898,19.675084948539734,181.82799335873224,556.1890411376953,37.86385774612427,165.2964195789134,557.9096221923828,29.030224084854126,163.9582871398508,555.4839706420898,24.892444610595703,187.95458523302113,552.3225402832031,23.113263845443726,224.47675613404036,557.9900360107422,40.01760005950928,177.81580279976106,559.1048812866211,32.02544689178467,182.8131735866702,556.9848251342773,27.88758158683777,209.9497832114813,553.9880752563477,25.616523027420044,237.49716221178096,558.6756896972656,41.99151635169983,208.95751382964343,559.2841339111328,34.22723650932312,207.76876474448954,557.7555084228516,30.10432004928589,217.94928466711247,554.7865295410156,27.87103772163391,231.2620218658625
705,28.2,552.9115295410156,63.469533920288086,89.54664888426561,545.6575012207031,54.42025423049927,106.04477305246802,542.9837417602539,44.50211763381958,117.66710111639598,540.0521469116211,37.03735828399658,104.82813561483617,537.7240371704102,30.62587022781372,95.49429424568618,557.6615142822266,38.46303462982178,146.81742909020744,559.5824432373047,29.062299728393555,138.03526742141844,557.6437377929688,24.16489005088806,126.36514657536834,554.6192169189453,21.232675909996033,120.12174484235368,561.5187454223633,41.73672437667847,164.7058812324038,562.8639221191406,33.11314344406128,160.49789379081625,559.9535369873047,28.67132306098938,146.32358332033942,556.8852615356445,26.07207477092743,135.95262805533176,563.1600952148438,45.320624113082886,185.1546250548031,564.3484497070312,37.750396728515625,194.08448613395223,562.3366928100586,33.48155736923218,193.5443306343009,559.2302703857422,31.142807006835938,190.427847877806,563.3874893188477,48.82739782333374,207.56073082378862,564.3035888671875,42.20317482948303,235.59833422434423,562.8351211547852,38.24146628379822,239.8119241565409,559.7772979736328,36.16343379020691,241.96022672395605
706,28.24,556.480712890625,64.05437707901001,90.41954746981095,548.4979629516602,55.41824698448181,75.2670760609888,544.9696350097656,45.560302734375,56.25570918523347,541.6716384887695,37.99221396446228,47.00068044036932,538.9922714233398,31.889140605926514,44.751188311885656,558.6843872070312,39.78312134742737,41.74998474773074,561.6711807250977,30.36325693130493,61.51886873512201,560.1811981201172,26.292561292648315,82.78620742938507,557.9026794433594,24.07649338245392,108.59449792084406,563.5651016235352,42.90386080741882,58.89493372754955,565.8346176147461,35.00811696052551,88.09070735508742,563.8979339599609,31.766223907470703,125.34123106407016,561.8332672119141,30.279271602630615,162.3716134232844,566.1164855957031,46.615673303604126,80.68997958973732,567.3526763916016,39.94128942489624,92.9562692188451,565.8918380737305,36.58055305480957,117.90576773698314,563.8580703735352,34.525426626205444,143.306158748412,567.1449661254883,49.84980583190918,97.35229224458914,567.6716613769531,44.095215797424316,96.5781142890533,566.1377716064453,41.26764535903931,111.98565700927409,564.1090393066406,40.06738543510437,145.78413284241938
707,28.28,558.3098602294922,62.76359796524048,55.96813104252148,550.390510559082,53.970240354537964,59.573796917770416,546.4074325561523,44.95832562446594,38.968242079690114,543.0111694335938,37.98231840133667,33.48918738107157,540.0720977783203,32.080832719802856,27.417727196933946,560.7133102416992,39.80888843536377,50.7271661897437,564.0488052368164,31.140514612197876,62.53612866392165,562.7808380126953,26.945364475250244,67.0087660603951,560.340576171875,24.84512686729431,63.90489952326168,565.5340194702148,43.359882831573486,50.52594366689189,568.0270385742188,35.67455291748047,57.28681430015915,566.0050582885742,32.271820306777954,54.17333670281459,563.6716079711914,30.713531970977783,47.223397370486666,568.0682373046875,47.20444321632385,50.96558117768931,569.3978500366211,40.71000695228577,54.62177836723154,568.0157470703125,37.21510291099548,55.416846185003024,565.6639862060547,35.364471673965454,49.78283204526504,568.96728515625,50.785582065582275,51.21354684909877,569.4062805175781,45.27065992355347,52.38423222135965,567.9411315917969,42.091530561447144,49.56620612570745,565.5977630615234,40.57485222816467,39.32096263772106
708,28.32,559.0896606445312,62.66648769378662,19.645595755107173,550.3337097167969,54.40393924713135,10.935065875459744,546.7418670654297,45.61640024185181,18.45448189199458,543.4122848510742,38.51085662841797,16.587763479949107,540.3786087036133,32.61535048484802,15.404102304111053,562.1139907836914,39.75836992263794,35.03978186329395,565.7723236083984,31.014221906661987,43.20348238750806,563.8365936279297,26.871197819709778,26.458937666374805,560.9375381469727,25.144001841545105,16.690001684127896,567.0166397094727,43.51947069168091,37.27961120832807,569.5361328125,35.84263801574707,37.96065413912937,566.9191360473633,32.71561145782471,25.402863210426663,564.1804504394531,31.73141598701477,28.449610362119458,569.5291137695312,47.993935346603394,41.513987622454586,570.6449127197266,42.0060932636261,44.96529955169596,568.6419677734375,39.17180299758911,51.36163206797634,566.0532760620117,37.8410804271698,62.67544130478575,570.1606750488281,52.21603989601135,46.572450549811975,570.5154800415039,47.38982319831848,59.79745275192519,568.4903335571289,45.03952503204346,74.96788561357042,566.0947036743164,44.39312696456909,96.26192112962973
709,28.36,559.2401885986328,62.79111385345459,4.885587518379196,550.9502029418945,54.88784909248352,19.59324875786417,547.3827362060547,46.2749969959259,22.973666172957167,544.2369079589844,38.789992332458496,21.76465040164909,540.767822265625,32.62907266616821,9.736384567500988,561.997184753418,40.08792757987976,8.741134728789397,565.0048065185547,30.651530027389526,21.22245100259994,563.9113235473633,25.98232090473175,22.300318535272744,561.6606140136719,23.634983897209167,41.83280609559533,567.288818359375,43.76976728439331,9.244241511141572,570.0323867797852,35.18159866333008,20.664598736276815,567.1355438232422,32.14632511138916,15.225785482586533,564.1962432861328,31.22600555419922,12.641427915910336,569.968376159668,48.18764090538025,12.001908465158696,571.1451721191406,41.54634475708008,16.98580576491396,568.8015365600586,38.69711995124817,12.519639375478366,566.2661743164062,37.51010298728943,9.838436500341505,570.8544921875,52.40800380706787,17.99708943591544,570.9090042114258,47.042022943496704,13.129791734039282,568.4174728393555,44.48729395866394,13.925422852654098,565.7637405395508,43.856706619262695,15.757604978083656
710,28.4,560.3586196899414,63.243255615234375,30.15916401725042,551.5600204467773,55.48190474510193,21.283495772390488,547.497673034668,46.452072858810425,5.277685086047234,543.8359069824219,38.91721487045288,10.517466347040626,540.421142578125,32.87436246871948,10.617023269281345,561.6142272949219,39.732102155685425,13.06876398901371,563.7018585205078,30.199520587921143,34.478127296364306,562.7396392822266,25.621250867843628,30.651423179717153,560.5754089355469,23.10050904750824,30.242079815952604,566.990966796875,42.98625826835632,20.955338393458053,569.3180847167969,34.23112750053406,29.723968322047504,567.1344375610352,30.462756156921387,42.08923294816459,564.5236587524414,28.719377517700195,63.198027070377286,570.0228500366211,47.32929468154907,21.50182613226643,570.7055282592773,41.016926765441895,17.20410803750249,568.8133239746094,37.96571373939514,18.28752973133242,566.4573669433594,36.42425179481506,27.56387392039667,571.3767242431641,51.808011531829834,19.885878317106542,570.8478927612305,47.055219411849976,1.5630011440281033,568.7173461914062,44.43014860153198,7.631743702781446,566.2528228759766,43.4546685218811,15.827905806476567
711,28.44,561.7484664916992,62.78029918670654,36.62310393617383,552.6426696777344,55.29595971107483,27.46253030234093,547.7178573608398,46.44336819648743,5.508908049577524,543.4832000732422,39.59940791130066,19.199438611002194,540.2951431274414,33.993587493896484,28.15737601583096,560.4073333740234,39.16830539703369,33.30221202645371,561.4112854003906,30.86538791656494,59.63484990946263,561.212272644043,26.925766468048096,50.215845349184086,560.1662063598633,24.451128244400024,35.28118268778962,565.6881713867188,41.792088747024536,44.18226967915114,567.2229766845703,33.58437180519104,54.81657251780072,565.6154251098633,30.001434087753296,39.687977385449464,563.9010620117188,28.157097101211548,20.972988108593416,569.0159606933594,45.27044177055359,57.29693195695883,569.5169448852539,39.14834260940552,55.36434539256243,568.0968856811523,36.09278440475464,50.13200151156283,566.492919921875,34.42299127578735,50.03940746614357,570.8544921875,48.97429704666138,72.03585957448834,570.0473403930664,44.04975414276123,77.75645301947523,568.4783554077148,41.26156568527222,79.43957724232406,566.717529296875,39.82497811317444,91.48293734585631
712,28.48,562.8590774536133,62.56775379180908,28.269155603057428,553.254508972168,57.36423969268799,53.92198881575776,547.8630065917969,49.286742210388184,71.17691024031915,543.3077239990234,42.746561765670776,78.8010518477542,539.9750518798828,37.11762070655823,78.50972041958111,559.1708374023438,39.32325482368469,31.15416919129333,558.4370422363281,29.47106122970581,82.12136334665021,556.7619705200195,24.875285625457764,122.4991343870373,554.6271514892578,22.266526222229004,148.85734541594655,564.830322265625,41.05565428733826,28.26482827622014,565.1919555664062,31.571073532104492,71.49482812956506,562.8700637817383,27.860822081565857,87.0317060867693,560.4567337036133,26.12382173538208,99.99251911801214,568.2168579101562,44.12690877914429,34.87686339613705,567.4726104736328,36.95418119430542,74.97352658627338,565.332145690918,33.33789825439453,97.5742823284109,563.0614471435547,31.352076530456543,115.12363680366514,569.7898864746094,47.56622672080994,44.13082374077342,568.0001831054688,41.64430618286133,78.96610367726932,565.8456802368164,38.434635400772095,96.574172883104,563.5440444946289,36.72733783721924,110.8669841220402
713,28.52,564.1848754882812,62.846782207489014,33.87105406433255,554.0876770019531,58.4562349319458,34.33859498088308,547.9629898071289,50.245317220687866,24.09438074685631,543.0130386352539,43.73267412185669,25.73005347160342,538.6555480957031,38.764132261276245,52.74994393530468,557.7593994140625,40.06397008895874,39.849845506079326,555.3123474121094,29.26987588405609,78.2791211299493,552.2864532470703,24.39453899860382,112.53158495423146,549.0787887573242,21.675880551338196,139.49281189736013,563.6279678344727,40.5252206325531,32.85399557360199,561.8289947509766,30.482940673828125,88.36550006710836,558.824348449707,26.332717537879944,108.11717036468542,555.6805801391602,24.31631863117218,127.66829662979842,567.1870803833008,42.4422025680542,49.36266790615964,564.8551940917969,34.31506276130676,92.92407727311722,561.9595718383789,30.06286382675171,117.5268716429245,558.9193344116211,27.52313733100891,141.018334971718,569.0006256103516,44.65451002120972,75.41977049562247,566.1502838134766,37.68756866455078,109.19563630051657,563.4743881225586,33.959412574768066,126.61616611221287,560.5450439453125,31.68806791305542,146.603729623819
714,28.56,565.426139831543,62.50913143157959,32.15922511820269,555.4653549194336,58.39079260826111,34.48078397856708,549.1335678100586,50.190314054489136,29.296738398185436,543.9822387695312,43.58932971954346,24.493577193288843,539.5273971557617,39.060566425323486,23.021647382673336,558.1789779663086,40.94879865646362,24.48172475768495,554.6304702758789,29.603029489517212,18.972805435438527,551.0294342041016,24.86898958683014,33.58943504897012,547.4737548828125,22.33992040157318,43.424378673089564,563.6315536499023,40.58914303779602,1.600572546843758,560.5368804931641,29.15880560874939,46.25265482794889,556.2248611450195,25.206626057624817,70.822914146547,552.2484970092773,23.681588172912598,87.25708196569427,566.6579055786133,41.65785312652588,23.654148953484906,563.3860778808594,31.934001445770264,69.94531537915782,559.3102264404297,27.704535126686096,88.67336584055224,555.5060577392578,25.502530932426453,99.163084928603,567.84912109375,43.15190076828003,47.32729932834558,564.3317794799805,34.97690677642822,81.60363764358266,561.206169128418,30.991469621658325,93.3859691625771,558.1010437011719,28.747200965881348,95.59627213685029
715,28.6,566.4170837402344,63.289639949798584,31.535331150007483,556.3715744018555,58.95348787307739,26.667626808637745,550.1344680786133,50.91831922531128,30.941405070073824,545.1235961914062,44.48938608169556,36.33866930970039,540.7167053222656,39.668240547180176,33.389011602688825,558.8557052612305,40.89624524116516,16.969120726186194,554.9171447753906,30.445196628570557,22.240556405635264,551.8085098266602,26.039305329322815,35.14788189556416,548.8035583496094,23.69197726249695,47.410672687407754,564.3487167358398,41.14054083824158,22.61584657612329,561.1535263061523,30.657126903533936,40.506317108267325,557.4995803833008,27.0637446641922,56.312735323054966,554.2235565185547,25.382230281829834,65.15867002848377,567.519645690918,42.9951274394989,39.771995559787136,564.644775390625,33.989431858062744,60.2552570365598,561.1869812011719,29.95077073574066,73.17693815059326,557.9826354980469,27.86948025226593,85.64420032180091,568.8886642456055,45.31565308570862,60.012884323634985,565.7770919799805,37.739081382751465,77.93641951325296,563.0242538452148,34.03238654136658,88.57414884581976,560.2908325195312,31.982595920562744,97.66958195169308
716,28.64,567.9755783081055,63.03511619567871,39.478535778120786,558.2102584838867,59.30613398551941,46.80490381717208,551.552619934082,51.262056827545166,36.48039048892364,546.3389587402344,44.690351486206055,30.796643677762038,541.8167114257812,39.89494442939758,28.078106217123068,559.9283981323242,41.31590008735657,28.796486174827884,556.0647964477539,31.38663411140442,37.10970977354508,553.2707214355469,27.45763063430786,50.92708918102926,550.5524444580078,25.353355407714844,60.30536855017908,564.9723815917969,40.818647146224976,17.545893421182335,561.3382339477539,30.667576789855957,4.625075201426083,557.7839660644531,27.545126080513,13.977734160610195,554.625358581543,26.11296057701111,20.847836550187754,567.6654815673828,41.739832162857056,31.59345595237641,564.1157913208008,33.07024598121643,26.513284669217242,560.726318359375,29.52365219593048,15.70510468092209,557.4083709716797,27.64480233192444,15.416304561500544,568.6031341552734,43.09031367301941,56.089565284869224,564.9983596801758,35.53696632385254,58.39378566780735,562.1563720703125,32.11512565612793,52.613615617025204,559.1489791870117,30.32303810119629,50.36095454818087
717,28.68,568.5049057006836,63.00344467163086,13.25685138826972,559.0221405029297,59.48582053184509,20.78821282265114,552.6757049560547,51.938488483428955,32.77651361551636,547.5881576538086,45.66533088684082,39.615990752923366,543.5979843139648,40.59926390647888,47.886578416960916,561.0585784912109,42.012526988983154,33.190705435437515,556.7563247680664,31.870204210281372,21.095785395460123,553.4806442260742,27.806265950202942,10.173929964376157,550.3935623168945,25.625848174095154,7.885740393834892,565.7112503051758,41.337701082229614,22.574099706468196,562.1475219726562,31.183394193649292,23.992377712859568,558.1643295288086,27.637576460838318,9.785941377774732,554.4411849975586,25.940338969230652,6.310612515356542,567.9758453369141,42.00336456298828,10.178868900710777,564.239616394043,33.115339279174805,3.294508146540599,560.473747253418,29.305189847946167,8.348576265267383,556.8086624145508,27.39661931991577,16.225850535167037,568.4593200683594,42.96495079994202,4.769587347267579,564.6982574462891,35.33303618431091,9.070861749210556,561.6509246826172,31.82568669319153,14.56133525371461,558.4257507324219,29.983491897583008,19.974218099787496
718,28.72,568.7107086181641,62.38717317581177,16.243179287830582,559.6331405639648,59.114556312561035,17.8738320441079,553.3214950561523,51.77018165588379,16.684050047546517,548.3171081542969,45.762290954589844,18.38426784814959,544.3927001953125,40.913758277893066,21.367031288257284,561.3088226318359,41.79155230522156,8.34610465953588,556.9466400146484,31.77970290184021,5.2684426014206105,553.2690811157227,28.457130789756775,17.109646201577785,550.2091979980469,27.158305048942566,38.58767837123705,565.7886505126953,41.300482749938965,2.1470905288558075,562.2653579711914,31.385997533798218,5.859470752032488,558.3557510375977,28.428618907928467,20.346841694803828,554.9174499511719,27.293776273727417,35.869736924423236,567.9912948608398,42.011486291885376,0.4363558394613211,564.4866180419922,33.350300788879395,8.522643557469781,560.9016036987305,30.047621726989746,21.42233403506181,557.3962783813477,28.481574654579163,30.846602351891782,568.6095809936523,43.02865505218506,4.080179026689903,565.2188873291016,35.47714591026306,13.505163086560653,562.3431777954102,32.17174530029297,19.34830308645541,559.2704391479492,30.565509796142578,25.64472842478782
719,28.76,569.5232009887695,62.015554904937744,22.3361253289863,560.601921081543,59.386303424835205,25.154301126600227,554.2547225952148,52.41061449050903,28.296067033807624,549.0973281860352,46.46077752113342,26.179987365919438,545.0677108764648,41.71236276626587,26.14154438483571,561.3925933837891,42.63999581336975,21.314225375931525,556.5939712524414,32.60442495346069,22.424062386554468,552.6842880249023,29.04911756515503,20.80311426982745,549.640998840332,27.525617480278015,16.914651656208758,565.5150985717773,41.77729368209839,13.742710099511088,562.0773696899414,31.653478145599365,8.173335900079493,558.1577301025391,28.748082518577576,9.396451765508525,554.859733581543,27.754220366477966,11.601183718483671,567.3942565917969,42.09178447723389,15.060347216948722,564.0897369384766,33.10839772224426,11.619802708503201,560.4532623291016,29.7534441947937,13.405931620221292,557.0453643798828,28.169775009155273,11.735620331668969,567.6273345947266,42.783697843551636,25.30824991806209,564.295654296875,35.00284194946289,25.94854859892195,561.3542556762695,31.463241577148438,30.413242216952625,558.2116317749023,29.637431502342224,35.199452877866236
720,28.8,569.0981292724609,61.26131772994995,21.644278691768353,560.3401947021484,59.16003227233887,8.649397815852236,553.9606857299805,52.21463441848755,8.834091165281386,548.8491821289062,46.05823874473572,11.82195870436621,544.9045181274414,41.30472779273987,10.977196391137692,561.7703247070312,42.68187403678894,9.501142633752055,555.8337020874023,31.833704710006714,27.064955396450348,550.6300735473633,29.25186038017273,51.604879667360336,547.0515441894531,28.89026641845703,73.17591011319706,565.6512832641602,41.56313896179199,6.344708162561153,560.6560516357422,30.50808548927307,45.63489172469116,555.1265716552734,28.544277548789978,75.95005759601123,550.9711074829102,28.87864887714386,101.19829670801828,567.1343994140625,41.76227688789368,10.491097543062136,562.4580764770508,31.967339515686035,49.776561327433974,557.2975540161133,29.448768496513367,79.25955083531714,553.0528259277344,28.908920288085938,101.50954091626477,567.0110321044922,42.462390661239624,17.375756546017936,562.496452331543,34.357709884643555,47.78417032025815,558.4979629516602,31.265573501586914,71.57810767246087,554.8327255249023,30.179436206817627,85.55252971845182
721,28.84,569.0264511108398,61.766295433044434,12.750986223523036,560.0661087036133,58.947733640670776,8.66724594382341,553.9175796508789,51.943559646606445,6.862018016129734,549.0223693847656,45.885186195373535,6.120713317950126,545.0605773925781,41.13395690917969,5.783445605072803,561.0366821289062,42.27736473083496,20.94425952142476,555.505485534668,32.282116413116455,13.892425116196764,550.9084320068359,29.784312844276428,15.020591251888419,547.5611877441406,29.1950923204422,14.846198658149465,565.0623321533203,41.57458305358887,14.72655717989912,560.4091262817383,31.468820571899414,24.798992285965475,555.4682540893555,29.295018911361694,20.620976565688196,551.6048049926758,29.18137013912201,17.557275848220264,566.8540573120117,42.11386442184448,11.241816140304566,562.6803207397461,33.17288160324097,30.646413301225863,558.1322860717773,30.489091873168945,33.34526140219567,554.1302490234375,29.631991982460022,32.43910836436009,567.1237182617188,43.03300380706787,14.540837583820995,563.3276748657227,35.402666330337524,33.38099079870791,559.6562194824219,32.18281388282776,36.936500477432745,555.9694290161133,30.930129289627075,34.05542294838194
722,28.88,569.1616439819336,61.49871826171875,7.494775472338445,560.2024078369141,58.88458728790283,3.755405737603279,553.9545059204102,51.96436285972595,1.0595762884256328,549.0731430053711,46.03643774986267,3.9886552624888565,545.0397872924805,41.518564224243164,9.629220342997884,560.9768676757812,42.081406116485596,5.122105727894417,554.833869934082,32.29451894760132,16.793252696620037,549.8905181884766,29.817262887954712,25.461174449853097,546.2158966064453,29.144643545150757,33.65591816540178,565.0160980224609,41.15785360336304,10.482158339943771,559.9934387207031,31.5226149559021,10.478847269308334,554.8628616333008,29.44831073284149,15.612463138077395,550.7574081420898,29.395591020584106,21.851373075240655,566.7621612548828,41.59060478210449,13.28169642535978,562.1479797363281,33.106985092163086,13.410100999160276,557.3027420043945,30.511715412139893,20.746312688125904,553.0527114868164,29.651219844818115,26.942726911894944,567.0056533813477,42.39064693450928,16.327922167645408,562.9730224609375,35.0391161441803,12.69712236283404,559.0425491333008,32.05592393875122,15.666292543590043,555.181884765625,30.98339080810547,19.73358076711771
723,28.92,568.9685821533203,61.212472915649414,8.631673788070374,560.2273178100586,58.72085452079773,4.140420101417474,554.0644073486328,52.08884596824646,4.15138291960554,549.2471313476562,46.15216612815857,5.224043022060073,545.2725601196289,41.626060009002686,6.4098816681619475,560.7071685791016,42.22400665283203,7.6269471168077185,554.0410995483398,32.31971740722656,19.829268879570765,548.7259292602539,29.83828067779541,29.119464272507905,544.9721527099609,29.42863941192627,31.89389177793013,564.5542907714844,41.154316663742065,11.54551988317363,559.2728424072266,31.211578845977783,19.621456824622882,554.0495681762695,29.269670248031616,20.817040346536853,549.9959182739258,29.399585723876953,19.037508650210103,566.2554931640625,41.454198360443115,13.117718602284704,561.6712188720703,32.7391254901886,15.05451776985659,556.7523193359375,30.19566535949707,15.867670546721913,552.5200271606445,29.409608244895935,14.622943371764716,566.5081405639648,42.24131941795349,12.985995116396124,562.381706237793,34.7347354888916,16.62645593376504,558.3670043945312,31.688389778137207,19.226317466194644,554.4649887084961,30.52168607711792,21.31770413505018
724,28.96,568.8526916503906,60.85707664489746,9.345357066937419,560.1925659179688,58.6615777015686,1.717817529189768,554.0132522583008,52.16672658920288,2.3294627046053966,549.2066192626953,46.17337703704834,1.1432223328743745,545.2580642700195,41.61942958831787,0.3985066925059358,560.7736206054688,42.45956540107727,6.118812981451621,553.6830902099609,32.50990390777588,10.13476662773055,548.3268356323242,29.83660340309143,9.9774288115887,544.6096420288086,29.05337154865265,13.044154896817892,564.4864654541016,41.04673504829407,3.17943368193144,558.7360000610352,30.785125494003296,17.1402699452665,553.3871078491211,29.01983678340912,17.700113790080835,549.4272613525391,29.397466778755188,14.21652173022312,566.0093307495117,41.06869697570801,11.43479481588312,560.7763671875,32.156184911727905,26.69947629863756,555.5974578857422,29.835492968559265,30.24306863089743,551.3879013061523,29.222643971443176,28.686501507213542,566.0158538818359,41.68286919593811,18.611367962056736,561.4136123657227,34.16257381439209,28.113327876940502,557.1318435668945,31.27711057662964,32.54586044838236,553.1941986083984,30.29636263847351,32.2652883385221
725,29.0,568.9506149291992,61.297574043273926,11.281260083348945,560.3121948242188,58.94900321960449,7.783175108397692,554.3148803710938,52.29472517967224,8.191579426047477,549.3159866333008,46.25363230705261,3.3913612787320213,545.1544952392578,41.64690613746643,2.67879460835875,560.5321884155273,42.27910280227661,7.535592706689988,553.6553955078125,32.61084794998169,2.6168559599186874,548.372917175293,30.05754590034485,5.642422778323895,544.5530700683594,29.277766942977905,5.785416995745384,564.229850769043,41.16633653640747,7.077941638757953,558.5215759277344,31.312551498413086,14.233672643362883,553.0774307250977,29.26990270614624,9.950907209200688,548.7950897216797,29.253893494606018,16.206755126813253,565.7872772216797,41.46372199058533,11.328959892722859,560.6541061401367,32.726486921310425,14.581498247698748,555.4866409301758,30.148597955703735,8.303430413680907,551.0744094848633,29.34810519218445,8.441624544667915,565.8894348144531,42.22533702850342,13.925092682951043,561.4779663085938,34.75532412528992,14.905836965609453,557.2592544555664,31.686158180236816,10.710785351951664,553.2291412353516,30.583133697509766,7.222301722752607
726,29.04,568.8744354248047,61.1975884437561,3.1424947295833636,560.4008483886719,59.07906532287598,3.9350671212228594,554.458122253418,52.5852906703949,8.0988633944324,549.5309829711914,46.5593683719635,9.34404779437072,545.3579330444336,41.94016456604004,8.922844505264328,560.5230712890625,42.503535747528076,5.6154512791283615,553.8369369506836,32.48239874839783,5.559703952732685,548.4344100952148,30.124715566635132,2.2766674205494613,544.5652008056641,29.739214181900024,11.540166514624113,564.2162704467773,41.20798587799072,1.0951862875661356,558.4480667114258,31.01343870162964,7.700327512593192,552.9948425292969,29.01390016078949,6.724865859013623,548.6909866333008,29.11197781562805,4.400107452509225,565.7987213134766,41.296666860580444,4.186166481549945,560.5674362182617,32.127875089645386,15.12133840734658,555.3757095336914,29.5075124502182,16.265308175485355,550.9030151367188,28.75338613986969,15.473097091444982,565.8744049072266,41.92922115325928,7.412426630448128,561.3421630859375,34.077701568603516,17.27742104261437,557.1442413330078,30.945346355438232,18.742167999628638,553.1452941894531,29.82852816581726,18.98123803204797
727,29.08,568.7110900878906,61.22065544128418,4.124150326622508,560.062370300293,58.89239430427551,9.663510150883756,554.0615463256836,52.23627805709839,13.207059445104505,549.1929626464844,46.10228776931763,14.212239822380262,545.1047515869141,41.492804288864136,12.850877110790318,560.6825256347656,42.60140419006348,4.677333669404816,553.7796020507812,32.69038438796997,5.3935909313187045,548.5237884521484,29.996817111968994,3.900841687550823,544.777717590332,29.25045132637024,13.32414426687605,564.4123458862305,41.353275775909424,6.100959575855809,558.7836456298828,31.09784960746765,8.65080962747074,553.5501480102539,28.95822823047638,13.952229683049488,549.5215225219727,28.939393758773804,21.206943424446088,565.9473037719727,41.468753814697266,5.683895382457152,560.8165740966797,32.370336055755615,8.691123436792868,555.7606887817383,29.723281860351562,11.033059972646873,551.5604782104492,28.90809416770935,16.885501680383104,565.921745300293,42.10352182388306,4.515379039708422,561.4037704467773,34.4161319732666,8.59980398432396,557.2886276245117,31.3193142414093,10.021831822074798,553.4530258178711,30.20751714706421,12.204799338666287
728,29.12,568.5486602783203,60.97973585128784,7.264024877824774,560.3322219848633,58.83534550666809,6.895401410264671,554.3706130981445,52.41922616958618,8.978873875042288,549.3241500854492,46.44291400909424,9.12538969601121,545.147705078125,41.77436828613281,7.120537504514823,560.4362869262695,42.2666072845459,10.38997321657912,553.4632110595703,32.34967589378357,11.62393912713663,547.9101181030273,29.888434410095215,15.579195010009855,544.0328216552734,29.46636199951172,19.388904250292608,563.9081573486328,40.98136067390442,15.662992301605726,557.9659652709961,30.920748710632324,20.91599114566697,552.4945449829102,28.757060766220093,26.86501093444541,548.1417465209961,28.634267449378967,35.32778543119237,565.3614807128906,41.079615354537964,17.582260195424634,560.0295257568359,31.926852464675903,22.584878580697527,554.8322677612305,29.259658455848694,25.94359569965677,550.2902984619141,28.48607361316681,33.46133909122985,565.4008483886719,41.70519232749939,16.39359593381016,560.73486328125,33.82484793663025,22.319464712370525,556.4986801147461,30.59334397315979,26.82174838828535,552.4259948730469,29.44429099559784,31.989321654935626
729,29.16,568.8113021850586,61.21015548706055,8.73477173874431,560.4063415527344,59.058884382247925,5.887663969950974,554.5667266845703,52.47079253196716,5.069493842460327,549.5116806030273,46.509082317352295,4.971540256855305,545.1739883422852,41.99613690376282,5.583017202890604,560.6957244873047,42.34899044036865,6.805091496408525,553.4939575195312,32.37366199493408,0.9748967408564865,547.9046249389648,29.972094297409058,2.0960008940811568,543.8858795166016,29.295848608016968,5.627322231560649,564.2767333984375,41.14027261734009,10.034356925587232,558.0982971191406,30.893261432647705,3.378911481930147,552.3374938964844,29.253205060958862,13.010193238124607,548.0241012573242,29.533674716949463,22.676720455996417,565.7045364379883,41.42855644226074,12.233333387292545,560.0930786132812,32.23288178443909,7.813966267086908,554.4996643066406,30.138802528381348,23.498927612159218,550.0086212158203,29.7624009847641,32.676000658505146,565.6636810302734,42.214515209198,14.328529131444153,560.8673477172852,34.48685646057129,16.87837765386065,556.4258575439453,31.78170919418335,29.764860000472957,552.4696731567383,31.08683466911316,41.078107854666854
730,29.2,568.8469696044922,61.51383876800537,7.644266639713752,560.3099060058594,59.19001579284668,4.069341281667984,554.4057846069336,52.48995780944824,4.051979471115812,549.4130325317383,46.48639440536499,2.5305858164903787,545.2276611328125,41.875845193862915,3.2930669513420905,560.5111312866211,42.64826416969299,8.790599197520338,553.8584518432617,32.54687190055847,10.088910478780083,548.5884857177734,30.229167938232422,18.264590427909898,544.9863052368164,30.08332371711731,33.829109258548996,564.1921615600586,41.47377133369446,8.60137306105835,558.6738204956055,31.226788759231567,16.629560172244346,553.5438537597656,29.452351927757263,30.567175964296002,549.7382354736328,29.874619245529175,43.69281464875202,565.79345703125,41.701247692108154,7.170573096402396,560.7151412963867,32.5493323802948,17.448190474405408,555.5871963500977,30.12627124786377,27.190105950249123,551.3525009155273,29.603036642074585,33.832396096470184,565.9096527099609,42.49265670776367,9.282536036579957,561.2680435180664,34.7741961479187,12.326831017353864,557.0564270019531,31.76123857498169,15.772541163814683,553.1179428100586,30.788472890853882,17.84084664019053
731,29.24,568.8191604614258,61.288325786590576,5.680528871982206,560.3641510009766,58.93860697746277,6.429857694187582,554.4186401367188,52.37987279891968,2.7708272894944193,549.5169830322266,46.50189399719238,2.6274921382589254,545.3607559204102,42.083587646484375,6.168019795021574,560.5952835083008,42.537832260131836,3.471023179747479,553.9435195922852,32.58316397666931,2.3121468260511624,548.7018966674805,30.24408459663391,2.8596929698961446,545.0914764404297,29.958064556121826,4.088920967287603,564.1037750244141,41.22611403465271,6.5739218437272955,558.5857772827148,30.961968898773193,6.976799312242712,553.4336853027344,29.16304886341095,7.739240594399975,549.5467376708984,29.55217480659485,9.375560804952084,565.5908584594727,41.3245153427124,10.693848826763169,560.5158615112305,32.17654466629028,10.567731322421881,555.4756164550781,29.700613617897034,11.000979812085724,551.3350296020508,29.10706400871277,12.407006584951583,565.5878448486328,42.04977035522461,13.686412533922478,561.0499954223633,34.306018352508545,12.91160863706749,556.8951416015625,31.334738731384277,11.399426985812193,553.1013870239258,30.372369289398193,10.410820728899987
732,29.28,568.9812088012695,61.311020851135254,4.090746447838294,560.1058197021484,59.003119468688965,6.656618955898147,554.133415222168,52.304749488830566,7.3738034452735635,549.2898178100586,46.179174184799194,9.866360634553825,545.2994918823242,41.84754252433777,6.096647749573201,560.2969360351562,42.42440342903137,7.979556474851232,553.4536743164062,32.62153744697571,12.283650656569835,548.0481719970703,30.506722927093506,17.61275882225494,544.3697738647461,30.356297492980957,20.60709950095752,564.0288162231445,41.22713327407837,1.8741432603945827,558.3367538452148,31.226624250411987,9.084847535022606,552.9290390014648,29.665117263793945,17.796428153708234,548.8605880737305,30.18981099128723,23.41715682094573,565.623664855957,41.55359387397766,5.7853928743505705,560.5946350097656,32.893781661987305,18.038746008037073,555.3785705566406,30.562580823898315,21.68532583662852,551.0818481445312,30.026460886001587,23.84050477129397,565.7126617431641,42.44264245033264,10.30557313650604,561.2945556640625,35.159146785736084,22.187240637938395,557.158088684082,32.353187799453735,26.296146015826643,553.3547210693359,31.437731981277466,27.37672145057874
733,29.32,568.7215423583984,61.44702672958374,7.328210069905859,560.1607513427734,59.07556772232056,2.2729708802607886,554.3459701538086,52.38433599472046,5.674152518466561,549.5399856567383,46.3948917388916,8.258254001904785,545.5530548095703,42.11694359779358,9.249023477263385,560.4802703857422,42.311543226242065,5.38219921816415,553.5840225219727,32.36894488334656,7.1060563032145545,548.2227325439453,30.268571376800537,7.381884305186054,544.6659088134766,30.293097496032715,7.570095255091543,564.1954803466797,41.411579847335815,6.214774154190779,558.8787078857422,31.441340446472168,14.573461044276417,553.8651275634766,29.86599326133728,23.93497652910638,550.0900650024414,30.351394414901733,31.00123708236761,565.7398223876953,41.93986415863037,10.083938497222185,560.9728240966797,33.317381143569946,14.196467568068979,555.9898376464844,30.938808917999268,17.944271960657844,551.8212127685547,30.4063081741333,20.78076047631463,565.811882019043,42.95204043388367,12.9742766848324,561.4276504516602,35.52351236343384,9.697825036338147,557.4155807495117,32.734436988830566,11.501443065973756,553.665885925293,31.93747043609619,14.717381110598607
734,29.36,568.8201522827148,61.451311111450195,2.467573846623564,559.9957275390625,59.029051065444946,4.286363199008958,554.0985488891602,52.42957949638367,6.288096723322808,549.3004608154297,46.37401342391968,6.010826359576833,545.2893829345703,42.004626989364624,7.164926648045622,560.5500030517578,42.72744655609131,10.542717406145078,553.6574554443359,32.61915564537048,6.519097882347551,548.2085800170898,30.478073358535767,5.249486544378841,544.5005035400391,30.45405149459839,5.7698079547336905,564.294319152832,41.539067029953,4.032841068441135,558.7551498413086,31.35606050491333,3.7532701388699636,553.4080123901367,29.813164472579956,11.503943960091508,549.4064331054688,30.42410373687744,17.18719028922048,565.8682250976562,41.82912468910217,4.238992070402717,560.8567810058594,33.07995557785034,6.606667947252492,555.6460571289062,30.84827184677124,8.887561727381716,551.3646697998047,30.46418309211731,11.50491711309558,565.9103393554688,42.673577070236206,7.383922229662124,561.494140625,35.29068946838379,6.05327615894115,557.3228454589844,32.558441162109375,4.9733266741479545,553.4986877441406,31.782735586166382,5.695288928329967
735,29.4,568.7644195556641,61.24802112579346,5.2697814905383975,560.0620269775391,58.84669303894043,4.8509061893713135,554.1812896728516,52.34230399131775,3.0065606461515073,549.383659362793,46.3339626789093,2.3084167273325984,545.4367446899414,41.973549127578735,3.7650797168878842,560.5555725097656,42.53857612609863,4.723813223188909,553.8861465454102,32.64376401901245,5.750282154155635,548.4723281860352,30.53290843963623,6.734704092483367,544.79248046875,30.51694393157959,7.466842770245427,564.2204666137695,41.29607319831848,6.349222380457522,558.7231063842773,31.267043352127075,2.3652215314697544,553.3988952636719,29.58474040031433,5.715148663059181,549.3429183959961,30.065277814865112,9.1100960693135,565.7406234741211,41.498268842697144,8.865232844840994,560.6667709350586,32.84207582473755,7.611282905443783,555.4862976074219,30.477558374404907,10.091815474024619,551.1580276489258,29.957091808319092,13.68947014642973,565.7395935058594,42.26804852485657,11.000214380767567,561.2277221679688,34.94914412498474,10.829127845898,557.0547866821289,32.179763317108154,11.598825860405508,553.216438293457,31.30866765975952,13.793230931758039
736,29.44,568.7073135375977,61.27839803695679,1.6170679545139646,560.1512908935547,59.16130542755127,8.175764557896965,554.1913604736328,52.52569556236267,4.591696946575161,549.3211364746094,46.423137187957764,2.7227289401963497,545.0716400146484,41.96873188018799,9.128411341561844,560.3874588012695,42.60655760765076,4.533465893933371,553.6440277099609,32.56917357444763,6.333702752915511,548.1344985961914,30.284711122512817,10.480062619125196,544.3733978271484,30.1957905292511,13.199663071431726,563.8877868652344,41.4044451713562,8.747153094918335,558.2844924926758,31.304633617401123,11.005543317722905,552.8783798217773,29.401801228523254,13.79318368403086,548.670768737793,29.728369116783142,18.79648627180533,565.3692245483398,41.56400799751282,9.429302683236497,560.2434539794922,32.70049810409546,11.159118912693678,555.0241088867188,30.182780027389526,13.704759378914492,550.5579376220703,29.559545516967773,17.99567819815678,565.4123306274414,42.23331570625305,8.22752090086068,560.6482315063477,34.69965934753418,15.772842187713213,556.3196563720703,31.738243103027344,21.43823500502095,552.2902679443359,30.747764110565186,27.06940509008615
737,29.48,568.8114547729492,61.255202293395996,2.6673300578349304,560.2857208251953,59.19469356536865,3.4628541576833394,553.5721588134766,52.141385078430176,18.21924195734905,548.0852508544922,45.774675607681274,34.89193752777215,543.673095703125,40.83167910575867,45.06117510626514,560.6994247436523,42.77262568473816,8.835346464425706,555.2894973754883,31.97855830192566,43.70638411824748,550.3383255004883,28.855326175689697,65.66960079779723,546.7481994628906,28.13490629196167,78.60870915741381,564.2821884155273,41.68890953063965,12.157110948330798,559.849967956543,31.191329956054688,39.23925926005655,554.901237487793,28.62112283706665,54.20684855166742,550.9192657470703,28.515931963920593,63.8638329297704,565.7822799682617,41.72863841056824,11.116371733552349,561.356201171875,32.24650025367737,30.04497006925701,556.5427780151367,29.240675568580627,44.678831207557074,552.2873306274414,28.39310109615326,52.149980548149365,565.8492279052734,42.08507537841797,11.534037296565218,561.2961196899414,33.88712525367737,25.980410313832113,557.2880935668945,30.50952672958374,39.11213467940131,553.4597015380859,29.280897974967957,46.89930163361303
738,29.52,569.312629699707,61.14993095397949,12.802791739334712,560.2907180786133,58.91662359237671,6.9528718177034365,553.7716293334961,51.60918831825256,14.208753461783893,548.3378601074219,44.79748249053955,25.23288804882,543.072509765625,39.65393543243408,33.050942009824404,561.3567733764648,41.22343182563782,42.07217636198739,556.8284606933594,30.17906427383423,59.1955807624687,552.2464370727539,26.361429691314697,78.50322225469466,548.1897735595703,24.923885464668274,87.99428472040749,565.3386688232422,40.66439509391785,36.791478997662566,561.2528228759766,30.299094915390015,41.563846164432114,556.1543655395508,27.47255802154541,42.49655169507633,552.0436477661133,26.791348457336426,51.46857776795278,566.9891738891602,41.2387490272522,32.56325137508705,562.9978561401367,32.412317991256714,41.2502011882542,558.4336090087891,29.299954175949097,47.293999354092584,554.4283676147461,27.953331470489502,54.64337050745025,567.2742462158203,41.86246991157532,36.057509440320686,563.2096099853516,33.99691343307495,47.915932599216696,559.4516754150391,30.66848874092102,54.23533980872677,555.9256362915039,29.31257665157318,61.65345563442691
739,29.56,569.3929672241211,63.08974027633667,48.536805138811886,561.0985565185547,58.919384479522705,20.19607894407968,555.1004791259766,50.684616565704346,40.471245166981426,549.8599243164062,43.30600619316101,53.27511732690758,544.8894882202148,37.31976628303528,73.94996755598017,563.8444519042969,41.40673041343689,62.36055859939476,560.0802993774414,30.499556064605713,81.68984719368538,556.2275695800781,25.769662857055664,100.62182922644874,552.5257873535156,23.55197846889496,113.6968129124993,567.5135803222656,41.56825661659241,58.881266549493226,564.0963745117188,31.311213970184326,75.45764907470365,559.8261260986328,27.30105221271515,91.89409613004564,555.9258270263672,25.431336164474487,102.83770358397607,568.9743804931641,42.4213171005249,57.768463003747996,565.6634521484375,33.88292670249939,76.10885321798929,561.9185638427734,29.929615259170532,88.53453872160095,558.1426239013672,27.67471969127655,93.11727916390076,569.2731857299805,43.32614779472351,61.93803418986601,566.0213088989258,35.737788677215576,82.67518293091389,563.271484375,32.212475538253784,103.00132196037507,560.285530090332,30.412763357162476,112.4140914326785
740,29.6,569.5528793334961,64.05287504196167,24.407996377727905,560.8710861206055,59.19746160507202,8.981566876697594,555.7480239868164,49.963810443878174,24.223901059467316,551.7087173461914,41.933079957962036,57.57040317233222,547.3403167724609,35.718151330947876,73.1937968992874,566.0929870605469,41.6631817817688,56.57780954806575,563.7078475952148,30.29236078262329,90.83651508736388,560.7263946533203,25.805853009223938,112.47426585320122,557.756462097168,23.42911720275879,130.80293661793087,570.6314849853516,42.09457755088806,79.05039221111937,568.8759231567383,31.08370542526245,119.62400832431304,565.310173034668,27.005542516708374,137.30007460183378,561.9643402099609,25.38955807685852,150.96644262269092,572.4545288085938,43.38095426559448,90.25081642972431,570.5048751831055,34.41761255264282,121.77147130731507,567.2727584838867,30.358057022094727,134.2827301795166,564.2140960693359,28.08159649372101,152.12725556829588,572.6476669311523,44.49285864830017,89.26203557824836,570.2751159667969,36.399757862091064,107.62515322984095,567.5817489624023,32.70561218261719,108.45956782203649,564.6860504150391,30.650006532669067,110.17277185313338
741,29.64,570.3902816772461,64.07092809677124,20.939922965861623,561.6517639160156,59.09177541732788,19.694977001229773,557.4101638793945,50.04370093345642,41.60146867017342,554.2214584350586,41.998618841171265,62.83989141507652,550.9787750244141,35.87136626243591,91.04206880076332,567.7525329589844,41.93143129348755,42.027151860122494,566.3187408447266,30.72849154472351,66.17672174751095,563.824348449707,26.24448001384735,78.22128616036922,561.4569091796875,24.144065380096436,94.22201012371569,572.638053894043,42.54946231842041,51.437091049771546,571.8660736083984,32.0298957824707,78.4070943682606,569.0805816650391,27.99025297164917,97.42187870303613,566.2195587158203,25.926607847213745,107.2243762760091,574.9752807617188,43.746163845062256,63.67676404171368,573.992805480957,34.493043422698975,87.2186461530314,571.4826202392578,30.293047428131104,105.25909178855852,568.753662109375,27.874749898910522,113.60690269978268,575.6349945068359,44.84132409095764,75.18956962723489,574.1485977172852,36.49485468864441,96.86622307913333,572.1455383300781,32.4964714050293,114.21447275126894,569.4235992431641,30.196083784103394,118.98112970271266
742,29.68,570.9965896606445,63.77520561218262,16.864555260663344,562.1744918823242,58.88760566711426,14.029651939361582,558.4801483154297,49.939048290252686,26.877254197171535,555.7847595214844,41.40842914581299,41.774948857891516,553.1243896484375,34.245615005493164,67.29937436686431,569.7088241577148,41.64837956428528,49.416555523141035,568.8301086425781,29.378331899642944,71.28244560939376,565.7028579711914,24.6333646774292,61.86927069206707,562.757682800293,22.757327556610107,47.533237076483246,575.0173950195312,42.63061165809631,59.51811387494607,574.8313522338867,31.23535394668579,76.7470441433664,571.0228729248047,27.66196310520172,49.24599967366653,567.4413299560547,26.861531138420105,38.46107223466325,577.3882293701172,44.302085638046265,61.90400848635789,576.9643402099609,34.73957061767578,74.54358751570894,573.7220001220703,30.849623680114746,57.68773366050991,570.3908538818359,29.150919914245605,51.895368337731576,578.1928253173828,45.777525901794434,68.09447612507279,577.0013809204102,37.4636971950531,75.32026539325427,574.6221923828125,33.76736640930176,69.592516699042,571.5811157226562,32.19093561172485,73.46049607376165
743,29.72,571.1117172241211,64.02608871459961,6.9009368453866875,562.4563980102539,58.81397008895874,7.284112134236345,559.1024398803711,50.070576667785645,15.900992616297515,556.671257019043,41.540937423706055,22.40865146667458,554.799690246582,34.18357014656067,41.91122805006566,571.1361312866211,40.4058301448822,47.30971557120643,570.6113815307617,28.512069582939148,49.51857923748766,566.9725799560547,24.684414267539978,31.76869508155423,563.7179565429688,23.846381306648254,36.298792432950705,576.4149475097656,42.29930877685547,35.9071246593102,576.0345458984375,31.453592777252197,30.57064749868461,572.0034027099609,28.50238859653473,32.28538432926044,568.7209320068359,27.971522212028503,42.3487130254119,578.8201522827148,45.12779474258423,41.323410079359384,578.1684112548828,36.25663161277771,48.42043179329691,574.8693466186523,32.92059659957886,59.18896020570878,571.5691375732422,31.743128299713135,71.18592193651298,579.6531677246094,47.815293073654175,62.675229322743206,578.6953735351562,40.142197608947754,79.23057903221512,576.0400772094727,36.95579409599304,87.23699220704997,572.9880142211914,35.95051288604736,100.35494714631272
744,29.76,570.2165985107422,65.41162490844727,41.23824116871801,561.7101287841797,58.69155406951904,18.906074414075125,558.6455154418945,49.24150228500366,23.666224279847206,556.8095016479492,40.5231499671936,25.6783333286001,555.5424880981445,33.310747146606445,28.652755512504342,571.0715866088867,41.43618106842041,25.809264822199417,571.2784957885742,29.280989170074463,25.449444547684458,568.1159591674805,25.209038257598877,31.449824642455887,564.9790954589844,23.979443907737732,31.703479908538462,576.5393829345703,43.17513942718506,22.115654848476048,576.6822052001953,31.34925127029419,16.400261454236126,572.5448989868164,27.915040254592896,19.971797187380187,569.101676940918,26.962475180625916,26.96227244238124,579.0910720825195,45.644670724868774,14.58934369216163,578.7797927856445,36.48923993110657,16.35340189976388,575.2332305908203,32.471909523010254,14.442377701585768,571.7024993896484,30.61557412147522,28.385337312344845,580.0506210327148,48.03530216217041,11.357077395662952,579.3373107910156,40.64492583274841,20.38411004106554,576.6510772705078,37.00715661048889,15.328877618736087,573.3281707763672,35.39838910102844,16.212401811820516
745,29.8,569.8228073120117,65.53194522857666,10.294066483708573,560.729866027832,59.12304639816284,26.775696783192597,557.8340911865234,49.601891040802,22.19641549764299,556.46484375,40.71149468421936,9.819075791867025,555.5525588989258,33.28096389770508,0.7859957631471429,570.7226943969727,42.024757862091064,17.105343053814995,571.4049911499023,29.321980476379395,3.3242822185884755,567.7165222167969,25.179778933525085,10.012679012652622,564.2281723022461,24.312116503715515,20.532849343192463,575.9357833862305,43.517128229141235,17.343744467016855,576.1642837524414,31.3161563873291,12.974443565187466,571.6757583618164,27.749728560447693,22.118055156457412,568.1377029418945,26.9087952375412,24.13668638042017,578.1488418579102,45.383931398391724,24.44103609376988,578.0286026000977,35.22035837173462,36.864168804003775,574.2771530151367,31.41455054283142,35.63786911146835,570.84228515625,29.54285502433777,34.37563443691485,578.8004302978516,46.83683395385742,43.29623915447893,578.1683731079102,38.0686354637146,70.7269722796772,575.4497528076172,34.18549060821533,76.66884754222987,572.2077560424805,32.195059061050415,84.84048459070144
746,29.84,567.9423141479492,64.54854011535645,53.052687000715714,559.077033996582,58.56340169906616,43.62522143749684,556.361083984375,49.43623065948486,37.057333784280374,554.9333190917969,40.65267205238342,38.31634671308958,553.8678359985352,33.47675442695618,42.40154170579344,569.1513442993164,41.82127833366394,39.61174895069984,570.2568054199219,29.42194640636444,28.813231093637313,566.2985610961914,25.605273842811584,37.010637468988584,562.5997543334961,25.355408191680908,48.34900869669897,573.9093017578125,43.151646852493286,51.47939167152244,574.5441436767578,31.328787803649902,40.50473288328716,570.4171752929688,27.92313516139984,31.76182054019182,567.1440124511719,27.24713444709778,26.242787248070716,576.0725021362305,44.6474289894104,55.077345832135094,576.3425064086914,34.28921341896057,48.153084595844206,572.9111480712891,30.615087747573853,39.56885034039784,569.5309448242188,29.018665552139282,35.305701285128485,576.5465545654297,45.948389768600464,60.56653824264859,576.1521148681641,36.75413489341736,60.17271515529167,573.7594985961914,32.59803771972656,57.97071444064412,570.4446411132812,30.517044067382812,60.849756432023064
