frame,time_s,WRIST_x,WRIST_y,WRIST_speed_px_s,THUMB_CMC_x,THUMB_CMC_y,THUMB_CMC_speed_px_s,THUMB_MCP_x,THUMB_MCP_y,THUMB_MCP_speed_px_s,THUMB_IP_x,THUMB_IP_y,THUMB_IP_speed_px_s,THUMB_TIP_x,THUMB_TIP_y,THUMB_TIP_speed_px_s,INDEX_FINGER_MCP_x,INDEX_FINGER_MCP_y,INDEX_FINGER_MCP_speed_px_s,INDEX_FINGER_PIP_x,INDEX_FINGER_PIP_y,INDEX_FINGER_PIP_speed_px_s,INDEX_FINGER_DIP_x,INDEX_FINGER_DIP_y,INDEX_FINGER_DIP_speed_px_s,INDEX_FINGER_TIP_x,INDEX_FINGER_TIP_y,INDEX_FINGER_TIP_speed_px_s,MIDDLE_FINGER_MCP_x,MIDDLE_FINGER_MCP_y,MIDDLE_FINGER_MCP_speed_px_s,MIDDLE_FINGER_PIP_x,MIDDLE_FINGER_PIP_y,MIDDLE_FINGER_PIP_speed_px_s,MIDDLE_FINGER_DIP_x,MIDDLE_FINGER_DIP_y,MIDDLE_FINGER_DIP_speed_px_s,MIDDLE_FINGER_TIP_x,MIDDLE_FINGER_TIP_y,MIDDLE_FINGER_TIP_speed_px_s,RING_FINGER_MCP_x,RING_FINGER_MCP_y,RING_FINGER_MCP_speed_px_s,RING_FINGER_PIP_x,RING_FINGER_PIP_y,RING_FINGER_PIP_speed_px_s,RING_FINGER_DIP_x,RING_FINGER_DIP_y,RING_FINGER_DIP_speed_px_s,RING_FINGER_TIP_x,RING_FINGER_TIP_y,RING_FINGER_TIP_speed_px_s,PINKY_MCP_x,PINKY_MCP_y,PINKY_MCP_speed_px_s,PINKY_PIP_x,PINKY_PIP_y,PINKY_PIP_speed_px_s,PINKY_DIP_x,PINKY_DIP_y,PINKY_DIP_speed_px_s,PINKY_TIP_x,PINKY_TIP_y,PINKY_TIP_speed_px_s
23,0.92,507.34325408935547,34.81102466583252,,512.7694320678711,26.531184911727905,,514.4241333007812,15.605608820915222,,512.0557022094727,6.841886043548584,,509.0423583984375,0.21643102169036865,,505.2524185180664,7.30787068605423,,501.1481475830078,-4.338138699531555,,500.3775405883789,-9.770477414131165,,500.3086853027344,-12.851209044456482,,501.4679718017578,8.492812514305115,,498.3539581298828,-3.107961416244507,,498.63597869873047,-8.122610449790955,,499.1933822631836,-11.058146953582764,,499.23030853271484,9.757595658302307,,496.9627380371094,-1.137012541294098,,497.6407241821289,-5.807744264602661,,498.5490417480469,-8.530234694480896,,498.175048828125,11.025452613830566,,496.38675689697266,1.258983314037323,,497.0281219482422,-3.823803663253784,,497.8803253173828,-6.769165992736816,
25,1.0,486.86710357666016,32.119739055633545,,491.2858200073242,22.479692101478577,,493.2577896118164,10.131137073040009,,494.23004150390625,0.3980695456266403,,494.20921325683594,-6.354784369468689,,483.3170700073242,2.3327285796403885,,480.63159942626953,-9.372943639755249,,477.7824401855469,-15.016148686408997,,475.0434875488281,-18.672510981559753,,478.87943267822266,3.4135088324546814,,474.8585510253906,-7.2440654039382935,,471.7311477661133,-12.512497007846832,,468.19759368896484,-16.295287013053894,,475.7779312133789,5.2044689655303955,,471.10206604003906,-4.265297949314117,,467.4772644042969,-8.775847256183624,,464.0475082397461,-12.304838597774506,,473.85387420654297,7.741404175758362,,468.6614227294922,0.8722214587032795,,465.50987243652344,-2.427702695131302,,462.8759765625,-4.864213764667511,
31,1.24,484.4050979614258,128.63396644592285,,477.52635955810547,112.16715574264526,,464.86881256103516,100.80250024795532,,452.862548828125,96.01412773132324,,445.0959014892578,96.7628002166748,,448.3284378051758,113.66101741790771,,436.35772705078125,103.66081237792969,,442.23445892333984,102.21575260162354,,448.6683654785156,104.84030485153198,,445.90282440185547,123.48635673522949,,435.7923889160156,115.36277532577515,,441.1476516723633,112.72647857666016,,446.86676025390625,114.38946962356567,,446.1495590209961,131.87579154968262,,436.73282623291016,125.2013111114502,,441.00101470947266,122.77772426605225,,446.3277816772461,124.70964431762695,,447.81028747558594,138.18484783172607,,439.37530517578125,134.37169075012207,,442.0220947265625,132.15256690979004,,446.5453338623047,133.24097156524658,
33,1.32,441.29608154296875,169.42492961883545,,451.11576080322266,149.54508304595947,,449.7028350830078,129.85612392425537,,440.19458770751953,117.99096822738647,,428.9595413208008,112.91615724563599,,452.1461868286133,119.26355123519897,,436.09596252441406,99.30780172348022,,430.8258819580078,104.09196853637695,,433.19217681884766,111.80520057678223,,440.0217819213867,120.93735694885254,,424.27459716796875,98.71686458587646,,420.79166412353516,105.17975807189941,,424.1767120361328,113.86548042297363,,427.50362396240234,125.53773880004883,,412.5931930541992,103.14492702484131,,411.2766647338867,109.8172402381897,,415.5189514160156,117.66333818435669,,415.3251266479492,132.08959579467773,,404.2469787597656,114.35402154922485,,404.24076080322266,119.67841386795044,,408.32950592041016,127.47788429260254,
34,1.36,433.2651138305664,176.12016677856445,261.3936722439272,441.06494903564453,157.53843784332275,321.0456919425737,440.7469177246094,136.1881971359253,274.207502277484,431.27323150634766,121.78017139434814,242.3177886432146,418.5631561279297,114.95157480239868,264.8439985502399,442.8806686401367,123.26494216918945,252.31547305359018,422.5716018676758,103.42313289642334,353.4157270804877,412.8927993774414,106.51874542236328,452.41345643101437,411.93859100341797,114.58133697509766,535.8532001140131,432.95841217041016,126.8675708770752,230.56808847048939,412.9956817626953,104.03858184814453,311.78378660022196,404.075927734375,107.88907527923584,423.34696376159815,403.36952209472656,116.78414583206177,525.2724061308362,420.7461929321289,134.44634914398193,279.53780199301116,401.6460418701172,110.0244927406311,323.234187050406,394.6076202392578,114.39610719680786,432.16248896439646,395.57994842529297,123.03614616394043,516.2550882615624,407.540283203125,144.36595916748047,363.4151251681016,392.5312805175781,123.88817310333252,377.62219144825235,387.90252685546875,125.59500217437744,434.41332976159276,389.12933349609375,132.2734022140503,494.74969255827153
35,1.4,431.28467559814453,186.25250816345215,258.101818005446,411.6987991333008,181.41749382019043,946.235988810833,395.16448974609375,164.44138526916504,1340.708856377104,383.4312057495117,148.1411075592041,1365.5947385675415,374.54044342041016,136.84515953063965,1229.1583213680885,412.657470703125,145.02804279327393,931.0861407228306,391.16954803466797,120.15227794647217,889.5059299397243,379.20738220214844,123.15869808197021,939.2800949355717,377.37972259521484,132.5251293182373,973.4908414146796,420.46627044677734,140.16846656799316,456.18487961571566,397.27222442626953,114.3372917175293,469.9006115553618,384.5165252685547,117.17508316040039,541.2948406304251,380.62591552734375,126.4704179763794,618.0086507008226,424.34814453125,138.17035675048828,129.52385874745275,401.94923400878906,113.37490797042847,84.10264444791014,390.1372528076172,116.42296314239502,122.70984576948993,386.2174987792969,124.6395206451416,237.46877834356917,424.98401641845703,138.40074062347412,460.88750034948544,408.36727142333984,118.64341735839844,417.04771219204264,397.84889221191406,118.77049684524536,301.56265600125255,393.3316421508789,124.30375099182129,225.2425618001326
36,1.44,428.6623764038086,196.91408157348633,274.48315139795324,411.90006256103516,193.8581371307373,311.05678033479484,390.85704803466797,179.49477195739746,391.43845691467243,370.8707809448242,166.86980724334717,563.7643917969133,354.5610809326172,158.04790019989014,728.3247632864911,404.8451614379883,152.55311965942383,271.17678492959794,374.2427444458008,131.95552825927734,515.8932772887858,357.4671173095703,133.52577209472656,602.1395919891796,352.9743194580078,139.45525646209717,634.2566340408165,407.0410919189453,150.35695552825928,421.3376954694615,375.4127883911133,129.66640949249268,667.4657273662942,359.9943542480469,132.12256908416748,717.967707752344,355.2052688598633,138.42584609985352,702.2915787835393,405.57125091552734,152.5284719467163,590.9352787342285,376.02283477783203,131.78768634796143,794.9876511081457,362.75665283203125,133.33648681640625,804.5823987069298,358.1882858276367,137.9988670349121,776.2525823835417,401.6233825683594,157.78165340423584,758.8391603684132,380.44410705566406,139.07063484191895,864.9329173494051,368.73531341552734,137.35021591186523,863.4257462746639,363.5633850097656,140.18606185913086,843.5034572044227
37,1.48,418.50086212158203,211.49831771850586,444.37900240222075,414.0309524536133,188.0688714981079,154.22444743667313,397.0709228515625,164.46159839630127,406.6698196618462,376.7372131347656,154.7411298751831,336.82324865962323,357.90233612060547,153.43148231506348,142.46776020956037,395.49320220947266,150.97858428955078,237.08951769690262,361.2314224243164,138.7410306930542,366.8595985059849,343.0656051635742,142.27286338806152,421.24455351464877,334.89696502685547,148.12923431396484,501.2662933787005,388.5674285888672,163.78791332244873,571.000691824434,351.40209197998047,147.22904205322266,743.7067653865664,336.5903091430664,150.52159309387207,744.2586125575094,332.0859909057617,157.45651245117188,748.6100766145748,380.05836486816406,181.41252994537354,963.4560709159041,344.25838470458984,164.7595739364624,1144.5866228698683,334.76261138916016,167.14641094207764,1097.376794248687,334.39109802246094,172.35623359680176,1044.8489078877803,371.0513687133789,201.11382007598877,1325.78389538456,346.148681640625,185.51260471343994,1443.310597624817,339.3114471435547,182.73837089538574,1352.2778281475223,338.4236145019531,183.46826076507568,1251.3384842138164
38,1.52,410.8104705810547,221.2657356262207,310.78989549871466,406.25003814697266,192.1221399307251,219.33366766489556,387.49610900878906,168.2944107055664,257.8365644185045,365.3902816772461,160.1095962524414,313.82049481490924,346.69612884521484,160.7591199874878,334.73250080974157,383.5569381713867,155.68734169006348,320.78691861166453,345.4988098144531,144.81694221496582,421.62764997249604,328.1461715698242,150.37200450897217,424.40074344210757,322.7711486816406,157.62351036071777,385.01355470443013,375.5272674560547,170.570969581604,367.4707935542117,333.79520416259766,154.088716506958,472.39921691373274,319.6917724609375,160.01393795013428,484.552082383478,319.1385078430176,168.5471534729004,426.20390948237275,366.76658630371094,189.35447216033936,387.09319255212284,326.53186798095703,172.07327842712402,479.400451429933,318.7196731567383,177.0161533355713,470.89521262911387,323.5081100463867,183.84005069732666,395.53561982905234,359.26414489746094,210.08821964263916,370.3701635428724,328.5518264770508,192.7097225189209,475.29452471190143,321.2544631958008,190.92209815979004,495.62338349521787,322.9556655883789,192.9472017288208,453.53318882628855
39,1.56,407.1726608276367,227.10362434387207,171.9640305444427,399.67750549316406,195.2483081817627,181.95314200910303,380.2666473388672,171.6115379333496,198.85366648959837,357.02404022216797,165.98394870758057,255.56556503648338,339.05269622802734,169.58723545074463,291.9307332293058,374.6422576904297,157.5494384765625,227.677036226546,333.0467224121094,149.00081634521484,328.40455559166554,317.105712890625,157.0345115661621,322.37471222768386,312.9990005493164,164.58499431610107,299.95534874080306,366.2215042114258,173.49726676940918,243.87553792411558,322.5860595703125,157.87970066070557,295.82140235359986,308.09885025024414,164.84571933746338,313.9884121648912,307.19226837158203,173.5371208190918,323.66303042761655,357.96680450439453,193.5431957244873,243.64621484391637,316.5610122680664,175.1778745651245,261.0752774911998,307.9327964782715,180.68927764892578,284.87777060720134,311.6259956359863,187.3401689529419,309.6726806899662,351.5998840332031,215.9202003479004,240.77075915423833,320.36598205566406,196.92764282226562,230.21579628757522,313.3621406555176,194.89890575408936,220.9408203031117,314.70611572265625,196.25741958618164,222.22260130643116
40,1.6,405.25047302246094,230.60111045837402,99.7722878593439,395.30799865722656,194.92702960968018,109.53255768886689,372.8734588623047,173.0042266845703,188.08046450879942,348.82701873779297,168.04347038269043,211.2948040439481,330.361328125,171.41804695129395,222.05257014509084,364.6544647216797,159.3961000442505,253.92686857167632,323.8621139526367,152.57001399993896,246.34351581214906,306.5687561035156,159.81266498565674,272.4261307626115,300.2933883666992,166.9978380203247,323.31717754791686,356.06311798095703,175.5113124847412,258.90296318170107,312.5544738769531,162.572979927063,276.8794658728245,295.6073570251465,168.61041069030762,326.16167767577406,291.8762016296387,176.83138847351074,391.65841289206844,348.2914733886719,195.75373649597168,248.11605487813782,307.6790237426758,180.86116790771484,263.61613117265597,294.6793746948242,184.6460723876953,345.78661553650824,293.3892059326172,190.42442321777344,462.39398991487917,342.8839874267578,218.0934190750122,224.56866056135593,311.7428970336914,201.39501571655273,242.78979575033156,301.89239501953125,198.74732494354248,302.4539171634028,299.57069396972656,199.0395212173462,384.72480515719417
41,1.64,402.0075988769531,229.46906089782715,85.86970118709436,388.95336151123047,193.87118339538574,161.0439079985511,365.05855560302734,172.72198677062988,195.49995575588494,342.3316192626953,168.26251029968262,162.47729231021572,324.6794128417969,172.0721197128296,142.98595311882937,355.16334533691406,158.2181453704834,239.09846871807275,314.4691467285156,154.7892951965332,241.28955932521444,298.5369110107422,162.75815963745117,213.87273426336156,292.1441459655762,169.5681095123291,213.62415484746836,347.4455261230469,175.15954971313477,215.61920496126916,302.64698028564453,164.4598388671875,252.13918021817415,288.50433349609375,171.28151893615723,189.7165031621566,286.6566467285156,179.22104358673096,143.51438282881514,341.2672424316406,195.92448234558105,175.65764764677016,298.7103843688965,182.29724407196045,227.07213469294655,290.06553649902344,187.4897575378418,135.49457583745243,292.81972885131836,192.95581340789795,64.86640328775388,337.8096389770508,218.36854934692383,127.04504333002899,303.9829635620117,201.1867332458496,194.06820494432003,296.3329315185547,199.40118312835693,139.94455362870377,297.05909729003906,200.15685081481934,68.72291880627768
42,1.68,398.61328125,227.53629684448242,97.65042574966786,386.14768981933594,192.31194019317627,80.24584493267693,362.60616302490234,171.28339290618896,71.07997988203869,339.6416473388672,165.9975242614746,87.91370308525852,321.8284225463867,169.59440231323242,94.42996471191442,351.8267059326172,156.77902221679688,90.8440902239355,311.13155364990234,150.19639492034912,141.93805978616848,298.0278015136719,158.87460708618164,97.91952339319032,295.09607315063477,166.43661975860596,107.58747076089121,343.37696075439453,172.60202407836914,120.14096286102966,298.5577583312988,160.68503379821777,139.12873872025514,286.9279098510742,169.06272411346436,68.04484722310607,286.97317123413086,177.39861488342285,46.242797691209645,336.7866897583008,192.49591827392578,141.04610029175348,293.7353515625,178.17808628082275,161.47448005221224,286.07669830322266,184.55891132354736,123.74542841081859,288.746280670166,190.43752670288086,119.72559253663972,333.0117416381836,214.37431812286377,156.07230284704016,299.12614822387695,198.0684471130371,144.29215942583266,291.1496353149414,197.63216972351074,136.92143723892673,290.9564208984375,199.0852403640747,154.9011945135434
43,1.72,395.12603759765625,224.56243515014648,114.57727105498059,382.92457580566406,188.62565517425537,122.41619885111375,359.0338134765625,167.392315864563,132.05624237278752,335.3555679321289,162.70977973937988,135.04568838783288,316.8143653869629,166.6066074371338,145.918828933269,348.14796447753906,152.18753814697266,147.08599664983385,308.2682228088379,147.4925708770752,98.45471028084762,295.2042579650879,156.3900661468506,94.0257340105698,291.6883850097656,163.09041023254395,119.3981172844874,339.2438507080078,167.93054580688477,155.93529887523357,295.1116180419922,156.25102043151855,140.3931030839162,285.335636138916,164.7087049484253,115.9008694530522,287.04790115356445,172.37540245056152,125.59420693873378,332.91187286376953,187.77020931243896,152.77952078653573,289.73690032958984,173.0830478668213,161.91631461597552,283.3710289001465,179.2084836959839,149.8910494253599,287.55640029907227,184.19875144958496,158.78076859039695,329.2662811279297,209.06659126281738,162.40466213814747,295.7887268066406,191.93780422210693,174.50494973699966,289.03255462646484,190.9312391281128,175.68526810368292,290.62435150146484,191.75092220306396,183.54579294303127
44,1.76,392.3294448852539,219.8062562942505,137.9360542704799,379.70897674560547,183.99949550628662,140.84883427941116,356.8785095214844,163.80002975463867,104.73136658354372,334.13604736328125,159.57366943359375,84.12200317062008,317.02043533325195,164.24537658691406,59.25514719621911,344.0658187866211,147.87885189056396,148.38440513166572,305.71338653564453,144.85535144805908,91.79499816031851,294.5608901977539,154.59816455841064,47.59748802916167,292.00782775878906,161.2706422805786,46.18981942013677,334.8947525024414,162.15070724487305,180.83346794181006,291.6160202026367,152.74967193603516,123.68974679952882,285.155086517334,163.20988655090332,37.74134631445125,288.56502532958984,170.7764196395874,55.10451317310261,329.0211486816406,181.36058807373047,187.4516255682811,285.84224700927734,167.54058837890625,169.35019497442389,281.3058662414551,176.12573146820068,92.76400872899083,285.71271896362305,181.9184446334839,73.30995857590237,326.24629974365234,202.8964376449585,171.73941603006938,292.5577926635742,188.12426090240479,124.95511216052032,286.40512466430664,189.29916858673096,77.3265900988021,287.0980453491211,191.27052783966064,88.97195423435082
45,1.8,392.21668243408203,213.4767723083496,158.26220904358763,376.7819595336914,178.59051704406738,153.75401979215204,352.4800109863281,160.19797325134277,142.13022289591498,330.5023193359375,157.61034965515137,103.25515704169015,314.0294075012207,164.08495903015137,74.88316434830024,338.9607238769531,144.3762731552124,154.77817157559468,301.6105270385742,142.90283203125,113.59409130132092,294.479923248291,154.09443855285645,12.754791638265681,295.57165145874023,160.94970703125,89.45613030487094,330.1910400390625,159.4046974182129,136.16506734993607,288.74073028564453,154.40701961517334,82.96871939284432,286.26943588256836,166.9735336303711,98.12878606257873,292.935733795166,173.99548530578613,135.70527867026462,325.2218246459961,179.18150424957275,109.49677346996364,283.6969566345215,169.2892026901245,69.19141385234087,282.4396514892578,179.95418071746826,99.82012773719721,288.8230895996094,185.99345684051514,128.1603731186528,323.9248275756836,201.0476303100586,74.19282979268115,293.06324005126953,190.27340412139893,55.19450627936462,289.7247886657715,192.49504566192627,115.20036719337239,292.04492568969727,194.0190553665161,141.47886032430176
46,1.84,392.9490280151367,210.06556034088135,87.22348141802547,377.1408462524414,175.06323337554932,88.63735723119729,353.3140563964844,156.78910732269287,87.73539289289438,331.9574737548828,154.26316738128662,91.24521753717576,316.0975456237793,159.61662769317627,123.09341023937333,338.7789535522461,141.23748779296875,78.60110527681495,301.9757270812988,141.58610343933105,34.160880916471044,293.9579963684082,153.07022094726562,28.738360378012185,293.97876739501953,159.98425483703613,46.56566317958808,331.0227584838867,156.00867748260498,87.40962108982616,290.68714141845703,152.5338363647461,67.53393493097389,286.61218643188477,164.9930477142334,50.248149238780826,291.7138481140137,172.06428050994873,57.132283897058315,326.46839141845703,175.49878120422363,97.19946549155112,286.01016998291016,166.84432983398438,84.14407019308595,283.25063705444336,177.26652145385742,70.1837316629203,288.3846092224121,183.08605670928955,73.506974857142,325.0099182128906,197.05026626586914,103.55053413893206,292.9611015319824,185.795259475708,111.98273233196603,287.40760803222656,187.54333019256592,136.67665349735634,288.1587600708008,188.92571926116943,160.1646728751404
47,1.88,392.3630905151367,209.32122230529785,23.682296461736822,378.2210922241211,175.41895866394043,28.432725864432314,353.30501556396484,157.20049381256104,10.287145519369528,330.24410247802734,155.25728702545166,49.5221856801838,313.8749885559082,161.5853977203369,74.22859683012116,339.0340805053711,141.55091285705566,10.103372982843778,301.9948959350586,141.39761924743652,4.7364105309689535,295.9014320373535,152.2521686553955,52.714749783403036,297.5801086425781,158.67679595947266,95.78330849463815,330.2817916870117,156.44209384918213,21.460451138200337,289.58595275878906,152.02342987060547,30.343154638260888,288.8597869873047,164.06487464904785,60.79274985380594,296.21620178222656,170.85585594177246,116.54258473472818,325.3412628173828,175.59239387512207,28.275234476395866,284.8040771484375,166.4211130142212,31.954776656792145,285.56833267211914,176.67254447937012,59.81493136340737,292.89560317993164,182.22754955291748,114.79901192497199,323.9021301269531,196.8362331390381,28.20687662971288,292.6932907104492,186.05628490447998,9.349361963386906,290.90898513793945,189.1648006439209,96.46504568050706,294.62533950805664,191.61975860595703,175.13298092022083
48,1.92,396.6063690185547,204.6060276031494,158.5845073153777,380.40252685546875,170.45708656311035,135.50560826917547,356.0395812988281,152.70163536071777,131.6187133541663,333.9847183227539,149.89015102386475,163.5511306850051,317.8296089172363,155.53197383880615,180.76739697003913,341.2076950073242,137.71262168884277,110.27544801281132,303.7376022338867,140.3569507598877,50.74455725095296,294.3288040161133,152.77230262756348,41.41028134860657,292.67330169677734,160.16226768493652,128.16829914830586,334.32506561279297,151.3363552093506,162.8201290864619,291.4396095275879,149.36219215393066,81.07955044725458,285.4037284851074,162.48039722442627,95.04903037296543,289.13463592529297,170.89240550994873,177.04150441531624,330.6271743774414,170.49455165863037,183.59067290613865,287.8762435913086,163.3487606048584,108.62077373832717,282.30234146118164,174.39788818359375,99.50113018779003,285.14625549316406,181.27980709075928,195.17717166876182,329.9510192871094,192.82055854797363,181.51222839862683,296.09683990478516,183.6868715286255,103.67698293239617,289.2839050292969,186.2010669708252,84.50074942177703,288.7359428405762,188.223237991333,169.9657049828288
49,1.96,398.0413055419922,204.51416015625,35.946857078320456,381.2907409667969,171.23870372772217,29.578811034867364,355.4987335205078,154.03578758239746,35.990263179147355,332.6061248779297,151.5395450592041,53.74139797403249,316.4476203918457,157.5644016265869,61.444359977415516,339.75341796875,138.84427070617676,46.06755368041842,302.7847480773926,142.28960037231445,53.86943456150167,293.4937286376953,154.03215408325195,37.787039593955754,292.200870513916,161.5499210357666,36.646734545946394,332.3759460449219,153.300461769104,69.17722560534467,292.12167739868164,152.59909629821777,82.69962598192866,286.5557670593262,164.7174310684204,62.90624619057699,290.36983489990234,172.97943592071533,60.62905884526754,328.7779235839844,172.46675491333008,67.58935832912964,288.5074996948242,168.7203311920166,135.21338423268435,285.4528045654297,178.8339614868164,136.02427201329044,290.0899887084961,184.70203399658203,150.3166139755399,328.8264846801758,194.1589593887329,43.70279519619164,296.75037384033203,188.18730354309082,113.69090476412316,294.4771957397461,191.57143592834473,186.76711960207217,298.44751358032227,193.89325618743896,281.140214769767
50,2.0,398.0712890625,204.80225086212158,7.241169894759272,382.48973846435547,171.7773199081421,32.860523323605136,356.7597961425781,154.69571113586426,35.58245734560691,333.49266052246094,151.98659420013428,24.821845008868284,317.25786209106445,157.88663864135742,21.799201602941444,340.7642364501953,140.00694751739502,38.515998054185815,304.02626037597656,141.59940719604492,35.51161260862699,296.17897033691406,152.60423183441162,76.03241468263894,296.61754608154297,159.6798849105835,119.90636497691311,333.5717010498047,154.95509147644043,51.036932093965795,293.1199645996094,154.41596031188965,51.82646633063076,289.7267150878906,165.76778411865234,83.50955383213767,295.40382385253906,172.46004581451416,126.5178121295777,329.9599075317383,174.28482055664062,54.212825605052295,289.49012756347656,170.9908103942871,61.849784438767294,288.02045822143555,179.79919910430908,68.577187148056,293.572940826416,184.12445068359375,88.26295209190755,330.23834228515625,195.55708408355713,49.67453169770766,298.0492401123047,190.59805870056152,68.45981495437552,296.3313102722168,193.11261177062988,60.27522125821281,300.55809020996094,194.28634643554688,53.67176662789335
51,2.04,395.8863830566406,207.93800354003906,95.54697506824529,381.92859649658203,174.3535566329956,65.91602598420496,355.435791015625,156.42286777496338,54.40622455302295,331.7427062988281,153.94712448120117,65.6982627614239,315.6482124328613,160.1378059387207,69.18600934650433,339.46800231933594,141.83220863342285,55.9676305091162,302.67372131347656,143.50905418395996,58.502743173084205,296.60375595092773,154.5084571838379,48.77574319827537,298.8089370727539,161.05958461761475,64.73873337279706,332.11673736572266,157.0633363723755,64.03912799625799,291.34998321533203,156.69739723205566,72.18807260112702,289.39098358154297,168.40983867645264,66.58250488467188,296.44725799560547,175.02878665924072,69.31443003752564,328.35594177246094,176.38249397277832,66.01581211017239,287.96289443969727,173.7357759475708,78.53055497337769,288.60450744628906,183.3149242401123,89.09768770698605,296.1595916748047,187.81099319458008,112.58707268371006,328.3992004394531,197.6564884185791,69.77616574861607,296.94889068603516,192.5194787979126,55.3546748838586,296.63997650146484,195.51959037780762,60.667231973330715,302.3497200012207,197.02965259552002,81.91331544793294
52,2.08,393.45054626464844,209.51047897338867,72.4826697636702,378.23814392089844,176.58483982086182,107.81368442196957,351.4398193359375,158.7336301803589,115.39988236306226,328.67061614990234,155.94645023345947,91.63460504488073,312.84969329833984,161.39453887939453,76.69373764549475,336.7168426513672,144.79438304901123,101.06729437305705,299.5953369140625,144.62652683258057,81.87336117051073,293.50433349609375,156.09605312347412,87.05917678897558,296.46278381347656,163.45466136932373,83.81835927540936,329.8590850830078,160.5397367477417,103.62900595240541,289.15571212768555,158.85676860809326,76.96472546616646,284.4755172729492,170.21162509918213,130.88220692681216,289.55554962158203,177.48939514160156,182.9450710186853,326.2333297729492,180.00680923461914,105.00340118801937,286.40844345092773,176.7903184890747,85.68309348386543,286.8999671936035,185.82196712493896,75.79050690631253,294.72116470336914,190.34398555755615,72.82308383613827,326.2071228027344,201.001238822937,99.97674614896351,295.178279876709,195.71472644805908,91.32589372635955,296.5235710144043,198.75941276550293,81.04782284718371,304.17503356933594,200.4781150817871,97.54378228882969
53,2.12,392.218017578125,212.21192836761475,74.23339794470719,378.1779479980469,179.0809965133667,62.42206031657032,351.650390625,161.56979084014893,71.0991717423545,328.26351165771484,158.2229518890381,57.81540590216531,312.0926284790039,162.38422393798828,31.151079996124032,336.03321075439453,148.1620216369629,85.9081712848794,297.79306411743164,146.69837951660156,68.651114237865,289.6442413330078,157.9664182662964,107.23390693654812,291.24778747558594,165.84710597991943,143.43983498966793,329.51114654541016,163.3260154724121,70.19798055097705,287.1999168395996,160.55362701416016,64.73244771335237,280.2023124694824,172.13403224945068,117.14288429033839,283.3764457702637,180.26232719421387,169.31936646058477,326.0242462158203,182.48584270477295,62.19587446127613,285.0726509094238,178.75818729400635,59.460329986473695,282.7108383178711,188.0078887939453,118.12878110489915,287.8170585632324,193.23297500610352,187.10448556236489,326.4635467529297,203.79416942596436,70.11693177988667,294.5277976989746,197.9456377029419,58.095245560162134,294.13652420043945,201.05099201202393,82.72442178381124,300.3104591369629,203.21906089782715,118.44756094422874
54,2.16,394.2643356323242,213.1515884399414,56.29375315291776,377.9838180541992,180.44320106506348,34.399197626559115,350.4561996459961,163.7351417541504,61.8204894993424,326.96651458740234,162.2898817062378,106.71843660547616,310.5278968811035,168.03650379180908,146.62164855371887,335.5906677246094,150.4885768890381,59.206754651444236,296.4976692199707,150.1772117614746,92.80463932482132,286.9246292114258,162.368745803833,129.36570700829387,287.3589324951172,170.91327667236328,159.6662114852685,329.2716598510742,166.56635284423828,81.22938261497997,286.6487121582031,164.05637741088867,88.64637239678498,278.83827209472656,176.33899211883545,110.51666629715982,282.0601272583008,185.09943008422852,125.32522390146632,326.53507232666016,186.63399696350098,104.48722131712816,284.1987991333008,182.09102153778076,86.1372488499777,281.0374641418457,191.6975498199463,101.28480765821703,286.5336799621582,197.31329441070557,106.934755450658,327.8203582763672,208.5706901550293,124.13724205823536,295.26689529418945,201.89582347869873,100.46838096586657,293.5458183288574,203.94443035125732,73.82800472071563,299.0090560913086,205.09637832641602,57.10719424316102
55,2.2,396.6261291503906,214.3913698196411,66.68548610562965,377.8091049194336,182.19293117523193,43.96077895330217,348.48644256591797,167.45118141174316,105.14541624376726,323.2094955444336,169.46054935455322,202.3821672786219,306.1444091796875,177.48610496520996,260.4202454265086,333.78318786621094,155.25592803955078,127.46229940361474,292.8392791748047,156.5018606185913,182.6626003188621,283.40457916259766,169.11898612976074,190.3229111340051,283.85936737060547,177.52334117889404,186.9824671613566,328.4629821777344,171.88307762145996,134.44683413918972,285.0349235534668,169.6382761001587,145.26249222969426,277.2971725463867,181.4595079421997,133.68496109140563,280.5902099609375,190.1042604446411,130.4055783833543,326.7141342163086,192.1558141708374,138.1179940113731,284.41883087158203,186.611909866333,113.15599090716262,280.0324058532715,195.42762279510498,96.5776454576865,284.3391799926758,201.2351417541504,112.35189334559404,328.65821838378906,213.93885612487793,135.8289720555088,294.67784881591797,206.36494159698486,112.69425592271058,290.5233383178711,208.53013515472412,137.30457467194594,293.5390281677246,210.63151359558105,194.54904255216607
56,2.24,397.83687591552734,215.39219856262207,39.2712195989782,376.2718200683594,185.11661052703857,82.58005837338538,344.7214889526367,172.86701202392578,164.89787925033684,318.20133209228516,179.43012714385986,278.91999576544305,301.24494552612305,190.94431400299072,358.0573754627208,330.66673278808594,159.81564044952393,138.0744127174596,287.58007049560547,163.80799770355225,225.05404217043886,281.59889221191406,176.98835849761963,201.84698230944957,285.51191329956055,184.66545581817627,183.27013799299706,326.53594970703125,177.3993444442749,146.07928883750307,282.01961517333984,179.0637731552124,247.40159579377465,279.4588851928711,190.58770179748535,234.51669000527056,286.5732192993164,196.84693336486816,225.36087566985253,326.1342239379883,197.92352199554443,144.91969647465163,281.64255142211914,194.94346618652344,219.54862544834896,281.5162658691406,203.0278444290161,193.59301613059608,288.8252639770508,207.00353622436523,182.68710319640633,329.13673400878906,219.3259334564209,135.20720066668338,293.5870552062988,213.23298454284668,173.85310718568604,291.86893463134766,214.92942810058594,163.4808468250152,296.9575309753418,215.9139347076416,157.30172887406064
57,2.28,397.75020599365234,216.70080184936523,32.786756448229504,376.2957763671875,185.9357786178589,20.487957823922724,345.77308654785156,172.48486518859863,27.9720139828655,320.58162689208984,175.4413890838623,116.12448774173969,303.8550567626953,184.58177089691162,171.92773817071284,330.14442443847656,160.61196327209473,23.80829752705446,287.4158477783203,164.42147254943848,15.876879562111194,284.73194122314453,176.333327293396,80.01977093693345,290.8888626098633,182.1593713760376,148.3072046393367,325.8129119873047,178.5649538040161,34.291295576134395,281.35717391967773,181.0852289199829,53.1807755647973,283.6758804321289,191.60991668701172,108.47802809870201,293.8160705566406,195.52197933197021,184.0760670297329,325.17616271972656,199.2588186264038,41.08602553120652,281.42459869384766,197.76522159576416,70.75400598791325,285.72303771972656,204.7887897491455,114.01167106750478,295.872859954834,206.95099353790283,176.19479596452095,328.1136703491211,220.42058944702148,37.45773442737634,293.21510314941406,215.17134189605713,49.3430438446357,294.29954528808594,216.7641019821167,76.13268194499673,301.8179512023926,217.55849361419678,128.277674354928
58,2.32,397.4139404296875,216.88227653503418,9.552734917526136,375.88939666748047,185.76995372772217,10.972760435586382,345.968017578125,172.24978923797607,7.634576327659063,320.7674789428711,173.45150470733643,49.96361686718511,303.6186218261719,181.26700401306152,83.07970936651037,329.6427917480469,160.58096408843994,12.564739986739424,287.37356185913086,164.5041275024414,2.3210908289010197,282.1396827697754,176.52912139892578,64.99105333055455,286.1318016052246,183.53972911834717,123.83208615552721,325.845947265625,178.13535690307617,10.771630183928242,281.5839958190918,181.72217845916748,16.903270569649376,281.12049102783203,192.73053646087646,69.75763258046307,289.0775680541992,197.22742080688477,125.9015900167721,325.49842834472656,198.75194549560547,15.01614763725103,281.76624298095703,197.97072887420654,9.967260794949762,282.716007232666,205.6501007080078,78.198820795009,290.39051055908203,208.58802795410156,143.0385362780799,328.71971130371094,219.9833106994629,18.68318665449268,293.7362480163574,215.71851253509521,18.89093169629874,291.86323165893555,217.6735782623291,65.01332173030451,296.6192817687988,218.75088214874268,133.34155929674193
59,2.36,397.14698791503906,216.3645887374878,14.561599774869194,376.1771011352539,185.60638904571533,8.27372595844801,344.91268157958984,172.42202281951904,26.732453081593,318.7845230102539,175.47361850738525,70.80368303913298,301.46108627319336,184.65777397155762,100.47474985601454,329.1202163696289,160.26879787445068,15.217850769841611,286.7437934875488,164.30138111114502,16.539995107103096,284.42230224609375,175.75698852539062,60.241912569559695,290.80474853515625,181.39145851135254,128.57755347171462,324.78443145751953,178.24021339416504,26.667052407667736,280.49034118652344,181.8734836578369,27.60178570403813,283.46378326416016,191.66918277740479,64.31120696588663,293.8138008117676,194.5519495010376,135.9918367087597,324.16648864746094,198.848876953125,33.386552912521026,280.2751159667969,198.24073791503906,37.88440192290126,284.93112564086914,204.68207359313965,60.4350170507563,295.164737701416,206.23548030853271,133.05949146732743,327.28893280029297,219.93905067443848,35.78657286310506,293.31565856933594,215.89955806732178,11.447515223975389,294.56621170043945,217.25346565246582,68.3858341952785,301.88751220703125,217.8559970855713,133.5923632421728
60,2.4,397.2452926635742,214.13128852844238,55.886568418241346,374.94163513183594,184.0532398223877,49.615073034341144,344.1496276855469,172.5551462173462,19.364482375330606,317.5070571899414,177.4167251586914,58.13552259815474,299.98607635498047,187.63883113861084,83.15030100691828,327.63187408447266,158.85127544403076,51.38416948905403,286.0799980163574,165.2283811569214,28.503875969370462,283.04101943969727,178.0392551422119,66.69278025723362,288.54204177856445,184.04630184173584,87.20677645403647,323.7478256225586,176.302227973938,54.94508136589481,279.0682029724121,182.92914390563965,44.27820893810724,280.80623626708984,194.60931301116943,99.07989778814368,290.30040740966797,197.95166015625,122.22409167457997,323.8675308227539,196.56556606292725,57.5699813392862,279.83402252197266,199.70536708831787,38.240211511299385,282.7131462097168,207.90879249572754,97.8875235708466,291.58390045166016,209.71738815307617,124.86512134882877,327.9262924194336,217.23342418670654,69.49209476276654,294.02587890625,216.09190464019775,18.395144248270007,293.1838798522949,218.59910488128662,48.2285332592136,298.7272262573242,218.9233160018921,83.39131007279731
61,2.44,396.52557373046875,212.48737335205078,44.864047757092656,374.61692810058594,181.68179512023926,59.83928805293329,344.4636535644531,169.02510166168213,88.59961490321336,318.5435676574707,171.18929386138916,157.82754534601474,301.25732421875,179.14958953857422,214.59743427364603,327.4261474609375,157.23552703857422,40.719822824443696,285.37879943847656,164.0017318725586,35.32304411119153,280.33443450927734,176.79917335510254,74.42867737092587,284.0883445739746,183.38293075561523,112.5707554942452,324.0397262573242,173.9522123336792,59.20187650128531,278.29212188720703,180.74519634246826,57.94355448136213,277.75501251220703,193.08537483215332,85.26559232709332,285.99897384643555,197.67823219299316,107.75288148697332,324.34070587158203,193.90673160552979,67.5152542887418,278.9599800109863,197.2591209411621,64.94262142213354,279.14928436279297,207.3030138015747,90.3744954697149,286.4039993286133,210.79556465148926,132.27301360791762,328.39111328125,214.49900150299072,69.34121180257532,291.6331672668457,214.3396282196045,74.14319609507307,288.577880859375,218.82136344909668,115.2839581038498,292.7508544921875,220.6631326675415,155.6116590771616
62,2.48,395.7080078125,210.78519344329834,47.20851665738235,372.86144256591797,181.0412836074829,46.717130559904824,342.2174072265625,169.28296566009521,56.524974857162846,315.81592559814453,173.05038928985596,82.55190563240019,297.90958404541016,181.593017578125,103.61498700916914,327.22267150878906,155.4508638381958,44.90563161987349,284.5903205871582,162.3636817932129,45.44850768603948,276.8545722961426,175.93309879302979,89.65045374073931,278.5629463195801,183.89023303985596,138.7159450938815,323.9673614501953,171.46021842956543,62.32610951404611,277.44667053222656,177.26652145385742,89.49848802595058,273.9302444458008,190.62814235687256,113.65199679112392,280.13525009155273,197.25817680358887,146.96875263926125,324.13684844970703,191.0615587234497,71.31166882678362,277.56860733032227,193.07222843170166,110.30068795760725,276.27307891845703,204.63256359100342,98.1193854609269,282.7002716064453,209.7634792327881,96.1210153642633,327.9024124145508,211.95035934448242,64.87683229222903,289.98769760131836,210.40504932403564,106.6198899878279,284.52293395996094,215.21377086639404,135.6864920502378,286.61285400390625,217.3972463607788,173.8193447283
63,2.52,394.6894836425781,208.5265588760376,61.941613602751765,371.8351745605469,178.7290906906128,63.242895370116,341.95133209228516,167.20776557922363,52.30470433389648,317.0711135864258,170.83828926086426,63.584999332540136,300.10814666748047,179.5175313949585,75.58654187287472,326.59923553466797,154.2599058151245,33.60667183151835,283.9643096923828,158.77397060394287,91.09718732879416,274.5871162414551,171.81675910949707,117.4883221594949,275.3918266296387,180.0657320022583,124.2044893374421,323.0817413330078,169.9995231628418,42.705046936779226,275.98743438720703,172.62459754943848,121.64710143830875,269.75603103637695,184.93526458740234,176.48108058220765,274.0752983093262,192.02918529510498,200.102111118779,323.2691192626953,189.60103511810303,42.4711898215049,276.7561912536621,189.0186595916748,103.35448775468264,274.30551528930664,199.72676753997803,132.14135785450503,280.21854400634766,205.12162685394287,131.59066595905807,327.2724914550781,210.66917896270752,35.69159202308574,290.78147888183594,208.458251953125,52.56013653833057,284.4476890563965,213.07044982910156,53.61603575664734,285.6484794616699,215.58857917785645,51.24265335327254
64,2.56,392.8850555419922,207.66985416412354,49.936858466467,369.8683166503906,177.4864912033081,58.16239939059686,341.07913970947266,165.45204162597656,49.010752344776776,317.2608947753906,167.9074001312256,73.42567666490653,301.0593795776367,175.70796489715576,98.16325989946965,325.77049255371094,153.01501750946045,37.387847474686595,282.5140380859375,157.2370719909668,52.82840783511538,271.53499603271484,170.41563034057617,83.95906590304261,271.2161064147949,178.9716911315918,107.91653238540266,322.28145599365234,168.25944900512695,47.882112387706435,274.62697982788086,169.65760231018066,81.60077112752172,267.0545196533203,182.2298812866211,95.58132191009737,271.1109161376953,190.30224323272705,85.76818519377183,322.31163024902344,187.8046417236328,50.890903159347644,275.8840560913086,186.54152870178223,65.65438478822925,272.1725082397461,197.78936862945557,72.03833012695658,277.7288246154785,203.98710250854492,68.40069506029548,325.89759826660156,209.2452907562256,49.483513064186255,289.66527938842773,207.29905128479004,40.23095433364207,283.1344985961914,212.21826553344727,39.13667763854511,284.45507049560547,215.02545833587646,32.98986627507064
65,2.6,392.3978805541992,207.14595794677734,17.8851669561806,369.3471908569336,176.40021800994873,30.120191973340273,341.23363494873047,164.2005157470703,31.525642385657566,317.8058052062988,166.37104511260986,40.75317565032725,302.14609146118164,174.3376922607422,43.722061192988996,326.07410430908203,151.7469835281372,32.59687749415185,282.6935005187988,156.78307056427002,12.204611327568363,271.0147285461426,170.38447380065918,13.029989149166187,269.8963737487793,179.26221370697021,33.783295396479026,322.48802185058594,166.46587371826172,45.1357796190036,274.6108627319336,168.34269046783447,32.875265340412355,267.1399688720703,181.8718671798706,9.201754914734178,271.23069763183594,190.18002033233643,4.278291402421738,322.55897521972656,185.76242923736572,51.428417324455324,275.4591941833496,184.51585292816162,51.743779702660795,271.1936569213867,196.71266555786133,36.378560030551945,276.5768051147461,203.12965393066406,35.90235885162776,326.1953353881836,207.50975131988525,44.022327635108006,289.0544891357422,206.7061185836792,21.281358051447732,282.4066162109375,212.05896377563477,18.627765177368104,283.9651298522949,214.73227500915527,14.27406514090453
66,2.64,391.5365982055664,206.13105297088623,33.2776144179067,368.39061737060547,175.1560878753662,39.23401447183825,340.9466552734375,162.60156154632568,40.61258941287597,318.61751556396484,163.9372158050537,64.14046501167161,303.4455871582031,171.52679443359375,77.41864948627189,324.89402770996094,151.1581563949585,32.970613549802444,282.5940132141113,155.43485641479492,33.79699613722021,271.9129753112793,168.8356876373291,44.76037471079528,271.2639808654785,177.42459297180176,57.26691448803255,321.3553237915039,165.47063827514648,37.695312045075454,274.7187042236328,167.96015739440918,9.936087622780446,268.29105377197266,181.76713943481445,28.895980985334873,272.7510643005371,189.9776315689087,38.3444586842358,321.6648864746094,184.5990800857544,36.680852742780054,275.0048637390137,183.69116306304932,23.53892423027019,271.0441207885742,196.29969120025635,10.980348214417084,276.2099266052246,203.06169033050537,9.32801196984238,325.5621337890625,206.26367568969727,34.94324631883376,288.8164710998535,206.0554075241089,17.321905720348365,282.2847366333008,211.27668857574463,19.79281940199618,283.65697860717773,213.84830474853516,23.4035335410071
67,2.68,390.5668640136719,203.8520908355713,61.917550102578836,368.04176330566406,173.6722469329834,38.10743940588944,340.0706481933594,161.4994239807129,35.19672941021914,317.5083541870117,163.2479953765869,32.646437010228496,301.88045501708984,170.48405170440674,47.01695849915633,323.8848114013672,150.01258850097656,38.167749452694004,282.2977066040039,153.36102962493896,52.37219659273907,272.23499298095703,165.57372093200684,81.9455694585424,271.74468994140625,173.3249044418335,103.1943774462562,320.48168182373047,164.854416847229,26.727550580811073,274.84140396118164,167.06510066986084,22.585694667113877,268.7654113769531,179.49691772460938,57.981256405029704,272.75529861450195,186.47525310516357,87.55952558374346,320.9169006347656,184.20983791351318,21.080089617602088,275.1238822937012,182.70097732543945,24.932824891670048,271.1789321899414,193.55775833129883,68.63112437065362,275.59343338012695,199.23043727874756,97.01341351584732,325.0532531738281,205.7374620437622,18.300619554566712,290.621337890625,204.6733045578003,56.83172937446987,283.4002876281738,208.39269161224365,77.305774799029,282.9936218261719,210.06946563720703,95.91554634224315
68,2.72,389.14817810058594,203.49347591400146,36.58273484480941,367.37396240234375,173.1804656982422,20.73353004976202,339.77516174316406,161.07995510101318,12.827372667599214,317.1658134460449,162.29774951934814,25.252491812956873,301.9463920593262,169.39799308776855,27.20145920158651,324.1371154785156,150.11816024780273,6.8375224439144455,282.13722229003906,153.82731914520264,12.328349740955087,272.6808547973633,166.33948802947998,22.15276516179082,273.0234146118164,174.0895128250122,37.24717071757536,320.51197052001953,165.0674057006836,5.378292992367085,274.3561553955078,167.19567775726318,12.562756122836532,268.9264678955078,179.90050792694092,10.863478194936354,273.7909507751465,187.2249698638916,31.963363951614056,320.85594177246094,184.54349040985107,8.479385709103134,274.91010665893555,183.06728839874268,10.603178310181482,271.1035919189453,194.1405200958252,14.690290812039125,275.6866264343262,200.1712703704834,23.63593466334944,324.96543884277344,206.2564516067505,13.159158484429897,290.4168701171875,205.11340141296387,12.131887536038983,283.84531021118164,208.28564643859863,11.442895410134343,283.9544486999512,209.2965316772461,30.82830667419751
69,2.76,388.04931640625,201.8490743637085,49.44411922744685,366.3859176635742,171.32653713226318,52.51954120588782,338.4212875366211,159.17530059814453,58.42026693729768,316.0097312927246,160.9562873840332,44.27221621478202,301.0982894897461,168.58832359313965,29.313421190865796,322.1819305419922,148.37666988372803,65.45770019721331,280.5550956726074,151.74877166748047,65.30449951348525,273.4090232849121,163.7152862548828,68.08388346397622,275.48566818237305,170.37460327148438,111.42050315306449,318.62071990966797,163.74958992004395,57.627398555602674,272.8546905517578,166.28448486328125,43.90806565327991,270.0851249694824,178.29830646514893,49.43136491161128,276.697998046875,183.8174343109131,111.97718066886664,318.9054298400879,183.17562103271484,59.55860260720473,273.18180084228516,182.2352170944214,47.954298890600676,271.88201904296875,192.81874179840088,38.34910897724128,278.2878875732422,197.54685401916504,92.37870661677742,323.1814193725586,204.31909561157227,65.84106679230797,288.42639923095703,203.49411964416504,64.14849859746997,284.6156120300293,206.9123125076294,39.365363726182466,287.75333404541016,207.8060817718506,102.0201291058427
70,2.8,387.13932037353516,200.3124475479126,44.64663166592048,365.65208435058594,169.84030723571777,41.438136395088534,337.90172576904297,157.85536766052246,35.4627215374516,315.42089462280273,160.03140449523926,27.410501886007538,300.4205131530762,167.52655506134033,31.49139939798023,321.14906311035156,147.44866847991943,34.71312555085092,279.00129318237305,151.12217903137207,41.88466687139084,273.06053161621094,163.23660850524902,14.802424445605942,276.3803482055664,169.72477912902832,27.644210063094775,317.2271156311035,163.15300941467285,37.89822872363216,271.09107971191406,165.52923202514648,47.9630720185136,271.1041259765625,177.8840446472168,27.49972620575801,279.5933723449707,182.77788162231445,76.90847693218637,317.4473571777344,182.7743625640869,37.8069458511619,271.2309455871582,181.55954360961914,51.61377532041023,273.16577911376953,192.52886295318604,32.90202942340258,281.99445724487305,196.80779457092285,94.48831805668408,321.9077682495117,204.27725315093994,31.858456243499283,286.5369415283203,203.46503734588623,47.24203762359328,284.3002700805664,206.94717407226562,7.9315774668387355,289.0665817260742,207.39212036132812,34.423679351676704
71,2.84,385.90946197509766,199.54341888427734,36.26255615042082,363.92581939697266,169.2240858078003,45.82384435461877,336.30775451660156,157.46201992034912,41.044692092196115,313.992862701416,159.5251178741455,37.878104750617226,298.89801025390625,166.7590856552124,42.6249953616066,319.98342514038086,147.20900058746338,29.7505522607538,277.9419708251953,151.52884483337402,28.367465199309787,272.83594131469727,163.99060249328613,19.66830790780734,276.55858993530273,170.2142858505249,13.023703021072064,316.0838317871094,162.88061141967773,29.382165249681847,269.8234558105469,165.82664966583252,32.55118669408053,271.05478286743164,178.45038414001465,14.21212430288897,280.4585266113281,183.13249111175537,23.375197787906487,316.3197326660156,182.48602867126465,29.09761022381167,270.14713287353516,182.3766803741455,33.93341356752563,274.10160064697266,193.11059474945068,27.547388995964095,284.36229705810547,196.4904499053955,59.72527217323507,320.93021392822266,204.0091037750244,25.341622615703873,284.9018859863281,203.74085426330566,41.45390208814881,284.81210708618164,207.6037359237671,20.812414942231612,291.95003509521484,207.82771110534668,72.9042292509626
72,2.88,384.2374038696289,197.56320476531982,64.79306610752444,361.8266296386719,167.80174255371094,63.391925618569466,333.03306579589844,158.17394256591797,83.77954729069477,309.9235534667969,164.4967746734619,160.61726436070327,295.25684356689453,174.5564603805542,215.14115635147974,317.4765205383301,147.66710758209229,63.7104421499692,275.4598808288574,152.97972679138184,71.87588784666077,273.6895751953125,165.66657543182373,47.02111289652616,279.79997634887695,170.95619201660156,83.13020901485703,313.35779190063477,164.13585662841797,75.0288860902745,266.9421577453613,167.52528190612793,83.61829206359762,270.71943283081055,179.8842430114746,36.81381288258357,281.6404151916504,183.69697093963623,32.74425610298493,313.9531707763672,183.66205215454102,66.06647415082149,267.7091598510742,184.24499988555908,76.78838720379524,274.1611671447754,194.2427158355713,28.342176183421664,285.80278396606445,196.18532180786133,36.81122186156403,319.2012023925781,204.53229904174805,45.16092183454818,283.66479873657227,204.10017013549805,32.20532525373219,284.2156219482422,207.9570436477661,17.331706270950693,291.6450309753418,207.92973518371582,8.040383452710936
73,2.92,383.7961196899414,195.80848217010498,45.23399657199208,360.8067321777344,166.53307914733887,40.694729922116025,331.8141174316406,157.88573741912842,31.313907866182074,308.6157035827637,164.50947761535645,32.69778933561907,293.7493896484375,174.5549440383911,37.68636702745614,317.0170783996582,146.80821418762207,24.351398084247062,275.9317207336426,152.46088027954102,17.53273008185426,273.4351348876953,164.6405839920044,26.426765607084835,278.6407661437988,169.9966049194336,37.62126805917529,312.8255844116211,163.41091632843018,22.483094342036043,267.6741600036621,167.62689113616943,18.475519982314957,270.1303291320801,178.94634246826172,27.689129148649588,280.0299072265625,182.5957489013672,48.77515942555291,313.0717086791992,182.98245906829834,27.82559738366589,268.4779930114746,184.2046022415161,19.247343942987875,274.24320220947266,192.66951084136963,39.38356022521429,285.4747009277344,194.27196979522705,48.53191220920735,317.84135818481445,203.7204122543335,39.5943211282149,284.3164825439453,203.78796100616455,18.065269255387015,285.0843811035156,206.60692691802979,40.13693478101976,292.4549865722656,206.24952793121338,46.63102829896392
74,2.96,383.17066192626953,195.19733905792236,21.861686201344323,361.31053924560547,165.70580005645752,24.21533935141032,332.81871795654297,155.00630378723145,76.24123004948444,309.7756576538086,158.45881462097168,154.02113515389476,294.9342918395996,166.87914848327637,194.16782464941903,316.98177337646484,146.10046863555908,17.715639473492548,275.7997131347656,151.52007579803467,23.750514186324555,275.0185203552246,163.4842586517334,49.01656500189378,281.9293022155762,167.88820266723633,97.65957951108555,312.95684814453125,163.30012321472168,4.294275377081431,268.00193786621094,167.42451667785645,9.630477290695213,272.52445220947266,178.41931343078613,61.28613687065651,283.7858581542969,181.09142303466797,101.15014732060783,313.2215690612793,183.0771017074585,4.431094903095802,269.014892578125,184.38988208770752,14.199246592559241,276.15455627441406,191.85482025146484,51.94344953196362,288.03428649902344,192.44460582733154,78.62385677990002,318.02602767944336,203.82538318634033,5.310468365224449,283.6455726623535,202.4553108215332,37.30010542725955,286.6312026977539,204.5621395111084,64.09861827638207,296.28223419189453,203.77384185791016,113.9540638686886
75,3.0,382.6062774658203,194.43697929382324,23.67325482027961,361.26312255859375,164.61180210113525,27.375626345077308,333.1868362426758,153.10538291931152,48.4059088508236,311.2236213684082,155.21514415740967,88.804550119144,297.0713806152344,162.54977703094482,120.70264497725245,316.8459892272949,144.5572328567505,38.72994645749564,276.0855484008789,150.51069259643555,26.226849875468055,276.3134765625,161.58844470977783,57.39676646638166,283.95153045654297,165.32146453857422,81.69130798198306,312.9217529296875,162.07421779632568,30.660191708443286,269.0296745300293,166.68538570404053,31.64803752417516,275.08764266967773,176.53851985931396,79.48006744530886,287.11673736572266,178.71904850006104,102.23415908332663,313.1317901611328,182.03564643859863,26.132945298361925,269.3966484069824,183.2865858078003,29.186899823848012,277.9286193847656,190.18793106079102,60.85751542278648,290.3727149963379,191.12857818603516,67.08286195868352,317.5277900695801,202.656512260437,31.76574370788799,283.6861991882324,200.50447940826416,48.78135989803303,288.2930564880371,202.5049066543579,66.11526415649237,298.6671829223633,202.61218070983887,66.32042045018454
76,3.04,382.4376678466797,194.05580520629883,10.420019453761121,362.2460174560547,163.6365795135498,34.61521951027834,334.3918228149414,151.75317764282227,45.28004354228424,311.89416885375977,153.84201049804688,38.202830201000474,297.1315574645996,161.17817401885986,34.32306145254295,318.5436248779297,141.98063850402832,77.13950536522245,278.95851135253906,147.80157566070557,98.72066239227365,277.89398193359375,158.17471504211426,94.04635649489116,284.4280242919922,162.4168825149536,73.58516794827389,313.60429763793945,160.04689693450928,53.478366861743496,272.2412872314453,163.8828420639038,106.56191568393305,276.224308013916,172.8191328048706,97.22990848227072,286.48529052734375,175.77436923980713,75.29052503248752,312.57850646972656,180.25823593139648,46.53836424317526,272.3116683959961,180.2513551712036,105.20802771677036,279.3250274658203,185.96152782440186,111.27791741119282,290.44979095458984,187.48812675476074,91.03168173364283,315.49638748168945,200.63507080078125,71.6450541249357,285.3533172607422,196.43600463867188,109.91977079470756,289.80783462524414,197.55809783935547,129.3383891608227,299.14995193481445,198.1347370147705,112.58487898550831
77,3.08,383.5332489013672,193.0149221420288,37.78008239200188,364.0133285522461,162.77360916137695,49.16875493803589,336.2827682495117,149.76335048675537,68.62528118131635,313.7825584411621,151.84288501739502,68.75008145995677,299.04651641845703,159.7587490081787,59.59150084064999,320.12351989746094,140.63663005828857,51.855731210249424,280.49560546875,145.92976570129395,60.55127396596839,280.25585174560547,156.26140594482422,75.99005161312687,287.5948143005371,160.131254196167,97.63662149092453,315.2168655395508,158.44712734222412,56.78709132423592,273.57446670532227,161.85590744018555,60.651831579901206,279.06354904174805,170.76414585113525,87.62227525773338,290.6281280517578,173.08017253875732,123.54604055179412,314.2784309387207,178.42175960540771,62.561911816427,273.0516815185547,178.18528175354004,54.86505484330942,281.1361885070801,183.9525032043457,67.622501069212,292.9180908203125,184.87183570861816,89.9217822097777,317.38805770874023,198.59551906585693,69.5439947413827,286.6272735595703,194.52040672302246,57.513476821547194,292.3975944519043,195.7475709915161,78.99708628538917,302.59016036987305,196.04523181915283,100.62636967751533
78,3.12,385.16273498535156,193.3013677597046,41.3617878435549,365.8841323852539,162.771577835083,46.770123395465,338.4479522705078,149.32491302490234,55.22821546056043,315.5276870727539,150.52342414855957,54.694897643595695,300.1708984375,157.6619052886963,59.48207980497162,322.67520904541016,138.9592695236206,76.34074874789766,283.44690322875977,144.22794342041016,85.17026162323018,278.7547302246094,155.15197277069092,46.66508189123532,282.4012756347656,160.72547435760498,130.68555169069674,317.8426742553711,156.37425899505615,83.63482601751791,275.17444610595703,159.45363521575928,72.15801204087423,276.23653411865234,169.8096799850464,74.59481577552229,284.9946594238281,174.0726613998413,143.00568808889162,317.02362060546875,176.51483058929443,83.5630173092253,273.8296318054199,175.625581741333,66.88269021823947,277.49353408813477,183.01580429077148,94.02903830251368,287.01290130615234,185.3697395324707,148.1535761801627,320.2558898925781,197.3043394088745,78.62731054340172,287.45357513427734,193.1120252609253,40.82211896709825,288.9810371398926,195.17300605773926,86.61332435524406,296.66723251342773,195.8501386642456,148.15350091152823
79,3.16,385.4469680786133,192.15386867523193,29.554426489219736,366.0855484008789,162.78891563415527,5.054021333732705,338.3778381347656,149.759202003479,10.997809695117496,315.396671295166,150.99881172180176,12.327775518368465,299.67844009399414,157.90509223937988,13.730784597741486,322.44850158691406,138.86260986328125,6.161339225093318,283.25157165527344,143.7216281890869,13.567183225308622,278.11649322509766,155.29998779296875,16.37938709105191,281.7940902709961,161.26217365264893,20.259568715742166,318.4015655517578,156.04714393615723,16.189575020195765,275.4562759399414,159.01861667633057,12.958327075917953,275.2479553222656,170.0661563873291,25.532677366383094,283.540096282959,174.74128246307373,40.02193193248198,318.2415008544922,176.20489597320557,31.41746893858916,274.84397888183594,175.5839967727661,25.37997858850096,275.6177520751953,183.48423957824707,48.33470400899545,283.41663360595703,186.3233470916748,93.01380525370712,321.92562103271484,197.1719455718994,41.874292594108795,288.88818740844727,193.52734565734863,37.338011871987064,287.6424789428711,194.88258361816406,34.24254700133862,292.9275894165039,194.8107147216797,97.03521469275123
80,3.2,385.43243408203125,193.00819873809814,21.361342030839705,366.54510498046875,162.4398136138916,14.427934502131915,339.7304916381836,148.33478450775146,49.10853224264864,317.0069694519043,148.60024452209473,72.22441054235549,300.79986572265625,153.81980895996094,105.91014739426595,323.7831115722656,137.5239086151123,47.2579678787688,284.86894607543945,142.96897888183594,44.5980730715516,275.6638526916504,153.86552810668945,71.0330916627463,274.72049713134766,160.77950477600098,177.25103869541573,319.6554374694824,154.65429782867432,46.852261586212975,277.0151710510254,156.84954643249512,66.77864408838879,272.5609588623047,166.4847993850708,111.93208865609978,277.4031639099121,172.50014305114746,163.33371669499223,319.025821685791,174.9591064453125,36.8031139495807,276.09907150268555,172.79457092285156,76.46957752548826,274.46094512939453,179.58486557006836,101.68370065278603,280.63318252563477,183.1940460205078,104.70233136896377,321.68811798095703,196.02966785430908,29.1676842123442,289.4816207885742,189.93267059326172,91.08324486773473,286.14219665527344,190.28823852539062,120.82749525141882,289.53163146972656,190.20202159881592,143.1183572192348
81,3.24,386.4956283569336,194.08826351165771,37.88899890856684,368.0693817138672,163.6481523513794,48.62806587052767,341.361083984375,149.10853385925293,45.12149888361792,317.8667449951172,149.74493980407715,35.79054757631403,301.9030570983887,156.21408462524414,65.90517417499233,326.1492156982422,137.1533489227295,59.873633703524696,287.44699478149414,142.67523765563965,64.86822719346867,278.1682014465332,154.0015697479248,62.7010267770448,277.30472564697266,160.5541706085205,64.85085055342135,321.28223419189453,153.4773302078247,50.19786073989591,278.88561248779297,154.63884830474854,72.39534420630672,274.2872619628906,164.83732223510742,59.656848699164875,278.8958740234375,170.8234691619873,56.1216246959028,320.0431442260742,173.33500385284424,47.91042672158117,277.9381561279297,169.9103879928589,85.51587364515476,275.5706977844238,177.33341217041016,62.75245695477316,280.93950271606445,180.95555305480957,56.483862831262435,322.1689224243164,194.5358419418335,39.23239071177058,290.27353286743164,188.86651039123535,33.20224311911384,286.48324966430664,189.85612392425537,13.762271421464229,288.88566970825195,190.00116348266602,16.911730028863616
82,3.28,387.2063446044922,193.66458892822266,20.685407555699722,369.4291687011719,163.16747188568115,36.05615724937834,342.8769302368164,148.948974609375,38.10551973846984,319.4209289550781,149.92999076843262,39.12904644257855,303.50948333740234,157.30216026306152,48.5058878836072,327.330322265625,136.46947860717773,34.12011258048241,289.13976669311523,141.35828018188477,53.61817399709364,283.5224723815918,152.2822093963623,140.58897819650184,285.5918502807617,157.61924743652344,219.78712530747626,322.1187210083008,152.96057224273682,24.580848598340246,279.1966247558594,154.3212604522705,11.112793160627287,279.0031051635742,164.64913845062256,117.98991013582668,286.8541145324707,168.89343738555908,204.72331123012063,320.6773376464844,173.03415298461914,17.548371352552355,277.9951858520508,169.87768650054932,1.6435055963931466,278.92005920410156,177.20852851867676,83.79222012699,286.2760543823242,179.64746475219727,137.36329270881245,322.85587310791016,194.45554733276367,17.29068509949064,291.1853790283203,188.71351718902588,23.114799656412206,288.4165954589844,189.28051471710205,50.43034751737883,290.91508865356445,188.60690116882324,61.55540520232313
83,3.32,387.57556915283203,195.3883981704712,44.072703221199106,370.8281707763672,164.63079929351807,50.61209038440996,344.1061019897461,149.9197769165039,39.157696543328555,320.15926361083984,151.0861587524414,34.295248132446524,304.3524360656738,158.9512825012207,46.30181866360301,327.07286834716797,137.83920764923096,34.84286304945496,289.54227447509766,142.84423828125,38.48769273762676,284.8064994812012,152.1954345703125,32.173897251569066,287.3623847961426,156.69068813323975,49.981339329478935,321.4627456665039,154.64674472808838,45.23191143569294,280.5346488952637,155.90816974639893,51.89285659787243,281.8000602722168,164.3501615524292,70.32222739564257,290.0014877319336,167.26567268371582,88.58462049526486,320.0407028198242,174.40034866333008,37.681183426256055,279.17274475097656,171.26675605773926,45.52581132686681,281.75296783447266,176.73070907592773,71.8230583095534,289.8740005493164,177.87142753601074,100.31053288991313,322.2506332397461,195.12903213500977,22.637042055993533,291.8358039855957,188.6685848236084,16.29937772026711,292.6983070373535,188.54859352111816,108.59547261934668,298.3032035827637,187.97462940216064,185.37800873144147
84,3.36,388.50318908691406,196.6682767868042,39.517148292330376,372.26802825927734,165.41277408599854,40.96243818401838,346.1395263671875,149.8384666442871,50.876234992018496,323.07350158691406,149.19931411743164,86.79345330243194,307.2857475280762,155.50214767456055,113.19465310898347,329.6365737915039,136.86654567718506,68.55042358175997,292.00077056884766,139.78172779083252,98.18087118585373,289.936580657959,150.0974178314209,138.56272748468962,295.2751159667969,154.74065780639648,203.73685978280375,324.12906646728516,153.1772804260254,76.11090570557313,282.8789710998535,153.96952629089355,76.05173011882599,285.9274673461914,164.6293830871582,103.42102608920993,296.0697937011719,168.33430767059326,154.04203580409373,322.33104705810547,172.93257236480713,68.0075546921712,280.5521011352539,169.27432537078857,60.58260928862672,285.13065338134766,177.80652523040771,88.62187953536207,295.2908706665039,180.52757263183594,150.8260352122503,323.9673614501953,193.97539615631104,51.70850824514011,291.03992462158203,187.87861347198486,28.03433941669486,293.0863380432129,190.66861152648926,53.880912695301184,300.94308853149414,191.90196990966797,118.30309591374173
85,3.4,389.77344512939453,195.87557315826416,37.43268505062359,373.40553283691406,164.99942779541016,30.256939494185282,347.2013854980469,149.3382167816162,29.344875392601345,323.88477325439453,149.2352056503296,20.30163048547925,307.8659248352051,155.84986209869385,16.90989038362058,331.3127136230469,135.79819679260254,49.6916370860933,293.31119537353516,139.37378883361816,34.3113261325015,289.0618896484375,150.08301258087158,21.870240530528896,292.4946975708008,155.41086673736572,71.50133944525278,325.9575653076172,152.44036674499512,49.28520177488098,284.23803329467773,153.64899158477783,34.90874305980805,285.5601501464844,164.40153121948242,10.806201888382107,294.5164108276367,168.48734378814697,39.022576839153736,324.1520690917969,172.52972602844238,46.62621592189368,281.49402618408203,168.7881374359131,26.50001775504544,284.22021865844727,177.25991249084473,26.54803278629212,293.28453063964844,180.12001991271973,51.18287996379637,325.6083679199219,193.7104368209839,41.556480263773544,291.95552825927734,187.51492023468018,24.629793850919317,292.3359489440918,190.0334358215332,24.578089534255245,298.8668441772461,191.18688583374023,54.89840533995677
86,3.44,390.8125686645508,196.28156661987305,27.890504793127946,374.4648742675781,165.49386978149414,29.226241893246147,348.1404495239258,149.908447265625,27.465934009159383,324.63748931884766,150.3475284576416,33.576810276516326,308.7199020385742,157.68516540527344,50.60641813925479,332.4523162841797,135.52804470062256,29.279647133953684,295.2432441711426,139.728741645813,49.109597173193265,291.2852096557617,150.43807983398438,56.28734654210275,294.78431701660156,155.76395988464355,57.91713896401717,326.73736572265625,152.18999862670898,20.475181347628418,286.0977554321289,153.23168277740479,47.649193784083785,287.10134506225586,163.97244930267334,39.99525799807732,295.6071090698242,168.3501148223877,27.48243125792212,324.73033905029297,172.2251558303833,16.339353384635942,282.8335952758789,168.1647777557373,36.93763868473421,285.11117935180664,176.75145149230957,25.645949292027414,293.80699157714844,179.9088478088379,14.088095343925572,326.0464096069336,193.52940559387207,11.849388822574422,293.0066680908203,187.26535320281982,27.00901063589435,293.29246520996094,189.71732139587402,25.184961993495214,299.6831703186035,190.89360237121582,21.685299722015124
87,3.48,390.70926666259766,196.98012828826904,17.65396039419557,374.91790771484375,165.89487075805664,15.125332383650584,348.4476852416992,150.56951522827148,18.224376489905854,324.31217193603516,151.86613082885742,38.826413057207965,307.91637420654297,159.6792697906494,53.74772830446268,333.26473236083984,135.650053024292,20.538164363272983,295.89855194091797,139.93576526641846,17.18078600895113,291.8452453613281,150.72893142700195,15.776458741391503,295.1373291015625,156.5289545059204,21.062916208216926,327.5569534301758,152.29773044586182,20.665946554281923,286.5831184387207,153.52522373199463,14.180610445899037,287.4963569641113,164.6451759338379,19.50313312787012,295.38610458374023,169.57438945770264,31.101561109781724,325.5034637451172,172.26048946380615,19.348292227576277,283.0167579650879,167.6482343673706,13.70140601324408,284.88142013549805,176.98392391204834,8.171318873732144,292.978572845459,181.22544765472412,38.88856474917794,326.571044921875,193.54973316192627,13.125724353980111,293.77458572387695,187.0460844039917,19.965224411755965,292.8645706176758,189.2323923110962,16.168062642334924,297.72342681884766,190.20930290222168,51.8944863888557
88,3.52,389.8641586303711,198.2348871231079,37.82052451827616,374.16919708251953,166.97413444519043,32.83840850780676,348.2991409301758,151.24649047851562,17.327018315500233,325.20782470703125,151.03577613830566,30.533616702684096,309.16465759277344,157.35579013824463,65.93921968126247,332.41676330566406,136.92575454711914,38.29544599132523,294.58179473876953,140.91947078704834,41.09079946234535,290.2787971496582,152.13603973388672,52.640964248078745,293.89808654785156,158.4038257598877,56.18532017952324,327.1751403808594,153.4147024154663,29.510671645084923,285.8213424682617,154.45667266845703,30.08217651705977,285.987548828125,166.38290405273438,57.53369125142053,294.15443420410156,171.9638729095459,67.20604088692501,325.57411193847656,173.38996410369873,28.29204978197732,282.91866302490234,168.69821548461914,26.363836071744284,283.1646537780762,179.14702892303467,69.03943625987313,290.8897018432617,184.45658683776855,96.18875481321108,327.1575927734375,194.92016315460205,37.26691517785855,293.71870040893555,187.79748916625977,18.83700289963264,291.18940353393555,189.98153686523438,45.876207895825885,295.1683807373047,191.03618144989014,67.13786474208489
89,3.56,390.34889221191406,198.81714820861816,18.94060810756635,373.5592269897461,167.99506187438965,29.731678494593123,347.49595642089844,151.77978515625,24.10275618631221,324.2829132080078,150.88385581970215,23.432630350517307,308.140926361084,156.80073738098145,29.113025414772114,331.87061309814453,138.29619884490967,36.88154706726826,293.19135665893555,142.8199338912964,58.869973588305925,286.88053131103516,154.87524032592773,109.11986125755891,289.3286323547363,162.0038938522339,145.4312593042404,327.34363555908203,154.95909690856934,38.83897024422797,285.1279067993164,156.00810527801514,42.48379226956665,283.4221076965332,168.3017349243164,80.09135453264938,290.69021224975586,174.6452236175537,109.5173370073911,326.12060546875,175.18591403961182,46.93140839923291,283.03491592407227,170.71226119995117,50.43495117483463,281.6439437866211,180.95200538635254,59.00476099033659,288.3526611328125,186.25771522521973,77.78431330672953,327.8512191772461,196.93312168121338,53.227810035718704,293.4361457824707,189.56512928009033,44.75201593894699,290.8939552307129,191.89252853393555,48.34239119113289,295.14232635498047,193.15345287322998,52.93579313027378
90,3.6,390.9754180908203,198.6176633834839,16.437930077987737,374.15367126464844,167.74632453918457,16.109668251726518,348.0266571044922,151.70775890350342,13.389151313927353,324.88365173339844,150.97211837768555,15.179695629159436,308.6860656738281,157.25893020629883,17.80304635925197,332.4515914916992,138.20444583892822,14.70447440160682,294.01668548583984,142.6183319091797,21.239865696853595,287.687931060791,154.39138412475586,23.532041710696056,289.94646072387695,161.36282444000244,22.258171041969835,327.6287841796875,154.77978229522705,8.421084638843102,285.72322845458984,156.46599769592285,18.776204016235532,284.2580032348633,168.39706420898438,21.032846685533286,291.4792251586914,174.35068130493164,21.05493624414016,326.1559295654297,174.96821880340576,5.513563257608791,283.37337493896484,170.9419298171997,10.225647244517964,282.5184440612793,180.78041553497314,22.279388000370368,289.2483901977539,185.68034648895264,26.642133165808325,327.7884292602539,196.65737628936768,7.070099663372247,294.0728187561035,190.26371955871582,23.62970657806193,291.50407791137695,192.73934841156006,26.093025775586742,295.32787322998047,194.04973983764648,22.882279789790626
91,3.64,390.9004592895508,200.36865234375,43.81481741989211,373.90743255615234,169.14130210876465,35.41359132798951,347.9085922241211,153.17788124084473,36.871389676879836,324.6875762939453,151.73107624053955,19.596916459366973,308.0946731567383,156.5442180633545,23.19157385428415,332.0109558105469,140.30982971191406,53.775000326205515,292.7023124694824,143.68678092956543,42.34648550419916,285.1905822753906,155.87868690490723,72.66713715543462,287.2057914733887,163.69727611541748,90.00323801612667,327.3735809326172,156.8576431274414,52.336855652624024,284.14134979248047,157.3415994644165,45.20106856194164,281.5114212036133,169.29611206054688,72.24956701334152,288.4002876281738,175.71171283721924,84.15856740667735,325.8403015136719,177.0102882385254,51.657941335930104,282.60108947753906,173.6182737350464,69.63853818345012,282.6093864440918,183.1783962249756,59.99261364230705,290.55946350097656,187.68985748291016,59.98462116065305,327.5700378417969,198.57876777648926,48.344079642954725,292.91242599487305,191.6920566558838,46.00718845641333,291.69626235961914,194.06939506530762,33.59649315117606,297.54343032836914,195.25843620300293,63.095365122201684
92,3.68,391.1259460449219,202.19544410705566,46.01638582701547,373.84254455566406,170.83438396453857,42.35812070133547,347.48634338378906,154.59637641906738,37.00019133229812,324.03106689453125,153.37433338165283,44.23868939725447,307.5809669494629,158.77066612243652,57.12357781152746,332.1887969970703,142.076096534729,44.37993618320707,292.2947883605957,145.66944122314453,50.60272805800027,284.9576759338379,157.30347633361816,36.092505109284104,286.6065788269043,164.044189453125,17.309763494668623,327.6675033569336,158.809232711792,49.3399704680554,283.75797271728516,158.91271591186523,40.430378996099826,282.6974868774414,170.21647453308105,37.531810370359445,290.7796287536621,175.93219757080078,59.738376009387615,326.2788391113281,179.01633739471436,51.3355897599595,282.8679656982422,175.62864303588867,50.70014572800729,285.39276123046875,184.1761350631714,73.91996512564812,294.8738098144531,187.37131118774414,108.15225337103706,328.1986618041992,200.65858840942383,54.318631421955374,293.8081932067871,193.50102424621582,50.465103294330824,295.3705024719238,195.87404251098633,102.33765437897071,303.5091209411621,197.06914901733398,155.86080605693667
93,3.72,391.4794158935547,203.8260269165039,41.71136859688724,374.72206115722656,172.20202445983887,40.65087619604035,348.6030960083008,155.77447414398193,40.58209791431017,325.2167510986328,154.0326976776123,33.90511187536999,308.4614372253418,158.85276317596436,22.107236271527544,333.3778762817383,143.27467918395996,42.208632945938824,293.38279724121094,146.8266248703003,39.70860515636319,284.18752670288086,158.02316665649414,26.351992320138645,284.06320571899414,164.64401721954346,65.32868873725732,328.6220932006836,160.1158332824707,40.454038898240604,284.07459259033203,159.89311695098877,25.756483910885514,281.1682891845703,170.75456142425537,40.5276378408605,287.7630424499512,176.70873641967773,77.87331664132282,326.94690704345703,180.43406009674072,39.18108936224796,283.1947708129883,177.5141143798828,47.83960030695856,284.54566955566406,185.31907081604004,35.56566497962645,293.13920974731445,188.20837497711182,48.150241305133,328.63765716552734,202.1847438812256,39.70097174013863,294.4960594177246,195.1195764541626,43.96640176031367,294.86400604248047,196.75133228302002,25.325086095038728,301.9637870788574,197.35465049743652,39.28714676206347
94,3.76,391.73370361328125,205.32669067382812,38.051395810060114,375.7253646850586,173.77633094787598,46.67078105755742,349.4275665283203,157.032151222229,37.595738384900116,325.54187774658203,154.8069190979004,20.992947399656572,308.370304107666,159.0908145904541,6.372485831578829,334.19994354248047,144.0403175354004,28.084656246567523,294.13265228271484,147.30202674865723,22.196417633456722,284.06755447387695,158.4433364868164,10.924056653929187,283.37120056152344,165.309476852417,24.001401794351416,329.65808868408203,160.75336933135986,30.411129287392097,285.0459098815918,160.43512344360352,27.80769136337044,280.4958152770996,171.0204792022705,18.078533902349207,285.75084686279297,176.95614337921143,50.68370845624762,327.9832077026367,180.87694644927979,28.174316512135768,283.99513244628906,177.95140743255615,22.800821777628194,283.49645614624023,185.47260761260986,26.5096954718422,290.830020904541,188.2705307006836,57.750630113240206,329.42874908447266,202.4380588531494,20.766482899454633,295.43949127197266,195.60082912445068,26.477204774453167,294.6134376525879,196.82750701904297,6.547285144504793,300.7257843017578,197.03893661499023,31.940629804330474
95,3.8,391.6633605957031,204.32554721832275,25.090291431936766,374.9797821044922,173.10041427612305,25.158953818641034,349.1804885864258,156.28243446350098,19.734530772362195,325.9191131591797,154.42678928375244,13.388549961671503,309.3349075317383,159.2291021347046,24.36164006469456,334.53887939453125,143.6927890777588,12.136039836890253,294.2035675048828,146.6203737258911,17.133297482192965,285.46215057373047,158.46300601959229,34.86837008886294,286.4888381958008,165.38246154785156,77.96229531170063,330.0559616088867,160.43658256530762,12.714576266987748,284.7385597229004,159.71816539764404,19.501489682099578,281.4020538330078,171.19440078735352,23.069420207988152,288.2193374633789,177.33535766601562,62.436214053311744,328.3586883544922,180.60270309448242,11.624197218741608,284.3390655517578,177.34657287597656,17.39459006900938,284.4222640991211,185.58903694152832,23.327507290882068,292.3171615600586,188.52072715759277,37.701007913774326,329.8545455932617,202.20933437347412,12.08349997154404,295.4082489013672,195.33552646636963,6.678397361358603,294.5804023742676,197.1012783050537,6.89393060314996,300.7695007324219,197.5852918624878,13.702535868821059
96,3.84,392.02606201171875,204.11818027496338,10.444896073500137,376.0528564453125,171.83518409729004,41.47511261555501,350.8595275878906,154.56942558288574,59.966508327079524,327.8718948364258,152.6273488998413,66.38590764536511,311.3719367980957,157.8971815109253,60.84560779159253,336.16455078125,141.94642066955566,59.647978144516664,296.69456481933594,144.41030502319336,83.2521444590799,287.5582504272461,155.78534603118896,85.01285788560271,287.69649505615234,162.86345958709717,69.83823259253612,331.01871490478516,158.46523761749268,54.84691657262283,286.89525604248047,157.7079677581787,73.70648531761913,282.5880241394043,169.17221546173096,58.60758834622754,288.2632637023926,175.86377620697021,36.805922630401014,328.6298370361328,178.57463836669922,51.15276231320386,285.60705184936523,174.58537101745605,75.9606187212216,284.7578430175781,182.930645942688,66.98719986510524,291.62635803222656,186.53120040893555,52.651128891552354,329.4983673095703,200.1831865310669,51.430402299277326,295.8220100402832,192.99665451049805,59.37971195008252,294.96578216552734,194.92621421813965,55.223530795841036,300.93780517578125,195.8457899093628,43.690627073923125
97,3.88,392.8240966796875,203.24385166168213,29.594233552356812,377.12013244628906,171.51394844055176,27.86429625682073,352.05944061279297,154.4507932662964,30.144079993732287,328.9981460571289,152.3413610458374,29.049858699882673,312.4569511413574,156.98322772979736,35.46624838421822,336.8821716308594,141.545090675354,20.555495737758093,298.08313369750977,143.45077514648438,42.19612773799631,289.634952545166,154.89452362060547,56.492567286385565,290.4859733581543,161.94406986236572,73.42711804606601,331.88480377197266,157.61534214019775,30.33595482460221,287.9306411743164,156.4413356781006,40.89910755069999,284.6216583251953,168.13635349273682,57.05632097118111,291.18133544921875,174.63589668273926,79.1471368940895,329.5298385620117,177.37126350402832,37.567554208157496,286.6231155395508,173.6670684814453,34.23872962521053,286.8747138977051,182.24570274353027,55.623115188302485,294.76037979125977,185.5649185180664,81.99006448464966,330.38761138916016,198.75205993652344,42.12242842814815,295.9303855895996,191.88642024993896,27.887781520416837,295.32459259033203,194.14113521575928,21.579706336728137,301.8516159057617,195.09851932525635,29.51126242744269
98,3.92,393.70079040527344,202.67380714416504,26.143147290841856,378.35105895996094,171.17458820343018,31.92124539980792,353.2071304321289,153.87009143829346,32.15593388526157,330.37296295166016,151.3120937347412,42.93536341976546,313.94067764282227,155.43355464935303,53.63610600264377,337.32913970947266,141.0772705078125,16.17552496168612,298.88898849487305,143.04737091064453,22.529660060780756,290.14015197753906,154.43302631378174,17.106399217025576,290.5874443054199,161.53082370758057,10.638043099640688,332.45121002197266,157.03946113586426,20.19367121140957,288.82904052734375,156.2954807281494,22.75405271519242,285.5592727661133,168.00089836120605,23.683709228021208,291.98009490966797,174.4073724746704,20.77017075836494,330.27565002441406,176.82412147521973,23.124650499244126,287.302303314209,173.50529193878174,17.454721478036777,287.3397636413574,181.91001892089844,14.338647357052036,294.8531150817871,185.0790023803711,12.367152233384227,331.3113021850586,198.40933799743652,24.63055792555996,297.04200744628906,191.78183555603027,27.91327093057263,296.26575469970703,193.6580228805542,26.44786906055126,302.3863410949707,194.21728134155273,25.76954854931245
99,3.96,393.6436080932617,202.69333362579346,1.5106083815367444,378.89739990234375,171.35549068450928,14.387801538636696,354.32960510253906,153.9409589767456,28.117738992923307,331.51065826416016,150.71272373199463,32.14804644411646,315.1445960998535,153.89172077178955,48.904699142713596,338.0404281616211,140.85710048675537,18.614612880946797,299.3021011352539,142.43316650390625,18.50522066369328,290.7052230834961,153.88370990753174,19.701742768136615,291.4194679260254,161.02659702301025,24.32215880989754,332.98038482666016,156.86724185943604,13.912347328216992,288.9972496032715,155.8641529083252,11.574162533925943,285.5986213684082,167.58177280426025,10.524214489324477,292.1702003479004,173.96578788757324,12.019178039889976,330.6755828857422,176.68078422546387,10.621083417478971,287.5455856323242,173.18764686584473,10.002645858367973,286.54502868652344,181.47202491760254,22.685931700039106,293.44532012939453,184.68063354492188,36.576839983102595,331.6372299194336,198.25039386749268,9.065460705282277,297.85417556762695,191.8319034576416,20.342748279320574,296.1455726623535,193.32208156585693,8.919791513222474,301.3191604614258,193.48232746124268,32.39436400436958
100,4.0,393.45096588134766,203.04356575012207,9.992921329711216,378.7045669555664,171.65449619293213,8.894831344313177,354.21871185302734,154.14793968200684,5.870387824587522,331.4455795288086,150.74795722961426,1.8501082991056068,315.03061294555664,153.98739337921143,3.720333257448637,338.07701110839844,140.88027477264404,1.082635534634077,299.3733787536621,142.83860206604004,10.291334155755965,290.3483200073242,154.58251476287842,19.61676629246397,290.7689666748047,162.06765174865723,30.689440566255783,332.9859161376953,156.7990207672119,1.7111240505183423,289.1276168823242,155.9619140625,4.073762903723307,284.56750869750977,168.05993556976318,28.414707573727544,290.3317070007324,175.02519607543945,53.047169434964026,330.6215286254883,176.48438930511475,5.092447090455055,287.4964904785156,173.3494234085083,4.226551777429558,285.9027099609375,182.09346771240234,22.34340636025166,292.6338577270508,185.6916332244873,32.40940818746629,331.52904510498047,197.95709609985352,7.815350863059983,297.5660705566406,191.734299659729,7.604727095793587,295.92723846435547,193.6834716796875,10.555586091908873,301.4953422546387,194.23779487609863,19.39347569365875
101,4.04,393.6170959472656,202.92245864868164,5.139681946702245,378.6659240722656,171.208233833313,11.19830807651989,354.1905975341797,153.6815643310547,11.68054961517242,331.18995666503906,150.89881896972656,7.420508452569511,314.5879554748535,154.58882331848145,18.66921945709748,338.22914123535156,140.36757946014404,13.36974333584621,299.5096206665039,142.8966522216797,3.702337047779684,290.42531967163086,154.70706939697266,3.6608405095077665,290.61914443969727,162.28182792663574,6.5344346229259,333.27510833740234,156.23412609100342,15.865412923638583,289.4853973388672,155.85960388183594,9.303031365891183,285.0852584838867,167.8959846496582,13.577203907116017,290.750732421875,174.86599445343018,11.20623319893051,331.0579299926758,175.98504066467285,16.579264496545974,287.8228950500488,172.67055988311768,18.831417073994352,286.57054901123047,181.46568775177002,22.914469719859014,293.50860595703125,185.23221015930176,24.70139189750304,331.96887969970703,197.63208389282227,13.672221048480099,297.6531982421875,191.16198062896729,14.472825971471249,295.76513290405273,193.21399211883545,12.41695591567479,301.0379219055176,193.95203590393066,13.48359109168801
102,4.08,393.3898162841797,202.48309135437012,12.366781729776296,377.98561096191406,171.01438522338867,17.68479593616023,353.2530212402344,153.5797119140625,23.57730929590166,330.01068115234375,151.19444847106934,30.394155862054394,313.3285140991211,156.01324081420898,47.53392065831442,338.2843017578125,140.44705867767334,2.4186294229936407,299.2822074890137,143.02120685577393,6.482216546567734,290.3221321105957,155.03910541534424,8.692510794084384,290.95903396606445,162.78106212615967,15.09883431155378,333.4819030761719,156.38862133026123,6.453334551613967,289.70325469970703,155.8691167831421,5.451623895877407,284.7131156921387,167.7604579925537,9.901317217798246,289.97180938720703,174.70619201660156,19.878661812869858,331.41613006591797,176.06643676757812,9.183293868449189,288.44104766845703,172.566819190979,15.669931214956087,286.1696243286133,181.40104293823242,10.152572120188413,292.3358345031738,185.36637783050537,29.51052616206474,332.3893356323242,197.47735977172852,11.200523004563848,298.2202911376953,191.0435914993286,14.482971426645264,295.4107093811035,192.90262699127197,11.794179610149751,299.7075843811035,193.495774269104,35.160103529060756
103,4.12,393.73756408691406,202.36277103424072,9.199372048631423,378.26263427734375,170.91841220855713,7.3294242981420314,353.8449478149414,153.38592052459717,15.57105031130091,330.76080322265625,151.05952262878418,19.05400389823406,314.0971565246582,155.66664218902588,21.07934097218159,338.82617950439453,140.1375389099121,15.601161392581206,299.67077255249023,142.692289352417,12.72717399329834,290.39146423339844,154.7439193725586,7.580474222788679,290.96418380737305,162.74182319641113,0.989385691134332,334.22576904296875,156.22735977172852,19.02862755854731,290.18795013427734,155.69525241851807,12.873385373985244,285.1484680175781,167.59819507598877,11.615208278311798,290.4756546020508,174.6251678466797,12.75796115746148,332.20653533935547,176.14465713500977,19.856656978186024,289.14867401123047,172.26073265075684,19.2747245617818,286.4507484436035,180.97792625427246,12.699864572956967,292.2990417480469,184.99191284179688,9.406704211567874,333.0940628051758,197.97072887420654,21.506589970218,298.8994026184082,191.06716632843018,16.98801371193861,295.17662048339844,192.28025436401367,16.6235017969511,298.38788986206055,192.34946250915527,43.70086007869874
104,4.16,393.79417419433594,202.08260536193848,7.145693991789994,378.60897064208984,170.60226917266846,11.723248714798656,354.24007415771484,153.18885326385498,11.038578146945072,331.3418960571289,150.36452293395996,22.64803327666145,314.7187805175781,154.70606803894043,28.60418551525819,338.9923858642578,140.00364303588867,5.335767232759432,300.2789497375488,142.04182147979736,22.262467598742575,291.3132858276367,153.865385055542,31.835294856690044,291.92230224609375,161.65287494659424,36.26119855813404,334.08992767333984,156.06053352355957,5.378421863148128,290.5508041381836,155.40810585021973,11.568172387965776,285.8164978027344,167.39088535308838,17.486443232275363,291.30298614501953,174.3963861465454,21.459533841444795,332.0314025878906,175.88287353515625,7.874092558348879,289.26998138427734,172.41547107696533,4.9155022188109045,286.17807388305664,181.00420475006104,6.848447602848652,291.6070747375488,184.9156093597412,17.404032668311086,333.0994415283203,197.50250816345215,11.706290099824963,299.56260681152344,191.08596324920654,16.58676290744185,295.8115768432617,192.07417488098145,16.689037050142723,298.91529083251953,191.8659210205078,17.887917620639936
105,4.2,393.89129638671875,202.57369995117188,12.515156207264363,379.21070098876953,170.988507270813,17.875599265716264,354.9223327636719,153.56231689453125,19.444663291638864,331.54685974121094,150.75419425964355,11.00720939465608,314.7518539428711,155.04026412963867,8.395716113686987,338.9697265625,139.8969841003418,2.725982906235845,300.178165435791,142.58428573608398,13.79367936840563,291.383056640625,155.03572940826416,29.310555588960995,292.1870231628418,163.10471534729004,36.89442465380499,334.14546966552734,155.7047939300537,9.001235029284537,290.43054580688477,155.42967796325684,3.0544457667947436,285.37078857421875,167.9128932952881,17.160073719676408,290.6862258911133,175.2700710296631,26.736193700988565,332.0960235595703,175.4177713394165,11.739248337914358,289.30213928222656,172.38435745239258,1.1186453958266454,286.2403678894043,181.58260345458984,14.54358975260763,291.8227005004883,185.86063385009766,24.23280004736195,333.1623077392578,197.0643424987793,11.066314601523853,299.35699462890625,190.71287155151367,10.649934991818975,295.9521293640137,192.2219753265381,5.099018459252091,299.4949531555176,192.30597496032715,18.194365176030665
106,4.24,394.27860260009766,202.04514026641846,16.381800940154204,378.9899444580078,170.51379203796387,13.088353557957188,354.6150207519531,153.26502799987793,10.68940361499468,331.5768051147461,150.82815170288086,1.9947476040778913,314.92767333984375,155.3049373626709,7.94372317601922,338.8058090209961,139.71393585205078,6.14286281056592,300.2686882019043,142.50147342681885,3.0671902605055807,291.6049003601074,154.97474670410156,5.751821781008735,292.53047943115234,163.0645751953125,8.644848178343933,333.96678924560547,155.4573154449463,7.631034212941012,290.6600761413574,155.27320861816406,6.944729584228374,285.6888008117676,167.86437034606934,8.04232008781117,291.0153579711914,175.26490688323975,8.229314770412046,331.94042205810547,175.1409387588501,7.939147660532016,289.55711364746094,172.1629285812378,8.442551151294365,286.6075897216797,181.5219211578369,9.305046186038847,292.2629737854004,185.85464000701904,11.007852071423564,333.0466842651367,196.83188438415527,6.490645327237638,299.31629180908203,190.61089038848877,2.7450953027120164,295.99246978759766,192.3336696624756,2.9688986231697085,299.73880767822266,192.66297340393066,10.808356633268017
107,4.28,393.8325881958008,202.57238388061523,17.264752343133548,379.3019485473633,170.88626861572266,12.147153801236593,355.13450622558594,153.61855030059814,15.709136959545662,331.8560028076172,150.9811019897461,7.958687939788627,315.1223564147949,155.3432321548462,4.960342149249414,339.19246673583984,139.94944095611572,11.318315977013475,300.52576065063477,142.6783847808838,7.801597236038053,291.63442611694336,154.89880084991455,2.0370847866696904,292.22007751464844,162.6858615875244,12.24166416620832,334.09130096435547,155.62334060668945,5.188179018085421,290.532169342041,155.24222373962402,3.2901569120549174,285.6945037841797,167.56662368774414,7.44503175103009,291.2173843383789,174.79159355163574,12.865655903243436,331.8161392211914,175.22159099578857,3.703968047461703,289.211483001709,172.2185182571411,8.751812503345676,286.3590621948242,181.3520622253418,7.525705471635057,292.0928382873535,185.58091163635254,8.057345585062318,332.7718734741211,196.7802858352661,6.990322824542,299.2368698120117,190.6125783920288,1.9859983280751887,295.9963798522949,192.21402168273926,2.992796315835074,299.7255325317383,192.427339553833,5.900187540770756
108,4.32,392.7065658569336,201.6095781326294,37.038166261156405,377.26428985595703,170.21457195281982,53.63784432200268,352.70336151123047,153.43382835388184,60.95380843176043,329.9608612060547,151.32452487945557,48.150162065857074,313.49313735961914,156.5182399749756,50.21826178737856,337.54222869873047,140.44472694396973,43.07401906084977,299.4219970703125,142.4728775024414,28.06830154661373,290.4612159729004,154.13352012634277,35.01853641248327,290.70690155029297,161.87304496765137,42.94161993804021,332.85255432128906,156.4706039428711,37.51956495071883,290.072021484375,155.80052375793457,18.08720129954087,285.18463134765625,167.53106117248535,12.77777841650003,290.2636909484863,174.46985721588135,25.16253852045563,330.88123321533203,176.04618072509766,31.16485862989309,288.8180351257324,172.7999782562256,17.551655221904706,286.23119354248047,181.24094009399414,4.235159407231073,291.9817352294922,185.1658058166504,10.742925899653985,331.9793701171875,197.04357147216797,20.87733366221952,298.8451385498047,190.20286560058594,14.171228626653711,296.90725326538086,191.68694972991943,26.309399676210397,301.9014358520508,192.2431468963623,54.592136535477124
109,4.36,392.39986419677734,201.7212438583374,8.159930401070216,377.098388671875,170.8078908920288,15.40191884360303,352.1788787841797,153.73897075653076,15.16974820302284,329.298095703125,151.36970043182373,16.607583779809197,312.7868461608887,156.49842739105225,17.664225780618047,337.3847961425781,140.46483993530273,3.967803403413414,299.0825843811035,143.05855751037598,16.92302509324044,290.40733337402344,155.20269870758057,26.76338652244184,291.0771942138672,162.8909683227539,27.079565791848697,332.67330169677734,156.47284984588623,4.481667342818172,289.4030570983887,156.03783130645752,17.745214536320013,285.11940002441406,168.2412815093994,17.830242085047722,291.00669860839844,175.4020643234253,29.802165127339297,330.6853485107422,176.170392036438,5.798667269141206,288.29883575439453,173.3481788635254,18.876107468197983,286.0897445678711,181.98384761810303,18.906338252614514,292.0845031738281,185.83298206329346,16.876118379009807,331.8334197998047,197.3880386352539,9.3527777153574,298.77613067626953,190.76273918151855,14.102759331868267,296.6691017150879,192.20508098602295,14.256054842117772,301.2690734863281,192.47267246246338,16.818222020259253
110,4.4,392.90367126464844,201.74481868743896,12.608958477111539,377.53650665283203,171.22642993927002,15.147654507040153,352.4823760986328,154.11466598510742,12.07418539321411,329.3357849121094,151.7300319671631,9.05743105942177,312.59164810180664,156.71271800994873,7.246669563342118,337.6636505126953,140.45920372009277,6.972783099996119,298.95679473876953,143.00055027008057,3.463007548107675,289.83753204345703,155.3204584121704,14.546067001519994,290.49245834350586,163.39701175689697,19.33255019595397,332.87322998046875,156.43110752105713,5.105985476742568,289.5769500732422,156.0137701034546,4.388743284910386,284.8570251464844,168.34420680999756,7.046018116276597,290.4333305358887,175.61442375183105,15.285766937873646,330.8072280883789,176.14132404327393,3.132449088920973,288.3537292480469,173.1075668334961,6.1698584181577445,285.9910583496094,181.98772430419922,2.469058318707761,292.03731536865234,186.04079246520996,5.327514201178068,331.8076705932617,197.46378421783447,2.0000648298964383,298.7980651855469,190.93295574188232,4.290600199805287,296.3469886779785,192.45198726654053,10.146413160411988,300.6349563598633,192.7211093902588,17.026182726327203
111,4.44,392.8997802734375,202.04771518707275,7.573037258219352,377.6100158691406,171.33207321166992,3.217540392681924,352.55809783935547,154.1576385498047,2.176640664925233,329.42691802978516,151.84015274047852,3.5734987978254624,312.6700782775879,156.9411277770996,6.0375033231355495,337.56832122802734,140.53921222686768,3.1113736588177794,298.7641143798828,143.06862831115723,5.108836730212549,289.89013671875,155.25426864624023,2.1136959597719667,290.6492614746094,163.07833671569824,8.879083701559486,332.82005310058594,156.5119743347168,2.4196102611705013,289.4554138183594,156.0620641708374,3.2694971130239967,285.2095413208008,168.3047103881836,8.868047293893873,291.16790771484375,175.33621788024902,19.637370922941773,330.8058547973633,176.23596668243408,2.366315051326262,288.18716049194336,173.0270004272461,4.6257496909901334,286.24839782714844,181.88138008117676,6.961173593149028,292.66096115112305,185.83720207214355,16.400897653452336,331.82384490966797,197.5284719467163,1.6669790751347553,298.6545753479004,190.8010482788086,4.872686138207166,296.2071418762207,192.34723091125488,4.368282123345307,300.5183982849121,192.7054738998413,2.9400524439325615
112,4.48,392.99915313720703,201.97537422180176,3.0728835511308916,377.42523193359375,171.29522323608398,4.710561506927535,352.5613784790039,154.2076063156128,1.2518836348570337,329.59007263183594,151.8716526031494,4.1541895658655745,312.8891181945801,156.89420700073242,5.600225692485751,337.69996643066406,140.42914867401123,4.289845935800483,299.06110763549805,143.136248588562,7.614849629065076,290.14257431030273,155.3204870223999,6.524454525579534,290.7123565673828,163.08035373687744,1.578183114083649,332.85228729248047,156.41461372375488,2.5639485776301467,289.57767486572266,156.07038974761963,3.063604793695171,285.2070617675781,168.44143867492676,3.4187692028624204,291.04928970336914,175.53600311279297,5.8086342945668425,330.73795318603516,176.15216732025146,2.696405236973989,288.0665969848633,172.9915952682495,3.141365599048973,285.9248733520508,182.02599048614502,8.859326131692335,292.24138259887695,186.14481925964355,13.006596776980569,331.69212341308594,197.46707439422607,3.6331986693546945,298.38123321533203,190.6274700164795,8.094957326563284,295.49224853515625,192.08290100097656,19.05490078965975,299.39233779907227,192.35332489013672,29.495986409232316
113,4.52,393.0478286743164,201.9111728668213,2.0141874748602575,377.3965835571289,171.32423400878906,1.019299516523823,352.4283981323242,154.17509078979492,3.4224472258771317,329.39876556396484,151.8687343597412,4.7832331091287505,312.69813537597656,156.87599658966064,4.79622612537363,337.7223587036133,140.56227207183838,3.3748382310191496,298.86951446533203,143.10885429382324,4.838542538726047,290.1426124572754,155.31301975250244,0.1866841833703533,291.0937690734863,163.18625450134277,9.896036824358845,332.83287048339844,156.6280746459961,5.358554947406318,289.5683288574219,156.21395587921143,3.596750444098065,285.3158760070801,168.4142017364502,2.804281273335075,291.25892639160156,175.4591703414917,5.581824063360182,330.69786071777344,176.39771461486816,6.2199718601100304,288.0710792541504,173.0751085281372,2.090836452689435,286.1299133300781,181.89674377441406,6.059398953419324,292.5862121582031,185.93197345733643,10.13073172779388,331.57310485839844,197.68840312957764,6.282506737572165,298.3535575866699,190.77913284301758,3.85418225562866,295.7760429382324,192.17511177062988,7.459980280529333,299.9777030944824,192.51468658447266,15.179964704125304
114,4.56,392.9242706298828,201.63442611694336,7.576912048793827,377.62184143066406,171.05658531188965,8.745603700629207,352.83817291259766,153.88170719146729,12.599337936867357,329.8914337158203,151.34971618652344,17.890321615034583,313.1516647338867,155.99972248077393,24.667098435867103,337.6683044433594,140.51214694976807,1.8429580356998023,298.84958267211914,142.7616548538208,8.694277123440537,289.86337661743164,154.65030670166016,17.978480921818964,290.45019149780273,162.55179405212402,22.593308710014536,332.9726028442383,156.42215251922607,6.2213872528241385,289.79745864868164,155.97782135009766,8.22572098217405,285.3683853149414,167.97035694122314,11.173501847625323,291.0387420654297,175.087308883667,10.80399466942896,330.9154510498047,176.14697456359863,8.299703530251728,288.1500244140625,172.45081901550293,15.731531510367406,285.8152961730957,181.22989654541016,18.433481465425388,291.89172744750977,185.51846981048584,20.206655452869562,331.7662811279297,197.55220413208008,5.909062850261776,298.0706596374512,190.7957124710083,7.084584221060772,294.98640060424805,192.20974445343018,19.760036031379045,298.78063201904297,192.6538610458374,30.128357596601745
115,4.6,393.2574462890625,201.33893966674805,11.133234652349643,377.4051284790039,170.87084770202637,7.135429346532944,352.6273727416992,153.58646392822266,9.069361076660378,329.8005676269531,150.96641063690186,9.848216541483625,313.3320999145508,155.71526527404785,8.421429394692796,337.82779693603516,139.9592399597168,14.386278072947864,299.0503120422363,142.99135208129883,7.626151402359495,289.9148750305176,155.02688884735107,9.502177349282427,290.1129913330078,162.86174297332764,11.450226113842854,333.0210494995117,155.77318668365479,16.26929112903211,289.5515251159668,155.7665777206421,8.105059126063015,285.3276252746582,167.9861068725586,1.0924288366295614,291.0928153991699,175.18366813659668,2.762362105941926,330.8721160888672,175.48227310180664,16.652814179363684,287.7866554260254,172.29379177093506,9.896166461176108,286.1883544921875,181.32232189178467,9.608425797706323,292.75413513183594,185.49659729003906,21.567125172579285,331.6896057128906,197.00602054595947,13.788483170271515,297.8934860229492,190.51012516021729,8.402031069945634,295.7028579711914,192.25496292114258,17.947072680343812,300.28247833251953,192.77551174163818,37.669128947753386
116,4.64,393.53565216064453,200.99650382995605,11.030095458056719,377.97142028808594,170.49488067626953,16.99333725114495,353.3453369140625,153.45674514770508,18.239714821239993,330.3010940551758,151.05829238891602,12.72224827080795,313.53376388549805,155.55677890777588,6.412209324421335,337.89772033691406,140.07461071014404,3.3726558567227594,299.1272735595703,142.79608726501465,5.247107752660247,289.6126937866211,154.94346141815186,7.837156695256946,289.80783462524414,163.06082725524902,9.108895638375888,333.3491516113281,155.9531593322754,9.355518091943834,289.9263000488281,155.65532684326172,9.77346560908397,284.6145439147949,167.80727863311768,18.379073783212064,289.58641052246094,175.18768787384033,37.66025599737174,331.5260314941406,175.76900482177734,17.850427804594798,288.6173439025879,172.30600833892822,20.76945758841662,285.7658386230469,181.15144729614258,11.394016716886583,291.44269943237305,185.45278072357178,32.80418690238625,332.6461410522461,197.5037384033203,26.95694392187924,298.90026092529297,190.58999061584473,25.24844295931739,294.99446868896484,191.60382270812988,24.054611722283145,297.97462463378906,191.56704425811768,65.12767438592394
117,4.68,393.7350845336914,200.9718418121338,5.0237863299366685,378.39210510253906,170.2131986618042,12.657025479568345,353.5896301269531,153.02885055541992,12.317998923610327,330.2240753173828,150.56787014007568,12.4108286419771,313.2974624633789,155.24757385253906,9.729020000735266,337.87662506103516,139.88332271575928,4.81119186507832,298.9714813232422,142.71539211273193,4.386266101569826,289.72970962524414,155.03705978393555,3.746111364304377,290.2426528930664,163.1870698928833,11.319345431296341,333.4035110473633,155.71954250335693,5.996445355373875,289.6856117248535,155.70093154907227,6.124268246583273,284.94726181030273,168.11047554016113,11.253598380958708,290.5546569824219,175.46442031860352,25.1754102897487,331.6554641723633,175.60242176055908,5.273917808229524,288.4781265258789,172.4647092819214,5.277752083312244,286.2623596191406,181.53435230255127,15.675405566818073,292.4943542480469,185.7864761352539,27.583175115317793,332.92301177978516,197.45405673980713,7.032321249836669,299.1392135620117,190.77564239501953,7.564925053561888,296.06882095336914,192.1118974685669,29.710822420287435,299.90943908691406,192.20427989959717,50.926271650747545
118,4.72,393.6697769165039,201.05722904205322,2.6874783599155805,378.22052001953125,170.32859802246094,5.169529303451008,353.4653854370117,153.13984394073486,4.165053613273425,330.2628707885742,150.5693006515503,0.9705458992373253,313.42065811157227,155.19792079925537,3.3206356163179693,337.83504486083984,140.10236263275146,5.573789009968143,299.10980224609375,142.23675727844238,12.455520420025955,289.49859619140625,154.27698612213135,19.860850162266235,289.5612144470215,162.45746612548828,24.958465662289868,333.30089569091797,155.9972906112671,7.402445661151047,289.88075256347656,155.48346519470215,7.304603094176961,284.63016510009766,167.6067352294922,14.880873298796363,289.6160125732422,174.9054193496704,27.31226155676736,331.44535064697266,175.83389282226562,7.815311332555434,288.5397720336914,172.1553611755371,7.885763261924902,285.8802795410156,180.85407257080078,19.50585968899029,291.70541763305664,185.02502918243408,27.41147620558364,332.5416946411133,197.48479843139648,9.563858133837808,299.0124320983887,190.65669536590576,4.3461143028423885,295.52574157714844,191.63177490234375,18.122032299678853,298.89326095581055,191.51525974273682,30.693716485350237
119,4.76,393.3555603027344,201.1621856689453,8.282057937846583,378.0268859863281,170.65983295440674,9.59201226788624,353.2860565185547,153.32104682922363,6.37344823229751,330.00144958496094,150.86053848266602,9.783931979641634,313.2375717163086,155.7950735092163,15.61473637194079,337.97679901123047,140.00249862670898,4.33496387353895,298.83056640625,142.62167930603027,11.888482387788644,289.75948333740234,154.6966552734375,12.3537519478905,290.2317237854004,162.5666856765747,16.983662796803415,333.4285354614258,155.97867965698242,3.2247362910276327,289.35359954833984,155.56806564331055,13.347460837001822,285.0350761413574,167.68564224243164,10.313197492324296,290.88573455810547,174.76547241210938,31.935276969382375,331.57047271728516,175.8861780166626,3.390176436449825,288.0947685241699,172.0969533920288,11.220505577423594,286.1818504333496,180.7870388031006,7.723281731038924,292.55300521850586,184.77184295654297,22.11487027981148,332.6674270629883,197.6620388031006,5.4327014040186,298.7574005126953,190.6030511856079,6.515309268422034,295.9875297546387,191.88157081604004,13.125507594211264,299.9796676635742,192.08025455474854,30.613504702521176
120,4.8,393.50181579589844,201.37527465820312,6.461307270184342,377.5933837890625,170.6566858291626,10.837840520354689,352.7986145019531,153.52343559265137,13.194717956212756,329.8217010498047,151.29296779632568,11.707493519189674,313.4657669067383,156.57729148864746,20.370597872310288,338.18206787109375,139.95447635650635,5.270284815891502,299.5365333557129,142.55900859832764,17.718580490157233,290.7763671875,154.83459949493408,25.65493827747558,291.4915466308594,162.56272315979004,31.495726927232138,333.27423095703125,155.91454982757568,4.177507861765438,289.80010986328125,155.02209663391113,17.63259801783424,285.6393051147461,167.3370122909546,17.439816071084635,291.69443130493164,174.47949886322021,21.44427806827929,331.1617660522461,175.71149826049805,11.111766152964258,288.37474822998047,171.89632415771484,8.611065748760725,286.92169189453125,180.9473991394043,18.925525506951324,293.7792205810547,184.95466232299805,30.994223616080767,332.1439743041992,197.1620750427246,18.09638348491846,298.3749198913574,190.41729927062988,10.630004692409099,296.3108825683594,192.3746681213379,14.74156527122159,301.1248207092285,193.07141304016113,37.86299843825686
121,4.84,393.38050842285156,201.77746295928955,10.502110153628626,377.4631881713867,170.71665287017822,3.5835513870799187,352.8713607788086,153.502836227417,1.890164451243543,329.9003601074219,151.2161636352539,2.748423014107765,313.42267990112305,156.3310146331787,6.250438964207975,338.22566986083984,140.20862102508545,6.4464450511987526,299.51183319091797,142.7054214477539,3.712042953180884,290.52574157714844,155.18810749053955,10.833429152428184,291.1654472351074,163.237624168396,18.738866483313615,333.2387924194336,156.1710262298584,6.47282950469429,289.88277435302734,155.09496688842773,2.7549378235152977,284.9580192565918,167.5376272201538,17.75522406115036,290.4643249511719,175.00624179840088,33.45351029154944,331.06945037841797,175.97747325897217,7.038504965884511,288.53551864624023,171.98065280914307,4.538615441136825,286.26489639282227,181.0652732849121,16.682225669188178,292.59620666503906,185.2924919128418,30.75762870066364,331.9458770751953,197.42467403411865,8.223470314448864,298.43624114990234,190.54457187652588,3.5318738794982028,295.7929992675781,192.33973503112793,12.976503622405861,300.0825881958008,192.8886079788208,26.45357138574978
122,4.88,393.60530853271484,201.70941352844238,5.8718509876127865,377.62664794921875,170.73652267456055,4.116575343587256,352.78656005859375,153.61786365509033,3.57268030214201,329.6382141113281,151.67912006378174,13.300591574795414,313.19047927856445,157.17517375946045,21.88780710237646,338.13201904296875,139.9474811553955,6.935619440143953,299.18251037597656,142.98980712890625,10.877980398648635,290.60230255126953,155.50426483154297,8.132383069737397,291.6239547729492,163.36044788360596,11.866834752676374,333.3156967163086,155.88091850280762,7.503197825444525,289.61734771728516,155.22255420684814,7.3624818668336545,285.49571990966797,167.77353286743164,14.679353415940078,291.64623260498047,175.04111766815186,29.560552561883696,331.32652282714844,175.75565814971924,8.488528530801458,288.3968162536621,171.70487880706787,7.717255581141933,286.7075729370117,181.13051891326904,11.186473829898542,293.4423828125,185.49416542053223,21.746929039464344,332.3285675048828,197.40838050842285,9.575928282482693,298.24947357177734,190.4481840133667,5.254328477733306,295.61750411987305,192.54630088806152,6.776245278486508,299.9117088317871,193.3945369720459,13.350184999455013
123,4.92,393.5655212402344,201.68892860412598,1.1187774485949096,377.62203216552734,170.6848955154419,1.2958272014789673,352.96031951904297,153.44667434692383,6.098059595382056,330.072021484375,151.24131202697754,15.408291477321912,313.6634635925293,156.3890790939331,22.935493569293154,338.08860778808594,139.9519443511963,1.0910021675209403,299.1629409790039,142.41418361663818,14.39890163288719,290.7194519042969,154.6226406097412,22.234337737246083,291.85062408447266,162.34097957611084,26.109081355601493,333.2850646972656,155.95014095306396,1.892430350458988,289.6878433227539,155.10189056396484,3.4936858316356236,285.95617294311523,167.4686336517334,13.806260530647679,292.2897529602051,174.46208953857422,21.641857915140164,331.33121490478516,175.85612297058105,2.5143582460721783,288.40160369873047,171.52884006500244,4.4025957072406054,287.1363830566406,180.82815170288086,13.11735607444601,294.1326904296875,185.04786014556885,20.550441065936113,332.40657806396484,197.50040531158447,3.016020942942269,298.29477310180664,190.32299995422363,3.3282029764959047,295.8225440979004,192.39469528198242,6.375031979530835,300.3161430358887,193.31427097320557,10.308056800905193
124,4.96,393.5378646850586,201.5851879119873,2.6840985741960153,377.67818450927734,170.95730781555176,6.953485949497039,352.763671875,153.54695320129395,5.5184998268003795,329.6550750732422,151.50541305541992,12.338802185100278,313.222713470459,156.95817947387695,17.995414564501342,338.0595016479492,139.94580745697021,0.7436518273024065,298.92723083496094,142.5470495223999,6.764457707322101,290.8550453186035,154.51045989990234,4.399579927624086,292.1734619140625,161.94622993469238,12.748812288167313,333.2740783691406,156.03333950042725,2.0980195555914034,289.45756912231445,155.34892559051514,8.44291536329178,286.6096878051758,167.53872871398926,16.431581495071246,293.49803924560547,174.13064002990723,31.323059838981493,331.34571075439453,175.9041166305542,1.253375705224553,288.03955078125,171.61229610443115,9.28867676169639,287.5860595703125,180.77001571655273,11.335474181039912,295.122013092041,184.7109889984131,26.127589584961324,332.3788070678711,197.48085021972656,0.8491281711299471,298.1205177307129,190.27763843536377,4.50156929222287,296.5134048461914,192.36053466796875,17.292619832587057,301.74964904785156,193.34259510040283,35.84464519383646
125,5.0,393.1990051269531,202.21557140350342,17.892197085871665,377.72830963134766,171.39098167419434,10.914026054019507,352.88761138916016,153.9471960067749,10.474830145088356,329.7807312011719,151.58499240875244,3.718394811869765,313.1479072570801,156.60686016082764,8.979881307732233,338.0845642089844,140.26981830596924,8.124467760825508,298.8466262817383,142.19032287597656,9.142995757295122,290.43182373046875,153.6701774597168,23.52114862134036,291.4971351623535,161.043119430542,28.207118536195775,333.09112548828125,156.33378982543945,8.794250764515327,289.8531723022461,155.553560256958,11.134889499962807,286.6044044494629,167.12109088897705,10.441781060016647,293.03035736083984,173.50778102874756,19.47241126349576,330.94425201416016,176.1704921722412,12.04483938559426,288.09986114501953,171.6057014465332,1.5167460010669576,287.34540939331055,180.34624099731445,12.18342932933282,294.4979667663574,184.34796810150146,18.04885710013434,331.7767333984375,197.72319316864014,16.2254200314152,298.14130783081055,190.5154037475586,5.966813007438141,296.3820266723633,192.36169338226318,3.2845820869279887,301.2551498413086,193.36116313934326,12.371192276356162
126,5.04,393.2621765136719,201.9688367843628,6.367328540214055,377.3735809326172,170.8882713317871,15.381607077655332,352.73983001708984,153.5621166229248,10.311567103178202,329.96212005615234,151.052827835083,14.055716145484537,313.28386306762695,155.6583595275879,23.95487207330767,337.7467727661133,140.2275037765503,8.510786475000495,298.7723159790039,142.39728927612305,5.497562635049574,289.53094482421875,154.01325702667236,24.099875427434984,289.73785400390625,161.6411304473877,46.45352092909902,333.0445098876953,156.26243591308594,2.1307855104017457,289.54702377319336,155.39184093475342,8.655925030559446,285.21434783935547,167.2620677947998,34.92967816984841,290.8619499206543,174.13354396820068,56.42234753981048,331.0871124267578,176.0895538330078,4.10488369547735,288.02371978759766,171.62644386291504,1.972903024004724,286.0774230957031,180.38259029388428,31.712680057444082,292.4116325378418,184.47588443756104,52.25629807799961,332.11822509765625,197.6834535598755,8.594904636617432,298.11620712280273,190.26223182678223,6.360329541977788,295.54718017578125,191.8634033203125,24.30614195391398,299.86873626708984,192.66303062438965,38.806665078416835
127,5.08,393.0765151977539,202.15570449829102,6.585479611290275,377.4650573730469,171.21758937835693,8.544673594930758,352.6826858520508,153.6522674560547,2.668406396150096,329.65702056884766,151.35480880737305,10.731909335563863,313.02133560180664,156.2097930908203,15.268424218162641,337.8602981567383,140.0559139251709,5.143630248482191,298.565731048584,142.44356632232666,5.292618591133276,289.7139358520508,153.90516757965088,5.313252583424859,290.3363037109375,161.29274368286133,17.31176243091203,333.1329345703125,156.10741138458252,4.461749161879887,289.44080352783203,155.51915645599365,4.145176600074878,285.7929801940918,167.08343982696533,15.13942190194983,291.9614028930664,173.58514308929443,30.715838366905373,331.15901947021484,175.9652853012085,3.5893323625614113,287.7820587158203,171.5008306503296,6.8089441540434406,286.4666748046875,180.15224933624268,11.307460195444715,293.2270812988281,184.13589477539062,22.087180277494785,332.11666107177734,197.6306676864624,1.3202259770897702,297.91601181030273,190.29117107391357,5.056903892915968,295.51631927490234,191.900053024292,1.197809460234098,299.854679107666,192.74735927581787,2.1373063044942806
128,5.12,393.359375,201.46423816680908,18.677114259498552,377.45540618896484,170.5805253982544,15.928427027218381,352.75867462158203,153.47514152526855,4.818446874494891,330.00518798828125,150.8656883239746,15.009567765990322,313.4403991699219,155.34185886383057,24.095177117290504,337.65106201171875,140.01427173614502,5.333493009364345,298.7208366394043,142.3341178894043,4.745833947584928,289.7237777709961,153.92223358154297,0.4925138253814019,290.2097511291504,161.40154838562012,4.172380862545047,333.0183792114258,156.04052066802979,3.3163702117868255,289.3220901489258,155.6797456741333,4.992604738137853,285.45597076416016,167.6040744781494,15.50475322031159,291.5396499633789,174.1670036315918,17.96589171845102,331.14307403564453,175.87470531463623,2.2993193083861714,287.785701751709,171.97161197662354,11.769885537293161,286.0606575012207,180.79912662506104,19.093524384975396,292.6027488708496,184.66421127319336,20.446718906650023,332.3452377319336,197.48336791992188,6.798184996337242,298.1406593322754,190.48258781433105,7.378468575884674,295.5484962463379,191.95308208465576,1.550693138129751,299.86589431762695,192.36587047576904,9.541340494696051
129,5.16,393.4691619873047,201.63694381713867,5.116176809713856,377.56248474121094,170.91007232666016,8.662671151728823,352.66876220703125,153.63819122314453,4.65493328817656,329.73907470703125,151.24584674835205,11.601096556004427,313.05797576904297,155.9358787536621,17.661881394957387,337.691650390625,140.12629508972168,2.978742210312804,298.7972831726074,142.5400972366333,5.492697647994964,289.85401153564453,153.79355907440186,4.576977867716932,290.2706527709961,161.0876226425171,7.994466139238529,332.99633026123047,156.22936248779297,4.753116681201536,289.9311828613281,155.6260585784912,15.286354955893817,285.99063873291016,166.8449878692627,23.21209701586639,291.8544006347656,173.3022165298462,23.007128195463064,331.0725402832031,176.18958950042725,8.067181226067149,288.21889877319336,171.63936138153076,13.648491614516331,286.55548095703125,179.95057582855225,24.557187169390865,293.0682373046875,183.90037536621094,22.362423488305545,332.0443344116211,197.93363571166992,13.5389228813805,298.13032150268555,190.6022071838379,3.0016312525276985,295.4774475097656,191.8949031829834,2.295744373879324,299.5479202270508,192.49913692474365,8.619290454412624
130,5.2,393.69083404541016,201.57430171966553,5.758826579724665,377.92613983154297,170.8696746826172,9.147301322269188,352.9731750488281,153.63872051239014,7.610332548497584,329.89330291748047,151.19559288024902,4.055227502687502,313.1411361694336,155.8880853652954,2.3978975380397305,337.95589447021484,140.32371997833252,8.246268862388849,298.92032623291016,142.28802680969238,7.012448521506191,289.88977432250977,153.40879440307617,9.660578050275042,290.2577781677246,160.73121070861816,8.916109789132056,333.2347106933594,156.37571811676025,6.9930858957425635,290.04966735839844,155.72075843811035,3.791984923648978,286.0951232910156,166.83312892913818,2.628884904214597,291.90637588500977,173.22157859802246,2.3984243117552255,331.28673553466797,176.29948139190674,6.018504463477002,288.33335876464844,171.83102130889893,5.580917117881841,286.6304588317871,180.00699520111084,2.345851031983214,293.0339241027832,183.91724109649658,0.9558532454674822,332.24212646484375,198.0051612854004,5.2581843358417695,298.36435317993164,190.8449935913086,8.430453190930415,295.5854034423828,192.017240524292,4.0789787681555545,299.4854545593262,192.53165245056152,1.760543073793912
131,5.24,393.66153717041016,201.69785499572754,3.174480165163001,378.0604934692383,171.08014583587646,6.242445750477808,353.18382263183594,153.7013053894043,5.49370498035654,330.1793670654297,151.40979766845703,8.934357420694493,313.6044502258301,156.17784976959229,13.661609642811301,337.97279357910156,140.37517547607422,1.3539867357666373,298.847713470459,142.41255283355713,3.603760526376721,290.1902198791504,153.55894088745117,8.396855783389515,290.885009765625,160.76112270355225,15.698610703769575,333.1488800048828,156.41499996185303,2.359815993654665,289.9868583679199,155.77932357788086,2.1469229261418223,286.68880462646484,166.99009895324707,15.352058423252082,292.9846954345703,173.24317932128906,26.96339697407048,331.0963821411133,176.25158786773682,4.907150655879682,288.1274223327637,171.62817478179932,7.226536494658128,287.3933410644531,179.93784427642822,19.150247245498324,294.5254325866699,183.77241611480713,37.46308043283587,332.00157165527344,197.87827491760254,6.799207984222362,298.1376647949219,190.7087230682373,6.612359608928308,296.2982368469238,192.15721607208252,18.161164207739986,301.0986328125,192.86550521850586,41.18405142753274
132,5.28,393.31138610839844,202.2361135482788,16.053193522289465,377.7000045776367,171.47290706634521,13.327922407661893,353.22998046875,154.06774520874023,9.233386672273197,330.9466552734375,151.3908290863037,19.18806597303301,314.98422622680664,155.73484897613525,36.22871371469765,337.3115539550781,140.95733642578125,22.024832742589236,298.8605499267578,142.91954040527344,12.678751232009969,290.5705261230469,154.845871925354,33.54869907560046,292.0464324951172,162.31680393218994,48.53508294082727,332.5189208984375,156.67234897613525,17.012440134821382,289.5567321777344,155.71746826171875,10.86377638131211,285.7651901245117,167.77264595031738,30.26387647470457,292.07752227783203,174.48389053344727,38.424662069769525,330.5314636230469,176.23085975646973,14.13246675767905,288.2040786743164,172.24897384643555,15.637848184642209,286.9023323059082,180.97907066345215,28.779788806586165,293.74895095825195,184.66320991516113,29.5427371998998,331.7750930786133,197.75022983551025,6.504233656532408,298.0605888366699,190.95378398895264,6.422400164770132,295.9797668457031,192.559175491333,12.820747745395558,300.91867446899414,193.03155899047852,6.1216246099238125
133,5.32,392.65148162841797,202.34437465667725,16.71814863946422,376.44779205322266,171.5485382080078,31.36236075984064,351.336669921875,154.18333053588867,47.42088671382134,328.4965515136719,152.00147151947021,63.126324811846324,312.2064781188965,157.2695016860962,79.3372685564172,336.93939208984375,141.17244243621826,10.7463671088436,298.3486747741699,143.20472717285156,14.64896891078293,291.10185623168945,155.27865886688232,17.13213758385778,293.31703186035156,162.69806385040283,33.16419258938864,332.1043014526367,157.51580715179443,23.49642231971788,289.56382751464844,156.7444610595703,25.67543269651098,286.67198181152344,168.466215133667,28.540643998141086,293.6307907104492,175.02073287963867,41.08560064387939,330.0898742675781,177.47713565826416,33.05492382248856,287.80797958374023,173.23857307434082,26.648183819751015,287.30676651000977,181.77831172943115,22.393544089124756,294.8285484313965,185.60551643371582,35.82485414250413,331.0421371459961,198.95205974578857,35.19250215243233,297.6107978820801,192.27182865142822,34.8169645710897,296.85937881469727,194.00678157806396,42.3473774153892,302.83153533935547,194.80141639709473,65.15093988728097
134,5.36,392.4333953857422,203.8943338394165,39.13067113373303,376.8675994873047,172.83426761627197,33.81325916879581,351.76361083984375,155.43033599853516,32.951680261655206,329.0409469604492,153.11752796173096,31.043803576394367,312.91255950927734,158.06292057037354,26.55259469159832,336.62628173828125,141.95420265197754,21.053312197840512,298.2824897766113,144.38281059265137,29.498527483471886,291.3745880126953,156.69692516326904,36.10628331604078,293.8336753845215,163.9264726638794,33.315806534714234,331.45984649658203,157.94470310211182,19.353196224753486,288.82251739501953,157.6563262939453,29.37940285223218,286.51878356933594,169.93384838104248,36.89018374015014,294.19689178466797,176.49320125579834,39.43850866397835,329.26353454589844,177.7238416671753,21.55952791775778,286.849308013916,174.32312965393066,36.18800002349582,287.4695587158203,183.6083221435547,45.93092244115923,295.8849906921387,187.42444038391113,52.58656308219444,330.3916931152344,199.24172401428223,17.80068161608416,297.1617889404297,192.88779258728027,19.056176819347073,297.792911529541,195.4141902923584,42.221755490767535,305.1625061035156,196.5448808670044,72.7714446967644
135,5.4,392.02648162841797,203.68090152740479,11.487279859435306,375.8453369140625,172.63432502746582,26.040807008787247,350.72093963623047,155.7773780822754,27.472730192082434,328.06507110595703,153.75160217285156,29.094498927944645,311.7829895019531,158.8358974456787,34.21824852329336,336.24488830566406,142.59504318237305,18.643657363851602,297.7826118469238,144.7377061843872,15.326219886647547,290.59133529663086,156.7555046081543,19.636005967759317,292.7603530883789,164.06036853790283,27.041043531977415,331.27193450927734,159.07127380371094,28.553376121248046,288.56075286865234,158.75593185424805,28.25832903226198,285.77232360839844,170.56167125701904,24.38447299105386,293.00012588500977,177.08983898162842,33.43113438911021,329.2104721069336,179.07039642333984,33.68999604647378,286.63822174072266,176.02479457855225,42.86768108390367,286.4327049255371,184.66599941253662,37.02825768708378,294.2967987060547,188.37018013000488,46.211317958935,330.33573150634766,200.43222427368164,29.795370543291433,297.0335006713867,194.158616065979,31.932058675275538,297.1514320373535,195.93801498413086,20.704592585457437,304.1320991516113,196.59107208251953,25.786044129085962
136,5.44,392.3041534423828,202.85759925842285,21.72165196269219,376.5322494506836,171.6017246246338,31.005165143247694,351.23485565185547,154.43495750427246,35.93572977693645,327.9203414916992,152.57107257843018,29.734205729133944,311.455135345459,157.82190799713135,26.641871998039456,336.8684768676758,141.70781135559082,27.111379173780175,298.272705078125,144.29546356201172,16.50321772251464,291.33737564086914,155.80862045288086,30.13683168834965,293.3281135559082,162.8056812286377,34.429204468373165,331.88365936279297,158.5060214996338,20.822425766364823,288.6132621765137,158.68098735809326,2.2877260702456192,287.2520446777344,170.05396842956543,39.10991405674113,295.14238357543945,176.09058380126953,59.0962082523025,329.7367858886719,178.63906860351562,17.011942220870257,286.3125419616699,176.14294052124023,8.661184324959235,288.2119560241699,184.1861629486084,46.07044540769339,297.31054306030273,187.12881088256836,81.48486301624945,330.6890106201172,200.1994800567627,10.576388878505464,296.6662406921387,194.3272876739502,10.103526726249575,298.53952407836914,196.26171112060547,35.63336483462087,307.10399627685547,197.0696210861206,75.25449185880024
137,5.48,394.17335510253906,201.48561000823975,57.96695906370327,378.8102340698242,169.653582572937,74.93526947735704,354.0632629394531,151.6532564163208,99.17707877594178,330.55667877197266,149.84919548034668,94.73281240029434,313.7615966796875,155.9197998046875,74.74029812479505,340.4909133911133,139.49037551879883,106.18106015382219,301.52204513549805,141.8712043762207,101.35100951748457,292.0709991455078,152.0914649963379,94.72146052593327,291.59372329711914,158.93908023834229,105.94430372823211,334.98497009277344,156.38262748718262,93.96452248057999,291.7799186706543,155.27239322662354,116.31376558949518,287.7054023742676,165.08759021759033,124.67569366507165,293.2687187194824,171.5154504776001,123.59830328982828,331.79187774658203,176.43465042114258,75.34446756077013,289.4197654724121,171.7425298690796,134.67194365697955,289.1239547729492,178.67784976959229,139.5825378492453,296.3921546936035,182.1566677093506,126.40620269359948,331.3232421875,197.6974582672119,64.52888266336514,298.0398368835449,189.7428846359253,119.64404945529496,297.9243850708008,191.24493598937988,126.358687661147,304.3626022338867,192.5643253326416,131.84491629643068
138,5.52,397.1742630004883,197.22546100616455,130.27451240519065,383.1920623779297,165.74023246765137,146.87309226049032,358.502197265625,147.31608867645264,155.15146219867717,334.40502166748047,145.26462078094482,149.64138008878317,317.24498748779297,151.17204666137695,147.21406911324925,348.1083679199219,133.17817211151123,247.32256942280827,306.5084457397461,134.18028831481934,229.1483973999802,298.7493133544922,146.4748477935791,218.1545746085911,301.6744613647461,153.57779502868652,285.44336028292986,342.3544692993164,149.95303630828857,244.50097300796875,296.876163482666,146.52172565460205,253.16236655058043,292.77034759521484,157.81156539916992,221.63343504741437,299.8224449157715,164.0357780456543,248.61720921068536,338.4654235839844,170.23090839385986,227.79188580942696,294.52808380126953,163.05798053741455,251.88826049841074,294.13089752197266,171.44237995147705,219.97371885758147,303.00222396850586,175.64967155456543,231.8863067019547,336.981201171875,191.54070854187012,209.0425600346824,304.4163513183594,180.71454048156738,276.32740375653765,302.55210876464844,181.79898262023926,262.9660881636857,307.9473876953125,182.58294582366943,265.13984954474864
139,5.56,400.5343246459961,190.1832675933838,195.0681008081303,388.114013671875,157.6424503326416,236.90673276372559,361.6167449951172,137.95949935913086,246.53368331262686,334.9083709716797,137.46877670288086,195.3019223720078,315.97789764404297,145.2513885498047,151.36815456499772,355.1310348510742,126.21016502380371,247.32439932233095,311.1718940734863,122.08850383758545,323.99749440132535,313.0330276489258,130.43209075927734,537.0024134644584,323.5744857788086,135.38143157958984,711.8280656644531,347.9160690307617,144.6448516845703,192.20466886286144,303.35315704345703,136.97349071502686,288.4443577709712,309.6836853027344,143.25851440429688,557.8150935054427,322.5789260864258,147.75375366210938,699.5363434521714,342.71045684814453,164.49830532073975,178.33088173352863,303.00193786621094,153.8260316848755,313.2840986327559,312.36385345458984,157.58490085601807,572.5329733527598,324.4310760498047,160.9742832183838,649.3086344046649,339.5541763305664,184.21626091003418,194.0807407349293,313.6465835571289,170.86848735809326,337.3999382149237,322.3167419433594,171.53856754302979,556.7297606590813,332.26402282714844,174.57982063293457,639.9945102076134
140,5.6,402.3140335083008,186.92899703979492,92.72823353259729,392.1404266357422,153.57759475708008,143.03638568073194,369.8439407348633,131.52052402496338,261.1837871764267,346.81583404541016,126.31733894348145,407.8466630932004,329.65030670166016,132.05158710479736,475.11151824231615,360.4035186767578,118.8964319229126,225.40210952202378,320.4404067993164,110.41276931762695,372.6829288495656,318.9840316772461,120.07979393005371,298.5218779518495,326.57310485839844,126.17149829864502,242.14482678752316,350.9331512451172,133.36984634399414,291.79244605348475,310.2404022216797,121.53130531311035,422.71092082245934,314.8724174499512,130.92890739440918,334.4231510319606,326.61285400390625,136.53422355651855,298.0671382357579,343.5919952392578,150.56917190551758,348.92501668881647,305.8437156677246,136.47043704986572,439.66774828269155,313.02215576171875,143.64486694335938,348.88922616430636,324.65450286865234,147.9750108718872,325.0298073655814,338.35399627685547,168.86382579803467,384.98189570215595,310.4477882385254,151.7843770980835,483.7584339746245,316.45164489746094,154.87987518310547,441.5253351312409,326.70082092285156,159.03608322143555,412.732501253541
141,5.64,400.3054428100586,181.3398027420044,148.47880634016252,392.3180389404297,146.46191596984863,177.94737763913517,370.15010833740234,125.49825668334961,150.75112465316863,347.4922180175781,120.27265548706055,152.0602129218353,329.9456024169922,122.94058799743652,227.89458129503578,360.8719253540039,114.95844841003418,99.14357947880113,322.15625762939453,103.13010692596436,187.0516566052286,316.81312561035156,107.93200492858887,308.50608865080534,320.75939178466797,113.2575273513794,354.0567621604667,351.0285949707031,132.03492164611816,33.45830851366547,312.5620651245117,118.41600894927979,97.13132240967124,316.29432678222656,123.27106475830078,194.71835427838374,326.35303497314453,127.82102108001709,217.92688470743062,343.2088088989258,150.26578903198242,12.218657336515742,309.61387634277344,133.9468288421631,113.42042888537746,316.39835357666016,137.07444190979004,184.6774160654358,326.7222595214844,141.680588722229,165.6339483873983,337.88455963134766,167.53629684448242,35.20212961122833,315.1582336425781,150.50212383270264,122.04627539672555,321.1227035522461,149.4224452972412,179.58690430326428,329.9562072753906,152.2591495513916,187.956727520713
142,5.68,397.8780746459961,181.29615783691406,60.69401268681953,390.5297088623047,145.98026275634766,46.30141929791668,369.8040771484375,124.80939388275146,19.272219997063495,348.37806701660156,118.31605911254883,53.69472635780461,331.2895965576172,120.11106491088867,78.31235992541987,360.2332305908203,112.81795978546143,55.84365761012786,323.73809814453125,101.79160594940186,51.80374189903398,314.6487617492676,105.76643228530884,76.54318959127433,314.22826766967773,111.41431331634521,169.65593893295105,349.23954010009766,128.69075775146484,94.81610320885639,313.6983299255371,117.20425128936768,41.52901338525981,316.2425422668457,122.51606941223145,18.919229777854113,324.6735382080078,127.3840856552124,43.385063310674354,340.9740447998047,146.40408039093018,111.54305280669125,308.0813980102539,132.24637985229492,57.22770639507527,315.15430450439453,135.42491912841797,51.651376436586936,325.57594299316406,140.1826000213623,47.156731564967444,335.8523178100586,164.26151275634766,96.35292433320632,314.71826553344727,149.51735973358154,26.964470465433344,320.87772369384766,148.22864055633545,30.46704049491425,329.41280364990234,150.37379264831543,49.052638513200684
143,5.72,396.22581481933594,181.73337936401367,42.72824884191344,390.6528854370117,147.49013900756836,37.872308176265484,370.2633285522461,126.774001121521,50.43927942663961,348.2637405395508,121.27431392669678,74.01157886094732,331.82350158691406,124.1017198562622,100.65529504620815,356.42871856689453,113.76269817352295,98.00141058319304,321.1961364746094,104.97865676879883,101.91559637995466,316.2141990661621,110.45996189117432,123.69269924459391,319.32899475097656,115.63417911529541,165.50053647768945,345.6690216064453,129.04613971710205,89.70402253736161,311.54022216796875,118.68423700332642,65.42069056689316,314.0165710449219,124.31777000427246,71.59378859315419,322.8631591796875,128.9443874359131,59.74954954348883,337.99808502197266,146.46180152893066,74.412987479699,307.12621688842773,133.54979038238525,40.39840641537937,311.94053649902344,136.55390739440918,85.15764534487178,321.31092071533203,140.12389183044434,106.63565797285044,333.7203598022461,164.38878536224365,53.39383896625739,312.9054260253906,150.72298049926758,54.42832737086696,315.7365036010742,147.93062210083008,128.746259756738,321.9176483154297,147.33728885650635,202.17212463261478
144,5.76,393.2990264892578,179.74645614624023,88.43766802955292,387.17723846435547,145.0437068939209,106.25779961142894,367.3944091796875,123.92287731170654,101.11752242172496,345.43628692626953,118.0064606666565,108.03170502337815,328.50635528564453,120.47929286956787,122.79412867162445,356.3721466064453,113.0593729019165,17.63991964957161,318.63719940185547,104.12229537963867,67.4607004631152,318.4374237060547,111.09781980514526,57.822954556564575,326.48670196533203,116.32941484451294,179.7848111034706,345.5241394042969,129.4037103652954,9.645193782034653,310.147647857666,117.85385370254517,40.5339335922038,316.0479927062988,124.33430671691895,50.7872242127428,327.27489471435547,128.95684719085693,110.29382823096145,337.2945785522461,146.95810317993164,21.52377583239965,304.7784614562988,131.32847785949707,80.80139577008654,312.58081436157227,135.71157932281494,26.451279759514524,323.66424560546875,140.21411418914795,58.87634346952859,332.12005615234375,164.33022022247314,40.03437310211612,309.35569763183594,147.38765716552734,121.77066921215165,315.49232482910156,146.75318241119385,30.062305045238308,323.87142181396484,148.65403175354004,58.90162742057187
145,5.8,392.5857162475586,180.38984298706055,24.015075055235357,387.55184173583984,145.03512382507324,9.36753970093135,368.8766860961914,122.96037197113037,44.1840001289917,347.44483947753906,116.5245008468628,62.40236503277702,330.50758361816406,119.25707817077637,58.6233934151979,358.5914611816406,112.24730730056763,59.08049447876422,321.11419677734375,102.48437404632568,74.23906608172021,317.4331474304199,109.09387350082397,56.03777536406685,322.7571487426758,114.45561647415161,104.34524298391132,346.9448471069336,128.26433658599854,45.52872023020571,311.4902114868164,116.25371217727661,52.21906978780743,315.18640518188477,123.14433574676514,36.728428805514106,325.38978576660156,128.0486297607422,52.31213198954231,338.1061553955078,145.8678674697876,33.978585868454914,304.44313049316406,129.80165004730225,39.08044606104602,310.2993965148926,134.2773199081421,67.37009471812351,320.73535919189453,138.73772621154785,81.99884558646907,332.3817443847656,163.6095142364502,19.168624254191354,309.2355728149414,146.82902812957764,14.284965248471112,313.0427360534668,144.4935178756714,83.31629861112773,319.8482131958008,144.88377571105957,137.84284124304858
146,5.84,392.8700256347656,180.03287315368652,11.408858663148443,387.88856506347656,145.03944396972656,8.418776003099063,369.5619583129883,123.21990966796875,18.3193515713895,348.19698333740234,117.12791919708252,24.106976315373053,331.1067199707031,119.78010892868042,19.882868609802944,359.38297271728516,112.29333400726318,19.821216044739835,322.1369171142578,102.25612163543701,26.197042421498946,316.7985153198242,108.75730276107788,17.958942386948724,320.28385162353516,114.16175365447998,62.267336924820974,347.83565521240234,128.5616970062256,23.478211977896017,311.48731231689453,115.53133964538574,18.05945874079323,313.86144638061523,122.33924388885498,38.75958530427361,323.0934524536133,127.43345260620117,59.43268048709037,339.03751373291016,146.30960941314697,25.770189866051812,303.7098693847656,128.5423707962036,36.430207978211904,308.5379981994629,132.8243637084961,57.08330394962412,318.4699821472168,137.5271987915039,64.21307202018467,333.4121322631836,164.1090202331543,28.626969590908068,309.0243148803711,145.52780628204346,32.95648846793278,311.6711616516113,141.94703578948975,72.30917712792923,317.7524185180664,141.33490562438965,103.03771828583062
147,5.88,392.53711700439453,181.03792190551758,26.468745126714055,387.8946304321289,146.34035110473633,32.52303186412867,368.51551055908203,125.0375747680664,52.43424046942309,346.60804748535156,119.35978889465332,68.49251550747681,329.38140869140625,121.88212394714355,67.98513692488966,358.4659957885742,113.59801769256592,39.86732846645286,321.83685302734375,103.31405639648438,27.4916398074932,316.75575256347656,109.33842658996582,14.567377033800305,319.92610931396484,114.31421756744385,9.721908403605584,346.6681671142578,129.39019203186035,35.78959753555044,311.33108139038086,116.48765802383423,24.224896069922348,313.1416893005371,122.70349502563477,20.166946114991514,321.57508850097656,127.59584426879883,38.175582385438396,337.90565490722656,146.8254518508911,31.096601722049765,304.36939239501953,129.56256866455078,30.37036272867925,308.4809875488281,133.0215311050415,5.131105908226212,317.4627113342285,137.31084823608398,25.75609216195973,332.57495880126953,164.21213150024414,21.087486495758114,311.36619567871094,146.9657278060913,68.70236523836425,313.10556411743164,142.51184463500977,38.53991004407841,317.8355407714844,140.7552194595337,14.64038418934696
148,5.92,392.07763671875,181.53021812438965,16.83518822310352,387.9445266723633,146.8718719482422,13.346442453672502,367.8089904785156,125.52457809448242,21.452605671919926,344.9290466308594,119.90000009536743,44.09416068740337,327.5362014770508,121.86195373535156,46.13293631827213,356.46705627441406,114.83535289764404,58.772642397401654,319.8646545410156,104.01931285858154,52.36263903541318,316.7053413391113,109.7961688041687,11.512743651204469,321.2650680541992,115.00808715820312,37.701670362784256,344.63802337646484,130.95285415649414,64.04781666782733,310.24932861328125,117.71239042282104,40.851549235392525,315.0097465515137,123.34948539733887,49.41496138102126,324.95460510253906,128.62658500671387,88.33020055816905,336.4295196533203,148.56453895568848,57.027401560003064,303.9474296569824,130.93640327453613,35.92939332814236,310.91604232788086,134.2883062362671,68.6212932062598,321.1082077026367,139.31116104125977,103.9558051849066,331.9283676147461,165.89813232421875,45.14337535101945,312.0934867858887,148.37692737579346,39.68970726230025,316.4760971069336,144.5324993133545,98.2456677239428,322.5765609741211,143.88035774230957,141.95897701510657
149,5.96,392.0475769042969,181.55033111572266,0.9042002216454709,386.8916702270508,147.03739643096924,26.644711586191583,367.39025115966797,125.37546157836914,11.112446640107029,345.4848098754883,118.35504055023193,41.04702166559815,328.26038360595703,118.86520385742188,77.07524564791694,356.3418197631836,114.41956043243408,10.856091546643176,320.2981185913086,103.66883039474487,13.935768734478913,316.17122650146484,109.28572654724121,18.470076432086042,320.1165008544922,114.61801528930664,30.32493482213984,344.5595169067383,130.30823707580566,16.234501195452957,309.78979110717773,117.28094816207886,15.758274490528942,313.4765815734863,123.1107759475708,38.79092235351396,322.9684829711914,128.48533630371094,49.778461185090926,336.15867614746094,147.8385829925537,19.370858671550977,303.2644462585449,130.23071765899658,24.55171214142549,309.23370361328125,133.62858295440674,45.17672492050842,319.0976142883301,138.670392036438,52.75575084287924,331.2923049926758,165.01802444458008,27.147347234548537,310.44153213500977,146.49929523468018,62.52227915862319,314.1835021972656,142.7859878540039,72.0516034583825,320.2872848510742,142.44586944580078,67.53953397998288
150,6.0,392.30735778808594,181.0466766357422,14.167611451534068,387.30525970458984,146.10178470611572,25.573735985557594,368.04676055908203,124.65687274932861,24.33329119669246,346.47071838378906,118.28077554702759,24.71754029834903,329.27486419677734,119.48347091674805,29.70085253194513,356.5061569213867,113.83761405944824,15.117628009166426,321.1112976074219,102.6410436630249,32.76436400789148,314.8318290710449,107.41189241409302,57.58276562461382,317.33551025390625,112.88297653198242,81.94612639550337,344.8769760131836,129.38189506530762,24.48072972613638,310.9940719604492,116.2562370300293,39.53104221449412,312.7575492858887,121.73008918762207,38.91740741385564,320.9578323364258,126.32303237915039,73.81680972707602,336.3113784790039,146.55794620513916,32.24271800866554,304.3722724914551,128.94614696502686,42.407257855597166,308.1241226196289,131.50992393493652,59.79070800643386,316.6842269897461,135.43225765228271,100.96395564388052,330.9502410888672,163.71140956878662,33.7662011848898,308.99999618530273,144.62084770202637,59.19560280983153,309.7806739807129,139.52542304992676,136.96755807959505,313.72081756591797,137.5929594039917,204.12806715533804
151,6.04,392.7627944946289,181.71558380126953,20.230845721331875,388.0274200439453,146.69970989227295,23.439151061567372,369.1620635986328,125.0275182723999,29.381956344455702,347.8534698486328,118.09849262237549,34.8678637694086,330.5741500854492,119.24938917160034,33.0050950982691,358.1304168701172,114.922935962677,48.83738331620309,323.4278869628906,102.36653566360474,58.319919858145276,317.6582145690918,108.44584465026855,75.2392525973896,320.77186584472656,114.91999626159668,99.86862972612998,346.30950927734375,130.20609855651855,41.31784532627556,313.07016372680664,115.85257530212402,52.87426011842005,315.9692192077637,122.37916946411133,81.91508138158969,325.1007843017578,128.3283519744873,115.06888607072163,337.78087615966797,147.3222827911377,41.409795415554726,306.1984443664551,128.8097906112671,45.78138795031553,311.6341972351074,133.06099891662598,95.93766662868131,321.3058853149414,138.6840534210205,141.27522207651134,332.46707916259766,164.15340900421143,39.4981110532058,311.0112953186035,143.96460056304932,52.89130665236986,314.96837615966797,141.649432182312,140.14204555555236,321.9601058959961,143.08204650878906,247.5075117928422
152,6.08,393.2286834716797,182.254900932312,17.817047783887265,388.5013961791992,147.56495475769043,24.664017995877405,370.3596878051758,125.988450050354,38.38695759938936,349.5820999145508,119.0849232673645,49.756955055103866,332.64949798583984,120.31678676605225,58.3438435714166,360.24234771728516,116.44331932067871,65.056789895964,325.72132110595703,101.97014093399048,58.18595701632344,318.63956451416016,106.99646472930908,43.75892673191208,320.6081008911133,113.39231729507446,38.4107893760525,348.1166458129883,131.08755111694336,50.26617323521829,314.7224426269531,115.59213638305664,41.8169672085556,316.1872863769531,121.64011001586914,19.263990992171575,324.23511505126953,127.30439186096191,33.521239212362374,339.1880798339844,147.57519721984863,35.74377471375063,307.68808364868164,128.0526351928711,41.77551255489635,312.01440811157227,131.73441410064697,34.49988754119545,320.9778594970703,137.03441619873047,42.048364284140085,333.6246109008789,163.79281997680664,30.30990114439856,313.2901382446289,143.6453676223755,57.527356274576135,316.39278411865234,140.55604934692383,44.89170342571342,322.8239059448242,141.22052192687988,51.3043875646105
153,6.12,393.4172821044922,181.59473419189453,17.164453993868133,389.1923522949219,147.47846603393555,17.408702083858973,370.9895706176758,125.32200336456299,22.925198233667725,349.60243225097656,117.90199041366577,29.577689440948912,332.0370864868164,118.55117082595825,46.720227766261296,361.3775634765625,115.1511025428772,43.001010314754254,325.7569885253906,100.8904767036438,27.006330451154643,317.7535629272461,105.22765874862671,49.457515918412035,319.0238952636719,111.1791443824768,68.0433768409581,349.79427337646484,130.45682430267334,44.80688113989521,315.4325866699219,115.39685726165771,18.41260602512478,315.46396255493164,120.87289810180664,26.360617791783792,322.3723602294922,125.5684232711792,63.65651219026481,340.99822998046875,147.35848903656006,45.57689923032308,308.7625312805176,128.0282735824585,26.86809448048639,311.4447593688965,130.65653800964355,30.478645778529383,319.31678771972656,134.90030765533447,67.60907263675723,335.20896911621094,164.04669284820557,40.1142305588244,314.7006607055664,144.3349313735962,39.251367649793025,316.02155685424805,139.54832553863525,26.848148861103127,320.67920684814453,138.2595920562744,91.40172288427604
154,6.16,393.06373596191406,180.53418159484863,27.948241067559508,388.40389251708984,146.20954513549805,37.348268599012464,370.3865051269531,124.38395977020264,27.879358078839505,349.2525100708008,118.07028293609619,9.707210763298761,332.06817626953125,119.73203659057617,29.531873973682245,360.7670211791992,112.54908084869385,66.81728254103884,324.91283416748047,101.18631362915039,22.362301794424877,316.2265205383301,107.21381664276123,62.63326611104522,316.5275001525879,113.46487283706665,84.61878898464902,349.46277618408203,127.74003982543945,68.42335257560413,313.86091232299805,114.51980352401733,44.995718626105166,311.75031661987305,121.06176853179932,92.96114164767594,317.2229766845703,126.3257360458374,130.11935273858353,340.5699920654297,144.78079319000244,65.32564384124639,306.3174819946289,127.36494541168213,63.33576335970375,307.50511169433594,131.30102634429932,99.80039144831072,314.7563171386719,135.98832607269287,117.21155019124703,334.55623626708984,162.1263599395752,50.70588385662532,311.50230407714844,144.6161699295044,80.26744455208198,311.81156158447266,140.7379388809204,109.37104300177569,316.1701202392578,139.57594871520996,117.43257879514708
155,6.2,393.76522064208984,177.84676551818848,69.43650843402187,388.0619430541992,143.87708187103271,58.934891592605496,367.98858642578125,124.2066764831543,60.111580941697895,345.82386016845703,119.36364412307739,91.61203289153406,328.53824615478516,121.9308614730835,103.96885795433144,358.8035583496094,112.79982805252075,49.48522786781909,323.0999755859375,102.14039325714111,51.2147694348326,316.11133575439453,108.66265296936035,36.33519502255624,317.52031326293945,114.1865873336792,30.685396432043294,347.8670120239258,128.4068727493286,43.237204777987124,312.19892501831055,115.29413223266602,45.837939730505695,308.89509201049805,120.9257698059082,71.46154220726272,313.32088470458984,125.66541194915771,98.93921660824051,339.6504592895508,146.1496067047119,41.2249239232687,306.097469329834,130.0184154510498,66.56438998486756,303.8605499267578,131.73039436340332,91.74416661810672,307.7501678466797,134.27048206329346,180.34189048566907,334.8485565185547,163.89942169189453,44.924931183546235,313.48899841308594,148.83573532104492,116.59675831131817,310.7900047302246,143.49899768829346,73.5995250673936,311.9832992553711,139.91676807403564,105.01674802878023
156,6.24,394.82696533203125,177.80977249145508,26.559723627205617,387.80792236328125,143.66586685180664,8.259021422099334,367.9328918457031,124.39408779144287,4.887796328901303,345.6633758544922,119.93033409118652,14.724400136004995,328.25267791748047,122.1011209487915,8.311795354557583,358.2320022583008,114.01275873184204,33.52123579119997,323.37730407714844,104.68276977539062,63.936440375304784,315.4587745666504,110.46064138412476,47.81865773012311,316.03660583496094,115.73040962219238,53.53021921277682,348.01239013671875,130.04586696624756,41.13572685918069,312.26667404174805,117.05499172210693,44.05405821070053,308.27245712280273,121.12485408782959,16.342214405556945,311.9562339782715,125.6105089187622,34.143867930309206,340.93250274658203,148.41705322265625,65.11983730714537,306.8206787109375,133.38688373565674,86.13075232357093,305.36216735839844,133.47928047180176,57.62734556590744,309.753360748291,134.79928493499756,51.79535619983535,337.1638488769531,166.6275930404663,89.45493841882819,314.5810317993164,151.2132167816162,65.40716231806238,312.75691986083984,145.1387071609497,64.01856315633079,314.8888969421387,141.21700286865234,79.58135946344875
157,6.28,395.7895278930664,178.58839988708496,30.951446908140788,388.6740493774414,145.5580759048462,52.02542110030694,367.6805114746094,126.28908634185791,47.79327461701933,344.62520599365234,122.78019905090332,75.82680491001285,327.57179260253906,126.42305374145508,109.3809509135492,357.4760437011719,116.94183111190796,75.62629481437591,321.44989013671875,108.23533058166504,101.04334707206053,315.1274871826172,115.10473251342773,116.39730921527507,317.02735900878906,120.93608379364014,132.47791191064823,347.0276641845703,133.1222677230835,80.75397365414663,310.3141784667969,120.2517557144165,93.64673977484124,309.7659683227539,125.4810619354248,115.12797910322918,316.2193489074707,131.46334648132324,181.02115973223727,340.0266647338867,151.602201461792,82.78629042040005,305.1474189758301,137.2999906539917,106.39608749694669,308.82429122924805,139.36298847198486,170.66839471714835,317.32622146606445,142.9666042327881,278.44806962301965,336.47167205810547,169.74504947662354,79.83437300079528,314.38562393188477,154.62867736816406,85.52614824176572,317.2229194641113,150.6583070755005,177.50199941326375,323.3304977416992,149.58163261413574,297.098105469985
158,6.32,395.66993713378906,177.66064167022705,23.385856551715996,386.6178512573242,146.26426219940186,54.352149174341044,364.49512481689453,127.9960298538208,90.34774593265993,342.6236343383789,124.2650556564331,62.305137379370066,326.29100799560547,126.79953575134277,33.374278204995676,353.26480865478516,119.06025409698486,117.85111518250974,316.2022590637207,111.3526725769043,152.59311295397825,303.94392013549805,115.45909881591797,279.7294981023517,300.1373863220215,120.22842407226562,422.6197756561229,344.5284652709961,133.92050743103027,65.58954680889283,305.6193733215332,121.44962310791016,121.13030598385959,294.8272514343262,122.21208572387695,382.3050710364219,292.34567642211914,126.34925365447998,610.382146373996,338.03001403808594,151.32594108581543,50.39180114597299,301.8782424926758,137.2845697402954,81.73032134170099,297.74303436279297,136.62621974945068,285.35521370412084,300.84991455078125,139.363374710083,421.64258602510625,334.4486999511719,168.9154815673828,54.66145271963465,307.5253486633301,153.25417041778564,174.91541905479215,306.19983673095703,148.2432460784912,282.11353273243543,311.0927200317383,147.25164413452148,311.4402526905762
159,6.36,396.01863861083984,175.46713829040527,55.526175119189034,383.67889404296875,143.95557403564453,93.43283197465045,359.43859100341797,127.82346725463867,126.4869362263064,336.9485092163086,126.74713611602783,154.85430361927212,320.2793502807617,130.7443141937256,179.7590495634513,349.03709411621094,120.59516429901123,112.44309546376236,309.5748519897461,111.30579471588135,165.68932158188179,292.1050834655762,110.80103874206543,318.05618346911797,282.1500778198242,112.47912883758545,489.63943608247007,341.8777084350586,138.11963081359863,124.1449480076156,300.2812385559082,124.38928127288818,152.35089617166733,285.05638122558594,120.52419662475586,247.88968595801245,278.36109161376953,120.61715126037598,377.8438914737272,336.9728088378906,156.75747871398926,138.3367355440796,299.1644859313965,143.85064601898193,177.61938304175925,290.75439453125,140.45568466186523,199.22645439681685,289.9724006652832,139.9586534500122,272.3447552131931,334.93358612060547,174.2980670928955,135.10954244789383,307.2101020812988,159.6763801574707,160.74855821279553,301.36497497558594,152.15529441833496,155.48313897096747,300.8390426635742,147.8178834915161,256.732504978199
160,6.4,397.52891540527344,176.77388191223145,49.92816645559394,385.54439544677734,145.57748794555664,61.79957634754778,357.9893493652344,130.68390369415283,80.16544591634194,331.5087890625,132.36501216888428,195.49790071924255,313.0303192138672,138.74662399291992,269.9368138230267,348.8340759277344,121.14262104034424,14.597201540091104,310.05680084228516,111.9310712814331,19.736474480829912,291.0746955871582,109.60341453552246,39.496858420072144,277.6005172729492,109.02105331420898,142.86529384147363,341.3996887207031,139.00134086608887,25.073834269697564,301.0601615905762,126.54039859771729,57.19498906764182,282.90233612060547,121.22018337249756,56.59233532092921,271.6542434692383,119.03893232345581,172.25088360922797,336.79210662841797,157.79950618743896,26.439489215143226,300.9515190124512,148.84469032287598,132.603652245235,294.7110366821289,144.62599754333496,143.7152711080663,294.76449966430664,142.85141944885254,139.93817371541292,334.8529815673828,174.97281074523926,16.988527201806065,311.0366439819336,164.35501098632812,151.1042879728447,307.46618270874023,157.59703159332275,204.38511333501324,308.18565368652344,153.00644874572754,224.85259465888015
161,6.44,396.8724060058594,183.140287399292,160.00414724545746,386.5342330932617,150.3895139694214,122.81941270812324,358.7942123413086,130.4731321334839,20.80007603714875,329.7661590576172,123.15256118774414,234.39551565386728,307.34928131103516,121.17814064025879,461.6044024420055,351.26014709472656,124.17161464691162,97.02004810842227,309.11365509033203,115.59823036193848,94.66249135468145,292.5151252746582,115.1892614364624,144.21451748474323,283.45409393310547,115.97740173339844,227.28718486405802,343.4828186035156,143.81383895874023,131.10007627867603,299.1608238220215,130.3925085067749,107.37269994777007,283.1532096862793,125.90339183807373,117.24807855034933,276.1185073852539,125.55217266082764,197.4081305383067,338.06396484375,164.25254344940186,164.42953130480603,298.8298034667969,152.5145959854126,105.97725118094175,290.5172920227051,146.6980504989624,116.94255459244268,289.7656440734863,144.83303546905518,134.43250925045817,334.9776077270508,182.28355407714844,182.7951376280427,311.23464584350586,168.85172367095947,112.52674600209093,308.4484672546387,160.8643341064453,85.29415513887766,309.7465515136719,156.052565574646,85.56879455377172
162,6.48,398.4751892089844,192.70505905151367,242.4533083340005,386.6072463989258,158.34783554077148,198.96641232853267,359.75719451904297,137.34037399291992,173.3607968778995,331.95884704589844,136.6312551498413,341.39701186615883,312.69201278686523,144.52199935913086,598.6863324758868,352.0512390136719,129.18592929840088,126.90837700965709,306.8995475769043,124.24375534057617,223.11344401064432,292.38298416137695,134.46118354797363,481.8093782464536,290.62652587890625,143.0049705505371,699.0767376432605,343.55838775634766,148.4467363357544,115.83784140665247,294.28455352783203,136.67880535125732,198.89623550821693,285.0935935974121,145.16339778900146,483.93757277692515,288.93110275268555,154.29028987884521,786.6233141115134,337.2185516357422,169.9993371963501,145.21613603142876,290.92620849609375,158.39457035064697,246.27336436967906,288.8148880004883,162.9453992843628,408.4073655748873,297.4521064758301,168.09107780456543,612.3817424322793,333.3183288574219,191.09704971313477,224.2082063796214,298.665714263916,177.0369529724121,374.9800159423246,296.4897346496582,174.91905212402344,461.3474721339777,302.73595809936523,174.80815887451172,500.5751067838669
163,6.52,396.36585235595703,202.3892068862915,247.78017127760074,381.72210693359375,173.83692741394043,406.0299824606651,352.5970458984375,156.1638307571411,503.48178518670295,322.6049041748047,154.51847076416016,504.6339822515037,301.5021514892578,160.91172695159912,496.1326475947536,344.0850830078125,143.03719997406006,399.46631650871495,295.1563835144043,142.76447296142578,548.2465705490326,285.54325103759766,154.6629524230957,533.2057616954585,287.47676849365234,162.07938194274902,483.3180510448743,337.30762481689453,158.17352771759033,289.0528800139761,285.9688186645508,152.09831714630127,437.9731657832265,279.9263381958008,161.07606410980225,418.265374659609,285.33382415771484,168.8806915283203,375.6829061712484,332.36167907714844,177.27124214172363,218.61754930838848,283.6029052734375,168.94879817962646,321.15270429051014,281.8296813964844,172.78736114501953,301.7214408266771,289.7750473022461,176.45171642303467,283.76653659230726,328.84376525878906,197.75696754455566,200.5869900434221,293.71089935302734,186.4071750640869,264.9896847620621,292.03168869018555,184.38796520233154,261.6468142617601,297.8475570678711,183.90512466430664,258.18023165200424
164,6.56,391.58409118652344,210.1140546798706,227.1267725790308,374.3489074707031,175.2310609817505,187.5961065768447,346.0977554321289,157.36733436584473,165.2445110692266,318.96907806396484,156.61364078521729,104.90760495967784,300.17465591430664,164.31519985198975,91.33000699800256,334.6058654785156,146.03490829467773,248.5480589131979,289.9754524230957,146.53578758239746,160.2046756169331,278.3180046081543,158.26239109039307,201.80458475623678,277.4078559875488,166.5758514404297,275.68237724682865,329.5446014404297,165.44557571411133,265.9266980852579,280.6357955932617,163.22062969207764,308.3696761243271,272.4972915649414,173.92873764038086,371.13167367451877,277.0747375488281,181.84216976165771,384.2300983837445,326.59358978271484,187.7816390991211,299.7283127169392,278.2192611694336,182.17021465301514,356.8871297425222,271.2125778198242,188.7893772125244,480.0959582353135,275.9347915649414,193.95296573638916,557.811799804707,326.32022857666016,209.8787498474121,309.5418424703414,291.4371681213379,198.50375175476074,307.7103156250549,282.6773262023926,195.54935932159424,364.0748688787618,282.4095916748047,193.93807411193848,460.29260401418304
165,6.6,387.8260040283203,216.9401979446411,194.80671664470242,370.3553009033203,182.40642070770264,205.29655472611324,341.6324234008789,165.2462911605835,226.40830141950886,315.24770736694336,165.4586935043335,239.90044480549017,297.135009765625,173.4288740158081,240.18027795991782,327.80906677246094,151.82902336120605,223.28267125831377,285.83778381347656,153.83430004119873,209.74476399052392,273.58325958251953,165.01227378845215,206.1230319726099,270.68748474121094,173.8068723678589,246.79325018819412,323.1311798095703,169.58673477172852,190.85527133743875,278.0285835266113,168.91706943511963,156.61852641569044,266.9260787963867,179.08607482910156,189.79682984488366,266.88892364501953,187.75885105133057,294.48888175806536,320.82305908203125,190.94618797302246,164.5322805387333,275.5126953125,185.40318489074707,105.40871434557472,266.49627685546875,192.68836498260498,152.98202594099527,267.844295501709,199.2432975769043,241.6657525539505,321.08917236328125,213.40497493743896,157.71456117989106,283.9749336242676,203.9370632171631,230.7674927507378,275.7162094116211,204.35611724853516,280.64226801937883,275.6596374511719,206.51949405670166,356.9436316209669
166,6.64,384.8580551147461,218.4367847442627,83.0981829012673,366.6974639892578,184.76587772369385,108.81982901851006,340.43773651123047,168.27908992767334,81.49058659578239,316.2524223327637,166.55520915985107,37.18029338018374,299.143009185791,172.55669116973877,54.73095895129112,324.69982147216797,154.5910120010376,103.97111252636597,282.54446029663086,157.7296543121338,127.52393080001924,267.3786926269531,168.65176677703857,179.83075432207838,261.6144561767578,177.61150360107422,245.96120902509702,321.06929779052734,171.22929096221924,65.90404150814702,275.38818359375,170.62607288360596,78.6304830854114,261.2058639526367,180.25903701782227,145.980945149586,257.9185104370117,188.90251636505127,226.07560056346315,319.4681739807129,191.81274890899658,40.20759795681351,274.9334144592285,186.88872814178467,39.862302505549444,263.49409103393555,194.65527534484863,89.72825669805906,262.22795486450195,201.4725637435913,151.06478286458446,319.7032928466797,214.05927658081055,38.31426525341551,282.55598068237305,205.93955039978027,61.35645018994166,272.6515769958496,206.96711540222168,100.65188523554775,270.22857666015625,209.0931272506714,150.24981100822157
167,6.68,384.2497253417969,216.48533821105957,51.10166756456525,366.39930725097656,183.80463123321533,25.160637114843905,340.27042388916016,166.6616678237915,40.651320516909315,315.5308532714844,164.13162231445312,63.21805076173591,297.6275444030762,168.55401992797852,106.99886266119702,324.98531341552734,152.60247230529785,50.22322527511447,282.70782470703125,156.00584506988525,43.28832286430528,267.1012306213379,166.8376636505127,45.87997465010605,260.75815200805664,175.7145881652832,52.03091028343887,322.1174621582031,168.6302661895752,70.06059123395704,276.24528884887695,169.96105670928955,27.1209781634608,261.30069732666016,180.17945766448975,3.0949800388584072,256.65002822875977,188.93596172332764,31.723076228531827,320.70011138916016,188.91178607940674,78.79266747687281,276.73999786376953,185.31017303466797,59.97697383041689,263.5711860656738,193.433518409729,30.604673381197394,259.76781845092773,200.45845985412598,66.52385790086203,320.70850372314453,211.15379333496094,76.8614085467961,285.58000564575195,203.69839668273926,94.0993390071948,273.66756439208984,204.7347593307495,61.31702465036557,267.9897880554199,206.92344188690186,77.94111958095739
168,6.72,384.2964172363281,214.183030128479,57.56953751839337,364.78607177734375,181.73343658447266,65.63333740546597,338.31005096435547,165.7705307006836,53.83532400111663,312.7443313598633,165.3376579284668,75.90794699096816,295.2102470397949,172.27581024169922,110.94776271356189,323.0873489379883,151.29226684570312,57.65689195768336,280.28467178344727,158.1870460510254,81.50654809277714,266.7321586608887,172.01913356781006,129.86494093828637,263.72447967529297,181.86827659606934,170.78308817876774,321.47037506103516,166.86678886413574,46.96124724613606,274.31358337402344,171.60437107086182,63.4033128695216,261.71682357788086,185.10509490966797,123.57958803955526,260.40550231933594,194.8555040359497,175.2579649329667,321.36463165283203,186.91962718963623,52.50169177585019,275.2809143066406,186.83910369873047,52.835557405705366,264.6958923339844,198.02870750427246,118.27068266424945,264.6515083312988,206.02758407592773,185.1782442767948,322.84534454345703,209.52618598937988,67.15278457900688,285.16300201416016,205.1136589050293,36.885457725590236,275.6224822998047,207.9004955291748,93.01743688660076,273.70283126831055,210.70156574249268,171.2328141386386
169,6.76,383.7803649902344,212.22580432891846,50.60288252142748,363.2402801513672,180.43951034545898,50.39665702546233,336.79779052734375,164.9867820739746,42.58222589311101,312.3700523376465,165.21419048309326,9.852949956061014,295.1893997192383,172.91722297668457,16.04378593443152,319.6516799926758,151.32070541381836,85.8946660667193,276.3623809814453,158.9457893371582,99.87509859106756,263.30615997314453,173.47881317138672,93.09985081057557,261.1326599121094,183.73950004577637,79.91795356630817,319.4864082336426,166.93413734436035,49.62774041540891,271.9820976257324,173.78029346466064,79.72791253036534,259.7803497314453,188.34822177886963,94.43186315959065,259.54872131347656,198.17443370819092,85.69337730129935,320.42694091796875,187.15581893920898,24.174501763411264,274.5631790161133,190.39482593536377,90.68594354748733,264.7584915161133,202.8863525390625,121.45120918918306,266.17576599121094,210.888032913208,127.346290468205,322.87391662597656,209.80164527893066,6.923428707084195,284.4283676147461,207.61473655700684,65.16842181045175,274.3000030517578,211.62978172302246,98.92082338017033,272.8713607788086,215.1772928237915,113.80761200701916
170,6.8,383.2101058959961,210.09910583496094,55.04567375576988,361.13780975341797,178.65501880645752,68.94196756611935,334.1862106323242,163.72790336608887,72.47898466641168,309.53868865966797,163.81553649902344,78.94956160474554,291.8478202819824,170.85435390472412,98.17580513911686,317.48613357543945,150.4308271408081,58.531373136447144,273.4365653991699,157.17119693756104,85.54814070960835,262.0063781738281,172.19995021820068,45.585929701950676,261.9944953918457,182.82361507415771,31.4404762544364,318.2371139526367,165.72402477264404,43.48209859226413,269.6206474304199,173.62232208251953,59.16820293935871,259.0968322753906,189.2310619354248,27.912842639610343,260.64544677734375,198.92179012298584,33.17894997048032,319.81042861938477,185.60656070709229,41.685492710944025,272.93792724609375,190.64818382263184,41.1220252342993,264.143123626709,203.8112497329712,27.772653575618122,266.2689018249512,211.39944076538086,12.995486591277993,323.0243682861328,208.07181358337402,43.4090528936371,283.4440612792969,208.44337463378906,32.16655895781768,274.0219497680664,213.43008041381836,45.54111469768966,273.48962783813477,216.74509048461914,42.13255616165812
171,6.84,385.5329895019531,207.8322458267212,81.1420149482554,361.6971206665039,176.39731407165527,58.14883579577016,333.2261657714844,162.33919143676758,42.206389900288286,308.46546173095703,162.4923849105835,42.592151319972174,290.0433540344238,169.01551723480225,64.40797086360683,316.66332244873047,150.0146770477295,23.0515597385167,272.2787857055664,155.85597038269043,43.805498438819384,260.40048599243164,170.19002437591553,64.31704473619364,259.3516731262207,181.08924865722656,79.02743351149437,317.56303787231445,165.5593729019165,17.34734851131268,268.39651107788086,173.8443374633789,31.102659039720514,258.95252227783203,188.65931510925293,14.74194289758336,261.4176940917969,197.7002763748169,36.128777930877085,319.4438171386719,185.2443265914917,12.884523960342811,272.4346351623535,190.61448097229004,12.610481842418547,264.96253967285156,202.3813533782959,41.20107888294331,268.0189514160156,208.9083480834961,76.10936342249838,323.1211471557617,206.85217380523682,30.586836813624014,284.3608283996582,207.69823551177979,29.534876249575248,276.0973930358887,211.84269905090332,65.3224901415985,276.28421783447266,214.11861419677734,95.87788763000516
172,6.88,387.92354583740234,202.96739101409912,135.51192738290723,361.6630554199219,172.657470703125,93.49996277460674,332.35904693603516,160.49750804901123,50.89015606878522,307.94572830200195,161.9029426574707,19.646326102609,290.0041389465332,169.19453144073486,4.581478271526759,315.78405380249023,148.77874374389648,37.91968884847874,271.94923400878906,155.36693572998047,14.742778155761094,259.3363571166992,168.97972583770752,40.289521092307524,256.88385009765625,179.61977005004883,71.80493488118542,317.3538589477539,164.06167030334473,37.805992384218676,268.82503509521484,175.16226768493652,34.64618397391485,259.93946075439453,189.68656539916992,35.61329381928584,262.27651596069336,197.93838500976562,22.280466845030396,320.20626068115234,183.46158027648926,48.4736047963538,273.89373779296875,191.3903045654297,41.313456753977356,266.723575592041,202.99434185028076,46.61680474532346,269.78588104248047,209.20791149139404,44.80358900405347,324.97737884521484,204.58565711975098,73.24058800673521,287.0040702819824,207.18146324157715,67.33211170999348,279.8301124572754,211.66555881500244,93.4230062068915,281.2389945983887,214.46421146392822,124.17037250111291
173,6.92,390.3070068359375,198.9059543609619,117.72891005129263,362.7627944946289,170.11061668395996,69.35367432306035,333.40721130371094,159.09951210021973,43.68238499743509,309.2543411254883,160.8845043182373,41.45542917258654,291.57922744750977,168.364520072937,44.509989444661855,316.7601203918457,147.65785217285156,37.15763633574842,272.9823684692383,155.82853317260742,28.28912127929482,259.9993896484375,169.92475032806396,28.86047714345622,256.85476303100586,180.70785999298096,27.21196636312286,318.81567001342773,162.046480178833,62.23886863154733,270.5830764770508,175.8951759338379,47.61738129057551,263.91075134277344,190.8028793334961,103.13009301762281,267.5907325744629,198.24748992919922,133.0799667241518,322.3993682861328,180.97264766693115,82.93260253793773,276.99588775634766,191.93178176879883,78.72631372776598,271.9831848144531,203.54161262512207,132.2001193113066,276.09046936035156,208.84343147277832,157.8778791142991,328.057861328125,201.7159080505371,105.25217351606742,290.5315971374512,207.28580474853516,88.2267422119263,284.0494918823242,212.8267478942871,109.40613217038886,285.57119369506836,216.27737045288086,117.40819427453746
174,6.96,390.49232482910156,197.9308032989502,24.815095611504027,362.6683807373047,169.66412544250488,11.409107827416145,334.0693664550781,158.30612182617188,25.835024330303863,309.849853515625,160.74617385864258,15.28418960188182,292.9371452331543,169.43191051483154,43.180312846376744,317.66876220703125,147.15863227844238,25.91874865900163,273.90851974487305,157.92852401733398,57.378772933111364,263.18994522094727,174.90078449249268,147.77635312109913,263.1344985961914,186.57354354858398,214.82743415228654,319.9607276916504,161.00852966308594,38.63691854622556,271.6791534423828,173.72377395629883,60.80897991863551,264.05765533447266,190.76102256774902,3.8187671125614324,267.7592658996582,200.32409191131592,52.08574225395319,323.6692428588867,179.48849201202393,48.831978754449516,278.7034606933594,190.5165195465088,55.44576456466359,273.6159896850586,203.58211040496826,40.83267545457171,277.8449821472168,209.4979763031006,46.81575625640912,329.4415283203125,199.83886241912842,58.29791295395819,292.2931671142578,207.1267032623291,44.21850620851187,286.93904876708984,213.70159149169922,75.47719154746926,289.5034408569336,217.00879096984863,99.99232381362643
175,7.0,391.7764663696289,197.93429374694824,32.10365710607561,365.0526809692383,169.67767238616943,59.60846791606688,336.5678024291992,158.81827354431152,63.75971347163413,312.24754333496094,161.25266075134277,61.26502592336175,296.20059967041016,170.09541034698486,83.25550616668112,319.53760147094727,148.07762145996094,52.0642710389182,277.85377502441406,160.47951221466064,117.45366108503754,268.84716033935547,177.40931510925293,154.71103861548212,269.5335006713867,187.43815898895264,161.42875250802945,320.0474548339844,161.321382522583,8.11628412948749,273.36143493652344,173.607816696167,42.15682856686222,266.2231254577637,190.6783103942871,54.17622955748674,269.6512794494629,200.03404140472412,47.85292943631229,323.16131591796875,179.1850233078003,14.79195371970553,279.4318389892578,190.77624320983887,19.332474673937693,275.2690887451172,204.30457592010498,45.10191877104822,279.78281021118164,210.21750926971436,51.67751744916343,329.10884857177734,199.17743682861328,18.509450742690074,293.5469436645508,207.6624584197998,34.08618879785656,288.96141052246094,214.68609809875488,56.231665505989085,291.42181396484375,217.99747467041016,53.95397831085362
176,7.04,392.25292205810547,196.41749382019043,39.746792644927496,365.54176330566406,169.59401607513428,12.404633967284964,336.76513671875,159.62965965270996,20.87594666617649,312.2367286682129,163.66540431976318,60.3191951411972,296.33169174194336,173.8412046432495,93.70218794519835,319.95779037475586,148.90231132507324,23.139145518239474,278.4100341796875,161.9048309326172,38.25047136623614,269.7361373901367,179.78150367736816,63.332252839254096,271.381778717041,190.3754997253418,86.76153502452455,320.8283233642578,161.9297218322754,24.746620694657523,273.84252548217773,174.87715244293213,33.93616573006735,267.3710250854492,192.65397548675537,57.12336492648083,271.8350601196289,202.29887008666992,78.6540962615548,324.1279602050781,179.4521141052246,25.07163077900435,280.7728576660156,192.58066177368164,56.204189373178025,278.85021209716797,206.309552192688,102.60474622375015,285.3410339355469,211.63134098052979,143.380549318509,330.2876281738281,199.24070835113525,29.5119111098939,294.8752021789551,209.58718299865723,58.46385307149939,290.68349838256836,216.7700958251953,67.58620940019051,293.39609146118164,219.5071792602539,62.13382523403364
177,7.08,392.08106994628906,196.75217628479004,9.405633300256401,365.56591033935547,169.8039150238037,5.2820833891933345,336.53553009033203,160.04802703857422,11.930802397794752,311.8157386779785,164.91345405578613,32.928527862103216,296.21999740600586,175.76608657836914,48.2029958147728,320.0847625732422,149.3558406829834,11.774198955630965,279.00278091430664,163.86953830718994,51.30438431010439,270.7110595703125,181.74307823181152,54.76225884470048,272.5398254394531,191.9284200668335,48.42928993845128,321.06895446777344,162.7783441543579,22.051972325563575,274.36805725097656,177.07197189331055,56.42149446230712,269.2165946960449,194.5758819580078,66.61386713645096,274.5718574523926,203.47065925598145,74.42760533707461,324.5223617553711,180.50312519073486,28.06440009980326,281.6587257385254,195.19090175628662,68.91169625271269,281.8327522277832,208.17802906036377,87.98704249692763,289.7619438171387,212.14167594909668,111.25670193660855,330.81729888916016,200.39053916931152,31.649071640297123,295.7592010498047,211.74169063568115,58.22025614883645,293.94113540649414,218.50058555603027,92.21846916486307,298.90750885009766,220.15541553497314,138.73520619940822
178,7.12,393.2700729370117,197.5697135925293,36.07366908055111,367.3826217651367,170.6028699874878,49.61583314930562,338.37440490722656,160.5498504638672,47.65295991844095,314.25092697143555,164.92042064666748,60.87995646135658,298.6909866333008,175.19672870635986,63.39339549504787,321.6530227661133,149.34229373931885,39.20796755943499,281.5219306945801,163.94502639770508,63.00701383209913,274.38907623291016,181.29451274871826,92.63172230319068,276.5621566772461,190.87082862854004,103.97610373565631,321.2876892089844,162.9861545562744,7.542796652987649,275.00537872314453,177.73658752441406,23.02027090405149,273.4667778015137,194.7513771057129,106.34511911954402,281.20628356933594,202.15391635894775,169.0957971056437,323.98365020751953,181.06847763061523,19.522959449506416,281.4914894104004,196.46275520324707,32.0700325458783,284.46346282958984,208.9841079711914,68.78590644591979,293.58076095581055,211.53985977172852,96.64867772619834,329.9489974975586,201.43747329711914,34.003845137586154,294.8967170715332,213.00066947937012,38.1518867622511,293.7863540649414,219.8935604095459,35.03869473720929,298.71395111083984,221.11713409423828,24.525078818191464
179,7.16,392.6030731201172,199.11393642425537,42.05289013374581,368.81053924560547,170.97046852111816,36.861879131389095,339.4289779663086,159.8358964920044,31.838013942458502,314.8271179199219,163.60609531402588,35.876934522240674,298.7318992614746,172.84978866577148,58.6824153668556,322.26844787597656,147.4997091293335,48.56610257425634,283.0532646179199,161.12925052642822,80.13105414739474,273.17256927490234,176.2648630142212,129.3668853266937,272.2857666015625,185.69795608520508,167.79102037391976,321.38477325439453,162.84570693969727,4.268404625516056,276.8969917297363,176.06896877288818,63.04339808391909,273.0306625366211,190.48908233642578,107.11370484374471,277.7421569824219,197.58928298950195,143.25687332468334,323.6808395385742,182.3256540298462,32.32826549641217,281.46881103515625,195.1394748687744,33.086866279403246,284.44129943847656,204.96834754943848,100.39553955736437,293.3073425292969,206.82400703430176,118.09430732748261,329.23248291015625,203.93096923828125,64.86001832095921,293.8516426086426,211.92817211151123,37.43687384326421,293.5325622558594,216.56219959259033,83.52535234550042,299.40074920654297,216.84658527374268,108.13555975168924
180,7.2,391.33140563964844,199.18035507202148,31.83502019840746,369.72381591796875,168.56197357177734,64.39585682170859,340.6406021118164,155.90728282928467,102.78022177468546,315.6279754638672,158.87981414794922,119.84131817351506,299.0580368041992,167.63168334960938,130.70718416400672,324.70977783203125,144.92722034454346,88.6629520367742,284.43714141845703,155.39897918701172,147.37521124328168,274.9774932861328,169.4079065322876,177.26322743565467,274.8357582092285,177.77522563934326,208.07467847649207,322.96424865722656,160.8671522140503,63.29208753139771,277.9193115234375,169.4300651550293,167.92888935464063,274.1692352294922,182.44325637817383,203.14967254378095,280.07986068725586,188.9928388595581,222.71578060787553,323.72814178466797,180.59725284576416,43.22620845347821,281.74072265625,189.19501304626465,148.76693661765447,285.70423126220703,198.04844856262207,175.855051781172,296.0550308227539,199.63063716888428,192.50707938069627,327.77294158935547,201.98505878448486,60.811328926642794,292.5067138671875,204.5758295059204,186.85852788536633,294.56165313720703,208.01213264465332,215.29438110450917,303.63927841186523,207.9837942123413,245.60409608558263
181,7.24,392.1864318847656,195.94024658203125,83.77564124920947,374.72434997558594,163.52548599243164,177.43228989936725,345.5083465576172,146.78894519805908,258.4074025964729,319.1317558288574,147.22590923309326,304.2305628657677,300.86822509765625,154.64574337005615,327.7874871871328,330.8783721923828,137.64757633209229,238.54346214392632,287.5209426879883,141.62970542907715,352.7594170349214,282.0896530151367,152.4083375930786,460.68438228478607,287.5695991516113,158.39179515838623,579.7995787101775,327.2826385498047,156.46628379821777,154.14306276514915,281.18743896484375,159.38329696655273,264.1237967391631,282.09362030029297,167.8487777709961,415.1766826949242,292.53129959106445,171.20846271514893,542.7490013930867,326.23950958251953,177.75648593902588,94.79228882966031,282.63248443603516,177.8871488571167,283.5743196149162,288.7953186035156,183.15134525299072,380.3604441590794,300.44666290283203,184.19353008270264,401.2408157181068,328.23558807373047,199.40776348114014,65.46226417824305,292.90027618408203,193.682599067688,272.50844101343074,298.2834243774414,194.982590675354,338.7666463570167,309.37877655029297,195.84325790405273,335.7216673952999
182,7.28,393.9739227294922,190.32082557678223,147.42162314729993,378.01055908203125,156.37348651885986,196.77122941574672,347.4827194213867,138.9977502822876,200.93666045039686,319.81483459472656,140.92127323150635,158.53830710763395,301.7561340332031,150.3537940979004,109.57078429199991,337.18902587890625,129.10006999969482,265.6174580736441,290.7949638366699,128.07357788085938,348.6472147687074,296.3766860961914,138.01066875457764,507.082452764275,309.94110107421875,141.2316656112671,704.8732795453108,331.1127471923828,149.609112739563,196.35829359490464,282.95541763305664,145.38097858428955,352.8373108189535,291.50901794433594,153.2163906097412,434.9974617974128,306.5809440612793,156.66295051574707,505.5717276524585,327.9596710205078,171.51422023773193,161.8734777115539,285.86578369140625,167.2333574295044,278.34050174409657,296.0692596435547,170.60447216033936,362.5726157070672,309.49962615966797,171.85622692108154,382.5614272827367,328.30718994140625,192.77727127075195,165.77197022467536,300.58422088623047,185.4094648361206,282.2761903251927,308.0088806152344,184.7120189666748,353.6144990101754,318.50677490234375,185.27451038360596,349.12280975502705
183,7.32,391.56925201416016,182.3091459274292,209.11936192793235,375.6787109375,147.98150539398193,217.74822469061212,347.74898529052734,127.84854412078857,278.8096298828703,320.4726028442383,121.68488502502441,481.1907692774658,301.20079040527344,126.18218421936035,604.4497139265477,335.82103729248047,121.9427490234375,182.17202778171705,292.159366607666,116.8326473236084,283.08580271098964,298.1386947631836,124.60866451263428,337.93341822356757,311.3206100463867,127.77935028076172,338.0715833551766,328.8700485229492,141.12884044647217,219.295342356551,284.1608428955078,132.9542112350464,312.12737465613645,292.92320251464844,139.1420316696167,353.6307197967718,307.01635360717773,142.40392684936523,356.64174723303984,324.2985534667969,160.87530612945557,281.2808595796338,285.70552825927734,151.38999938964844,396.10421275735257,294.97949600219727,154.4908618927002,403.7604647648395,307.50219345092773,156.47761344909668,387.69470088158585,322.43030548095703,179.1716766357422,370.5148245462623,292.895450592041,166.85877799987793,502.02413458739557,300.14183044433594,167.24241256713867,478.98174948670203,311.02514266967773,169.8823642730713,427.8529118991381
184,7.36,387.21595764160156,178.9268159866333,137.82082508313718,374.22340393066406,143.66864204406738,113.79452084563961,347.5455856323242,125.49942970275879,58.94759309098509,322.10838317871094,122.93782711029053,51.5123842614477,304.59068298339844,129.0778684616089,111.45727578884608,332.6034164428711,117.73357629776001,132.4533384026905,290.6584167480469,111.12542152404785,147.53236256890438,296.20044708251953,119.65641975402832,132.9509595225336,309.2892074584961,123.5061264038086,118.28735873036852,323.912353515625,137.09272384643555,159.82212181582267,281.85802459716797,127.46422290802002,148.8349420206294,290.53958892822266,133.49528789520264,153.23048200194523,304.2336654663086,137.15136051177979,148.60351278668847,318.7758255004883,156.75453186035156,172.26669869485204,283.6322593688965,147.41540908813477,112.0708814676777,293.3427047729492,149.67135429382324,127.24665767657717,305.75389862060547,151.86767578125,123.25801220195393,317.1673393249512,174.49878215789795,175.95232941114028,292.0234489440918,162.44762420654297,112.41292369674285,299.51171875,161.86866760253906,135.2640373766679,309.656925201416,163.89344215393066,153.5806123620189
185,7.4,381.03050231933594,177.98649787902832,156.41302632620219,367.8532409667969,143.48487854003906,159.3203243697229,341.24523162841797,126.1325740814209,158.3021880351961,317.05955505371094,123.59310150146484,127.27934328554626,300.7562828063965,129.61429595947266,96.79352760469381,324.67540740966797,116.38544082641602,201.04538741234254,285.4740333557129,109.55356121063232,135.43581506473646,290.7586669921875,117.94883251190186,142.58511655544373,303.17766189575195,121.8554162979126,158.26369020404832,316.2944030761719,134.5886993408203,200.4733579909773,276.54314041137695,125.83542823791504,138.9715932882819,284.96936798095703,131.665678024292,146.5751379009466,298.48758697509766,135.3395175933838,150.62410329214137,311.8349266052246,153.3436632156372,193.34247849633303,277.91887283325195,144.25824165344238,163.1917811892772,287.5197982788086,146.44410610198975,166.43574385329168,299.6917533874512,148.88862133026123,168.86453566729784,311.4077377319336,170.57437419891357,174.23760418396793,286.91089630126953,158.7645721435547,157.52592450195135,294.4237518310547,158.19208145141602,156.93289388882044,304.62026596069336,160.08356094360352,157.88273168708315
186,7.44,375.42518615722656,177.5925636291504,140.4785425572876,362.7885437011719,142.98096656799316,127.24259720117448,336.5229797363281,125.56828022003174,118.89620077600145,313.31409454345703,121.81014060974121,103.70458034510632,297.4976348876953,126.04917526245117,120.7499271283073,319.6475601196289,114.11363124847412,137.9319740179504,280.8740234375,108.15480709075928,120.19932491365847,286.0963439941406,115.86294651031494,127.69146445077351,298.3605766296387,119.19417142868042,137.58300838725566,311.39978408813477,131.6402006149292,142.85250211020747,272.6068115234375,123.66286754608154,112.401915780289,280.6902503967285,129.06625270843506,125.16953321488522,293.83676528930664,132.26597785949707,139.36639849871548,306.99100494384766,149.99045848846436,147.2828040792,273.72203826904297,140.92228889465332,134.028917514588,283.1394577026367,143.22917461395264,135.8380654401369,295.08277893066406,145.45527935028076,143.6803803038454,306.7042541503906,167.17087268829346,145.143421170746,283.40049743652344,155.6301784515381,117.65235868376196,290.9211540222168,154.96078491210938,119.13613204914752,301.2009811401367,156.5978765487671,122.06940747095287
187,7.48,373.9317321777344,175.3396511077881,67.57412419785823,361.9779586791992,141.2478733062744,47.832130490793965,335.69339752197266,123.77204418182373,49.4638160384192,311.2826156616211,120.89472770690918,55.70506726286643,294.83646392822266,126.18973731994629,66.62201479028853,320.62862396240234,111.65031909942627,66.28722071053802,281.16411209106445,104.85984563827515,82.69266291622843,286.97052001953125,113.59638690948486,60.732385036129784,299.4048881530762,117.65088558197021,46.5853904314458,311.9050407409668,128.66867065429688,75.35447312604678,272.6692199707031,120.31389713287354,83.73879642537531,281.236629486084,126.88463687896729,56.2248707016592,293.9705467224121,130.44772624969482,45.57916456831052,307.2036361694336,146.89082622528076,77.67292081648705,273.3900260925293,137.62540340423584,82.83902319513527,283.3003807067871,140.81711769104004,60.43547598800815,294.76892471313477,143.2963514328003,54.540548119824805,306.6378593444824,164.29598808288574,71.89127974179944,284.8434638977051,153.4401512145996,65.5666240677538,292.7069854736328,153.28837394714355,61.16653705563064,302.3628616333008,155.04717350006104,48.44227380128214
188,7.52,372.1458053588867,172.55712032318115,82.6589838189284,361.2879180908203,137.69554138183594,90.46828904025942,336.1867141723633,119.08809185028076,117.74647224471164,312.88530349731445,114.76417064666748,158.4146816261809,296.93029403686523,119.56154108047485,173.7762748349179,320.1716613769531,107.61908054351807,101.42638678846498,281.7231559753418,101.4029860496521,87.54430406943604,286.93531036376953,109.44680213928223,103.74335365746488,298.6991310119629,112.82727241516113,121.8742618573707,311.50793075561523,124.14895534515381,113.42817886268419,272.5189018249512,115.75850486755371,113.94679195757877,280.615291595459,121.92797183990479,124.88642110881887,293.22364807128906,125.4148006439209,127.20111474625593,306.320858001709,141.6959524154663,131.73365931233025,272.3939323425293,131.6268539428711,152.01726546520206,281.63644790649414,134.754638671875,157.1669578460019,292.8341484069824,137.2064208984375,159.74709165625833,305.0079536437988,158.27035903930664,156.0544735900434,281.6808319091797,145.72402954101562,208.47777875650885,289.1986083984375,145.9995174407959,202.231517807998,299.07649993896484,148.30145359039307,187.59149481934375
189,7.56,370.7937240600586,168.79328727722168,99.9830080454215,360.9469985961914,135.09395599365234,65.59569647578076,336.9713592529297,116.08257293701172,77.6563416618171,314.86562728881836,111.2777853012085,100.23898036763059,299.39876556396484,115.23922920227051,124.43806605237367,319.9382781982422,104.30952072143555,82.94446155428379,281.4154243469238,97.23122119903564,104.57748539948652,283.3439254760742,104.31454181671143,156.6008888668117,293.2147216796875,108.1518816947937,180.1701003774754,311.04259490966797,120.1252555847168,101.26295352837683,272.8523254394531,112.20437049865723,89.24349562740818,278.012752532959,117.30343580245972,132.66391543451658,288.71978759765625,120.14253616333008,173.35211982993525,305.48364639282227,137.46926307678223,107.72019902216682,272.2714042663574,127.1599531173706,111.71452489019535,279.2523002624512,129.2554521560669,149.84411133791954,289.3768882751465,131.38784408569336,169.20491228275924,303.7294387817383,154.3623161315918,102.79652116271369,281.36194229125977,141.89995765686035,95.93362407025226,287.31197357177734,140.85166454315186,137.0670010089709,295.98196029663086,142.34217166900635,167.87126134433927
190,7.6,370.46558380126953,167.54818439483643,32.190421878664274,361.11671447753906,133.03223133087158,51.71745392937993,337.9241180419922,114.7899341583252,40.14555020718383,315.89210510253906,109.26959037780762,56.38319537123792,300.2519226074219,111.91941261291504,85.6922514282947,320.36231994628906,102.78362274169922,39.59305533052843,283.1531524658203,96.2594747543335,49.77442973050256,284.86114501953125,104.05256509780884,38.49177626694213,294.13305282592773,108.86743068695068,29.104794003005075,310.45312881469727,118.97425889968872,32.3290083174696,273.44200134277344,111.68389320373535,19.66300913971808,278.98712158203125,117.2342848777771,24.420494648123583,290.3399085998535,120.93978881835938,45.141471077823326,304.47330474853516,136.95599555969238,28.331009758305836,273.3743476867676,128.5632848739624,44.622193242860334,280.78107833862305,130.2625608444214,45.76728031808644,291.3340950012207,132.37287998199463,54.77769782032767,302.7786064147949,154.6127700805664,24.58161623276742,283.17432403564453,144.3958568572998,77.1129058837327,289.25853729248047,142.5143051147461,63.99943353786818,297.7016067504883,142.7508544921875,44.18855604273947
191,7.64,368.33351135253906,164.76086139678955,87.73148815446964,358.0835723876953,130.00280857086182,107.17203808610394,334.3424606323242,110.40902137756348,141.46701601625827,311.7803382873535,104.60236072540283,155.5025300653248,295.3571128845215,107.09033489227295,171.89959615899699,320.3040313720703,99.99289512634277,69.78340678931815,281.60757064819336,93.78124237060547,73.0173733724436,282.0787811279297,100.62925100326538,110.28550509696436,291.04076385498047,104.87563848495483,126.23553398250473,311.1927795410156,116.28242254257202,69.79015945335067,272.39307403564453,108.94432067871094,73.33785736025658,277.8346061706543,114.20758008956909,80.96771597534519,289.42338943481445,117.60268449783325,86.51687922725692,305.1331329345703,134.12014961242676,72.78991805063612,272.137451171875,125.52512168884277,82.0074254563636,279.58906173706055,127.62588500976562,72.34018176063299,290.1543426513672,129.55517292022705,76.36789530342483,302.7360534667969,151.78303241729736,70.75143989836296,280.30744552612305,141.1078977584839,109.05751757628434,286.8578910827637,140.35550594329834,80.71367637702087,296.0272026062012,141.8356418609619,47.705105850689
192,7.68,370.1979064941406,161.9699192047119,83.9096521695606,358.66180419921875,126.88171863555908,79.35503454454584,335.10990142822266,107.02876567840576,86.65698892363443,312.88002014160156,101.55316829681396,81.03577391778158,296.1802291870117,105.2513837814331,50.36902343879303,321.5932846069336,96.6984486579895,88.44331318862798,283.95145416259766,92.01493978500366,73.37240094630212,283.3731460571289,99.45662498474121,43.66371741260661,291.1804008483887,104.01043653488159,21.909942154456726,312.2590446472168,113.12212228775024,83.38322289783774,275.0967788696289,107.31312274932861,78.94153894707327,280.27307510375977,113.44518184661865,63.87185324232439,291.6129684448242,116.56572103500366,60.567882703618594,306.2338447570801,131.4945888519287,71.17380058385183,272.84217834472656,123.1360387802124,62.27136948703388,280.6394577026367,126.40265464782715,40.30837539261253,291.5664863586426,128.4545373916626,44.760113499184726,303.948974609375,150.1376438140869,51.103334979773194,280.2360153198242,138.85568618774414,56.333600285186634,286.7802619934082,138.3871364593506,49.24749169279403,296.080265045166,139.7215747833252,52.86832245764207
193,7.72,370.46142578125,162.77493953704834,21.176345148444565,360.46722412109375,127.64276504516602,48.98171043791968,336.07688903808594,107.23976612091064,24.743512083553814,313.40600967407227,101.40660524368286,13.650680312988515,296.91139221191406,105.3244686126709,18.370165376593,321.76109313964844,95.98823547363281,18.244219476418717,285.23279190063477,92.45028734207153,33.83188117703311,287.3008155822754,101.18506908416748,107.27915368212824,296.51689529418945,105.42725801467896,138.03431655678457,312.1792221069336,112.31106519699097,20.374390211859197,275.71117401123047,107.07837581634521,16.442846327672335,281.8831443786621,114.45114612579346,47.462400914831015,293.9227485656738,118.23289632797241,71.2151566739723,306.0711669921875,130.7666015625,18.648551363983454,273.40715408325195,123.44870567321777,16.143074581378983,281.90303802490234,127.76510238647461,46.45494505003262,293.2987976074219,130.07836818695068,59.35975443415569,303.9236831665039,149.77066040039062,9.196347203193078,281.5768051147461,140.1203441619873,46.077903231805884,288.99255752563477,140.98046779632568,85.21890541880458,298.59180450439453,142.6104497909546,95.69949472491874
194,7.76,369.2735290527344,164.52492713928223,52.87695177006727,359.9198913574219,130.35611629486084,69.20010909677616,336.5972137451172,110.22251844406128,75.69490249517989,314.91735458374023,103.74213695526123,69.5470695454141,299.5274353027344,106.79034233093262,74.96860680861327,320.5357360839844,99.60494756698608,95.46631041915226,284.4218063354492,95.38904428482056,76.21511478823815,286.8765640258789,103.6542820930481,62.6348658213324,296.2776756286621,107.49631404876709,52.0709787247869,310.7200622558594,115.00996112823486,76.70229265914983,274.9515914916992,109.15630102157593,55.31014126332611,281.31263732910156,115.9300947189331,39.6292760685521,292.97882080078125,119.49309825897217,39.362962701556555,304.43931579589844,132.7328395843506,63.87991803670066,272.6366424560547,125.15687942504883,46.84779700057117,280.9445381164551,129.101300239563,41.11072531204152,291.878662109375,131.3364315032959,47.43092438448231,302.1625518798828,150.9883975982666,53.5284228926938,279.9684143066406,140.77520370483398,43.41487369306403,286.99466705322266,141.60103797912598,52.30125292198954,296.00719451904297,143.20239543914795,66.2882362621475
195,7.8,368.23822021484375,164.8731565475464,27.30760094042549,357.9740524291992,131.44742488861084,55.774342115008956,333.9108657836914,112.27759838104248,84.55700339578291,312.71135330200195,107.73086071014404,113.95272826867009,297.70172119140625,112.57911443710327,151.74632308865444,318.45651626586914,101.10745668411255,64.13213263982463,282.8840637207031,97.32499122619629,61.808893519805295,285.50344467163086,105.15592575073242,50.869873425204574,294.95243072509766,108.80295753479004,46.526815211699166,309.23593521118164,117.22193241119385,66.59321493862514,273.8683891296387,111.45591974258423,63.549063816793364,280.60577392578125,117.84416198730469,51.010473059491815,292.5790214538574,121.45455837249756,50.04476305488765,303.6483573913574,135.31954765319824,67.6233772039838,271.95486068725586,127.50480651855469,61.122765893146,280.25108337402344,131.0182285308838,50.962569314810715,291.2985610961914,133.4402847290039,54.55911691011538,302.0791435241699,153.57398986816406,64.67343127183408,281.1189270019531,143.82432460784912,81.47399026406785,287.93235778808594,143.79901885986328,59.74102373126432,296.6877746582031,144.91480350494385,46.06741466062337
196,7.84,368.99662017822266,163.97478103637695,29.39227219357653,358.23875427246094,129.97806072235107,37.325411241157205,333.2040023803711,111.55590534210205,25.25490934215375,311.0763740539551,107.87780284881592,41.03922767960392,295.94078063964844,113.92300128936768,55.3790545835824,317.75014877319336,99.85429286956787,35.96330230937884,283.02066802978516,98.57078075408936,31.331416791574878,285.5162239074707,106.60387516021729,36.20014503852345,294.6055793762207,110.17305850982666,35.33308063994404,308.1139373779297,116.09606266021729,39.73711924940351,273.5847282409668,113.1714677810669,43.47102894532059,280.19020080566406,119.83147144317627,50.757387957078095,292.3049545288086,123.02264213562012,39.79635165104903,302.55992889404297,134.48251247406006,34.32659760376319,270.6373405456543,129.20451164245605,53.7637007639818,279.1314125061035,132.7411651611328,51.369820203126146,290.3679084777832,134.5268440246582,35.76595272674494,301.4129638671875,153.38609218597412,17.304278270661303,281.42688751220703,145.75824737548828,48.95723227387448,288.6375045776367,145.37235260009766,43.103154270987396,297.54024505615234,145.64380645751953,28.041833528718346
197,7.88,371.26136779785156,163.37904453277588,58.54476792558852,359.4144058227539,130.12596130371094,29.622955094749226,333.0175018310547,112.87467956542969,33.297408936439155,310.08142471313477,111.62222385406494,96.85883044200489,294.9069023132324,118.43271732330322,115.66774372250497,317.7691841125488,100.97809553146362,28.099096593889318,281.5993309020996,100.08642196655273,51.94568988048276,284.1614532470703,108.13031673431396,51.02344694728873,293.4930229187012,111.46144151687622,42.556672831813906,308.82442474365234,117.60402202606201,41.67383581075143,272.09936141967773,114.82070446014404,55.48815311284808,278.5231399536133,121.57878398895264,60.374834456645544,290.88855743408203,124.6787166595459,54.4791448557717,304.07115936279297,136.39371871948242,60.9124722564055,269.1490364074707,130.96519947052002,57.636093485479066,276.8751335144043,134.26154136657715,68.01809820952326,288.2678985595703,135.6836700439453,59.93896945796288,303.7533950805664,155.68056106567383,81.93826069238308,281.45538330078125,147.99867153167725,56.0151341692666,287.41098403930664,146.25261783599854,37.74271052535455,296.1099052429199,145.32272815704346,36.64835651460345
198,7.92,371.7446517944336,163.99372100830078,19.547867385536215,359.24434661865234,130.48049926757812,9.830351618925821,332.7811813354492,112.34560489654541,14.486359573280955,309.37788009643555,109.48205709457397,56.32100399782325,292.237491607666,113.73108386993408,135.16450774156738,318.9592933654785,102.54770278930664,49.24446020735693,279.12817001342773,100.1394510269165,61.793245074525714,270.05157470703125,106.35483741760254,355.5286549797401,270.40639877319336,111.40271186828613,577.1674711509042,311.0706901550293,119.88282680511475,79.99476357621032,269.58166122436523,114.14902210235596,65.14393421129266,268.9016914367676,120.12072086334229,243.28252562681237,276.39747619628906,124.81693267822266,362.2935093851171,306.68651580810547,139.3082571029663,97.8986188769998,268.0476379394531,132.35268115997314,44.28730083160949,272.96016693115234,135.2228021621704,100.78127822518694,283.39513778686523,137.55493640899658,130.4929005659541,306.2033462524414,159.49413299560547,113.31811309686502,280.1215171813965,150.60739517211914,73.24888163243085,283.524169921875,147.80097484588623,104.59664613867368,291.3506507873535,146.56355381011963,122.95871073799682
199,7.96,378.47583770751953,169.09345149993896,211.1221726925413,364.1304397583008,135.71471214294434,179.0092361338671,336.86126708984375,117.38366603851318,162.0747509511792,312.5950813293457,115.4337215423584,169.13879927455235,295.09775161743164,120.58985710144043,185.78189087726716,323.13358306884766,107.14358568191528,155.21524186236192,282.44375228881836,105.43660640716553,156.23088072502193,272.93052673339844,113.9841628074646,203.86112103972525,273.13385009765625,118.69137525558472,194.55655460023257,315.6459426879883,124.40162658691406,160.7647489507906,273.6958694458008,117.77792930603027,137.14881694305458,268.9309501647949,124.66824531555176,113.69046441052357,273.7730407714844,129.73875045776367,139.4452212205025,311.5995407104492,144.27390575408936,174.63440421608286,274.2832946777344,136.84733390808105,192.16743721906028,274.25622940063477,139.5736598968506,113.49488136097588,281.2096977233887,140.86000442504883,99.05687400989636,311.20418548583984,164.91585731506348,184.3967997866616,282.7931594848633,155.56464672088623,140.78355620292425,283.8171195983887,153.7267541885376,148.3254031065716,290.6727600097656,152.924165725708,159.9158369406068
200,8.0,384.44236755371094,174.96238231658936,209.23047599495615,369.19769287109375,141.4718770980835,191.73875851955526,340.28221130371094,123.31668376922607,171.21543210847142,314.7442817687988,123.17217350006104,200.78393429041031,297.77727127075195,130.78107833862305,263.43976526633634,323.5874938964844,113.13431739807129,150.19758140197226,283.9967727661133,113.91085624694824,215.38451509735256,283.0451011657715,124.27961826324463,360.8159321159867,290.55049896240234,128.5649871826172,500.5171514066097,315.95571517944336,131.66861057281494,181.83958460653258,274.1103172302246,128.09243202209473,258.07064590644893,278.10842514038086,137.26630210876465,389.6609759558009,289.8325729370117,142.08731174468994,506.4555380488631,312.4441146850586,152.56427764892578,208.3320236924721,276.1116409301758,147.72723197937012,275.81133957432746,283.28115463256836,153.03882122039795,405.2467187645905,294.89025115966797,155.4691743850708,500.3657345155776,312.9224395751953,173.9192819595337,229.14794953839376,285.26893615722656,164.53464031219482,232.63471253170636,292.30234146118164,166.12350940704346,375.5650160161787,303.12679290771484,168.0840826034546,490.48828678890686
201,8.04,389.94651794433594,177.5013256072998,151.5377522188385,370.81371307373047,145.97764492034912,119.67002800277085,338.2838821411133,133.10437202453613,249.74006590005575,311.96210861206055,138.40400218963623,387.09583172536315,296.2333679199219,150.98100185394287,506.4709688011959,321.75498962402344,120.41574954986572,187.71209019695112,283.1172752380371,127.3771619796753,337.3748897639404,286.7397689819336,136.74076080322266,324.9333043809088,296.5066146850586,139.1484260559082,303.6079841736301,315.6745910644531,140.35407543182373,217.2503316814292,275.6797790527344,144.39531326293945,409.45630655587246,283.3514213562012,152.15685367584229,394.6656300678021,296.456241607666,154.3434190750122,348.28611940381217,314.30797576904297,162.39266395568848,250.08892860259712,278.3831596374512,163.45046997070312,397.16181381900225,288.0462837219238,167.05769062042236,370.16478973320324,300.3238868713379,167.2879457473755,325.19970168494933,317.22713470458984,184.1916561126709,278.4466633161932,295.08275985717773,179.54060554504395,448.2536448424039,303.6842346191406,179.4009017944336,437.2046434936956,313.74053955078125,178.92223834991455,379.24039027683887
202,8.08,389.64832305908203,180.45867919921875,74.3087329037925,367.7212142944336,150.4032039642334,134.97481605576135,336.2272644042969,138.13981533050537,135.98107819430763,311.7112350463867,142.51882553100586,103.06159771173931,297.044677734375,153.1843614578247,58.699537684754624,316.5617370605469,129.08014297485352,252.53908807725637,280.08087158203125,139.21704769134521,305.57593249020294,283.5892868041992,148.13358306884766,295.51008562350995,292.8792953491211,149.4307279586792,272.58390678903135,312.60244369506836,149.00289058685303,229.4560048313758,274.7073173522949,156.8145990371704,311.43251767120137,282.4033546447754,163.52663040161133,285.23088595376674,295.0729751586914,163.71188163757324,236.75081422110057,313.1557273864746,170.23903369903564,198.26307410301675,276.9917678833008,175.16229629516602,294.85467486956566,286.4201354980469,178.6160659790039,291.8051564998929,298.41386795043945,177.46776580810547,258.93641684184576,317.88917541503906,190.91571807861328,168.91437776304937,289.9958801269531,189.44775581359863,278.4196156809596,298.0421829223633,189.43305015563965,287.74635976233196,309.2248725891113,188.52673530578613,265.327168185883
203,8.12,387.4617004394531,180.83022594451904,55.449106533694604,364.8139190673828,150.8137321472168,73.40341837346502,333.81927490234375,141.20402812957764,97.42886353487204,310.3851127624512,146.9388198852539,115.36613022117628,296.7517280578613,158.64126205444336,136.6189583164304,315.09654998779297,132.1530818939209,85.10921938340529,278.12124252319336,144.52543258666992,141.4635470827056,283.5594367980957,153.7450933456421,140.28974171654963,294.77306365966797,155.44215202331543,157.56660833382327,312.23867416381836,151.99152946472168,75.26740087088601,273.52006912231445,161.40978813171387,118.65212064635338,282.20102310180664,168.46824645996094,123.64391240933286,296.0962677001953,168.8814926147461,131.74787778367525,313.90512466430664,173.25546741485596,77.70323610522762,275.55721282958984,178.77068996429443,97.07745964413431,285.566463470459,182.42172718048096,97.50581108039718,298.04792404174805,181.18938446044922,93.48917162491752,320.0179672241211,194.1313934326172,96.41162581855369,293.00729751586914,193.41273307800293,124.47308794853191,300.8076858520508,192.97117710113525,112.2673949120809,310.9455680847168,190.9430980682373,74.16030773077674
204,8.16,386.0341262817383,180.36920070648193,37.50426847275536,363.87027740478516,151.55901432037354,30.061448578446146,333.5295867919922,140.90882778167725,10.339924041052317,310.4255485534668,144.13558959960938,70.08804769515707,296.59934997558594,154.29070472717285,108.83062568110434,314.25432205200195,131.8688678741455,22.222251023237966,278.31151962280273,144.12900924682617,10.993089846826203,283.1855773925781,153.38756561279297,12.932443090204124,293.2255744934082,154.6120262145996,43.90210400700802,311.4027786254883,151.1936330795288,28.889444358017492,273.0010223388672,160.64362049102783,23.135773396427638,282.1549987792969,168.3368682861328,3.480163683371799,295.74941635131836,168.39237213134766,14.990511696938563,313.0281066894531,171.72529220581055,44.09220947764842,274.91655349731445,177.89125442504883,27.201232137990534,285.1997184753418,182.11888790130615,11.890477294210616,297.4589538574219,180.59935569763184,20.841962164360513,318.9846611022949,191.93668842315674,60.644721637347764,290.7127380371094,192.23650932312012,64.46174021811751,298.40869903564453,192.38368034362793,61.746913816464414,308.86592864990234,190.67041397094727,52.43601336242023
205,8.2,383.4709930419922,178.46270084381104,79.86079189383025,361.3869094848633,150.47587394714355,67.73251293607949,331.58512115478516,140.31970024108887,50.7938103596212,308.2942199707031,143.92414569854736,53.54478295666234,294.9064064025879,154.34449195861816,42.3449451500851,312.9442596435547,131.82477951049805,32.77010163468143,276.6130256652832,143.83255004882812,43.10430503302429,277.496337890625,154.67273712158203,145.8147624504867,284.64420318603516,157.8429937362671,229.23661989453646,310.87751388549805,150.071439743042,30.97600817096618,270.8942985534668,160.87142944335938,52.975124036748056,276.0546875,170.53600788116455,162.11495277802305,287.18828201293945,171.78677558898926,230.23764352433184,313.0340766906738,170.1219606399536,40.083567011524664,273.2880401611328,178.36293697357178,42.386171924804685,279.2140197753906,185.1222038269043,167.42254827895155,289.43126678466797,184.96551990509033,228.45561607311149,319.05616760253906,190.10054111480713,45.93847868030052,288.6387825012207,193.31517219543457,58.44230679136121,292.74791717529297,194.70090866088867,152.9174580141202,301.5295219421387,192.9121971130371,191.78186670974333
206,8.24,382.41966247558594,173.857684135437,118.08755979215174,358.6643600463867,148.63101482391357,82.21838537362682,328.89759063720703,140.32299041748047,67.18831328891224,305.6539535522461,145.08102893829346,72.06501227553726,292.0847511291504,155.56456089019775,76.85337777191145,310.9761619567871,131.99854373931885,49.39384141695691,274.4030952453613,145.93457221984863,76.24913798020049,272.8230285644531,157.63010501861572,138.26117707189738,277.75293350219727,161.68503284454346,197.2480392248999,310.1817321777344,149.50711727142334,22.396596237379416,269.3650817871094,161.8130350112915,44.89658230359409,272.21920013427734,171.86232089996338,101.45833367833006,281.60640716552734,173.95598888397217,149.7139212199858,313.5015106201172,169.27815914154053,24.11554798152828,273.1587219238281,179.62328910827637,31.674227594706316,277.1713447570801,186.58913612365723,62.87095709510283,285.84569931030273,186.70303344726562,99.60938529597883,320.4878616333008,189.39931869506836,39.85489837886173,288.5571098327637,194.23888206481934,23.182837773497887,290.6903266906738,195.6070375442505,56.206917699568805,297.7938461303711,193.60703945159912,94.99368283629337
207,8.28,382.24037170410156,172.3650312423706,37.58455334242193,358.68648529052734,146.81957244873047,45.28943726906206,329.1274642944336,137.67877578735352,66.35469514503163,305.7413673400879,142.61695861816406,61.64050876274175,292.22143173217773,153.76596450805664,45.09455713480716,312.03630447387695,129.06198978424072,78.05147054839266,276.3141059875488,143.8484001159668,70.72868982850412,273.2156753540039,155.82820415496826,46.104624386809085,276.88899993896484,160.67062854766846,33.311008683297295,310.78222274780273,146.28514766693115,81.93624448699643,270.9435272216797,159.98373985290527,60.40390491522033,273.9163589477539,169.85954761505127,65.62892306806701,283.2606506347656,171.61385536193848,71.68555856373482,313.5579299926758,166.0440158843994,80.86588338613214,274.01256561279297,177.26102828979492,62.795925523266035,279.97663497924805,183.8152313232422,98.62872639461085,289.99298095703125,183.38672161102295,132.75416484166905,320.11974334716797,186.38022422790527,76.03635016490516,288.7493133544922,192.09364414215088,53.84577477980352,292.81005859375,193.63267421722412,72.41967053236277,301.56476974487305,191.72882080078125,105.31966283263709
208,8.32,382.62535095214844,170.06471157073975,58.30780186389426,359.2130661010742,145.4069995880127,37.688272685881664,330.1587677001953,137.18417644500732,28.59430913863156,306.6983413696289,142.14816570281982,26.64073585100596,292.7220916748047,152.68406867980957,29.80309297423715,311.9980049133301,127.6761531829834,34.65914328970906,277.4766540527344,143.05017471313477,35.25515740279195,271.54598236083984,156.5033197402954,45.025379960728706,272.9598808288574,163.60266208648682,122.56324299664401,311.54401779174805,143.92757892608643,61.939799688830064,272.66366958618164,158.25116157531738,61.036450390953846,271.0952568054199,170.1502275466919,70.90095256826594,276.9999313354492,174.96355533599854,177.51249262560873,314.9043846130371,163.11045169830322,80.6951782893446,276.0573959350586,175.37757396697998,69.50148934099914,275.4142951965332,183.77835273742676,114.06222074769727,280.4920959472656,185.70108890533447,244.4676767255847,322.0096206665039,183.33415031433105,89.61794801090957,290.45032501220703,190.56836128234863,57.11790690147179,289.4728660583496,193.11585903167725,84.42434466115186,293.93470764160156,191.99531078338623,190.8678610495499
209,8.36,383.28746795654297,167.59949684143066,63.81458781653513,359.2551803588867,143.48999977111816,47.936559043468876,330.4668426513672,136.34472370147705,22.354964271947182,307.1104049682617,141.5713119506836,17.722807704196295,293.3288764953613,152.02789306640625,22.34326316369179,312.0347023010254,126.54972553253174,28.175631647375134,278.0643653869629,142.8069019317627,15.901773850288784,272.57619857788086,157.3456907272339,33.2691141816438,274.8974609375,165.10801792144775,61.34081465090314,311.89441680908203,141.90021514892578,51.43553827542112,273.33845138549805,158.07804107666016,17.415890440629454,271.0639190673828,171.3844871520996,30.86643431146618,276.4951705932617,177.23261833190918,58.11319926587605,315.5959701538086,160.2766513824463,72.92425346873222,277.1855354309082,175.60752868652344,28.783435939096556,276.0730171203613,185.71420669555664,51.12145537919328,280.96282958984375,188.6063289642334,73.5782320139842,323.15330505371094,179.89171028137207,90.68629774551037,292.08967208862305,190.8449935913086,41.56308662228313,291.22751235961914,194.38005924224854,54.06584998272557,295.9252166748047,193.25656414031982,58.911407223259296
210,8.4,384.6514892578125,164.97230529785156,74.00460085769402,358.96453857421875,142.18660354614258,33.385198500566744,330.27870178222656,136.11263751983643,7.469144125563975,307.13191986083984,141.3944435119629,4.4543051659425075,293.3836364746094,152.1710443496704,3.831689022759932,311.9695472717285,126.19651794433594,8.979169581654357,277.9875183105469,144.30461883544922,37.49217749029486,272.7145004272461,160.33113956451416,74.71626396556836,275.4095649719238,169.04354095458984,99.21753904446871,312.4239921569824,140.69360733032227,32.94268201189524,272.8534698486328,159.10948276519775,28.494287233951116,270.17053604125977,174.4859504699707,80.68924937478019,276.10218048095703,181.85089588165283,115.87420106206633,316.6790199279785,158.93078327178955,43.18823468703786,278.27335357666016,177.0110034942627,44.39235473441601,276.5237617492676,188.86768341064453,79.63819008918297,281.5378189086914,193.15592765808105,114.64472565236372,324.8945617675781,179.00962829589844,48.798332276092324,293.3933448791504,192.54371166229248,53.532734316540896,290.5109405517578,197.36008644104004,76.62423434103106,293.30379486083984,197.18815326690674,118.1345773552011
211,8.44,383.54442596435547,167.7163553237915,73.97381158466202,358.64097595214844,144.06821250915527,47.73065747040055,330.35465240478516,137.06573009490967,23.902849643488924,307.1362113952637,142.01215267181396,15.443101684725427,293.28399658203125,152.23759174346924,2.9954824125669433,311.2586975097656,127.2028398513794,30.80169602349721,277.52038955688477,144.9104404449463,19.125066912162954,271.6376495361328,160.57977676391602,27.629561824903526,273.6908149719238,169.40454483032227,43.906330414829064,311.85155868530273,141.32978439331055,21.395112394126013,273.3696746826172,159.5795774459839,17.454520179817536,269.56737518310547,174.4648790359497,15.088220283989944,274.177303314209,182.15068817138672,48.70207595711318,316.10755920410156,159.00787353515625,14.415925820943617,278.2177925109863,176.7010259628296,7.8729402866786895,275.60020446777344,188.71939659118652,23.384650855660364,279.8974800109863,193.8724422454834,44.75003389163983,324.1005325317383,178.32602977752686,26.193860942120438,293.28115463256836,191.87965393066406,16.836703254415948,289.36052322387695,197.15563774108887,29.21107772746776,291.13475799560547,197.96085834503174,57.56406246796871
212,8.48,382.1477508544922,167.99915313720703,35.6254470654774,357.7787399291992,144.51407432556152,24.267309783435596,329.16072845458984,137.558856010437,32.29384197698011,305.50573348999023,142.96432971954346,47.203676563693826,291.5978240966797,153.55639457702637,53.516461043279584,310.27090072631836,127.21893310546875,24.69819677395433,276.49580001831055,145.94738960266113,36.443854748102375,271.03586196899414,161.39246463775635,25.281043494209758,273.0417823791504,169.331374168396,16.32860320589569,310.97381591796875,141.35002613067627,21.949403373706765,271.44067764282227,160.63782691955566,55.005235704502006,269.76282119750977,175.31171321868896,21.727391663551554,276.2725067138672,181.70153617858887,53.57013392841653,315.4022216796875,159.19311046600342,18.231390235940538,275.86658477783203,177.3581886291504,61.03298582759587,274.57733154296875,189.2843770980835,29.213353041375363,280.2130699157715,193.68537425994873,9.171675801560978,323.60485076904297,178.89883518218994,18.93750315973528,291.79798126220703,191.8476390838623,37.08797140722246,287.8133773803711,196.7797565460205,39.803791699751066,289.6965217590332,197.14014530181885,41.39816852447489
213,8.52,381.42784118652344,167.36583709716797,23.970804333157496,357.28328704833984,143.74134063720703,22.948187704448898,327.93792724609375,136.690936088562,37.48772954487086,303.874568939209,142.1422004699707,45.66586727748949,289.6696662902832,152.86810398101807,51.18310555569804,309.2077445983887,126.77644729614258,28.78904570111568,275.4282569885254,144.43922996520996,46.193841665311034,270.2560234069824,159.79735851287842,44.388284859462004,272.7472496032715,167.3388433456421,50.35454693775983,309.65972900390625,140.9902811050415,34.06098300456167,269.72665786743164,159.65482234954834,49.39737958058487,268.735408782959,174.14420127868652,38.880107378495396,275.91503143310547,180.01317501068115,43.14475641412271,313.908748626709,158.78206729888916,38.725139163761305,274.9664115905762,177.24766731262207,22.673314827974615,273.5420036315918,188.80581378936768,28.514543707172457,278.7050437927246,192.5873851776123,46.63503787873566,321.9940948486328,178.1935214996338,43.96022368244737,291.19140625,190.68652153015137,32.75025972196281,287.63500213623047,194.8776626586914,47.760986196482584,289.4219970703125,194.21459197998047,73.4601339317659
214,8.56,382.8858184814453,167.33685493469238,36.45663312630389,359.47994232177734,143.16792011260986,56.75663776351444,329.8963165283203,134.80504989624023,67.9699166503544,305.1613235473633,139.03332710266113,84.11610664571421,290.4356002807617,149.26488876342773,92.09307378287498,312.53223419189453,124.34032917022705,103.03792560491662,276.7857551574707,140.6854248046875,99.79308111617425,270.21873474121094,156.24017715454102,88.93441987181532,272.21946716308594,164.376482963562,75.22521742028167,312.24939346313477,138.04108142852783,98.12027295410104,270.5061912536621,153.69815826416016,150.18638280150722,267.87525177001953,168.11984539031982,152.13631625249658,274.57223892211914,174.49976921081543,141.86422919810062,315.33960342407227,155.93453407287598,79.6703792368381,275.98377227783203,170.7784366607666,163.71844733199748,273.1897735595703,181.8673038482666,173.68611456157538,277.8939437866211,185.4753541946411,178.95332478512952,321.74644470214844,176.1716079711914,50.92558855546038,290.3887367248535,185.61358451843262,128.40114945811635,287.2955894470215,189.6813726425171,130.18407858151508,290.01386642456055,189.16109561920166,127.20096010079548
215,8.6,384.0108871459961,169.01267051696777,50.46123119380292,363.0506134033203,141.633939743042,97.1557632965835,333.5453414916992,130.1473617553711,147.92194310039724,309.24774169921875,134.1689157485962,158.82638149361748,295.0210189819336,144.90666389465332,158.1537793412248,316.5317726135254,118.34457635879517,180.18282271399863,280.515193939209,133.88421535491943,193.9155157638694,273.79871368408203,148.37847232818604,215.9610092240808,274.75643157958984,155.16418933868408,238.88090950509934,313.86152267456055,133.20111751556396,127.53482679528369,271.2076950073242,146.5175199508667,180.3705805119351,269.4362449645996,159.19966220855713,226.39341828679474,275.8551597595215,163.880295753479,267.4171628585593,314.8749542236328,151.84646129608154,102.85984975877606,274.5282554626465,163.26407432556152,191.3507422641022,276.1607551574707,172.5637149810791,244.1611883888361,283.69029998779297,174.06352043151855,319.98798321969025,319.41219329833984,172.461576461792,109.58177145663555,287.55571365356445,178.39190483093262,193.9372921064084,288.0577087402344,181.78756713867188,198.26275360872802,293.9798164367676,180.97038745880127,227.50887299753623
216,8.64,384.41741943359375,168.09720039367676,25.041890497447604,366.25118255615234,139.08514022827148,102.28642953904712,338.01578521728516,123.95479202270508,190.93975980260424,313.0430221557617,126.04668617248535,224.12993863893257,297.64293670654297,134.77808475494385,261.5609010631877,320.8245086669922,112.79715299606323,175.3594322921456,282.76086807250977,123.36974143981934,268.7903621136468,277.33699798583984,137.30292320251465,290.67512388750475,280.6466484069824,143.67905616760254,322.68690149196505,316.52339935302734,128.3327865600586,138.71335944966077,272.44224548339844,136.45042419433594,253.5627780367403,272.6375198364258,149.12123680114746,264.3657734769509,282.1168327331543,153.80846500396729,296.4902223045616,315.94146728515625,147.1980857849121,119.22888964938349,274.58545684814453,153.9977216720581,231.66323011215107,278.6123466491699,163.2081413269043,241.78639751966728,288.7042999267578,164.18287754058838,277.0010145807553,319.0705108642578,167.7857780456543,117.2066490064557,286.60247802734375,170.24834632873535,204.97896727134858,288.77269744873047,173.84569644927979,199.3497537311968,296.53114318847656,172.91622161865234,211.2150201432887
217,8.68,382.02857971191406,166.4743709564209,72.19821066991055,364.9748229980469,134.57180500030518,117.25849809706992,336.70116424560547,118.5344123840332,139.43803221886034,311.2145233154297,120.63660621643066,142.76810992830355,295.07198333740234,130.26270389556885,129.90011915772453,322.11341857910156,105.97858428955078,173.48301063606465,281.873836517334,113.84396553039551,239.1746637611791,282.5625228881836,125.27815818786621,327.7776343827928,290.8511161804199,128.64742755889893,454.2033005502061,316.8600845336914,123.88462543487549,111.52212310363868,270.4221534729004,127.85232067108154,220.8055648181756,274.6736526489258,138.1243658065796,279.5945820528665,286.9942092895508,140.8755111694336,345.5521821656117,315.13256072998047,144.378662109375,73.32922199397017,271.5875053405762,145.86321830749512,216.73407990815895,278.86138916015625,152.7057409286499,262.63381862577745,291.06374740600586,152.99463272094727,285.8581538013611,316.72664642333984,165.6039047241211,80.05572945071621,283.8114929199219,161.63640975952148,226.3225703255392,289.31861877441406,163.668851852417,254.78691592501806,299.7998237609863,163.44497680664062,250.4854673605857
218,8.72,377.6950454711914,165.47003746032715,111.20983765749881,363.68785858154297,132.0921277999878,69.84391717931264,335.98426818847656,115.05361318588257,88.84643709293114,310.7316017150879,114.21335220336914,161.03455643973524,294.0783500671387,121.7039680480957,215.40552799109625,320.94409942626953,102.83432006835938,83.86635489666065,280.5327796936035,104.37714099884033,239.03347061098071,283.78984451293945,114.24048900604248,277.64237264191894,294.9343490600586,117.04137325286865,307.58462992309757,314.44982528686523,121.23620510101318,89.52471691426337,268.7451934814453,119.83433961868286,204.78680220165143,275.5815124511719,128.0910873413086,251.85671296171193,289.26733016967773,130.37484169006348,268.59721011516973,311.72191619873047,141.85561180114746,106.06094644234221,269.44339752197266,138.6050033569336,189.2070337724518,278.36429595947266,143.01684379577637,242.5410136729081,290.9319496154785,143.05599689483643,248.48774207901306,312.87866592407227,162.66600608825684,121.0325429310146,282.35565185546875,155.38105487823486,160.56334010248176,288.90085220336914,155.78372955322266,197.4045379752173,299.61292266845703,155.86019039154053,189.6772208599975
219,8.76,371.6682434082031,165.25457382202148,150.76630858275274,359.89978790283203,130.75538635253906,100.42521211154121,333.0780792236328,111.49373531341553,114.8876210864884,307.96613693237305,108.24286937713623,164.49631576949182,290.49081802368164,113.1595230102539,231.67586080493243,318.89028549194336,101.03394269943237,68.28026044993194,277.30289459228516,98.94311428070068,158.03639640359327,278.29965591430664,106.88647270202637,229.4337140770354,288.1291198730469,110.09359359741211,243.13420474674578,311.2944030761719,120.49899101257324,81.00992971517172,266.37569427490234,114.59366798400879,143.78622515796926,272.19635009765625,120.64106941223145,204.5759200505255,285.260066986084,123.30875873565674,203.08201320701596,307.13083267211914,141.08538150787354,116.38111598590304,265.9117889404297,133.6079978942871,152.97533045998532,273.83100509643555,135.71416854858398,214.8833867107519,286.2411308288574,136.34794235229492,204.6365324096438,306.59107208251953,161.13766193389893,161.76694689137648,278.0169486999512,150.69863319396973,159.5881768431142,283.72562408447266,148.9216661453247,214.87045558985778,293.3707046508789,148.89753341674805,233.7785783701152
220,8.8,368.9939498901367,164.99343395233154,67.1753296061586,357.06336975097656,129.58155155181885,76.74289898565966,330.57167053222656,110.74753046035767,65.37825618603968,305.7205390930176,108.27697992324829,56.14642233411901,288.30413818359375,113.95614624023438,58.18170510129944,314.7863960266113,100.58707237243652,103.20368765459827,274.90373611450195,97.30257511138916,72.6607277332654,274.43939208984375,104.47254180908203,113.82195293079424,282.50696182250977,108.35739612579346,147.10337097954755,306.06739044189453,119.86352205276489,131.63748012480832,264.32308197021484,111.50090217590332,92.79822741148132,268.70410919189453,116.17420434951782,141.74940483201112,279.9934387207031,119.88123893737793,157.0932550535306,301.38729095458984,140.53373336791992,144.24932220662612,263.83033752441406,131.3552713394165,76.67796671898583,270.5562210083008,131.87170028686523,126.21601811531431,281.68251037597656,132.88639068603516,143.09821882978108,300.7426643371582,160.23741245269775,147.9322528313327,274.71424102783203,148.22032928466797,103.22871522236137,279.15454864501953,144.4630479812622,159.63631832637512,287.0309829711914,143.25250625610352,212.21805210136188
221,8.84,365.1091003417969,165.74529647827148,98.92343400058539,353.53172302246094,130.14557361602783,89.41004384278396,327.2853088378906,111.43044948577881,83.91421058617223,302.7044677734375,107.68642902374268,76.83357245412161,285.4775619506836,112.64110565185547,77.9377353626619,310.37702560424805,101.38654232025146,112.03152379763297,271.18703842163086,96.82464122772217,93.68251750376882,274.8642349243164,104.63476181030273,11.369002891601953,285.5461311340332,108.5544490814209,76.1387712150787,301.402587890625,120.22018432617188,116.96043887679117,261.3014221191406,110.41392087936401,80.28058838621942,268.8465881347656,115.82925796508789,9.330335514229466,281.3789749145508,120.3843641281128,36.85143740424044,296.42093658447266,140.17252922058105,124.48680694564807,260.95775604248047,129.68483448028564,83.07407714914281,269.2867088317871,131.03699684143066,37.98347509227551,280.66925048828125,133.49444389343262,29.542599570775092,295.3828811645508,158.89243125915527,138.1490365247543,268.6499786376953,145.4300880432129,166.88454939332965,274.76186752319336,143.1274938583374,114.78063930087872,284.04224395751953,143.99102210998535,76.96576575935867
222,8.88,361.07250213623047,167.43447303771973,109.39447690060537,349.7990417480469,131.64987087249756,100.61007570126779,324.50653076171875,111.7684006690979,69.98133054126043,300.60991287231445,106.46530151367188,60.61307939334489,283.2013130187988,109.74841833114624,92.02224301527075,307.13815689086914,101.2602424621582,81.0332578199343,267.59349822998047,96.41417026519775,90.4226794009751,267.7388572692871,102.47443199157715,186.14180020293958,275.7135009765625,106.0565972328186,253.6235887974148,298.21386337280273,119.40552234649658,82.27863556115777,257.7218246459961,110.42847633361816,89.49067664773541,263.0655288696289,114.70448970794678,147.23652285373896,274.1913032531738,118.57001781463623,185.32821637736947,292.95873641967773,139.00940895080566,91.30881235903644,256.2651824951172,127.8063154220581,126.36524529498234,263.66329193115234,128.63691329956055,152.85454410627716,274.6630096435547,131.04400634765625,162.17192507222882,291.9430732727051,157.91057109832764,89.4298877201592,264.13747787475586,142.9969882965088,128.1664872171659,268.98990631103516,138.97423267364502,177.7728795101547,277.39185333251953,138.53869915008545,214.99348990745557
223,8.92,357.41485595703125,167.0326280593872,91.99135475284385,345.8174133300781,132.34521389007568,101.04722525529519,321.4188766479492,112.42088556289673,78.89607271164381,298.38134765625,105.78135967254639,58.27885210506534,281.9229507446289,107.45580196380615,65.62345194277232,303.8613700866699,101.66263818740845,82.535045889132,264.9887466430664,96.7293906211853,65.59389597344521,263.6843490600586,102.5737738609314,101.39312607897854,269.8580551147461,106.2309193611145,146.45100384829325,295.3554916381836,119.1411566734314,71.76427637744303,255.31097412109375,111.02941274642944,62.11544104359435,259.84106063842773,115.36237478256226,82.27244429875742,270.2510643005371,118.970947265625,99.01460570461897,290.3043556213379,138.45088005065918,67.8126645384829,253.6463737487793,128.32868099212646,66.75994794171444,260.60508728027344,129.2518186569214,77.9852721879604,271.1945343017578,131.33121013641357,87.00864616853283,289.3241310119629,157.94920921325684,65.48068164078377,262.71203994750977,145.3484344482422,68.74396468478818,267.2423553466797,141.60924911499023,79.04605468957374,275.07579803466797,141.03458404541016,85.12326926807496
224,8.96,354.1773223876953,167.07165241241455,80.94421888215018,342.5773620605469,132.67935276031494,81.43087948451985,318.7592315673828,112.44715690612793,66.49437071125014,297.2009468078613,104.38695430755615,45.67351861849384,281.8830871582031,105.30929803848267,53.67185136871014,301.1755180358887,101.73892021179199,67.17337728748038,264.1368103027344,98.04945945739746,39.27767543653818,262.5012969970703,104.95814323425293,66.54335753934492,268.48567962646484,108.98289442062378,76.87969989290202,292.4129295349121,118.4820556640625,75.38686006261553,253.57223510742188,112.09091663360596,50.92889565460048,258.12679290771484,118.05572748184204,79.81565720177193,268.86749267578125,121.76063060760498,77.8484247968053,287.27062225341797,137.28883266448975,81.2168866190014,251.3471221923828,129.02206420898438,60.03820661156048,258.9215278625488,131.67436122894287,73.7524780357654,269.81481552124023,133.60515117645264,66.49450995611802,286.34504318237305,156.67333602905273,81.02012357503166,261.71133041381836,146.27543449401855,34.10231531445353,267.30939865112305,144.59009170532227,74.53991109217958,275.66240310668945,144.61174964904785,90.62360090771736
225,9.0,351.2728500366211,166.72822952270508,73.11762321480286,340.2569580078125,132.5453281402588,58.10678513912612,316.16844177246094,112.1352481842041,65.23744521114526,293.26398849487305,105.99940538406372,106.35917694402876,276.8294143676758,108.42126846313477,148.37445997716765,300.7292175292969,101.63228988647461,11.47154546207118,262.17662811279297,98.50609302520752,50.31667487656571,259.50159072875977,104.96822834014893,74.99308053706739,265.0444984436035,108.86451244354248,86.08042106722267,292.0208930969238,118.58795642852783,10.152202366508991,250.92029571533203,111.63037776947021,67.29078031525422,255.10395050048828,117.6157808303833,76.36724295737439,265.8461380004883,121.34706974029541,76.23818213698979,286.7394828796387,137.2228717803955,13.380486552465992,249.09332275390625,128.27274799346924,59.3774299487566,256.19388580322266,130.7651424407959,71.87971727356651,267.13294982910156,132.3158884048462,74.39170856402939,285.2565383911133,156.4268445968628,27.90162077212669,260.0050735473633,145.48231601715088,47.03954063254926,265.2016067504883,143.16773414611816,63.57027470940412,273.41474533081055,142.52752304077148,76.63210012829204
226,9.04,349.92076873779297,165.8642864227295,40.11328893456144,339.08695220947266,132.04105854034424,31.85123032893349,314.6963119506836,111.88766956329346,37.32007993106903,290.9534454345703,107.49516248703003,68.81087552391014,274.1278648376465,111.10928535461426,95.27527444227262,299.9420738220215,100.87708711624146,27.270937370109277,261.67518615722656,98.24059009552002,14.184847559872368,258.81214141845703,105.01180171966553,17.27062156668467,264.1211700439453,109.04172420501709,23.504512093695865,291.41651153564453,117.98535346984863,21.336696637239285,250.00856399536133,111.22368335723877,24.9581534040108,253.66327285766602,117.35800981521606,36.58891538762343,264.15218353271484,121.49349689483643,42.50678365329298,286.18438720703125,136.66829109191895,19.616494108572002,246.7147445678711,127.19605922698975,65.2729504032175,253.42906951904297,130.22249221801758,70.43915082158915,264.35787200927734,132.41794109344482,69.42384162398098,284.45770263671875,155.91015815734863,23.78423111113879,256.47836685180664,144.16216850280762,94.14234427222007,261.16899490356445,141.9457197189331,105.34252930381096,269.3149757385254,141.57657623291016,105.21528685630611
227,9.08,351.08692169189453,163.76721382141113,59.98763522364396,338.98353576660156,130.98652839660645,26.489724242474672,314.54702377319336,110.94622850418091,23.830104748528086,292.00300216674805,107.5344729423523,26.257316194220614,276.2363815307617,113.04124116897583,71.49430009531831,299.8275375366211,99.36707496643066,37.85874447576087,262.0663261413574,98.00584316253662,11.404401829200674,260.44055938720703,106.26633167266846,51.39060276408402,266.889591217041,110.54205179214478,78.72078291476214,291.3055419921875,116.51126861572266,36.95639657706991,250.60749053955078,110.9725284576416,16.2363748441267,255.10295867919922,119.30540800094604,60.544688859284726,266.4177894592285,123.71638298034668,79.34967219296252,286.32904052734375,135.32396793365479,33.80208330231619,246.08169555664062,126.0688591003418,32.31999358113166,252.71188735961914,131.38375282287598,34.121807929386584,264.07554626464844,133.93898963928223,38.67570704649708,284.86095428466797,154.7084140777588,31.689910898452773,254.77771759033203,143.50330352783203,45.59544224620835,258.9695930480957,143.26068878173828,64.0630166221808,267.3764419555664,143.8249397277832,74.2169608005433
228,9.12,354.85984802246094,160.98604202270508,117.18012222055614,340.46459197998047,128.3063507080078,76.55422893956518,315.49190521240234,109.82357740402222,36.6840090063876,293.02316665649414,106.39863967895508,38.16782667033256,276.7977714538574,111.52660846710205,40.383094137111264,300.8189010620117,98.80618572235107,28.475849236667884,263.45035552978516,97.52311706542969,36.644933422471084,255.14137268066406,105.37842750549316,134.32645299997915,255.31248092651367,110.15911102294922,289.5860475659029,292.9842185974121,115.7378625869751,46.20681788323754,251.87103271484375,109.9345064163208,40.88114316995589,249.04464721679688,117.34970569610596,159.15383533046034,254.5708465576172,121.46457195281982,301.47627292389296,288.7066459655762,135.0243616104126,59.91020138944978,248.19671630859375,126.76026821136475,55.62912535263062,247.15774536132812,130.6302309036255,140.12558791128018,253.07575225830078,132.0049238204956,279.2132683692259,288.0357360839844,154.9570083618164,79.6124934893106,256.14192962646484,144.6226930618286,44.117084334973896,252.8662872314453,142.1998643875122,154.87028904647838,255.50556182861328,140.19015312194824,310.3722247745921
229,9.16,357.4685287475586,162.71347045898438,78.21933955216242,343.8207244873047,129.12900924682617,86.38718249185287,319.1661834716797,108.72340679168701,95.88631322705866,295.7219123840332,102.93429851531982,109.78640683153816,277.54892349243164,104.89262580871582,166.90932286878,305.1342582702637,99.97381210327148,111.76330793308628,265.2713394165039,96.07134819030762,58.22164107133256,250.20742416381836,99.19414043426514,197.7834272415191,243.4128761291504,102.18227863311768,358.1466610455283,298.0869483947754,117.6991868019104,136.6671231061779,254.5273208618164,109.90626811981201,66.41095599154342,247.90594100952148,113.01698684692383,111.99638513291852,249.6933937072754,115.73813438415527,188.05191027865166,294.03675079345703,137.19861030578613,143.9126793960759,251.1327362060547,126.76367282867432,73.40054678655994,248.75226974487305,127.86904335021973,79.7130193052012,253.96862030029297,129.3167495727539,70.81443235065422,292.7979850769043,157.24758625030518,132.11207962796323,259.9434471130371,143.95929336547852,96.47420107803471,253.98155212402344,138.6560869216919,92.8781947898467,254.1855812072754,135.65298557281494,118.13191305066513
230,9.2,365.6666564941406,164.1939926147461,208.26852319028478,351.2217330932617,130.01521110534668,186.3469246450945,325.1724624633789,110.8812689781189,159.5535892375975,301.4919853210449,106.88042879104614,174.75998871924122,283.2419204711914,111.08645439147949,210.31780582137483,312.5010871887207,101.20831489562988,186.7387303462974,271.37367248535156,98.67400646209717,165.85441462858742,257.0990753173828,104.74653482437134,221.25203259759712,252.31060028076172,108.92126083374023,279.04230881991174,305.87459564208984,119.10784721374512,197.85059673348653,260.3493118286133,111.35091304779053,149.9636993271173,249.893798828125,115.65609455108643,82.60019741635574,249.58599090576172,119.15183544158936,85.38475519413417,301.9271659851074,139.3598985671997,204.52661630817053,258.87603759765625,129.9191379547119,209.03898649955553,254.73655700683594,130.9812068939209,168.6291344126845,259.6419906616211,131.67311668395996,153.58140597816924,300.79872131347656,159.94085311889648,211.04719074275215,267.92186737060547,148.11594486236572,224.90684387229058,262.8008842468262,144.32873725891113,262.1540350402957,265.1585578918457,142.43692874908447,322.51754054913204
231,9.24,379.8594284057617,164.41470623016357,354.8621995184639,361.54590606689453,132.9517650604248,268.3420120859935,331.83788299560547,117.96112775802612,243.0949290077552,307.85823822021484,121.15562438964844,390.76078468366023,292.02659606933594,131.68514728546143,559.8418718180708,317.7990913391113,104.03434753417969,150.11518171829144,276.9636917114258,109.01982307434082,293.98579506718534,278.7142753601074,119.66506719589233,656.5913307602007,288.1780242919922,122.62850761413574,959.9351278537183,312.1676445007324,123.04588794708252,185.5913332342853,265.0476837158203,121.61798000335693,282.2757542065261,269.3333625793457,131.62545204162598,628.9460516900604,281.94644927978516,135.45401573181152,905.869867996989,310.0763702392578,144.7481632232666,244.2372386375623,265.9322738647461,138.82185459136963,283.99915687552675,271.80078506469727,144.74225521087646,548.0387360809267,283.40675354003906,146.24098777770996,696.8620841276403,311.4939880371094,166.62121295928955,315.25380438503817,280.5853271484375,157.3523712158203,391.85040618803123,284.64181900024414,158.45123291015625,650.2265539422096,293.3502769470215,159.04442310333252,817.9936934400617
232,9.28,392.84332275390625,167.32752799987793,332.6654129018951,369.0102767944336,137.77544975280762,222.18343262053529,339.16839599609375,126.83964729309082,287.8416773862555,317.2074890136719,131.34863376617432,345.7834677844842,305.43140411376953,142.23504066467285,426.46008680534857,317.5677299499512,115.69710731506348,291.6263596185565,282.8765296936035,130.7938814163208,564.0651944165185,290.0764846801758,139.99109745025635,582.1551052631772,300.8445358276367,140.55862426757812,548.8223743210707,313.8800811767578,134.89015102386475,299.18535977030996,277.12833404541016,146.65926933288574,695.0756629996265,286.66893005371094,155.02116680145264,727.9600644873319,299.76573944091797,155.46838760375977,669.9357167273951,314.56260681152344,156.4876413345337,314.18711075891224,280.1605033874512,162.89225578308105,699.0291163824648,290.20593643188477,167.69740104675293,735.5645439029469,302.46692657470703,166.65770530700684,698.2713256601003,319.32443618774414,177.8908109664917,343.0741150645459,294.2949867248535,176.898193359375,596.8636407132119,300.8490180969238,177.50102519989014,625.2838799504487,309.12832260131836,176.01957321166992,579.3867694973193
233,9.32,398.7626647949219,170.42660236358643,167.03830419684104,374.81128692626953,144.79193687438965,227.5999918675714,343.65100860595703,137.08148002624512,279.49614660136206,321.20532989501953,145.9947681427002,379.54906129496925,308.89562606811523,159.58529949188232,442.3179817168661,322.27806091308594,124.96928215026855,260.00053360146734,292.06005096435547,144.5844268798828,414.21326565620484,298.2305335998535,153.66156578063965,397.9401793584294,307.216796875,154.1868782043457,376.11086814658483,318.1397819519043,143.5900068283081,242.1679965848739,284.8625946044922,158.77439975738525,359.33547312922434,294.48719024658203,166.66391372680664,350.60550160692793,307.0833969116211,166.2467908859253,325.69357547733216,319.3782424926758,164.41187381744385,231.81863527442638,285.4220390319824,175.63520908355713,344.6616240575557,296.5208435058594,180.39306163787842,354.4871728973343,308.5366630554199,177.88209915161133,319.01089139331526,325.2614974975586,186.19382858276367,255.18228598961667,300.50806045532227,189.80772972106934,358.1710609594851,308.95214080810547,190.6148099899292,385.3828852517386,318.50711822509766,188.10871124267578,382.5155762231568
234,9.36,399.4541931152344,174.36306953430176,99.91867068994725,375.2678680419922,148.78980159759521,100.5963116256197,345.3742980957031,141.62765979766846,121.5459717030148,323.9249038696289,151.7198610305786,158.45498410078625,312.744140625,166.42991065979004,196.30933232783562,326.26548767089844,130.54598808288574,171.38994502268585,294.3813896179199,149.67999458312988,139.9853192367575,297.0833206176758,161.26097202301025,192.13776448010302,303.76874923706055,163.6919116973877,252.7779339377622,322.72789001464844,149.27407264709473,182.61869398372838,286.5682601928711,162.8602123260498,110.68863832175025,293.3559989929199,172.53192901611328,149.40129912399138,305.21472930908203,173.7364625930786,192.98170394125452,324.73487854003906,169.849591255188,190.82439682313031,287.6507568359375,179.54581260681152,112.52778258544652,296.1041259765625,186.18634700775146,145.2063378351828,307.52918243408203,185.2347993850708,185.53506731458876,331.0610580444336,190.50024032592773,180.58945954590345,302.24273681640625,193.39253425598145,99.56130533253744,307.73704528808594,195.28369903564453,120.61038005695282,316.4553642272949,193.63946914672852,147.4766453136337
235,9.4,400.59993743896484,173.6923599243164,33.19056187652685,374.28260803222656,150.43109893798828,47.85782489849957,345.4201126098633,144.4275426864624,70.00644238509793,325.04425048828125,153.63248348236084,55.40228727086709,314.6135139465332,167.751202583313,57.22963045064078,326.9902038574219,135.05069732666016,114.06582234053428,293.5879898071289,154.18195724487305,114.2835045716704,293.55798721313477,169.06303882598877,214.03887207016882,298.8110160827637,174.2537784576416,291.68920477385984,325.2320861816406,152.64012336730957,104.88474595310926,286.3535690307617,168.0685329437256,130.3185902691806,290.5836296081543,180.89474201202393,220.25932615067302,301.01295471191406,184.0481185913086,278.37155834338387,328.7675476074219,172.59271144866943,121.93012395146616,290.19142150878906,185.10779857635498,152.86976668326665,296.17475509643555,194.24737930297852,201.53354270639966,306.463565826416,194.70860481262207,238.33868762964389,336.63787841796875,192.72748947143555,150.1282040350057,305.8363723754883,198.55087280273438,157.16765151903866,308.66893768310547,201.0237693786621,145.38060173791493,315.9287643432617,199.0455150604248,135.79083147173478
236,9.44,400.8700180053711,174.78585720062256,28.15892182816237,375.69332122802734,150.77226161956787,36.28449820609545,347.4225616455078,143.54654788970947,54.69205822294637,325.63175201416016,149.625506401062,101.24544240657242,313.5740852355957,161.12857818603516,167.59244827956292,329.39056396484375,134.87998008728027,60.16058209660543,294.49214935302734,150.68322658538818,90.34178404833867,293.7381172180176,163.65098476409912,135.37627189493762,299.0970802307129,168.0366611480713,155.59237677682972,327.43003845214844,151.9480276107788,57.60854276731846,288.2834243774414,165.89025020599365,72.75497124170066,292.0801544189453,176.69793605804443,111.39110917357475,301.9723320007324,178.45119953155518,141.9637007823909,330.4084014892578,171.52310371398926,48.967222248814835,292.57593154907227,182.95313358306885,80.34484024154932,297.7145576477051,190.1780605316162,108.77254697262131,306.96117401123047,189.7232723236084,125.25262954228144,337.56908416748047,191.3461446762085,41.64776097841684,308.91130447387695,196.81961059570312,88.22016577573008,310.1375198364258,198.55937004089355,71.71993114297543,315.5753707885742,196.38482093811035,67.10150993556955
237,9.48,400.5241012573242,173.912672996521,23.480165178185562,375.99769592285156,149.14087772369385,41.488382188319015,347.23621368408203,141.94072723388672,40.41492253328716,325.97034454345703,149.41577911376953,9.957109141547994,314.39361572265625,161.91834926605225,28.453565001299243,330.9916305541992,131.8209743499756,86.31675070783389,296.1626434326172,147.09142684936523,99.03148430435913,297.0812797546387,159.56462860107422,131.99205098546273,303.4705924987793,163.26702117919922,161.7812469655965,328.49266052246094,148.98352146148682,78.73000688073631,289.48957443237305,162.47986793518066,90.43473194826461,295.46009063720703,172.31918334960938,138.28739123909827,306.7463684082031,173.15265655517578,178.3009767436707,330.7848358154297,168.3078145980835,80.93124744490893,292.5961494445801,179.4082260131836,88.62413061043442,301.1767578125,185.7022762298584,141.46438398269999,312.4324035644531,184.14944171905518,195.25934745920478,337.0651626586914,187.795729637146,89.6499576011522,308.3478355407715,193.1527805328369,92.74676526877647,313.4046173095703,194.80068683624268,124.50307559442051,322.23499298095703,192.65868186950684,190.77912638679044
238,9.52,400.4141616821289,173.10599327087402,20.353422469636413,376.4986038208008,149.81290340423584,20.954224477653554,347.70774841308594,142.49808311462402,18.25155093494187,326.3446807861328,149.95030403137207,16.314190719252338,314.97472763061523,162.93079376220703,29.184059297905335,330.9891891479492,132.60230541229248,19.533371915226972,296.31032943725586,148.60527992248535,38.02599672396304,298.29925537109375,160.42309284210205,37.25273023050307,305.2278709411621,162.99386501312256,44.459544919574526,328.5894775390625,149.57762718200684,15.048570153386642,289.3623924255371,162.76252269744873,7.748748991596707,296.17835998535156,172.27582454681396,17.98942123624015,307.81497955322266,172.47955799102783,31.573242788771953,330.9269332885742,168.62616062164307,8.715499217997042,292.83817291259766,179.28631782531738,6.7748138968940985,301.337833404541,185.56288719177246,5.325331579458611,312.1995162963867,183.70652675628662,12.510249394788866,337.24205017089844,188.02338123321533,7.207393823693691,308.36151123046875,192.637939453125,12.87556702265053,313.99166107177734,194.41542148590088,17.554375681724146,323.05362701416016,192.2850751876831,22.496439065740955
239,9.56,400.0727844238281,170.45880317687988,66.72777638578286,375.40771484375,147.45062828063965,65.04989680916249,346.79630279541016,140.205717086792,61.67290288053372,324.9143600463867,147.1671438217163,78.22962263090831,312.73033142089844,159.51703548431396,102.13673410578879,329.54795837402344,129.8926019668579,76.72857561687289,295.6528854370117,147.07606315612793,41.61382381467176,295.36502838134766,160.7524824142456,73.81643413559466,300.68511962890625,165.22796630859375,126.55976375666455,328.14037322998047,145.6354808807373,99.1911416818845,288.9895248413086,161.51245594024658,32.61227848554805,294.1343116760254,172.68630981445312,52.12144259927947,304.55278396606445,173.88994216918945,88.85065974320015,331.226806640625,163.96792888641357,116.6968479822006,292.78940200805664,178.0624294281006,30.621493778590892,299.9273490905762,185.81058025360107,35.801692111013665,310.08975982666016,184.42171096801758,55.692014790398346,338.0885696411133,183.12867164611816,124.18428130069881,307.7244186401367,191.56997680664062,31.08889656032648,311.3045883178711,193.9997434616089,67.97586062651493,319.1183853149414,191.2981367111206,101.4278523994691
240,9.6,398.2771682739258,168.49599838256836,66.50582689867491,372.77099609375,145.31291484832764,84.86056388750595,345.28987884521484,138.49764347076416,56.93652493946901,324.08809661865234,144.89758014678955,60.382274543933875,312.23949432373047,157.576904296875,50.031428125414365,326.56944274902344,129.381422996521,75.55155221802134,293.8654899597168,147.4142074584961,45.47749554366419,291.2502098083496,162.64685153961182,113.24852723057379,295.2228546142578,168.92467975616455,164.89017065099554,325.0699234008789,144.17561531066895,84.99584414730533,287.3482131958008,161.00622653961182,42.94016275401879,289.63001251220703,174.50637817382812,121.45307681871623,298.15282821655273,177.77262210845947,187.14071762065495,328.2419204711914,162.0331621170044,88.92717489779905,291.1624526977539,177.25975513458252,45.35450694094021,294.83577728271484,187.79376983642578,136.60422851259196,302.94872283935547,188.57391357421875,206.5114944394703,335.5921936035156,180.94865798950195,82.85662641019184,304.90413665771484,191.03196144104004,71.77852653299153,305.3342628479004,195.49293994903564,153.85549626078628,310.6578063964844,194.15044784545898,223.211047053162
241,9.64,395.72635650634766,169.15270328521729,65.8497437484487,370.77728271484375,146.55602931976318,58.73790634208381,343.4120178222656,139.84032154083252,57.71236014361645,321.78131103515625,146.03209018707275,64.26688863505457,309.7854232788086,158.50584983825684,65.6001358248267,324.8989486694336,130.21133422851562,46.632225465172965,292.449951171875,148.51271152496338,44.79440006804551,288.8079643249512,164.4034194946289,75.208435288923,292.05249786376953,172.03227996826172,110.98519327930916,323.40492248535156,144.41129207611084,42.039948162997646,285.3484344482422,161.50174140930176,51.50637111847705,285.86374282836914,175.96185207366943,100.94302726202673,293.4124565124512,181.3335657119751,148.22163143512824,326.5339660644531,162.03250408172607,42.69886333752883,289.48883056640625,178.13522815704346,47.21932901096727,291.117000579834,189.6009922027588,103.36631719056174,297.88007736206055,192.29862213134766,157.25103499272183,333.6130142211914,180.98965644836426,49.49009939527274,303.1087875366211,192.07873821258545,51.95563056625295,302.03332901000977,196.8912935256958,89.62267056766937,305.7488822937012,196.4031171798706,135.02790215610153
242,9.68,394.5205307006836,170.29553890228271,41.53378986769919,369.24747467041016,147.72308349609375,48.10358681600802,341.42444610595703,140.92354774475098,56.58964313550161,319.4046401977539,147.03339099884033,64.4746441682948,307.10899353027344,159.1708517074585,68.94519419838876,322.89684295654297,130.96225261688232,53.45737619576296,290.73503494262695,149.4936990737915,49.39176452288221,287.0090866088867,165.47653198242188,52.36608783847184,290.3481101989746,172.9306411743164,48.16631452873159,321.4748764038086,145.21553993225098,52.272677441143756,283.2048797607422,162.5778293609619,59.96244646657697,283.271541595459,177.07204341888428,70.49836901877092,290.84190368652344,182.22487449645996,68.01733777218564,324.60487365722656,162.81545162200928,52.04808093517168,288.32000732421875,179.93894577026367,53.732817019248856,290.2178955078125,190.71397304534912,35.76936788744529,297.3502540588379,192.34899044036865,13.30530202568231,331.8002700805664,181.83348655700684,49.98806464811135,301.5473937988281,193.57725620269775,54.10352675143576,301.01049423217773,198.23575973510742,42.23283949570785,305.4247283935547,197.27794647216797,23.323834933947964
243,9.72,394.5168685913086,170.06554126739502,5.750669694642532,368.4093475341797,148.07026863098145,22.6797626527053,340.2098083496094,141.66526794433594,35.57996042031264,318.232479095459,147.9302215576172,36.89738050398406,305.5836486816406,160.09214401245117,44.54952594086563,321.32911682128906,131.51259899139404,41.5379823707798,289.28613662719727,150.68072319030762,46.826358640499194,285.12325286865234,166.72874450683594,56.592872243915416,288.0228042602539,174.63654041290283,72.09863001844901,320.52398681640625,145.79675674438477,27.8613081860082,282.3455810546875,163.4688949584961,30.947457138432682,281.75472259521484,178.2062816619873,47.350001792628504,288.865909576416,183.9545774459839,65.65261331799267,324.2571258544922,163.68571758270264,23.429300254277248,287.5636863708496,180.59494972229004,25.029514697395477,289.16969299316406,191.36087894439697,30.79382805387121,296.25537872314453,193.2941436767578,36.159945389949,332.0867919921875,183.31661224365234,37.76371115425094,301.6065979003906,194.2591094970703,17.11046903010942,300.1907539367676,198.78341674804688,24.64627704822899,303.91048431396484,198.07671546936035,42.800168249148115
244,9.76,393.5758590698242,171.55032634735107,43.946598653823315,368.1666946411133,148.36991786956787,9.639440229433758,339.4468307495117,141.61072254180908,19.123121136264533,317.06995010375977,148.4271240234375,31.606820042115803,304.51757431030273,161.0853910446167,36.42676069980272,321.4414978027344,131.4078712463379,3.840360137340484,288.4183120727539,150.21177291870117,24.66061909369083,284.53922271728516,166.51690006256104,15.531606611119672,287.8278160095215,174.25469398498535,10.718766033137554,320.50350189208984,145.86267471313477,1.7256902112587569,281.36646270751953,163.45730781555176,24.479672685242182,281.4664077758789,178.24241638183594,7.264259813775483,289.2641830444336,183.54336261749268,14.311695184747613,323.9614486694336,163.72477054595947,7.456127165933468,286.5317916870117,180.73163509368896,26.022700778447298,289.2189598083496,191.4371395111084,2.2697595018077705,297.0321273803711,192.84812450408936,22.392403551359816,331.4934539794922,182.95526504516602,17.367746600436192,300.94703674316406,193.86132717132568,19.255708549623154,301.0005569458008,198.37095737457275,22.719810301335794,306.03649139404297,197.19899654388428,57.50161202458365
245,9.8,393.39344024658203,171.77846431732178,7.302549230209693,368.39271545410156,147.65836715698242,18.664636088147155,339.3614959716797,140.03286838531494,39.50400109066073,316.33121490478516,145.71438789367676,70.28809911674836,302.77061462402344,157.36401557922363,102.77555491188835,321.9401168823242,129.6227216720581,46.33694522922773,287.41546630859375,147.88946628570557,63.23966182482593,283.1072235107422,164.02477741241455,71.85618027922523,286.64072036743164,171.78507328033447,68.50283976006489,321.2969970703125,144.1885471343994,46.316423570268896,280.7848930358887,160.9744119644165,63.752426868244996,279.9266815185547,176.02266311645508,67.53731147790936,287.7719497680664,182.20835208892822,50.056301192229355,324.64649200439453,162.38366603851318,37.64842020811727,286.5180206298828,178.64723682403564,52.111093999671766,287.1266174316406,189.64136123657227,68.93255867453063,294.1358947753906,192.06928253173828,74.97815565236178,331.75994873046875,182.24882125854492,18.875948253558175,300.3765296936035,191.9648551940918,49.51063177510266,298.8498306274414,196.28637313842773,74.87954967007008,303.2666015625,195.4666042327881,81.67570323553365
246,9.84,392.2933578491211,171.5846872329712,27.925468210296163,367.9427719116211,146.47154331207275,31.73129400002899,339.57935333251953,137.2509527206421,69.76082619844884,315.6929397583008,141.33387565612793,110.66922174303559,300.9446907043457,151.68455600738525,149.14393045938436,322.40779876708984,126.3164234161377,83.48029147065294,286.5782928466797,143.28962802886963,116.88501666805035,279.8360061645508,159.24017429351807,144.89929677921472,281.9598579406738,168.22108268737793,147.08097685653422,322.7531051635742,139.8585319519043,114.20727390336313,280.56297302246094,157.11303234100342,96.6937856343078,276.9451904296875,172.64459609985352,112.64053966502755,282.9077339172363,180.4309844970703,129.46918407495028,326.07860565185547,157.69835472106934,122.48237536634423,285.9822654724121,174.842791557312,96.04958802700662,283.4231185913086,186.84491157531738,116.01733267133312,288.45651626586914,191.0975217819214,144.04786359336254,332.6670455932617,177.79330730438232,113.67285657267325,299.68273162841797,188.71899604797363,82.97950557100737,296.5434455871582,193.65993976593018,87.38408112397765,299.7064781188965,193.74273777008057,98.8881771084867
247,9.88,392.20264434814453,171.00467205047607,14.676651337759852,368.7106704711914,144.50085639953613,52.87529612820906,340.93780517578125,133.71984958648682,94.58488500581883,316.55099868774414,137.24919319152832,104.34586708096367,301.1934280395508,147.99466609954834,92.45660398898514,324.9057388305664,123.07476997375488,102.31086697302013,287.398624420166,138.04425716400146,132.7282453937046,277.5863838195801,153.9217185974121,144.36665925351625,277.7468490600586,164.9084758758545,133.98415884885026,325.30906677246094,136.40264511108398,107.4595668224152,282.1141052246094,151.84707641601562,137.24135426424843,274.78031158447266,168.15834045410156,124.53209961065266,277.71785736083984,178.01834106445312,143.08141695286787,327.84008026123047,154.15876865386963,98.84161043870611,287.2840690612793,169.89631175994873,127.87287380859598,283.704833984375,182.25485801696777,114.967264990976,288.7772560119629,187.62790203094482,87.11032947177873,333.1248474121094,174.86751079559326,74.03490610930803,299.4569969177246,184.58566188812256,103.48734051987833,295.99645614624023,189.69752311706543,99.99982233633055,299.5364570617676,190.61538219451904,78.29934568637442
248,9.92,392.7537536621094,170.64724445343018,16.421707490940264,371.08509063720703,142.987060546875,70.39819337310668,343.3838653564453,130.7816219329834,95.57847610485621,318.49496841430664,132.9915475845337,117.01112236811117,302.3320198059082,142.24061965942383,146.6403799383173,327.7492904663086,119.34669256210327,117.21867143398872,289.1641616821289,131.8750762939453,160.421153590413,278.5257339477539,147.41000175476074,164.47802836201572,277.9499053955078,158.67881298065186,155.8242833755994,327.2404479980469,133.01984310150146,97.3832084941411,283.3843994140625,146.02774143218994,148.90917320160267,274.6925735473633,161.65380477905273,162.62818465586372,276.76294326782227,171.7569637298584,158.34437756678508,328.69407653808594,150.83922386169434,85.69089533076541,287.7955436706543,163.9418363571167,149.41005571699105,284.02563095092773,175.3205966949463,173.541945174345,289.06871795654297,180.53343772888184,177.5112211213429,332.9048538208008,171.28227710723877,89.79942156108527,298.8907051086426,178.75970363616943,146.33539380164945,295.0820541381836,183.3971929550171,159.15851214896205,298.20682525634766,184.47346687316895,157.10475118654773
249,9.96,393.8649368286133,170.91869831085205,28.59649482706385,370.6113815307617,143.08186054229736,12.07754519400819,343.2329559326172,131.18730068206787,10.820954834800832,319.3679428100586,134.04300212860107,34.16541520564359,303.8344192504883,144.00415420532227,57.918359490168,327.6395797729492,118.80647420883179,13.781153467887519,290.21656036376953,132.77156352996826,34.56183181515948,278.9632034301758,148.58472347259521,31.3383816429873,277.31689453125,159.64462280273438,28.86922417016401,327.13748931884766,132.86579132080078,4.632253822351164,284.6608352661133,145.81801414489746,32.33877335563753,275.7160949707031,161.74821853637695,25.69666882116844,276.9809150695801,172.04516887664795,9.033753130535422,328.67027282714844,150.8992052078247,1.6132999058620967,289.3758010864258,163.8382387161255,39.5912393349188,286.61935806274414,175.2740478515625,64.85361943153137,292.0583915710449,180.2244472503662,75.13996704926117,332.96119689941406,171.20402812957764,2.4105814926894262,300.49617767333984,179.59339141845703,45.225666622583,296.4957809448242,183.88433933258057,37.382608564908864,298.90289306640625,184.42806243896484,17.438677538111246
250,10.0,392.44739532470703,170.8450412750244,35.486346619366394,373.09791564941406,141.50665283203125,73.5872409699195,345.5447769165039,127.13430404663086,116.64930879671633,320.40470123291016,128.0579423904419,151.85479926702945,304.2839241027832,136.62969589233398,184.7036308898641,329.3022918701172,115.4987096786499,92.55376040847182,290.82420349121094,126.08842849731445,167.76755503339174,279.57082748413086,140.6464433670044,199.0375247688294,278.0511283874512,151.46109580993652,205.40997632394084,327.8714370727539,129.5613670349121,84.6237967663163,285.90518951416016,140.4308795928955,138.2245369317745,277.2316551208496,154.34609413146973,188.89211251802442,278.3444404602051,163.4748888015747,216.9517545101855,328.17554473876953,147.4595546722412,86.87617513007694,288.74563217163086,157.35440254211426,162.85968729359945,283.1110382080078,167.8141450881958,206.09229947104896,285.60834884643555,173.32679271697998,236.08881963578602,330.8528518676758,167.65789031982422,103.13889948334922,298.0854034423828,172.87859916687012,178.361058275444,293.6345672607422,177.22543716430664,181.18968277854125,295.2410125732422,178.816237449646,167.52229041413966
251,10.04,392.4838638305664,168.71711254119873,53.206030251282336,374.5946502685547,139.27040576934814,67.27283741178924,348.63773345947266,122.00600624084473,149.7201943658655,322.5562286376953,120.57249069213867,194.71302168379134,304.92706298828125,128.19458484649658,211.48984310961575,334.1671371459961,109.5247220993042,192.6058915837241,294.01636123657227,117.37429618835449,232.01020043487603,283.5280227661133,131.54969215393066,248.00488545125265,283.68810653686523,140.6600046157837,304.58895831244587,331.7433547973633,123.33210468292236,183.36346472931342,288.24071884155273,130.57497024536133,253.22130427987597,281.4878273010254,144.1975450515747,275.1227567540764,285.2051544189453,152.02609062194824,333.6768419645265,330.9657669067383,141.149640083313,172.48253872891283,289.70117568969727,146.8272829055786,264.2599468998909,285.75206756591797,156.98495864868164,278.66457773089485,290.62721252441406,161.48433208465576,321.5517711487928,332.35172271728516,160.99169254302979,170.8157022626063,298.9264678955078,161.4664363861084,286.0778398759172,293.68831634521484,164.85026836395264,309.38213810082107,294.9290084838867,165.91692924499512,322.5770244359748
252,10.08,392.7743148803711,154.94100093841553,344.47932875634086,380.2818298339844,123.02414417266846,430.32329944850056,353.11431884765625,101.17964029312134,532.5512506593797,325.6172561645508,96.97443723678589,594.8939067188022,304.51101303100586,100.54183959960938,691.3968728488146,347.3024368286133,87.27350234985352,645.974495476847,303.1573486328125,82.01597213745117,913.0199649606899,291.23485565185547,90.8049201965332,1036.6809161300187,290.80982208251953,98.18734645843506,1076.6398896753406,340.8726119995117,106.17679595947266,485.829158797005,292.6977348327637,102.27551937103271,716.2069844563305,296.53818130493164,111.34560585021973,903.3835927128425,309.47282791137695,116.59550428390503,1073.6172575087,335.31333923339844,127.50772476196289,357.94835413997555,291.00292205810547,122.30329513549805,613.9628041231026,299.660701751709,128.1070375442505,801.3209532655692,313.743839263916,131.47071361541748,947.09942899045,331.73168182373047,149.62160110473633,284.6746278921278,297.5614929199219,139.65499877929688,546.3526603530726,305.5322074890137,142.12865352630615,640.5805659012149,318.7700843811035,145.61157703399658,782.9049384941135
253,10.12,395.5358123779297,149.83966827392578,145.02039378741793,383.6693572998047,116.64547920227051,180.55938970368734,358.05347442626953,93.12573909759521,236.19454679490883,331.31614685058594,86.85327529907227,290.38258601886025,310.1989555358887,88.98319244384766,322.0588203362965,352.54337310791016,80.46195030212402,214.86137156108646,309.5781135559082,70.9640121459961,319.5426828398476,296.0450744628906,75.13598442077637,409.7665138182574,291.8231391906738,78.62792015075684,489.6414306964671,344.3410110473633,98.36292743682861,213.72636308534948,299.1126823425293,88.42065811157227,381.6974686122065,301.68569564819336,95.08937358856201,426.29361306135456,312.6149368286133,99.87921953201294,425.2256932751389,337.87261962890625,118.90323400497437,224.4259027634895,295.82971572875977,106.29063606262207,418.1082303985609,302.1671676635742,111.45588397979736,420.9685902730322,313.6427307128906,115.6278920173645,396.0786057770165,333.6090087890625,139.88130569458008,247.98905118456548,304.0653610229492,126.0514783859253,376.95827636693843,309.6827697753906,127.1084976196289,389.5768944909866,319.2503356933594,130.38426876068115,380.87199176158913
254,10.16,389.8823928833008,146.54552936553955,163.57816008332642,381.34056091308594,111.28957271575928,146.00733479659374,359.3804168701172,88.1165885925293,129.54816920668574,335.15018463134766,82.56548166275024,143.79894812722003,316.30786895751953,86.30901575088501,166.7146592575288,352.03189849853516,75.0516414642334,135.86079271949816,310.2614974975586,63.96932601928711,175.6997574395038,307.4381637573242,72.31392860412598,293.4349190016711,314.4533920288086,78.70258569717407,565.7594003095135,341.83475494384766,91.84343576431274,174.61581279414008,300.19649505615234,77.3142671585083,278.9786842221463,304.2538070678711,84.85677480697632,263.74854749456466,315.4648208618164,90.39945602416992,247.47191149620681,333.28670501708984,110.29261350631714,243.8921357367423,295.75347900390625,92.91311502456665,334.4434566950665,302.2445487976074,98.1073522567749,333.7189002368247,313.09486389160156,103.24200868606567,309.94985879817676,326.7091751098633,128.45994472503662,333.5933070345747,299.5121765136719,110.15201568603516,413.46432987072853,305.7133102416992,111.23816728591919,408.9804349619615,315.5496597290039,115.59229373931885,381.1967402354103
255,10.2,386.9873809814453,145.5395793914795,76.62012326323064,379.8543930053711,109.27080631256104,62.6703320988263,359.22061920166016,86.17729425430298,48.64667142467815,336.2746810913086,79.21374320983887,88.38354960479576,318.2728958129883,80.01652479171753,164.80437838145767,350.03639221191406,72.43134498596191,82.34075150702358,311.167049407959,61.536526679992676,64.8967299238819,302.4564552307129,67.0997142791748,180.28701227251162,302.698917388916,73.2457423210144,323.9838090975915,338.5929489135742,88.53502035140991,115.79863687197015,300.1023864746094,74.09530878067017,80.50834375770604,298.9605712890625,79.81904983520508,182.68315792182884,305.0469207763672,84.71952438354492,296.6418986258683,329.23248291015625,106.62393808364868,136.69284968781434,293.06312561035156,87.93962717056274,141.3629699040196,293.70800018310547,90.80565690994263,280.83293208074275,300.15350341796875,94.9865198135376,383.757660699546,322.49317169189453,125.21296977996826,133.03554767952497,294.7673797607422,106.6025447845459,148.1381110381691,294.2270278930664,102.7175760269165,357.53947124365396,297.82413482666016,101.74773216247559,562.2866919544986
256,10.24,382.79911041259766,146.6561794281006,108.36398732875263,376.0342025756836,109.89244222640991,96.76093648931466,356.2339782714844,87.04758882522583,77.77144674452768,335.4036331176758,80.33088684082031,35.41481385497667,319.2207908630371,83.25119733810425,84.2674741086938,342.4912643432617,72.57418155670166,188.6619941195347,307.1878242492676,64.62011575698853,125.85396909546289,300.29760360717773,71.93183898925781,132.31135048209956,301.0340118408203,78.33266258239746,133.8111267555629,330.06927490234375,87.51644611358643,214.60794505283846,294.9249076843262,74.81072902679443,130.66683003060905,293.96697998046875,82.82533407211304,145.71740431041582,299.63266372680664,88.9897871017456,172.39004300055075,321.2641906738281,105.63021183013916,200.75042501580342,286.89727783203125,87.52651691436768,154.49178560119122,285.70125579833984,92.92428016662598,207.0575405333253,290.5535125732422,98.13069820404053,252.54415699306355,316.35393142700195,125.07986068725586,153.5170777565175,288.7507629394531,107.38137245178223,151.67038790884513,283.78448486328125,103.94394636154175,262.857719506394,283.2757759094238,102.57655620574951,364.2987239884999
257,10.28,377.8495407104492,146.3074493408203,124.04599174852518,370.51727294921875,110.02783298492432,137.96476715283288,350.7532501220703,87.8181266784668,138.36570572006113,329.82845306396484,80.79666137695312,139.86506566555056,313.9906120300293,83.30908298492432,130.76247878632546,335.53524017333984,73.72149467468262,176.25017667230242,301.7243957519531,68.15498113632202,162.68129155514126,293.334903717041,74.86537456512451,188.88624343600543,291.6917610168457,80.80389976501465,241.5893515746348,323.63887786865234,88.45590591430664,162.4665171813805,289.06240463256836,77.30780124664307,159.3037815445098,285.7943916320801,82.96667575836182,204.3452620329285,288.8660430908203,87.4862551689148,271.7773999437414,315.8110237121582,106.34355783462524,137.49066430571892,281.4215087890625,90.06284236907959,150.86623508955395,276.4384460449219,91.73622608184814,233.46723142174088,277.71780014038086,93.3008337020874,342.85848462443084,312.0669364929199,125.48293590545654,107.64755918149203,284.65145111083984,110.63295364379883,130.8079167053854,278.64742279052734,106.57946348190308,144.34194909797606,277.16602325439453,104.27354335784912,158.52610766847815
258,10.32,373.6478805541992,145.99173545837402,105.33762185286675,365.93475341796875,110.13698816299438,114.59548449651939,345.9381866455078,88.80247592926025,122.86623755853302,324.7576904296875,83.06678295135498,138.89313710490717,308.6751365661621,85.80172061920166,146.7726170450185,331.84471130371094,73.86058330535889,92.32872313352645,297.37659454345703,69.50923919677734,113.84581196433048,288.2073783874512,76.46122455596924,134.2531498672949,286.27607345581055,82.39016532897949,141.0804517779032,320.0630569458008,88.69272708892822,89.59136238029642,284.72917556762695,78.79539728164673,114.53661012044248,280.59814453125,84.15947198867798,133.28481435431195,283.13695907592773,87.96218633651733,143.72046245662352,311.9417381286621,106.55552387237549,96.87717909746031,276.47830963134766,90.49826145172119,124.05847333606741,269.9826240539551,91.80981874465942,161.40603585962592,270.0166320800781,92.50885963439941,193.5445885592601,307.6043891906738,125.42080879211426,111.57449362140339,278.7479019165039,109.73828315734863,149.27392682847682,271.60614013671875,105.15398025512695,179.60314557491375,269.11449432373047,102.19465970993042,207.88950692450808
259,10.36,372.16312408447266,145.16711711883545,42.459518811291304,365.92967987060547,110.04232406616211,2.3699989599045543,347.1291732788086,88.85478258132935,29.803367537828322,325.31585693359375,83.26663255691528,14.8216419241749,309.22719955444336,85.96234560012817,14.37388968598241,331.66637420654297,74.63243007659912,19.8045379664023,296.7588996887207,68.47691059112549,30.075418571638757,286.74041748046875,74.47490930557251,61.732399194898605,284.4887924194336,79.72550868988037,80.21365418091119,320.80970764160156,89.29510116577148,23.98361146169091,284.6772766113281,79.05034303665161,6.504365825155315,278.2559585571289,84.08872604370117,58.58135436137209,279.12723541259766,87.77599811553955,100.351102104997,313.00893783569336,106.94518804550171,28.402831972641028,277.1044921875,91.01610660552979,20.314222187800617,268.8964080810547,92.6880669593811,34.92120654457116,267.59254455566406,94.06934022903442,72.07331342222105,308.39698791503906,125.5687952041626,20.157391882637278,278.7314033508301,109.36638593673706,9.306575140992592,270.6705856323242,104.86324310302734,24.492222264219517,267.6749610900879,101.83014392852783,37.12418084662775
260,10.4,370.2693557739258,145.12029647827148,47.35867519799293,362.12646484375,109.89871501922607,95.1481348308426,341.77642822265625,89.317946434021,134.31865188471482,319.93242263793945,84.32890892028809,137.18098421384664,303.45481872558594,88.18880796432495,154.67206254796267,329.1126251220703,74.8632287979126,64.10393141319837,294.72850799560547,71.30492448806763,87.03502538047975,285.3230285644531,78.5707426071167,108.35370832741008,283.029727935791,84.4745135307312,124.20224471062258,317.95949935913086,89.48407173156738,71.41164614491208,282.16575622558594,79.77713584899902,65.36418380924701,276.7624855041504,85.78465461730957,56.49466505097177,277.87248611450195,90.41323900222778,73.01299240328649,310.285587310791,107.49770164489746,69.47080933296337,273.7020492553711,90.50120115280151,86.02959349710444,265.6598472595215,92.33772039413452,81.3866875910296,264.1105842590332,93.66369009017944,87.637747084471,306.21620178222656,127.02203750610352,65.51593959305741,277.35021591186523,110.66027641296387,47.314316715614055,268.03199768066406,105.43733596801758,67.50800413783739,263.2539176940918,101.78560495376587,110.53169350223015
261,10.44,367.8904724121094,143.4591579437256,72.53648771515022,359.8598861694336,108.9846682548523,61.09859027796843,340.1699447631836,88.44340324401855,45.727555264433285,317.9696464538574,83.59691619873047,52.37069608338323,301.40010833740234,87.76958227157593,52.42604887345169,327.6497268676758,74.20517921447754,40.102217496118755,292.1495056152344,69.9209976196289,73.17148887692858,282.24273681640625,77.55941390991211,81.05161544841043,280.30981063842773,83.90451192855835,69.47504916773897,317.39490509033203,88.26531171798706,33.57959442748295,280.0174331665039,78.61404418945312,61.07410547179963,273.75267028808594,85.82362174987793,75.2516863277566,274.9986457824707,91.40323162078857,75.9894879194416,310.0111389160156,105.77045917510986,43.72276631539304,272.3188591003418,88.86819362640381,53.501919277732,264.56457138061523,93.18852424621582,34.6725435830557,264.18237686157227,97.04320907592773,84.50703651476489,305.7561683654785,124.84923362731934,55.52424830752134,276.17069244384766,107.53781318664551,83.44553692122587,266.7642593383789,103.34650754928589,61.12857341843079,262.3915672302246,101.01560354232788,28.902319285704042
262,10.48,367.41615295410156,141.9001007080078,40.740324100398134,358.0140686035156,107.5335431098938,58.69841710484061,338.2486343383789,87.60181188583374,52.43871281454743,316.5786361694336,82.72849559783936,40.99591406031324,300.06420135498047,87.14263200759888,36.89269998238484,327.09720611572266,73.17293643951416,29.270338311622567,291.77661895751953,69.89507675170898,9.344662610799181,279.9882507324219,77.07704544067383,57.63780683606511,275.6463432312012,83.47399234771729,117.08243721773562,317.0539855957031,86.85430526733398,36.29019586612392,280.0808334350586,77.11978912353516,37.38998692894195,271.55738830566406,82.74064064025879,94.61776889350179,269.94890213012695,88.01716089248657,151.99791514082037,309.8882484436035,104.32291746139526,36.31872004519046,272.88976669311523,86.9693112373352,49.57122279484116,262.93216705322266,89.12140130996704,109.56229069190191,259.725284576416,91.53694868087769,177.10268062711546,305.82813262939453,123.90443801879883,23.688309315469976,276.33432388305664,105.82537651062012,43.00591977634076,266.18629455566406,100.71428775787354,67.37314153448646,260.4591369628906,98.08932781219482,87.66903810237913
263,10.52,366.54735565185547,141.87294960021973,21.73053633490512,356.96353912353516,107.42851495742798,26.394164851326725,336.8968200683594,87.47125625610352,33.952601088527565,315.3434944152832,82.48018741607666,31.496350046235516,298.84939193725586,86.22658967971802,38.03695134226214,326.35204315185547,73.1797742843628,18.629858407297164,291.8690872192383,69.71521854400635,5.055897194322442,280.35667419433594,76.203932762146,23.691527978039797,275.6252861022949,82.11609363555908,33.95154925734871,315.71746826171875,86.98868751525879,33.58140456969848,279.6965980529785,76.53445959091187,17.504418917148175,271.4552688598633,81.46600484848022,31.967999457402975,269.55249786376953,86.63640975952148,35.913176843349746,308.25992584228516,104.530348777771,41.037043060032644,272.5039291381836,86.38174295425415,17.573188137017944,262.5259780883789,87.33304738998413,45.84756821713038,258.58251571655273,89.01778936386108,69.15600268408004,304.19578552246094,123.98072719573975,40.85322138486141,276.72327041625977,106.02405309677124,10.918785176686159,266.35311126708984,100.41802167892456,8.500051644942827,259.7306251525879,97.37374305725098,25.529284646002786
264,10.56,363.61934661865234,143.72517585754395,86.6168971926104,351.93004608154297,109.92477178573608,140.46207307637044,331.3510513305664,90.28063774108887,155.41914139927457,310.11768341064453,84.97227430343628,144.74027970461523,293.72053146362305,89.29723978042603,149.44501873383714,323.6190414428711,75.69397687911987,92.83895003174432,289.1465377807617,74.01570081710815,127.24588211955017,277.2059631347656,81.02871894836426,144.06062509326853,271.1686897277832,87.21676111221313,169.33336195340283,312.4683380126953,88.78427267074585,92.80683375203506,276.8945121765137,79.02567386627197,93.73444479232853,268.8136100769043,85.33930778503418,117.20931267368924,265.9639358520508,91.12122774124146,143.59528552739317,304.9076843261719,105.97307682037354,91.23796971130366,268.60450744628906,88.24179410934448,108.00833252222513,259.57746505737305,92.6447868347168,151.880514349974,256.03912353515625,97.11047887802124,212.073789282449,300.7693290710449,125.58537483215332,94.58956684836502,273.37902069091797,108.05525779724121,97.81934484248242,263.79690170288086,103.58714818954468,101.7889058802233,257.38250732421875,101.29663467407227,114.29877507335698
265,10.6,364.27257537841797,144.62665557861328,27.83178825646342,353.1066131591797,111.43688678741455,47.89834200209647,332.1063232421875,92.07215309143066,48.605316780896466,310.4638671875,87.38491773605347,60.933834711865764,293.7068176269531,92.08318948745728,69.64958650013526,322.75970458984375,76.81687831878662,35.34974779061898,289.6268081665039,76.01348161697388,51.36747370499325,279.09032821655273,83.79135131835938,83.60236753975398,274.49981689453125,90.45769214630127,116.18961380208015,311.9839668273926,89.43298816680908,20.23992403617386,277.33726501464844,80.5461072921753,39.58967572392215,270.3245544433594,87.93896198272705,75.17128285665552,268.59161376953125,94.81648206710815,113.35672612060523,305.1357841491699,106.38951301574707,11.870357883951032,268.69632720947266,89.39535140991211,28.930145551439523,259.64515686035156,93.98147821426392,33.460107071201804,256.30210876464844,98.48728895187378,35.04253852813118,301.6506767272949,126.05133533477783,24.923544104714722,272.62718200683594,108.66964817047119,24.273660333784065,262.8973388671875,105.5327296257019,53.58696448344675,257.2701644897461,105.07957935333252,94.61531112484126
266,10.64,366.7129898071289,141.78853511810303,93.57667421768187,354.02000427246094,108.42397928237915,78.70790525623761,332.8407669067383,89.45663452148438,67.91697544673875,311.6569519042969,84.94242668151855,67.95777040255103,295.00776290893555,89.95945930480957,62.26299319921695,324.91390228271484,76.32398128509521,55.246692128312816,290.41250228881836,74.79711055755615,36.20146585454514,276.9305419921875,81.35151386260986,81.46119991074005,269.2403793334961,87.62316942214966,149.36574768868385,315.56114196777344,88.85717868804932,90.58055303426204,278.73157501220703,79.60675477981567,42.03037229022733,267.61085510253906,84.66995000839233,106.21500423878551,262.36793518066406,90.56772708892822,188.3913712894858,309.1566467285156,105.8218002319336,101.51857492254751,271.55101776123047,88.80431413650513,72.88082397333542,260.7925033569336,91.77469968795776,62.18056090624814,256.1932182312012,95.77338695526123,67.90214096169947,305.4950141906738,125.68456649780273,96.54484033376224,275.05414962768555,108.31224203109741,61.32857705178355,264.72497940063477,104.83142137527466,48.939396078317685,258.7713623046875,104.8337173461914,38.02994713167103
267,10.68,371.1949157714844,142.8193473815918,114.97345963450255,362.34851837158203,109.4166612625122,209.68661827376428,343.9982223510742,87.56602764129639,282.9125376858498,322.9319381713867,81.61328315734863,293.9052907906592,306.1552619934082,84.92134809494019,305.828077113321,334.2052459716797,76.59393310546875,232.38161170232172,300.86231231689453,66.7729640007019,329.379584966909,284.03703689575195,67.4748945236206,389.76181355861286,273.4763717651367,70.78481912612915,434.07493057968304,323.4654235839844,89.72465515136719,198.79352240890023,289.5104789733887,73.32130908966064,311.94109833455104,275.4640769958496,70.76735973358154,399.18284536571997,267.31517791748047,72.54279613494873,467.28828534475826,314.7731590270996,106.89610004425049,142.95832103905596,281.38328552246094,86.70628309249878,251.3404359506076,270.77234268188477,84.70258712768555,305.78992893100025,265.8676338195801,86.64655208587646,332.50322527541596,308.2650947570801,125.9023904800415,69.4657902838689,282.0044136047363,106.89745903015137,177.31994439863433,272.52086639404297,100.48596382141113,223.12952427684908,266.1384963989258,98.32512617111206,245.7595672690191
268,10.72,378.38016510009766,145.7666015625,194.1554066997918,370.9931945800781,111.72509908676147,223.6896733453557,353.30467224121094,89.31643009185791,236.7407842669878,331.8843078613281,81.49432182312012,223.82900122697325,314.5762062072754,83.47633838653564,213.60061228617568,347.3644256591797,76.51870250701904,328.9848682793554,309.81555938720703,65.05288124084473,227.92449106395037,292.14637756347656,66.68396472930908,203.6955080578943,281.74922943115234,72.16708660125732,209.68851502727608,336.84722900390625,90.95013856887817,335.945053080899,299.5155906677246,69.50687885284424,267.68934659376737,284.3869209289551,66.43454790115356,247.97984070003673,276.7849540710449,69.5226001739502,248.4932645483699,327.5556182861328,108.82256984710693,323.1703794151792,292.36976623535156,83.48451375961304,286.22822634333335,280.70716857910156,80.34478425979614,271.21395088033665,275.9091567993164,82.46315002441406,271.9524735137794,320.8271789550781,128.71097087860107,321.80553449712187,293.51306915283203,105.78415632247925,289.05946127443235,282.491455078125,97.61576414108276,259.38712009285194,274.26483154296875,94.11929368972778,228.7552591400563
269,10.76,384.0764617919922,151.85216903686523,208.38955031254062,379.76932525634766,117.42661714553833,261.6387989929027,362.81558990478516,93.00556182861328,255.03338969439838,340.6871795654297,84.8422908782959,235.4509596408647,321.77947998046875,85.85334062576294,189.6333513270854,357.07836151123047,77.55281209945679,244.22061285204984,314.4002151489258,62.417192459106445,132.20704360878895,296.07200622558594,66.57058954238892,98.18163755822619,289.1080856323242,74.30743932723999,191.5950716699597,347.03033447265625,92.79582738876343,258.7254870122187,303.79098892211914,69.77330446243286,107.09228741815535,287.5655174255371,73.3441686630249,190.14194494010096,283.9033889770508,81.65536880493164,351.6711800140598,336.92760467529297,111.42479181289673,243.16363836653565,297.51169204711914,84.27724599838257,130.06687091671878,284.2258834838867,86.57917499542236,178.9709865201956,282.58134841918945,93.17687273025513,315.53723555029774,328.29627990722656,131.69158458709717,201.04652308710092,299.5091247558594,107.02546834945679,153.07991855341993,288.753662109375,102.07302331924438,192.16268544442843,284.77813720703125,101.81181907653809,325.6767404312995
270,10.8,388.02940368652344,154.09605503082275,113.63531024570177,381.35154724121094,118.5355281829834,48.30314494388667,363.94603729248047,93.86561393737793,35.51056995932404,342.0709228515625,84.82330083847046,34.596839663564346,323.1020736694336,86.19055509567261,34.12264336923222,356.72447204589844,79.39373731613159,46.86578847532446,315.0811958312988,63.489439487457275,31.755396978037908,296.8951606750488,67.52353191375732,31.480970549879412,289.0363883972168,74.33931112289429,1.9615530964452288,346.85672760009766,94.86847400665283,51.99761622449607,305.07694244384766,70.52530288696289,37.24226505717007,288.77641677856445,73.23155879974365,30.403106589523272,284.08756256103516,80.85374593734741,20.56269575699541,337.3694610595703,113.6808443069458,57.47287360263801,299.67979431152344,84.67561483383179,55.10991946766597,285.4818344116211,85.92204809188843,35.43681436924861,281.6535949707031,91.32343769073486,51.81667146597074,329.78126525878906,134.11999225616455,71.16154729531111,300.78046798706055,108.39528322219849,46.72195948578004,288.14464569091797,102.75471210479736,22.852797945477658,281.1700630187988,101.89591884613037,90.22635465536983
271,10.84,397.70633697509766,159.60651397705078,278.39741790018047,387.1073913574219,124.58912372589111,208.82971604759737,364.8111343383789,99.84638929367065,151.07545044045992,338.4917449951172,94.65652227401733,261.6089136580678,317.9981994628906,97.79178857803345,316.8577660288454,360.8672332763672,84.7150182723999,168.5943756998931,314.07697677612305,72.73198127746582,232.42342105900238,296.69166564941406,83.00597190856934,387.0944316462172,294.0219306945801,93.05598020553589,484.23221027462023,352.5405502319336,101.09415292739868,210.75002629654284,304.80566024780273,82.14666366577148,290.6131668355738,287.7467727661133,89.6352481842041,410.8993126471473,285.70457458496094,99.13855791091919,458.904317910059,344.3471908569336,121.87800407409668,269.1214193598408,299.0148162841797,98.39341878890991,343.3478020961462,285.42530059814453,103.12785387039185,430.1474663993499,285.63499450683594,110.24125814437866,483.3059803210994,336.9942092895508,144.63468074798584,318.7722890941708,303.68879318237305,123.4566593170166,383.4900628693396,293.19507598876953,119.62027072906494,440.1377013944496,291.1417579650879,119.7026538848877,510.21717976413885
272,10.88,408.84674072265625,166.21996879577637,323.88885082110176,390.389404296875,133.36379528045654,234.20940126470882,361.26461029052734,112.18204736709595,320.8838311274542,334.03175354003906,111.80675268173218,443.01659592014494,313.6818504333496,122.01868057250977,615.2099055692497,350.9946060180664,97.950439453125,412.7992420751658,299.82580184936523,100.23151159286499,774.3223466201788,297.5778579711914,112.74330139160156,743.7632778703831,306.89992904663086,117.99697637557983,701.7371888345956,346.01722717285156,117.14059352874756,433.04301150821686,291.5385055541992,113.52030515670776,851.587772217948,290.6981658935547,124.51734066009521,875.1682327163331,302.0824432373047,129.66227531433105,866.0008320278813,341.89449310302734,139.30007457733154,439.8467537760332,289.6076965332031,129.37236785888672,809.3937497787426,289.8402786254883,137.6324701309204,869.6481236210784,300.8531379699707,141.50513648986816,869.2748341527691,338.92696380615234,162.49285697937012,449.0615202373599,299.4766616821289,148.06245803833008,624.0930331735109,299.42718505859375,149.42881107330322,761.3262527130971,307.91940689086914,151.5871524810791,900.7326025961106
273,10.92,418.9752197265625,173.60773086547852,313.4137793427998,392.6560974121094,144.7873306274414,291.15616246104025,357.30701446533203,133.93080711364746,552.6476698747714,329.1718292236328,144.19067859649658,818.6641260363382,311.00446701049805,161.42927169799805,987.5357825331495,342.45662689208984,118.81766080856323,563.6588144948973,294.4410514831543,131.49500370025635,793.0957836444356,304.197940826416,141.33965492248535,733.8157688894607,319.17110443115234,141.12213134765625,654.4819219238586,339.75120544433594,139.07479763031006,570.291777224185,289.2251205444336,146.80429458618164,834.1071958030698,300.60489654541016,156.26564025878906,831.4512311377756,317.083740234375,156.49271965026855,768.4853832613504,340.2175521850586,161.68925285339355,561.2972890543639,290.02307891845703,164.88344192504883,887.8375850410473,302.28479385375977,171.00757598876953,890.4927183480065,318.23652267456055,169.79889392852783,830.1802416438995,343.4397506713867,184.9699831008911,573.1418039923635,307.0759963989258,181.4646291732788,856.3932087052347,316.43062591552734,183.28694343566895,947.1965635636022,330.3341293334961,182.7251386642456,959.164338670345
274,10.96,421.07879638671875,187.64795780181885,354.92341356013935,391.35074615478516,158.3885908126831,341.5938931425361,356.6611099243164,150.33960342407227,410.5375965069424,330.63018798828125,161.22156143188477,427.33021514335576,315.37118911743164,178.80254745483398,447.8413310553233,339.8744583129883,141.37264251708984,567.557703257381,297.4719047546387,155.8009958267212,612.3557609781662,305.6455993652344,163.68789196014404,559.876891566571,319.9065399169922,163.66008281707764,563.7486817012447,337.35172271728516,163.59216213226318,615.8625452764634,291.2735176086426,173.25018882751465,663.1276520948052,301.9948196411133,178.41482162475586,554.8187324446943,318.20417404174805,177.70238399505615,530.9809515976414,339.44557189941406,186.17659091949463,612.4875912645836,293.0511665344238,191.52272701263428,670.2708522435278,304.4057273864746,193.25693607330322,558.7555275014262,319.3490409851074,191.4106321334839,541.0088523021477,345.06404876708984,207.07992553710938,554.2381588927893,309.55957412719727,204.55856323242188,580.6773785095808,318.05686950683594,203.49798202514648,506.90898411575233,330.968017578125,202.2169303894043,487.55240677518674
275,11.0,418.3682632446289,200.13922691345215,319.5492860397395,392.39017486572266,168.02992343902588,242.43002451339288,358.3180618286133,156.02753162384033,148.1089481152089,331.031494140625,162.3979139328003,31.073017176474437,317.0037078857422,177.63336181640625,50.20030245172741,341.1057662963867,154.72938537597656,335.3344404736133,298.4195327758789,167.61659145355225,296.33838226281625,306.42316818237305,172.3277235031128,216.8687713172764,319.55753326416016,171.46204948425293,195.24422129642429,338.48094940185547,178.95805835723877,385.1833327308769,292.9300308227539,186.10053062438965,323.9167720312562,302.4201965332031,186.7992639541626,209.8806486367185,317.3327827453613,186.1071538925171,211.2455322318736,340.2577209472656,201.76740646362305,390.2988561722306,296.86126708984375,205.2317190170288,355.7152372500407,306.33007049560547,202.46103286743164,235.07777196779003,319.7995948791504,200.73726654052734,233.43777031320917,345.1021957397461,221.24470710754395,354.120823421934,312.10458755493164,217.54806518554688,330.91185980709656,318.87670516967773,213.21744918823242,243.84955972942242,329.9241638183594,212.05939292907715,247.44153288787257
276,11.04,415.62957763671875,204.17049407958984,121.83881212424181,385.1881790161133,178.13615798950195,310.2465964831715,353.2073974609375,170.05273818969727,373.1833576591299,330.3879165649414,177.88719177246094,387.566058958119,318.6357307434082,192.38139152526855,370.9513772900614,335.9077453613281,162.2278118133545,228.09786917855524,298.5115432739258,182.17506408691406,363.9690846659368,303.4822463989258,192.69629001617432,514.494608045948,312.3922920227051,192.9506778717041,566.293779776794,335.7228469848633,182.75954246520996,117.41595495761976,292.94782638549805,200.01208305358887,347.78909527939135,301.2208557128906,207.78137683868408,525.4090546315261,314.19422149658203,205.82393646240234,499.12553632607677,340.16361236572266,204.86984252929688,77.59657678787178,297.62855529785156,218.2093620300293,325.0076435322601,307.2747993469238,222.33803272247314,497.4859519623602,319.8215103149414,218.97113800048828,455.8471157531217,348.58875274658203,226.46228313446045,156.88208023578287,313.3541679382324,230.886869430542,334.93016979348647,319.83747482299805,230.34178733825684,428.7817301692689,331.0438537597656,227.26890563964844,381.2667885302855
277,11.08,409.9738311767578,202.2795295715332,149.08725379389952,382.77992248535156,177.42731094360352,62.7602763121079,350.6866455078125,169.57454681396484,64.14269931668163,325.64456939697266,176.00182056427002,127.60771662734693,310.75918197631836,188.18371295928955,223.13186379306083,335.54901123046875,162.57479667663574,12.477195998844726,294.7726821899414,180.15953063964844,106.18809161806723,294.79589462280273,192.33871936798096,217.34270741591124,301.42608642578125,195.6386661529541,282.27086525417036,337.0025634765625,182.68555641174316,32.04633593753883,290.4164695739746,198.48727226257324,73.87834279934394,294.5805549621582,208.27722072601318,166.46969547934842,305.9880256652832,209.38034534454346,223.5923944348824,341.91097259521484,204.35834884643555,45.517122871632296,295.565185546875,216.56988143920898,65.8852759391353,298.62531661987305,223.06068420410156,216.9904614975183,307.8081703186035,222.7917194366455,315.1558943383426,349.57080841064453,225.24972438812256,39.00906978381562,312.3820495605469,230.41997909545898,26.960627835186614,311.522159576416,231.07970237731934,208.69982369259773,316.64379119873047,228.7214756011963,361.8284825498449
278,11.12,405.5328369140625,199.69802856445312,128.41966723123093,378.67061614990234,175.66264629364014,111.80462838528157,347.7898406982422,168.39357376098633,78.20715862618928,323.39412689208984,174.8054838180542,63.71672208950274,308.4026908874512,186.5061092376709,72.31616563180746,332.2006607055664,160.60667037963867,97.09844346893904,291.8901824951172,178.1829071044922,87.37793303516092,287.79590606689453,192.32078075408936,175.00028852960887,291.4393615722656,198.66145133972168,260.85424999552936,334.2991638183594,179.33472633361816,107.6348918928011,288.5862731933594,196.27447128295898,71.79008883107979,289.5356750488281,208.25012683868408,126.12381669081157,298.7893867492676,211.57333374023438,188.1316034502338,339.91851806640625,200.43940544128418,109.90903188020215,295.0253677368164,213.91649723052979,67.69347746886602,294.3106460571289,223.72937679290771,109.15451159748022,300.9018325805664,226.57293319702148,196.84238373234714,348.3650207519531,221.4955472946167,98.57665014868063,311.84274673461914,228.38200092315674,52.703193504011466,308.02452087402344,231.20884895324707,87.50055475019964,310.82691192626953,230.7648754119873,154.13380400062806
279,11.16,404.4472885131836,195.97580909729004,96.93210604715355,375.65982818603516,173.006272315979,100.37793231259408,345.47977447509766,168.23191165924072,57.892899988114074,322.17784881591797,175.76282501220703,38.696208798459246,307.1359062194824,186.96547508239746,33.68753825880986,328.80054473876953,161.26872539520264,86.59931232153511,289.5309829711914,179.72086429595947,70.40567589192283,282.25900650024414,196.02187156677246,166.4994932704387,284.2622756958008,204.84751224517822,236.87801608128515,331.8991470336914,178.4717845916748,63.76102363844729,287.1051216125488,196.53124809265137,37.58111506572633,282.8227424621582,211.99633598327637,192.18732214333525,288.7715148925781,219.03033256530762,312.2144575590173,338.72608184814453,198.49851608276367,56.948198153236476,294.52484130859375,214.33836936950684,16.365031450367002,290.8298110961914,226.2269926071167,107.10478741830234,295.8673858642578,230.57275772094727,160.74873631219563,348.87401580810547,219.0276861190796,62.99511265224733,313.3675193786621,227.80702114105225,40.73951832872717,307.0309829711914,231.28482341766357,24.910962491532285,307.7001762390137,230.91020107269287,78.25277792840201
280,11.2,404.1828918457031,194.84044075012207,29.143683723125395,375.05027770996094,172.87487983703613,15.588773332214508,344.30824279785156,169.07951831817627,36.150064998756626,321.19319915771484,177.23997116088867,44.38113122406676,306.2043571472168,188.82468223571777,51.988189241622266,328.3422088623047,161.43455028533936,12.185279793762723,288.6920166015625,180.08264064788818,22.841118325608985,282.3971748352051,196.5642499923706,13.99251686929928,285.4056167602539,205.42352199554443,32.00601527625071,331.56017303466797,178.9815902709961,15.305334092281816,286.649169921875,196.62292957305908,11.626947097101425,283.32813262939453,212.19430446624756,13.569514116878839,290.10929107666016,219.2457389831543,33.875184903061964,338.6460876464844,199.12090301513672,15.687665654264368,294.2882537841797,214.0807342529297,8.744623705529568,291.22535705566406,225.96103191375732,11.916157530516697,296.8391227722168,230.2993869781494,25.236434243315962,349.02198791503906,219.4914150238037,12.16912695890198,312.8456115722656,227.72160530090332,13.221280765444424,306.5614891052246,231.6617488861084,15.051937145738062,307.5866889953613,231.84033393859863,23.42576709936454
281,11.24,404.46521759033203,193.6070680618286,31.631827467644193,375.1286315917969,171.3307285308838,38.65344896554146,345.2688217163086,167.03443050384521,56.486148893497834,323.1266784667969,174.4614315032959,84.62647660256842,309.64380264282227,187.0969820022583,96.22478050746811,328.6564636230469,160.11560440063477,33.89666559401808,290.4221725463867,179.8599672317505,43.61065698072703,287.4065589904785,195.90182304382324,126.3248270265646,292.3507308959961,202.69894123077393,186.51064095354485,332.01648712158203,177.39120483398438,41.36384580898495,287.97685623168945,197.63341426849365,41.71203556061649,288.63672256469727,212.6795482635498,133.2680303092648,297.4801445007324,217.11822509765625,191.79382734486146,339.52518463134766,197.21553325653076,52.459778794126144,296.22806549072266,215.64618587493896,62.3172740783636,295.0034523010254,227.40915298461914,101.15291122508489,300.72744369506836,230.24720191955566,97.216777356797,350.61851501464844,216.91978454589844,75.67274152014065,315.7266616821289,227.57821083068848,72.11540971609077,310.2593231201172,231.4043426513672,92.66955531409779,310.8285331726074,230.65183639526367,86.32091316729698
282,11.28,406.27967834472656,191.49344444274902,69.64047239379319,377.4029541015625,168.93482208251953,82.58673693358715,346.31805419921875,165.25577545166016,51.626680347091636,323.05675506591797,174.13012504577637,8.465121484088888,310.13830184936523,188.33383083343506,33.30094308400794,329.5022964477539,157.64805793762207,65.21224345587999,292.2899055480957,179.5704460144043,47.25098610721311,290.8247756958008,195.95492362976074,85.46572820717053,296.4790344238281,202.29469299316406,103.70121339550793,332.92308807373047,175.20199298858643,59.23772969182705,290.6268310546875,197.1264410018921,67.45085458860116,292.921085357666,211.15748405456543,113.66739857487234,302.255916595459,214.1741180419922,140.25816699924255,340.10433197021484,195.1173734664917,54.41556615903732,299.8454284667969,214.04624462127686,98.884803293537,301.6563415527344,223.4826135635376,193.129890263024,309.23282623291016,224.1700315475464,261.33495251000625,350.7069396972656,214.7739601135254,53.691138811871575,318.34577560424805,226.05010986328125,75.80752891216186,317.6587104797363,228.28631401062012,200.73775788047845,322.4822998046875,226.01510524749756,313.55776227400224
283,11.32,408.01937103271484,188.21820259094238,92.71508721772877,377.5043487548828,166.86012268066406,51.92939006346374,346.3050079345703,163.32130908966064,48.362758856433786,322.6133346557617,172.79648780822754,35.13554060278572,309.2155647277832,186.6608476638794,47.76450356411396,330.5992126464844,157.37295627593994,28.272182345213132,295.49036026000977,180.06915092468262,80.97691395757741,292.20956802368164,197.46743202209473,51.26726189927656,296.59284591674805,205.7629108428955,86.75211852282222,333.6885452270508,174.80535507202148,21.55293324622854,293.46363067626953,196.15386486053467,74.9722300411361,293.7154006958008,210.84189891815186,21.36777414006489,302.4435806274414,215.9057092666626,43.54326841096875,340.66097259521484,194.2739725112915,25.26328804600898,304.67872619628906,212.84062385559082,124.5348554937726,307.5810432434082,221.04666709899902,160.14822294824899,316.2302017211914,221.1644411087036,190.38913704906847,351.32354736328125,213.69883060455322,30.984960816216667,322.0425796508789,225.03034114837646,95.87194711920705,322.0268249511719,227.39566326141357,111.44977229851914,326.72840118408203,225.70265293121338,106.43954673324987
284,11.36,408.15093994140625,187.60836124420166,15.596811491631591,378.5491180419922,166.5186595916748,27.478854420594,347.97489166259766,163.569016456604,42.20389944045834,325.6349182128906,173.83094787597656,79.84388996848432,313.14062118530273,187.7655029296875,101.93849693256635,331.5901565551758,156.18633270263672,38.64942864140677,296.6259956359863,178.731107711792,43.875016714612876,294.2433166503906,195.76127529144287,66.36595638102654,299.05256271362305,203.06013107299805,91.36200388220745,334.4917297363281,173.4530782699585,39.32046147793784,293.90905380249023,194.64304447174072,39.377817427516476,295.3409194946289,208.9392328262329,62.56221714562303,305.02391815185547,213.60873699188232,86.36486326556853,341.38057708740234,193.1775426864624,32.78708764467351,304.9959182739258,212.0133876800537,22.149075943376868,309.8541450500488,219.54930782318115,68.04904767992116,319.77893829345703,219.05502319335938,103.20845169156088,351.8279266357422,212.88448333740234,23.947337038858954,322.6860809326172,223.504056930542,41.40982230408474,323.44547271728516,225.48248291015625,59.54420910516457,328.8134002685547,223.23657989501953,80.7338892678214
285,11.4,409.38507080078125,185.704607963562,56.719460569146264,379.54219818115234,164.96522426605225,46.09344770196749,349.3270492553711,161.4418888092041,63.0129063368564,327.57408142089844,171.96029663085938,67.35952989439224,316.1380386352539,186.66160583496094,79.85572993302333,333.38623046875,154.30088996887207,65.09980705293853,299.3708038330078,176.27806663513184,92.0305063627625,296.527042388916,193.43294620513916,81.53419368174318,300.7006645202637,201.19211196899414,62.27828141683729,335.64491271972656,171.6628074645996,53.238264843766736,294.7307586669922,192.32329845428467,61.52448938151275,296.8914794921875,206.83141708374023,65.41752207134978,307.3274803161621,211.6819953918457,75.07800875646265,342.53501892089844,191.23417854309082,56.50995565312024,308.12191009521484,210.1439094543457,91.05895653079132,314.9300003051758,216.46742820739746,148.45514587153704,325.3414535522461,214.42771911621094,180.8893291260151,353.3161926269531,210.74914455413818,65.0701898909321,326.38885498046875,221.07396125793457,110.72460382483979,329.189453125,222.11266994476318,166.48751895026393,335.4004669189453,218.91713619232178,196.92486028537581
286,11.44,411.578369140625,184.7065830230713,60.242278495893466,381.80606842041016,163.73062133789062,64.46584779178853,352.2385025024414,160.58332443237305,75.88516323629888,330.8464813232422,171.82631492614746,81.87853892373484,319.61421966552734,186.5374231338501,86.95996168671563,336.20227813720703,153.0320119857788,77.21793754935243,302.31998443603516,174.94012355804443,80.96202005724209,299.6877098083496,192.5344705581665,82.14726495930931,304.07949447631836,200.15560626983643,88.35594184999297,337.8488540649414,170.43907642364502,63.02219407549623,296.71316146850586,190.78099250793457,62.79245824338763,298.41461181640625,206.07845306396484,42.47710333341604,308.8439750671387,211.33748531341553,38.87836419430022,344.6236801147461,189.92021083831787,61.68983258949265,309.5612907409668,208.55167865753174,53.6598986306822,315.2695846557617,215.99833488464355,14.477700020531001,324.99691009521484,214.60498809814453,9.686797901616458,355.74302673339844,209.06890869140625,73.79327685592682,329.09767150878906,218.31035614013672,96.74450963497809,330.6159210205078,219.4900131225586,74.63720362514749,335.5569839477539,216.25940322875977,66.55844276795011
287,11.48,413.0312728881836,181.20457649230957,94.78587395139483,382.64156341552734,161.87579154968262,50.85792360887358,352.7573776245117,159.52388763427734,29.491923910016848,331.5339660644531,170.79322814941406,31.023212656606745,320.3550338745117,185.57448863983154,30.37318443137708,337.16888427734375,152.16550827026367,32.45339080080407,302.77679443359375,173.93842220306396,27.523637323662246,300.7208824157715,191.2267827987671,41.66453012463041,305.9471893310547,198.6578893661499,59.851065122085025,339.8465347290039,169.6441411972046,53.75087237550829,297.8599739074707,190.10550498962402,33.274071714679685,299.2049217224121,205.51108360290527,24.322030302716527,309.6283531188965,210.84845066070557,23.108491670143327,347.3423385620117,189.1341733932495,70.75025891268143,310.4125785827637,207.77921676635742,28.737914447944274,313.63595962524414,216.62537097930908,43.74574982460406,321.9872283935547,216.76650524139404,92.63618456720052,358.94798278808594,208.11116695404053,83.62495346773883,330.41446685791016,217.68041610717773,36.492931135626364,329.4769287109375,219.81931686401367,29.641023466184365,332.58312225341797,217.72560596466064,82.89150981781034
288,11.52,412.3651123046875,181.09100818634033,16.894297912398184,382.88158416748047,160.32247066497803,39.293890525656096,354.2134094238281,156.80243968963623,77.1617923425023,333.0184555053711,165.22061347961426,144.17381688058197,321.25125885009766,178.2781219482422,183.78007594846656,338.0469512939453,150.00529289245605,58.29629149954606,303.2814407348633,168.57464790344238,134.6865403136715,306.203670501709,182.67465591430664,253.9683044240085,314.85443115234375,186.16247177124023,383.6293928830426,339.45919036865234,167.1849489212036,62.237761366387446,300.06797790527344,186.42316818237305,107.33966536289188,304.5049476623535,200.39318561553955,184.19275700528698,315.6348991394043,203.16241264343262,243.86699179501946,345.29003143310547,186.51994228363037,83.08944294350795,308.6002731323242,204.71457481384277,89.01011649949314,314.0440368652344,213.6756134033203,74.44627589284264,323.67015838623047,213.02976608276367,102.45570048772701,355.4731750488281,205.1039171218872,114.88537868728162,326.4059066772461,216.56580448150635,104.01596571586774,328.6696243286133,219.04473781585693,27.969995838881605,335.9020233154297,215.73602199554443,96.7391745545294
289,11.56,412.286376953125,180.40884017944336,17.167419091469796,384.4428253173828,159.47198867797852,44.44655173885139,355.5767059326172,154.81886386871338,60.17241066420209,335.5528259277344,163.12196731567383,82.26234390340652,325.6704330444336,176.47135734558105,119.35634380216746,338.61595153808594,147.5451421737671,63.12736548289657,304.3829345703125,166.51160717010498,58.46700852265937,311.43882751464844,176.28340244293213,206.54144542543676,321.39232635498047,175.73362827301025,307.71826642973474,339.86427307128906,165.37776947021484,46.30057750754532,301.53392791748047,183.93156051635742,72.27170175645178,311.35276794433594,192.20696926116943,266.8177992737818,323.8243865966797,190.02543926239014,387.0140294833393,344.99053955078125,185.07448196411133,36.904021824204655,306.5728569030762,200.22962093353271,123.04782575061672,317.2209358215332,205.12661933898926,228.0049156412261,328.7881088256836,201.75467491149902,309.5572419006585,354.12200927734375,204.7412395477295,34.97484779119749,322.27977752685547,214.33397769927979,117.27636311179417,329.07405853271484,215.30144691467285,94.126888415103,339.3923568725586,211.77402019500732,132.00351938366884
290,11.6,411.1117172241211,180.4716968536377,29.408506852124262,383.87550354003906,159.41465377807617,14.2552904608097,354.61299896240234,153.71726989746094,36.590985928405225,333.69510650634766,162.12395668029785,52.720647502431184,323.16089630126953,175.73344230651855,65.39444390659797,338.43788146972656,147.09184169769287,12.175545954253598,304.1471862792969,165.49665927886963,26.049189990284184,309.1876220703125,175.34786224365234,60.946500192157394,318.38260650634766,175.60426712036133,75.31246524924086,339.81590270996094,165.33066272735596,1.6879605071258785,301.5205764770508,183.60726356506348,8.114291927676708,310.84922790527344,190.71664810180664,39.32723077734691,323.33301544189453,188.52149963378906,39.554393073270276,344.94495391845703,184.90522384643555,4.382234038817093,306.9926071166992,199.76154327392578,15.717962202121214,316.87744140625,203.251690864563,47.653339321245156,328.1074523925781,199.92812633514404,48.731232808848226,353.7940979003906,204.28420543670654,14.062495550528894,322.35191345214844,212.38144397735596,48.846644760461736,328.4870910644531,212.01385974884033,83.48937126119809,338.1337356567383,208.60183238983154,85.31889751184575
291,11.64,411.00826263427734,180.36330699920654,3.745932185663615,384.28260803222656,159.4717025756836,10.277056754845196,355.0254821777344,154.07981872558594,13.729167302349895,334.3551254272461,161.90155506134033,17.412055020496283,323.7204360961914,174.99478340148926,23.166540528317636,338.2051467895508,147.5633668899536,13.145851015934959,304.03343200683594,165.35583972930908,4.525633936364089,311.32015228271484,174.64795589447021,56.111239986043806,321.58329010009766,173.69094371795654,93.2241314973296,339.8048782348633,165.3848934173584,1.3834980098738265,302.0394706726074,182.80571937561035,23.87106346903663,312.2235679626465,189.5244598388672,45.48436165039818,324.9537658691406,186.75604820251465,59.9147869040235,344.8845672607422,184.67953205108643,5.840769155143399,307.7381706237793,199.34628009796143,21.335247367934784,318.76840591430664,202.59017944335938,50.08333137826844,330.2565002441406,198.85408401489258,60.062329989335595,353.5863494873047,203.751540184021,14.293610341650103,322.44434356689453,211.67096614837646,17.91162457008347,329.94293212890625,211.3827896118164,39.66833374046139,340.43495178222656,207.80025959014893,60.92061745315747
292,11.68,409.96166229248047,180.64627647399902,27.104473790244338,383.68778228759766,159.38751697540283,15.01883987213986,354.0077590942383,153.97573471069336,25.575791249208642,332.9011535644531,162.2493553161621,37.37478423890689,322.47928619384766,176.08331680297852,41.27164618601427,338.68419647216797,147.82270431518555,13.618564960687781,303.30862045288086,165.68341255187988,19.88491486708229,309.0609359741211,176.10712051391602,67.2366144469402,318.8505554199219,176.39858722686768,96.1742305778425,340.11802673339844,165.95938682556152,16.357426795718535,302.32919692993164,182.98994064331055,8.583369809410755,311.85962677001953,190.29222965240479,21.241522989628805,324.72232818603516,188.42938899993896,42.23174772524423,345.1051712036133,185.52828311920166,21.923795223983007,308.71789932250977,199.63491439819336,25.534022430701107,319.2068862915039,203.05654048919678,16.003079122890927,330.76202392578125,199.86844539642334,28.333760836682174,353.4425735473633,204.74138259887695,25.005743429684152,324.4192123413086,211.8927526473999,49.68208887079411,331.3338851928711,211.3407039642334,34.7897401172895,340.98575592041016,207.8697109222412,13.87913645930386
293,11.72,410.97339630126953,181.05753421783447,27.303143550754953,384.5587921142578,159.0038251876831,23.794399368629207,353.89225006103516,154.0665578842163,3.673484857759419,333.00621032714844,162.56167888641357,8.237981242492031,322.4894714355469,176.5453004837036,11.552398571421772,339.0567398071289,146.85203075408936,25.992735747644225,303.63609313964844,164.88450050354004,21.58556840752261,308.8866996765137,175.79449653625488,8.947487035915817,318.3927536010742,176.78675651550293,15.005371995968256,340.20694732666016,165.58307647705078,9.66683603558748,302.3687934875488,182.81809329986572,4.408755268225844,312.0199394226074,190.0962781906128,6.329352354219599,324.94232177734375,188.58623027801514,6.754459949054942,345.06622314453125,185.71115970611572,4.674451662200207,309.16759490966797,199.725980758667,11.47059292058051,320.2528381347656,202.6380443572998,28.164186820713855,332.1786880493164,199.5009469985962,36.58886708512879,353.1705856323242,205.26389122009277,14.72652125359537,324.95967864990234,212.02304363250732,13.898731316320228,332.3423767089844,210.97620964050293,26.80847872064215,342.0238494873047,207.45773792266846,27.92131808767253
294,11.76,413.5153579711914,179.81988430023193,70.68126718716556,386.6099548339844,157.21846103668213,67.98342470078418,355.8184051513672,151.536283493042,79.49985034044306,334.59381103515625,159.38331127166748,88.82038301585706,323.83811950683594,173.6552095413208,79.73188381787301,340.48091888427734,143.52733612060547,90.4222056856885,305.83356857299805,161.84759616851807,93.71394713518602,310.5295753479004,172.86458015441895,83.97711919097722,319.0237236022949,173.79797458648682,76.36647072527042,341.11759185791016,162.51553058624268,79.99652826259566,302.7809524536133,179.4904088973999,83.82779407706022,311.900634765625,187.85111904144287,56.208168925205506,324.60994720458984,186.70578002929688,47.73995964151725,345.4718017578125,183.08724403381348,66.37689482655321,309.7992515563965,196.81653499603271,74.4306084763976,320.27347564697266,200.7275390625,47.76541890039398,331.8886184692383,197.5376844406128,49.61438950084325,353.04561614990234,202.97324180603027,57.35139552400658,323.5165023803711,208.90844821929932,85.81762032398451,330.7200241088867,209.16694164276123,60.75297650473536,340.86326599121094,206.25978469848633,41.69866588643416
295,11.8,414.73350524902344,178.18040370941162,51.06233566782681,390.60596466064453,153.13922882080078,142.75904088237453,359.38892364501953,144.3856716156006,199.81218139686754,335.55809020996094,152.65508651733398,169.92432630399782,323.01822662353516,167.38158702850342,158.17427843484927,344.7306823730469,136.89608573913574,196.90411900881634,307.24700927734375,153.84365558624268,203.19461033282877,313.0490493774414,163.92282485961914,232.24816621667327,324.1148376464844,164.4248628616333,266.6630195789359,344.7203063964844,156.71991348266602,170.6032122677581,304.5548629760742,171.09819889068604,214.44105737137593,313.6831474304199,178.22158813476562,244.8280223988956,327.2630310058594,177.05959796905518,250.1095784799729,348.0509567260742,177.5806760787964,152.01630462209104,310.77144622802734,188.348650932312,213.08775040485446,321.259765625,191.8139362335205,224.20008267386464,333.5316467285156,189.75764751434326,198.7909021354181,354.5431900024414,197.78433322906494,135.0173592170491,324.64141845703125,200.7370662689209,206.2112375067413,332.8288269042969,200.8421516418457,214.69335368915247,343.6135482788086,199.06946182250977,192.45907961542315
296,11.84,417.76355743408203,174.1472053527832,126.11479202518368,397.2174072265625,146.737060546875,230.0800559181708,365.6851577758789,133.76976013183594,308.5653707702436,338.88336181640625,139.97875213623047,327.6305890387244,323.8652038574219,153.7108612060547,342.42345398943627,352.4457550048828,123.8301944732666,379.3414196719917,310.5909729003906,135.18482208251953,473.9027856743947,314.8588752746582,144.3885898590088,490.4473766606535,327.39917755126953,146.28825187683105,460.78977488669767,351.03233337402344,143.57295513153076,364.5924080837274,306.3686180114746,153.55101585388184,441.0168221391541,314.3208122253418,159.83293533325195,459.992641412134,328.7657165527344,160.26552200317383,421.52924824425037,352.3011016845703,164.89500045776367,334.46795262242006,312.0873832702637,172.8116226196289,389.81641439292144,322.00870513916016,175.45775413513184,409.3329964951522,334.68528747558594,174.49679374694824,382.60990633665944,356.5252685546875,186.56589031219482,284.80486397087225,322.99060821533203,187.57195472717285,331.7051932446629,331.0377883911133,187.77597427368164,329.7089720230836,342.6454162597656,187.28021621704102,295.72325698230986
297,11.88,417.4319839477539,168.35898399353027,144.94276344592808,400.5547332763672,138.76665115356445,216.02252640013893,367.8607177734375,123.68671417236328,257.87700208119446,338.99505615234375,128.71576309204102,281.5885715834054,321.3996124267578,141.10429286956787,321.1353942707383,357.58018493652344,110.59533834457397,354.89768549375606,310.26275634765625,118.05226564407349,428.39250126346445,313.2342529296875,127.44083404541016,425.6361598251671,326.2017822265625,130.76854705810547,389.1456934940984,356.0993957519531,131.19808673858643,334.30196761734294,305.80196380615234,135.99263191223145,439.18813140755503,311.96760177612305,142.5554323196411,435.92553105694265,326.4793014526367,144.70404624938965,393.21369956866926,356.2274932861328,152.90524005889893,315.4073808495589,312.89648056030273,154.70096111297607,453.21814465642893,321.134033203125,157.30401992797852,454.36983605019935,333.50841522216797,157.78003692626953,418.953299084884,357.9292678833008,174.23619747161865,310.2343264148306,325.34812927246094,169.7143793106079,450.31301980754927,332.7543258666992,169.41936492919922,460.91729703591506,343.5018539428711,170.40334224700928,422.46476221794074
298,11.92,418.39698791503906,161.10400199890137,182.97198624254224,403.00621032714844,129.1029453277588,249.24504761656934,370.12969970703125,110.77913761138916,327.63719616023394,340.01243591308594,113.2441520690918,387.6256322334506,320.02429962158203,124.57644939422607,414.62414851998705,362.4790573120117,96.32732391357422,377.1398831621858,312.84664154052734,99.53596115112305,467.3930323919014,315.72866439819336,107.75796890258789,496.0073517630191,328.8602828979492,111.4301347732544,488.00731008782196,359.33013916015625,117.3372745513916,355.80877717035077,305.5344772338867,117.71367073059082,457.02295548628297,311.8495559692383,123.54646682739258,475.2333005338133,326.74034118652344,126.99643135070801,442.7384718591494,357.5056457519531,139.68976020812988,331.92862694030805,309.32533264160156,136.81818008422852,455.89675008395363,318.0734062194824,139.23847675323486,458.0742896432903,331.2538528442383,141.15374565124512,419.46142036390614,356.97486877441406,161.62774085998535,316.1131678158188,320.87730407714844,152.5362253189087,443.7603889555523,328.34354400634766,151.89871788024902,451.68301221203075,339.8540496826172,154.06996250152588,418.3940799587856
299,11.96,412.0030975341797,151.81029796600342,282.01813866038566,397.9916000366211,116.98368072509766,327.89374315010366,366.72412872314453,96.73082828521729,361.380087866379,336.15020751953125,95.60957193374634,451.31420922256365,314.78233337402344,103.9888858795166,531.1108533140352,360.3078842163086,85.87188720703125,266.96225076781826,312.8392219543457,82.33945369720459,429.9127263635406,316.42168045043945,87.80804872512817,499.0488367482717,328.63330841064453,91.53263568878174,497.4698403135092,353.3573913574219,107.29492664337158,292.10707349872405,302.97685623168945,99.17362689971924,467.8906459055898,310.38915634155273,102.1177339553833,536.9609852985568,324.24278259277344,106.36625289916992,519.5202485656363,348.12286376953125,128.86113166809082,358.203672674333,304.84657287597656,116.95037841796875,509.15913038558955,313.5982894897461,116.97015523910522,567.8384523796221,324.91920471191406,119.92672920227051,553.8016309369026,345.0679016113281,148.40234756469727,444.8924693379976,314.31339263916016,132.8448486328125,518.9142807099056,322.98728942871094,131.2730312347412,532.7454907711173,333.57513427734375,135.16279220581055,498.06241279191124
300,12.0,394.9382781982422,140.04117965698242,518.2423448179912,382.486572265625,102.94853210449219,522.8475417018352,356.5117645263672,82.34561920166016,441.04040550815347,330.7590866088867,77.59252309799194,470.15837319935844,311.79187774658203,80.73091506958008,586.2358905847732,344.5153045654297,68.49836826324463,586.9650396954379,302.2458839416504,61.989054679870605,573.5620881909405,294.0203094482422,67.98292636871338,747.8539710502071,294.66087341308594,72.62516498565674,971.9885506182912,335.9019470214844,87.37160682678223,662.2080533521521,293.98170471191406,78.58837366104126,561.6189776909584,289.2616653442383,81.06541156768799,745.6419858740271,292.3274803161621,82.87044525146484,990.7823601911234,329.7006607055664,107.64105319976807,702.5263766986486,292.68550872802734,94.77234363555908,632.3353086082518,288.33900451660156,92.98594236373901,870.8020529249915,290.2879524230957,92.56510734558105,1103.3987226180561,326.44168853759766,126.58809185028076,717.1112038249197,299.2808532714844,111.25893115997314,657.6136180277869,295.3020668029785,105.66663265228271,942.7881523041441,296.1811637878418,102.9561710357666,1233.788747152563
301,12.04,392.55126953125,138.5881519317627,69.86191714085469,382.0289993286133,102.29645490646362,19.91509579556288,354.7217559814453,81.41329765319824,50.45638005136064,327.4523162841797,77.09903240203857,83.58477376051957,307.7207565307617,80.96322298049927,101.9435962903565,344.37129974365234,68.32842350006104,5.5688088509040865,300.98472595214844,61.67309761047363,32.503349290751295,295.25903701782227,67.4064588546753,34.157363649539555,297.9520797729492,72.3590898513794,82.54860416856398,335.7474136352539,87.94878244400024,14.937625743630889,292.7271842956543,78.4168267250061,31.654875474360438,291.6001892089844,80.75878143310547,58.96352636069342,297.4468803405762,83.35651159286499,128.56058177521996,329.54307556152344,108.72454404830933,27.37226580518708,290.27584075927734,95.11306285858154,60.84092633949608,291.38256072998047,94.38413143157959,83.73383087731867,297.72777557373047,96.18988037109375,206.89663481918555,326.0537338256836,128.11522006988525,39.39090518134159,298.6595153808594,113.16319227218628,50.07663600556107,300.93299865722656,108.63032341003418,159.08106513419267,306.76048278808594,107.96728134155273,292.6529696219597
302,12.08,382.6926803588867,134.104642868042,270.75546392675096,372.5436782836914,97.8942060470581,261.42770313388627,346.3813018798828,77.47393369674683,230.59944032030316,320.59444427490234,72.73163795471191,203.26175051237723,301.73709869384766,76.29336833953857,189.7559344871808,334.45823669433594,62.48526334762573,287.6753156628255,293.6408996582031,56.61724805831909,222.89767737919544,290.3302764892578,63.75945568084717,153.28346391948025,295.82950592041016,69.54141139984131,88.19237359228043,325.30261993408203,80.66265821456909,318.37607650656577,285.3732681274414,72.78533220291138,231.56237491425213,286.06006622314453,77.37555742263794,162.28672042721752,293.8330841064453,80.60360670089722,113.57268753434538,318.78955841064453,100.63379287719727,336.4320005839757,282.0498466491699,87.92721748352051,273.06518550271113,283.10155868530273,89.18508052825928,244.44468336322097,290.07041931152344,91.42065525054932,225.52800986905334,315.3371810913086,120.04513263702393,335.3830027769246,287.9872131347656,106.21850967407227,318.32241087116114,288.68675231933594,103.44952583312988,332.4259437276566,294.05357360839844,103.45935344696045,337.0709817713378
303,12.12,375.16780853271484,128.09901237487793,240.69079440842933,364.78336334228516,93.10522556304932,227.97590616393836,339.9726867675781,73.28242778778076,191.44037819017808,315.3092575073242,68.18162441253662,174.3484700287069,296.49160385131836,71.87424659729004,171.47130429720445,326.6098403930664,56.41353249549866,248.07161269789245,287.19104766845703,51.09831690788269,212.21921409960873,284.0763282775879,60.32486915588379,178.3750487591199,289.343204498291,67.35010385513306,171.16135460085627,317.3187446594238,73.30508708953857,271.4269207139159,277.26627349853516,65.5241060256958,272.08542719819116,278.3718490600586,74.15287971496582,208.4081553621043,286.8965148925781,79.75995540618896,174.69212197075632,310.66871643066406,93.43098878860474,271.3720476606544,271.42669677734375,80.41639566421509,325.253514201456,273.26757431030273,86.75964832305908,253.21676740216873,281.9921875,91.86967849731445,202.26753798627195,306.7518615722656,114.16029453277588,260.21509222812904,273.31478118896484,100.39798021316528,394.6191379113548,271.62132263183594,100.59021949768066,432.58274001841716,276.066837310791,102.38847970962524,450.4646581593434
304,12.16,368.3695983886719,125.53112983703613,181.67567581187353,357.68096923828125,89.71194505691528,196.78407360908727,334.6492385864258,69.98755931854248,156.51529231794495,311.74793243408203,65.14674425125122,116.97631670200161,294.2345428466797,69.15295600891113,88.38745260591342,318.35269927978516,53.061407804489136,222.79070799283124,282.2282028198242,50.97864389419556,124.10718810217594,272.58338928222656,60.55081129074097,287.37899257709415,270.9262275695801,68.88047218322754,462.01127313918545,309.64786529541016,68.54749202728271,225.66166737182587,272.4042510986328,63.68257999420166,129.97711323013445,265.57281494140625,72.09235668182373,324.09588621708065,266.69883728027344,78.31826448440552,506.22663751312194,303.9334297180176,88.20008754730225,213.19945898414622,266.9172668457031,77.43049621582031,135.20945285070815,254.54530715942383,80.91223955154419,490.3541300746767,250.08468627929688,83.14968824386597,826.9397137070392,301.10774993896484,109.57785844802856,181.75312342562972,268.94237518310547,100.0184154510498,109.72124819489989,258.14632415771484,98.37255477905273,341.40666795792527,253.16316604614258,96.6402268409729,590.3497736729115
305,12.2,360.9184265136719,123.22949409484863,194.96392198382824,347.71366119384766,89.27674770355225,249.42011044245814,323.89652252197266,70.29074907302856,268.9247417842648,301.7805480957031,66.39153957366943,251.12032218599336,285.0690460205078,71.1303448677063,234.40936250693727,308.464412689209,52.92449355125427,247.23086024264268,273.4126853942871,54.243013858795166,235.01257778272273,266.81407928466797,64.72596645355225,178.03942414792436,266.8473434448242,71.94441318511963,127.53683332242905,300.85540771484375,67.95438051223755,220.3109898179997,263.4893226623535,65.26453971862793,226.35501098066072,257.8784942626953,75.40763139724731,209.45407782131755,259.8202133178711,82.31436967849731,198.87861300675212,296.2965774536133,87.25886821746826,192.3658726476551,257.6369285583496,77.51485347747803,232.0180419645663,247.56053924560547,83.76271963119507,188.600469734292,245.97112655639648,88.19483757019043,162.74002526802627,294.58648681640625,108.387930393219,165.72341696571118,262.41207122802734,98.60660076141357,167.0293583168496,252.56031036376953,98.22906732559204,139.6964091240536,249.0164566040039,98.49921226501465,113.60849991396356
306,12.24,351.42749786376953,122.8789472579956,237.43500389891543,338.44268798828125,88.72726678848267,232.18106276992634,314.76205825805664,70.21270751953125,228.3699409303234,292.53936767578125,67.71925449371338,233.40180277588735,276.52883529663086,73.97906541824341,225.0700001989317,300.0232124328613,54.55430030822754,214.9275049767355,265.23733139038086,58.37300419807434,228.9831234115918,260.8938217163086,70.16645908355713,201.01058699241116,263.39073181152344,77.42446660995483,161.9782962361747,291.7547416687012,69.95877027511597,232.9695538114157,255.09496688842773,68.04480314254761,221.06994589612734,252.5691032409668,79.47200059890747,167.16146765368615,257.06518173217773,85.96027851104736,114.2443933346253,287.0684623718262,89.19439315795898,235.7227777999619,248.24260711669922,79.19140577316284,238.56878325393168,241.1576271057129,88.08965921401978,193.19628947103092,242.4463653564453,94.07306671142578,171.35037086615418,285.63344955444336,109.93058681488037,227.12422956582188,252.96218872070312,99.50011253356934,237.30076207369888,244.43458557128906,100.50931692123413,210.99013842706853,242.49317169189453,102.32719659805298,189.08779392543548
307,12.28,344.81346130371094,124.07482624053955,168.0320024554141,331.38553619384766,89.75011825561523,178.27229273903683,308.71883392333984,71.79609775543213,156.18035447612223,287.1158027648926,68.61848831176758,137.4401638035512,271.37060165405273,73.71638059616089,129.12294922664145,293.44470977783203,57.09350824356079,176.28860237031574,258.69136810302734,61.01052761077881,176.43370764954517,253.85656356811523,71.94633722305298,181.47136212734958,256.1207389831543,78.7522029876709,184.75605472698538,286.17149353027344,72.59734153747559,154.38328536836246,249.38030242919922,71.55357599258423,167.64709361245212,245.20471572875977,81.71557188034058,192.46398287215692,248.49571228027344,87.30790615081787,216.86964250240618,282.31184005737305,91.80444717407227,135.64161835831968,244.2064666748047,83.2335090637207,142.8045619855929,236.7317771911621,91.60447597503662,141.29332151957436,237.76470184326172,97.11381912231445,139.5621467192121,281.69593811035156,112.31624364852905,115.0960330014911,247.90729522705078,102.6009464263916,148.2546775464523,239.01737213134766,102.81806945800781,147.2169736518617,236.81982040405273,103.15987586975098,143.35329958875136
308,12.32,343.8283920288086,125.34946918487549,40.27309983026835,328.9562225341797,92.07359075546265,84.03901368782746,305.8950996398926,75.00319004058838,106.82613277255764,284.81287002563477,71.84533596038818,99.10866810272519,268.89841079711914,76.98144435882568,102.38520708387529,290.550594329834,59.793745279312134,98.95448535685527,257.31754302978516,64.43783283233643,92.30999544193809,248.7508201599121,75.31054973602295,152.86133745741878,247.18048095703125,83.00688028335571,247.5258729709803,282.82142639160156,74.1536808013916,92.34832746866552,246.99148178100586,73.42346906661987,75.8409692941479,240.40155410766602,83.59218120574951,128.91863741949737,241.02264404296875,90.72165012359619,205.39656276197226,279.0404510498047,92.88719415664673,86.14786368184501,241.37998580932617,84.5601224899292,78.05806038421346,230.4913330078125,92.09549188613892,156.49329105120125,227.33688354492188,97.93727159500122,261.50701285764455,278.8871765136719,113.83697032928467,79.85045140974712,245.79761505126953,104.13064956665039,65.14763110333524,234.1555404663086,103.59517335891724,123.0886306995521,228.19366455078125,103.60430717468262,215.93992797438645
309,12.36,342.554931640625,127.24139213562012,57.01465717157175,327.41920471191406,93.21646928787231,47.88394254474198,304.1240119934082,76.6856861114502,61.07139510439305,282.7637481689453,73.64969730377197,68.2578761071762,266.99018478393555,79.17501926422119,72.68552720010474,288.6596870422363,62.095606327056885,74.47354670206097,255.58692932128906,66.79460048675537,73.0982967694442,247.9084587097168,77.24793434143066,52.814722864734634,247.0307731628418,84.54538822174072,38.64436488767448,281.1698913574219,77.0348596572876,83.02394070682662,245.9792709350586,76.66387796401978,84.87056549167139,239.60445404052734,85.83430767059326,59.490018077537634,240.3582000732422,92.24695444107056,41.593562075547915,277.50736236572266,96.0078763961792,86.92316489792067,240.58223724365234,87.50291347503662,76.22508427374875,229.16519165039062,93.72076034545898,52.44132712330373,225.2080535888672,98.43525409698486,54.65747635318115,277.31204986572266,116.71161890029907,81.94749982425829,244.23030853271484,106.09165906906128,62.759501231137385,232.3926544189453,104.73364591598511,52.46360035291606,226.0603141784668,104.06764268875122,54.57714499707863
310,12.4,341.8458938598633,127.4152421951294,18.25100027633558,327.9663848876953,94.09044742584229,25.778430062959817,304.64054107666016,77.32189893722534,20.487329217193917,283.3746528625488,74.59230422973633,28.081492587899167,267.4839782714844,80.02076625823975,24.48366785018454,288.47253799438477,62.07638740539551,4.703332134081418,255.42905807495117,66.53762340545654,7.539916724222799,248.4475326538086,76.73359394073486,18.62704292464659,248.39725494384766,83.83674144744873,38.48256673916931,281.5045738220215,76.6187596321106,13.349896606874209,245.58624267578125,76.29139423370361,13.53734053324411,237.87080764770508,85.50859451293945,44.099453485945176,238.0823516845703,92.4742341041565,57.17922444752567,277.97887802124023,95.27770757675171,21.729494907013862,240.3944969177246,86.8749475479126,16.385733802766246,229.45837020874023,93.14251899719238,16.207959540013288,226.68781280517578,98.22860956192017,37.35295589142117,277.5674247741699,115.94825506210327,20.123690847628357,244.5026397705078,104.0440034866333,51.642144171005775,233.29336166381836,103.00475120544434,48.736218956635916,228.3761215209961,103.43999147415161,59.98390250153041
311,12.44,343.0463409423828,128.17771911621094,35.553166640888364,328.9308547973633,94.70812797546387,28.632711494414036,304.9095153808594,77.97477722167969,17.652854419177928,283.17066192626953,76.15586757659912,39.42035199088856,267.02381134033203,81.85079097747803,47.174834906635574,289.0212631225586,62.86158084869385,23.948225530403178,256.6935920715332,66.96208477020264,33.346792187122745,250.92653274536133,77.49409675598145,64.82575677304335,251.8242645263672,84.22757148742676,86.23058766626086,281.5042495727539,77.98084259033203,34.05207492039623,247.60370254516602,76.98738098144531,53.35343169381225,244.00463104248047,86.63914203643799,155.9285235716644,247.2660255432129,93.38345289230347,230.71430431736687,277.5205993652344,97.00052976608276,44.568315697659486,241.66030883789062,87.51569509506226,35.46862377874175,230.1727294921875,92.55947828292847,23.052191603195077,225.92405319213867,96.17791414260864,54.70763457514328,276.8878364562988,117.6111388206482,44.90978927402235,246.16207122802734,105.5151915550232,55.44201416107069,233.91220092773438,103.58692646026611,21.24102842806401,226.9161605834961,103.14324617385864,37.245332864265045
312,12.48,343.8107681274414,124.99332904815674,81.87142750518504,327.9039764404297,92.57627248764038,59.157031391573355,304.4202995300293,77.63417959213257,14.902577251026788,283.00853729248047,75.77482223510742,10.35253438637622,267.33631134033203,81.3890790939331,13.938124726057113,289.05494689941406,63.5766077041626,17.895495258318114,254.49180603027344,66.17427349090576,58.462105158350916,244.7817611694336,76.20741605758667,156.95095758697818,242.5726318359375,84.23041105270386,231.29082815494195,282.5643539428711,79.24746036529541,41.29271926891849,244.87112045288086,76.67547225952148,68.75814470796205,237.1335220336914,84.97028589248657,176.7717805531093,236.75073623657227,91.56124591827393,266.800191457194,279.2807388305664,98.74214887619019,61.9037966430104,241.05438232421875,88.29854249954224,24.748699444006082,227.89247512817383,92.84598112106323,57.45456814335279,221.81604385375977,97.05671310424805,105.02389114859412,279.4289970397949,119.84737157821655,84.62503344584272,246.9085693359375,107.9651427268982,64.02890055321274,232.68295288085938,104.88154649734497,44.63106962330211,223.38735580444336,103.09266328811646,88.22918237817996
313,12.52,345.5662536621094,125.10500907897949,43.975859085646746,331.54056549072266,92.84238338470459,91.15781278313119,307.94225692749023,75.86583852767944,98.52415322447915,284.71046447753906,73.06029796600342,80.09836979769038,268.1402015686035,77.87362575531006,90.15490722620949,293.9341735839844,63.84690999984741,122.16770330798225,255.74665069580078,57.752054929733276,212.8796617615818,239.65276718139648,61.986215114593506,377.9460407835278,231.87240600585938,68.17157506942749,482.429428746088,287.39295959472656,79.98777151107788,122.12568611296604,246.93296432495117,71.31643295288086,143.54986599373999,233.7608528137207,75.09437799453735,260.89803381315653,229.36132431030273,80.45992612838745,333.3942014468565,283.194637298584,99.60225820541382,100.18230032098944,243.3416748046875,86.33321285247803,75.39159233975636,227.3670196533203,86.27267360687256,164.85689842286155,219.60729598999023,88.63203048706055,217.73528125634533,281.8781852722168,120.88319778442383,66.48053722377863,247.5758934020996,108.45689535140991,20.723507982984184,232.63015747070312,103.87593269348145,25.174968692314636,223.11298370361328,100.78339576721191,58.13774877832451
314,12.56,353.76800537109375,128.19823265075684,219.14145426075126,341.4039611816406,94.44592237472534,249.82232667454872,317.6027297973633,76.17618799209595,241.63641703447868,294.06192779541016,70.80883026123047,240.46695850355957,276.8879508972168,75.18869876861572,228.76291116586955,304.1468048095703,64.2564868927002,255.5210238182123,263.0795478820801,53.38591933250427,213.35785841798324,244.54524993896484,54.81337308883667,217.0628512948023,235.0122833251953,59.83367443084717,222.73781762326306,296.6767692565918,80.32969951629639,232.25260574223782,252.07244873046875,67.06277847290039,166.78555915759068,234.8215675354004,68.4025526046753,169.38425762373575,227.43070602416992,72.69063234329224,200.13934659049042,291.3352394104004,100.64240455627441,205.16960540933925,249.38589096069336,83.20464849472046,170.14784725561708,231.48120880126953,81.30227565765381,161.30601375704558,221.8548583984375,82.3633360862732,166.48585951652169,289.0439033508301,122.9542064666748,186.47485176312003,255.15335083007812,109.01013135910034,189.9406669743081,238.97552490234375,103.63820314407349,158.74547863873804,227.28836059570312,99.91636276245117,106.61120491751291
315,12.6,365.38318634033203,134.67212677001953,332.4377141055705,353.7031555175781,99.19101476669312,329.5698741555684,329.61708068847656,79.28113460540771,310.2270547581951,304.22019958496094,73.914635181427,265.5613276070852,284.6845054626465,77.42597579956055,202.78016360845646,318.2070541381836,66.82141542434692,357.30717663099915,270.3828239440918,54.14936900138855,183.57678338176527,250.12348175048828,58.84612441062927,172.0823810099977,241.90811157226562,66.7512559890747,244.18919640800883,310.60550689697266,84.8082160949707,365.77558266649584,260.9420394897461,66.87353610992432,221.79023438403854,241.31534576416016,69.46490049362183,164.50254314421608,234.6916389465332,75.6376576423645,195.90511896137207,304.28049087524414,106.90549850463867,359.51867240631276,258.8840675354004,85.9130072593689,246.919224446935,239.76652145385742,84.89690780639648,225.78721459029097,231.35269165039062,86.84365510940552,262.53820558985774,301.00263595581055,130.9377908706665,359.4691445843113,266.7142105102539,113.57211828231812,310.7100751025021,250.3101921081543,107.39099264144897,298.4942521202134,239.26307678222656,102.97511100769043,308.97994329683104
316,12.64,380.4692840576172,145.1745843887329,459.5459446347197,365.20511627197266,108.45911264419556,369.28371499989447,338.6134719848633,87.52374172210693,305.0365023627944,312.1660041809082,84.84170436859131,337.76531395524125,291.3534164428711,88.33713054656982,319.69484627467745,328.6890411376953,73.19643259048462,306.70924273495876,279.91899490356445,62.24091053009033,312.6615591168381,261.9133758544922,68.78176689147949,385.4531379517016,256.61373138427734,76.91660642623901,446.9267302686399,320.68382263183594,92.2158694267273,312.6957146483196,270.8794593811035,76.38736724853516,343.9343115254236,251.6573715209961,79.67676401138306,363.35214776821596,244.87621307373047,85.17320394515991,348.7945253343392,314.6117973327637,116.09724998474121,345.70958584405787,266.3285255432129,97.93179273605347,353.43949213819434,249.59026336669922,98.18752527236938,413.1785463006191,244.3071746826172,100.38796663284302,468.5529621052511,311.35692596435547,141.92087173461914,377.35873751409923,275.9870147705078,126.34613513946533,394.62039157561304,258.7555694580078,120.97543716430664,399.89180691158236,247.86104202270508,117.71374225616455,426.57960669359136
317,12.68,395.0183868408203,150.89195251464844,390.80421095754883,372.349853515625,119.02976989746094,318.9691061126109,338.6923599243164,99.60295915603638,301.98687587701573,306.9404411315918,101.76042079925537,442.68320701970606,285.9161567687988,113.92674207687378,654.0221761507584,328.74927520751953,87.66456127166748,361.706351615535,272.282772064209,88.4060525894165,681.4169787275142,271.2109184265137,99.95239019393921,813.1928026851922,282.6951026916504,104.6658182144165,952.0558952006805,326.06231689453125,110.46278715133667,475.5774167935951,265.98167419433594,108.7706708908081,818.7897526698201,265.31286239624023,116.99129104614258,993.3674920666556,276.75708770751953,118.64324569702148,1155.5934250112396,325.01319885253906,135.4784059524536,549.8967858950781,266.44126892089844,129.1065788269043,779.3747489492451,265.914249420166,134.51355457305908,995.6319994820955,275.59837341308594,134.19786930084229,1151.6967473062498,325.63671112060547,160.1088809967041,578.0981453364699,282.67810821533203,151.15872859954834,642.4735041728976,279.642391204834,150.09740352630615,895.9451181131025,284.11672592163086,147.93439865112305,1179.9795252251658
318,12.72,409.15924072265625,162.36890316009521,455.3049421990824,378.8961410522461,133.7460994720459,402.66629845624396,338.22425842285156,125.0174331665039,635.4696138705233,307.0680809020996,138.6302375793457,921.750942943797,290.92432022094727,159.50232982635498,1146.2482006185703,324.63462829589844,118.8988995552063,787.6048371557639,269.2493438720703,134.7568416595459,1161.2486098001605,280.91556549072266,141.06712818145752,1056.1137055329143,298.0162048339844,139.21528816223145,944.8551623565113,327.9158020019531,141.62672996520996,780.4753114087753,268.8092803955078,156.02209568023682,1183.3988395348647,282.5997543334961,159.3213129043579,1143.0954092308277,300.6768989562988,156.681547164917,1123.3515001825258,333.23490142822266,165.58251857757568,780.1658438230603,279.47980880737305,175.47552108764648,1204.180823410471,293.4330177307129,174.79206562042236,1219.539119278807,309.0797996520996,171.20244026184082,1247.583708365417,340.05409240722656,189.13573265075684,810.2542039809929,299.7582817077637,189.18940544128418,1042.2525808231742,310.27196884155273,186.04156494140625,1180.6125968217073,323.6375045776367,184.03281211853027,1338.1394266949762
319,12.76,420.322265625,172.16187000274658,371.24396001114934,382.6016616821289,150.76573848724365,435.4588064229847,341.86973571777344,151.52832984924316,669.0091309310856,315.12685775756836,171.24077796936035,839.7883769643306,302.27535247802734,194.4318151473999,918.1894133614144,323.70723724365234,140.60327053070068,543.1043716483447,278.5679054260254,171.4407205581665,946.2235995271915,289.14623260498047,181.1683702468872,1023.4297412181968,302.91540145874023,177.68780708312988,969.5800765302045,331.2629699707031,162.3281192779541,524.2560519970318,279.79686737060547,190.97817420959473,916.0562529417792,292.46362686157227,197.22630500793457,979.1847398545208,308.79262924194336,192.29577541351318,913.1806816740989,342.2358703613281,185.63532829284668,549.5069490072423,294.1983413696289,209.37147617340088,923.8408182560678,306.38275146484375,210.03301620483398,938.6227283491717,320.74806213378906,203.5059356689453,858.6559864325842,354.89471435546875,208.0444622039795,600.928507149334,317.9438781738281,219.58075046539307,885.420017280275,326.8372344970703,216.9200849533081,876.031900233695,339.57714080810547,211.71621322631836,798.6092207919788
320,12.8,423.0660629272461,185.00168323516846,328.2426955387667,385.7332992553711,163.0831003189087,317.73077870885925,347.5643539428711,159.5752716064453,246.45226258524437,321.2856674194336,171.72168731689453,154.43892452121307,308.24119567871094,189.9007272720337,187.28661596172816,329.73094940185547,151.48449897766113,310.93230842884583,288.5397720336914,178.41437816619873,304.21006730049044,288.321533203125,195.9811305999756,370.89250327878676,293.8949203491211,202.10662364959717,650.7916726744113,336.4197540283203,172.86948680877686,293.3777974267768,287.8941345214844,198.2953977584839,272.84095158296975,291.5920639038086,211.94171905517578,368.53004674915053,302.26837158203125,213.77832412719727,561.2852646208139,346.92874908447266,196.36462211608887,292.7678865752757,298.76182556152344,216.62083625793457,214.1532885646716,304.92137908935547,224.79576587677002,370.8726087689071,317.0442199707031,223.81985664367676,516.2205391936953,359.8446273803711,219.0355110168457,301.35609434780974,318.69062423706055,230.20942211151123,266.3717921486213,321.8354797363281,231.27519607543945,380.0384569482297,332.15457916259766,228.0780029296875,449.1676911790852
321,12.84,421.53419494628906,189.80679988861084,126.08470754881095,387.4517059326172,167.09712982177734,109.15972917674335,350.96405029296875,163.23835372924805,124.9402504981489,325.5714797973633,176.07996940612793,152.81281545600967,312.8940963745117,193.85247230529785,152.6142475592289,331.9861602783203,156.9274663925171,147.29195152932888,288.0244827270508,184.94683742523193,163.81877761810992,289.4401741027832,201.15627765655518,132.3666888788785,297.49366760253906,205.53083896636963,124.18794307822947,339.1952896118164,178.28089714050293,152.04226294349192,290.8315849304199,203.51318836212158,149.69542763634564,294.3322944641113,215.0099802017212,102.84420859672043,305.3091812133789,215.65226554870605,89.29648532187258,349.39640045166016,201.13683700561523,134.31152738549542,301.3157081604004,220.7336139678955,121.03010168032071,306.2700653076172,227.23493099212646,69.67998715243189,317.4739456176758,225.5738925933838,45.1477175816419,361.9661331176758,223.1389617919922,115.48564536736532,320.74684143066406,234.87492084503174,127.4630034062634,322.5682067871094,235.3447437286377,103.37464338692392,331.02699279785156,232.337908744812,110.16535459166865
322,12.88,418.4678649902344,190.11779308319092,77.05150942094461,384.1651153564453,168.35736751556396,87.99814152946071,349.73960876464844,165.0167942047119,53.97978545856037,325.39417266845703,176.31583213806152,7.3768661315356265,312.5868797302246,192.52723217010498,34.00958947904484,330.1657485961914,160.2002191543579,93.62428014599135,288.30562591552734,187.4024248123169,61.79073002905409,285.74771881103516,203.6907720565796,111.96508369050055,290.62816619873047,210.17735481262207,207.25168731999025,337.00565338134766,180.53112030029297,78.49367446901718,290.1023864746094,206.03344917297363,65.59080033945844,289.63199615478516,218.90250205993652,152.57074304510886,297.2066307067871,222.28334426879883,261.75194567559834,347.2035217285156,202.39726066589355,63.232630509341206,300.5994415283203,222.43768215179443,46.212053782048585,299.4250297546387,231.04358196258545,195.83209315686432,305.0926971435547,232.13642120361328,350.3231504072406,360.02437591552734,223.2796812057495,48.67123756326428,321.12491607666016,235.9390926361084,28.233424770876393,317.5598907470703,237.89125442504883,140.46339888884057,319.84262466430664,236.34520053863525,297.0148124120856
323,12.92,412.54417419433594,190.0449800491333,148.10345704806434,380.1646423339844,168.85057926177979,100.7690497810557,345.8310317993164,164.79303359985352,97.87441794913376,321.5721130371094,176.92704677581787,96.76557742485511,308.74717712402344,193.59519481658936,99.63640247907006,327.7642059326172,158.37793350219727,75.36632273037182,287.2216606140137,182.80800819396973,118.01388911329,283.3916664123535,199.4143009185791,122.06347810536099,287.3531723022461,206.63207530975342,120.66117793088658,333.05286407470703,178.5963535308838,110.02234362477954,286.21667861938477,200.7891082763672,163.1752067870092,285.7703399658203,213.54264736175537,165.1522610112125,294.1822814941406,217.16996669769287,148.52044965408987,341.64215087890625,200.35027027130127,148.153247100844,294.61570739746094,217.90001392364502,187.7423551998324,294.4749450683594,226.54126167297363,167.2838650161512,301.9662857055664,227.67977714538574,136.09767802326473,352.34264373779297,221.31015300750732,198.25496616432906,313.3093070983887,230.8677864074707,232.9188305046649,310.0832939147949,233.57415676116943,215.83679081638186,313.86844635009766,232.73324489593506,174.52977914742567
324,12.96,406.84017181396484,190.48447608947754,143.02272530256636,375.93433380126953,166.22340202331543,124.49289769969111,342.3210144042969,160.95398426055908,130.0445162792263,318.1972122192383,172.9015874862671,131.32564016191216,305.627384185791,189.03247833251953,138.18350501110694,327.6818084716797,152.22729206085205,153.77983345021644,287.3971176147461,172.07051753997803,268.4731023581146,287.0219612121582,185.18342971801758,367.165439090865,293.7063407897949,189.35185432434082,460.2776248742963,329.1184616088867,171.56826496124268,201.36029851017838,283.2570457458496,190.00442504882812,279.58542865338177,287.1687698364258,200.60989379882812,325.2035139939383,298.5247802734375,201.22278213500977,413.19637516899365,334.5086669921875,192.3860263824463,267.296386389762,288.50582122802734,207.16722965240479,308.75087774816296,294.20116424560547,214.09536838531494,311.2226048854496,305.4131889343262,212.29675769805908,394.1116824464741,342.46776580810547,212.6786470413208,327.8872799554586,305.2930450439453,220.07676601409912,336.067867453575,308.29830169677734,222.7875566482544,273.33237460818884,317.643985748291,221.04984283447266,306.9574293337496
325,13.0,400.9572982788086,185.42548656463623,193.9741864963865,372.4634552001953,160.31624794006348,171.28460896026814,340.4483413696289,153.10797214508057,201.66000224853744,316.0594367980957,162.69837856292725,260.6189220928748,302.2782516479492,177.35283851623535,303.7584103713852,326.0941696166992,144.98597145080566,185.333013301945,284.0731430053711,161.12066745758057,286.0813084058767,283.52428436279297,173.86167526245117,296.2430033928262,291.15259170532227,177.7229404449463,297.650458172858,326.7359161376953,163.4877634048462,210.61076112882486,280.52978515625,178.6186122894287,292.69724387548234,284.69369888305664,189.17623043060303,292.4622136299236,296.17197036743164,189.67267513275146,294.6827597364405,330.94444274902344,183.78244400024414,232.81608119782237,284.5914840698242,195.08581638336182,317.4926987009871,290.88287353515625,202.60823249816895,298.9202905132184,302.65356063842773,201.40874862670898,280.80719572035247,338.0318069458008,204.08114433288574,241.86099294016964,299.8141288757324,208.89912128448486,311.2055832562476,303.1226348876953,212.18383312225342,294.98567712528427,313.4936714172363,211.40672206878662,262.4581956571407
326,13.04,396.5010452270508,182.01115608215332,140.3474347488065,369.9040222167969,156.8798303604126,107.12044324684665,338.60565185546875,148.48471641540527,124.42366682923314,313.72196197509766,157.13337421417236,150.89951530283844,298.54103088378906,169.43670272827148,218.84929868169576,322.89093017578125,139.10608291625977,167.39517633159412,282.30335235595703,153.65394115447998,191.8400385545331,277.75930404663086,167.0163631439209,223.73714494613148,281.348934173584,172.67985820770264,275.6179187879609,323.09600830078125,157.00292587280273,185.91336503568652,276.6447639465332,169.5521879196167,246.5935936078208,278.1863594055176,180.79457759857178,265.2800068708484,287.6024627685547,183.20862293243408,268.3519509613702,326.73343658447266,177.20149040222168,195.3226868178807,279.68273162841797,185.55872440338135,267.9334480402969,283.07926177978516,193.1501340866089,306.5452474669531,292.9635238647461,193.11201095581055,318.9167883780655,333.1809616088867,198.0529546737671,193.43889708536835,295.3865432739258,200.5955171585083,235.25698148814368,294.6086120605469,202.57381439208984,320.9760940234679,301.1159133911133,201.15835189819336,401.74462108001467
327,13.08,393.2204818725586,178.45816612243652,120.89725383741508,367.25040435791016,152.93128967285156,118.93449169166483,336.99512481689453,143.49969863891602,130.96802943345693,314.2733573913574,149.70295429229736,186.27126912192665,300.8734130859375,161.42021656036377,208.72238921764375,319.9629783630371,135.1812744140625,122.41584761753592,281.5846252441406,150.20974159240723,87.95978940914601,280.0453186035156,162.92447090148926,117.17893549493358,285.0564956665039,167.21755027770996,165.04321431416733,319.7366523742676,153.33681106567383,124.3122832327229,274.90474700927734,166.0735559463501,97.23855764102129,278.18655014038086,176.82867050170898,99.14767753623397,288.5432815551758,178.87822151184082,110.78559375189347,323.35723876953125,173.61484050750732,123.14313103272758,277.1664810180664,181.96070194244385,109.76475630725395,282.00395584106445,189.573655128479,93.36582819678269,292.7204895019531,189.86459255218506,81.41249900085866,330.20843505859375,193.9517068862915,126.62974449766435,292.84433364868164,195.65683364868164,138.86464765401445,292.7756881713867,197.4507236480713,136.02772868725742,299.60729598999023,196.39270305633545,124.96833435633027
328,13.12,391.73656463623047,173.77288341522217,122.86650380289166,365.16605377197266,150.1631784439087,86.62764116066538,335.72383880615234,142.82110691070557,36.026508076557576,313.7466049194336,148.4812831878662,33.25985243202282,300.96988677978516,160.19609928131104,30.697824500280973,317.68184661865234,134.7395896911621,58.0874740675834,282.33909606933594,149.3345546722412,28.887479676545986,278.29540252685547,162.51118183135986,44.95146084140435,281.5296745300293,169.03786182403564,99.22197795338319,317.5511932373047,151.56962871551514,70.26363345486313,277.4234199523926,165.01326084136963,68.3188256633297,277.62428283691406,176.50354385375977,16.2375309421283,285.55017471313477,180.51557064056396,85.29214770863722,322.08431243896484,171.12173080444336,69.98186119703156,280.42518615722656,181.1827039718628,83.75723859097587,281.4859390258789,189.69582080841064,13.305681919957566,288.74717712402344,191.66298866271973,109.03393916286883,330.2690887451172,191.1727237701416,69.4911236666917,296.5692329406738,196.26461505889893,94.35396447052983,295.06582260131836,198.6359453201294,64.46639686240874,299.31068420410156,198.08575630187988,42.97097744245969
329,13.16,389.9652862548828,169.10266399383545,124.87087467692193,364.21722412109375,146.39448165893555,97.15758193346873,334.86244201660156,139.7636890411377,79.41114711660973,313.1666564941406,147.43018627166748,30.011923705861008,301.55879974365234,160.0623893737793,15.097533291546778,317.4197196960449,131.7111110687256,75.99503803748743,282.13104248046875,149.12426948547363,7.39535984648448,280.6497573852539,162.61294841766357,58.913831341588605,285.6587028503418,167.6505947113037,108.89612284193781,318.01958084106445,148.10630321502686,87.37137141853239,278.4186553955078,164.44082736968994,28.702936116493778,281.12972259521484,175.75355529785156,89.61930153805146,290.3942680358887,178.1454563140869,134.82090444391577,322.7253723144531,166.71247959136963,111.39023191003221,282.9373550415039,179.75350856781006,72.25645302539046,287.0662307739258,187.8549098968506,146.90262288677178,296.2811279296875,188.22504043579102,207.03245934093349,330.6783676147461,185.6639528274536,138.09884705376848,299.61591720581055,192.99529552459717,111.72157140856554,299.9162292480469,195.3492307662964,146.47725334716196,305.16775131225586,193.80343437194824,181.38962935659453
330,13.2,390.38818359375,165.15727043151855,99.19983782998509,364.92008209228516,142.3760747909546,101.98530250820403,335.96973419189453,136.02540493011475,97.47071373043185,314.4017028808594,143.53248596191406,102.21731532010286,303.01197052001953,156.33679389953613,99.97426838626015,318.3042526245117,127.47147560119629,108.27311358052609,284.86412048339844,146.13929271697998,101.17991919887356,281.8666458129883,160.57391166687012,59.3637532329292,285.6040573120117,167.0381498336792,15.371948131822116,318.13791275024414,142.70211696624756,135.13704028740915,279.99353408813477,160.92269897460938,96.36347304853945,281.42494201660156,173.53609085083008,55.92574921585878,289.83495712280273,177.37915992736816,23.71759433673709,322.15709686279297,160.46710968017578,156.77926823364794,283.8133430480957,175.76236724853516,102.15357316962803,286.94372177124023,185.23062229156494,65.67863946422607,295.3263473510742,186.585431098938,47.43366902049071,329.8373031616211,178.92120838165283,169.8749394328217,299.64550018310547,188.59554290771484,109.99630176257202,299.76470947265625,192.2494125366211,77.58797949490022,304.7981071472168,191.40345096588135,60.70706897750809
331,13.24,390.59871673583984,161.0410737991333,103.03943092445826,364.89933013916016,139.1634464263916,80.3173846855133,336.29295349121094,133.4869909286499,63.97273031477625,314.6482467651367,141.19096755981445,58.86155533456062,302.97096252441406,153.8756275177002,61.537699902087354,318.5171890258789,124.88794326782227,64.8073164687842,286.24881744384766,145.901141166687,35.125683562603534,282.21435546875,161.51577472686768,25.099900753014666,285.05714416503906,168.95207405090332,49.76331417073537,318.52386474609375,139.59739208221436,78.21554971933044,280.3021049499512,159.58674430847168,34.27818955561612,280.4769515991211,173.37854862213135,24.024796896359973,287.9613494873047,178.4088134765625,53.44735729648541,322.78038024902344,157.11164474487305,85.32155029503501,284.9359703063965,174.60070610046387,40.38679072433704,285.6048393249512,185.34112930297852,33.58587877137265,291.89592361450195,188.024582862854,93.0018978704904,330.8656692504883,175.87546348571777,80.36673279351373,300.8162498474121,186.61728858947754,57.468170125397755,299.21142578125,190.58847427368164,43.76670221521476,302.2279930114746,190.12873649597168,71.7216130715617
332,13.28,389.6212387084961,162.33498573303223,40.54065387535306,365.2191925048828,139.35094356536865,9.269139325278324,337.27779388427734,132.42987155914307,36.119696506907104,314.7752380371094,138.89950275421143,57.374524717391736,302.6731300354004,151.35180473327637,63.533385115076136,318.49767684936523,122.93031692504883,48.94308954638543,286.0074806213379,143.78545761108398,53.23509397796356,281.67776107788086,159.65699672698975,48.367016092725976,284.44528579711914,167.46947765350342,40.097246943967356,318.0499839782715,136.57264709472656,76.5410234018511,279.47994232177734,157.25167751312256,61.889459552433635,279.81807708740234,171.82604312896729,42.16329067222762,287.5201606750488,177.6135778427124,22.735534981124573,321.85791015625,153.56972694396973,91.50181958715783,283.72182846069336,172.4312925338745,62.15150664097643,284.63890075683594,184.4212245941162,33.34724492705086,291.38031005859375,188.14249992370605,13.22312775680096,329.3290328979492,172.26606845855713,98.07198804333906,298.65699768066406,184.714994430542,71.94222068232271,297.7784538269043,189.9101972579956,39.63480424410232,302.0891571044922,190.1505947113037,3.513651114326551
333,13.32,388.4150695800781,163.9881992340088,51.16125759644539,364.06715393066406,141.25669956207275,55.672585238728665,335.9373474121094,134.1062593460083,53.66023176372373,313.51518630981445,140.3098440170288,47.281027068636675,300.8593559265137,152.25078105926514,50.60839204591021,317.99596786499023,122.83658981323242,12.759718758950935,285.5889320373535,143.41803073883057,13.923573167681646,282.05774307250977,159.09563541412354,16.94684409825761,285.1371765136719,166.28657341003418,34.259808931798894,317.1214294433594,136.4882755279541,23.30949492140332,278.40518951416016,156.1659336090088,38.19304111026999,279.5454216003418,170.75005531311035,27.749896334229774,287.5651550292969,176.02356433868408,39.76625009749643,320.55633544921875,153.7130641937256,32.73608755211,281.55065536499023,171.9160795211792,55.78663067861596,283.5334014892578,184.05735969543457,29.096029530551625,291.11162185668945,187.32351779937744,21.548275305293757,327.6372528076172,172.7350902557373,43.88978611443938,296.11608505249023,185.20557403564453,64.69594912432595,294.4225311279297,190.97967624664307,88.0553890622666,298.1013870239258,191.62975788116455,106.3315390022328
334,13.36,385.46817779541016,167.18303203582764,108.6598126669919,361.9369888305664,143.90700817108154,85.00639342374548,333.79783630371094,135.74953079223633,67.4437211168906,310.4307174682617,141.37580394744873,81.58668169411335,297.0698356628418,152.61045455932617,95.16376954829603,316.70923233032227,123.83341312408447,40.69202201626342,282.32351303100586,143.33702087402344,81.66059287231427,277.8876304626465,159.01531219482422,104.27215291755559,280.84054946899414,166.5264129638672,107.58289528498169,316.2989616394043,137.45927810668945,31.812922850366476,276.02439880371094,156.96651935577393,62.79481440017951,277.0590591430664,171.34828090667725,63.93293424434595,284.8447799682617,176.09074115753174,68.03010913233805,319.6951675415039,154.76599216461182,34.00613434691376,279.4075012207031,172.4989128112793,55.52479361861643,281.1983871459961,184.65185165405273,60.23761632121792,288.895263671875,187.95784950256348,57.63365072302007,326.2263488769531,173.94198417663574,46.416880266402714,293.65135192871094,185.73912620544434,63.04555540119844,291.4135932922363,191.30013942718506,75.64887453372211,294.75830078125,191.8436622619629,83.74806232867718
335,13.4,384.4369125366211,168.7776231765747,47.475183913113455,361.42398834228516,144.82436656951904,26.276366902606323,332.75062561035156,135.9460973739624,26.637481315545962,308.71387481689453,141.66861534118652,43.54083716650513,294.7300910949707,152.91592597961426,58.9900279257812,315.6397247314453,123.66448402404785,27.06916540196992,280.3575134277344,142.51294612884521,53.293137607623706,275.9070587158203,158.03421020507812,55.256365914988805,279.2826843261719,165.1891851425171,51.32690601315605,315.5403518676758,138.0289363861084,23.717073769129694,274.59266662597656,156.62611484527588,36.79106769590473,274.94388580322266,170.83893299102783,54.390908918461314,282.59403228759766,175.4853057861328,58.26886556598865,318.96080017089844,156.0560703277588,37.11129462541236,278.3504867553711,173.02997589111328,29.573082933259563,279.5151138305664,184.5677661895752,42.13430475703598,287.0156669616699,187.41947650909424,48.87950281758437,325.50830841064453,176.01366519927979,54.8147127309364,292.44314193725586,187.05694198608398,44.69626533024575,290.02912521362305,191.83716773986816,37.1243793662131,293.41352462768555,191.6828727722168,33.858862975670924
336,13.44,386.3182067871094,167.6427984237671,54.926628767982,362.5957489013672,143.498854637146,44.22954817401176,333.35208892822266,134.42527770996094,40.885897424708325,309.2597198486328,138.88358116149902,70.95052052619572,294.45117950439453,149.67126846313477,81.41557772704111,317.4583625793457,122.25282669067383,57.55551694171258,281.9621276855469,138.61292839050293,105.43044293442843,274.4319534301758,153.96583557128906,108.18851534646228,275.7573127746582,163.08245658874512,102.67226309811008,317.4614906311035,136.2425136566162,65.5842984104759,276.6912841796875,152.17403411865234,123.04780177109124,273.06644439697266,167.26391315460205,100.95033761935804,278.4311294555664,175.08845329284668,104.54440411363855,320.1761245727539,154.21175479888916,55.21839125109842,280.8775329589844,169.51266288757324,108.27468910157438,279.93133544921875,180.61407566070557,99.38847152055345,286.2452507019043,184.403715133667,77.81531776757585,325.87005615234375,174.28407669067383,44.175345483413196,294.13475036621094,183.60068321228027,96.20051906177208,292.1465873718262,188.21185111999512,104.96001198596412,296.15150451660156,188.78504276275635,99.66805103642199
337,13.48,391.61590576171875,161.96664333343506,194.10749443781057,369.1954040527344,137.34885692596436,225.52427802304743,340.4344177246094,127.62472629547119,245.46751404367012,316.1020851135254,130.89557647705078,262.94745346857746,300.6887435913086,141.16278648376465,263.748781195793,325.69889068603516,115.79748630523682,261.698446414228,286.3492774963379,130.06001472473145,240.3115369115477,277.1478843688965,146.55949115753174,197.21533034841423,278.3728218078613,156.8250846862793,169.55012280395115,325.2346420288086,129.39027786254883,259.0547939494928,279.94640350341797,143.8326644897461,223.8501858076109,275.81371307373047,159.50108528137207,205.8655231147431,282.55558013916016,167.4090814590454,217.92178241742099,327.2673034667969,147.19951629638672,249.31945737760088,284.7241401672363,162.1936798095703,206.70616269034699,284.9734306335449,173.27955722808838,222.51107344102908,293.3078193664551,176.2419605255127,269.83109812577953,332.4559783935547,166.77523612976074,249.69613825669498,297.81158447265625,175.35545825958252,225.69731329663242,295.77083587646484,180.46019554138184,213.9265958115395,300.6807518005371,181.03787899017334,224.34993241343437
338,13.52,399.4921112060547,155.30892848968506,257.8271939958964,378.16234588623047,130.06693840026855,288.78233937969395,349.31217193603516,117.08453178405762,344.51979277042363,324.7138214111328,119.96656894683838,347.8552210106316,309.43151473999023,131.50255680084229,325.7261933789582,336.13086700439453,102.54462718963623,421.6518147749162,296.9466781616211,115.9859561920166,440.4429761918877,285.66349029541016,131.93827629089355,423.0066994682798,283.9546585083008,141.52161598205566,407.2415248746167,334.7456359863281,117.62998580932617,378.1232233322434,287.9374122619629,128.4158992767334,434.1175464464521,281.93553924560547,143.1859302520752,435.6468174655968,286.6521644592285,150.77939987182617,428.17075506137775,335.97999572753906,137.34349250793457,328.8732766478331,292.5762367248535,149.24803733825684,378.5210358629516,294.3725776672363,158.44219207763672,439.098059641001,304.03575897216797,160.09592056274414,484.62826905213035,339.3937301635742,158.68386268615723,266.46144635089956,308.1624412536621,162.99017429351807,403.1442698202977,308.67176055908203,165.37047386169434,496.3199308642765,314.9428939819336,164.55739974975586,544.8709110859427
339,13.56,407.3911666870117,149.37246322631836,247.0282085542013,389.1738510131836,121.6199254989624,346.95575376745404,359.38201904296875,105.46988725662231,384.30276821773424,332.5801467895508,106.82430982589722,382.91484836800186,315.5210876464844,117.31380701065063,386.0080300267171,347.93384552001953,91.4102840423584,405.6506341373373,304.90013122558594,100.07009983062744,444.8116872319845,297.04933166503906,113.5216498374939,541.3002364783413,299.7856903076172,120.47811985015869,658.3361115741573,345.1180648803711,108.21325778961182,350.2338930622389,296.778507232666,114.71318006515503,407.68360439833657,294.8236846923828,125.71786880493164,542.7001150373418,303.22574615478516,130.43498039245605,656.0197282532098,344.66556549072266,128.6392307281494,307.41187278039314,299.28829193115234,134.76624011993408,399.0411443111348,302.9092788696289,141.56935214996338,472.73670965177496,313.75965118408203,142.51519203186035,502.26741845452347,345.9019470214844,150.25792121887207,266.1688565080698,312.0857048034668,150.94455242156982,316.71063603388814,313.8986587524414,152.02935218811035,358.21256977623966,320.91869354248047,151.04139804840088,369.4527053450676
340,13.6,414.8505401611328,144.76983547210693,219.12672542141385,398.9915466308594,112.49995708465576,335.00090589362685,368.87821197509766,94.75071430206299,358.01392172125367,341.23729705810547,96.93785905838013,328.52716739913205,323.0055618286133,106.49022102355957,328.98268134784485,360.4479217529297,78.9232850074768,441.9610056754305,315.2910614013672,81.75422430038452,526.4519958869189,319.2997741699219,92.33179807662964,768.1520069745709,332.4332046508789,96.4634370803833,1013.2143101679017,353.1509780883789,97.34214305877686,337.92457562520815,305.99132537841797,96.53780221939087,509.4239258852782,314.31968688964844,105.13999700546265,708.6708110395683,329.94335174560547,108.64135980606079,861.9717029760839,349.2815399169922,118.135085105896,286.84086960094265,306.1298179626465,116.35350465774536,491.06727240277,315.81878662109375,121.2181806564331,602.5080764729477,329.32525634765625,122.71150588989258,629.7192077217109,348.48976135253906,139.64909076690674,272.99732893674866,318.8208770751953,132.8514289855957,482.65131124812604,327.23270416259766,133.85949611663818,563.4383488114088,338.2990264892578,134.8655891418457,593.5764310106913
341,13.64,414.2576599121094,140.54306030273438,106.70384049469152,400.5864715576172,107.4634051322937,132.0763062845573,372.210693359375,87.7768349647522,193.2298262237313,343.29811096191406,87.50882148742676,241.29041560506118,323.42002868652344,93.71013164520264,319.670208276336,366.4073181152344,70.31985998153687,261.64542703344256,323.0406951904297,66.62351131439209,424.9965436102534,319.04895782470703,76.39895439147949,398.3704437568567,325.5526351928711,82.35076904296875,392.5156328102839,357.9184341430664,86.54707431793213,295.0234591868707,313.6999320983887,79.48151350021362,467.9340247534304,314.39746856689453,88.44398975372314,417.40471078697504,323.96568298339844,93.5186219215393,406.53238259286235,351.58973693847656,105.32461881637573,325.4187879150154,311.0530090332031,96.35448932647705,514.9019473025384,315.18516540527344,102.42230415344238,470.1638340520358,324.75475311279297,105.47830581665039,445.7246098940257,347.50389099121094,125.24456977844238,360.9554727356057,317.9299736022949,113.36705446243286,487.6182930562229,321.7666244506836,114.86681699752808,494.0900016308261,329.96166229248047,116.69504642486572,499.800125287161
342,13.68,410.89942932128906,137.20221519470215,118.42444515645884,399.8910903930664,101.84009313583374,141.65361090866716,376.16546630859375,81.35601282119751,188.52583721972067,352.5297164916992,77.08309650421143,348.1363616487082,335.00926971435547,81.35250091552734,423.5427552592834,364.9557876586914,65.1826286315918,133.45899793834218,324.13379669189453,60.899834632873535,145.6780389400371,318.2941436767578,70.00352382659912,160.99549005358497,321.8136978149414,75.83157062530518,187.88227817729873,355.9694290161133,80.95988988876343,147.93421432860526,313.8322448730469,72.80547380447388,166.93376809649425,314.3507766723633,82.1361780166626,157.69961367108218,322.77793884277344,87.31570243835449,157.8902828281058,349.01580810546875,99.73203420639038,153.9117284704815,309.2299461364746,87.54269599914551,224.96007974893132,311.2497329711914,94.55431938171387,219.93296252974542,319.16149139404297,98.78410577774048,218.08382966100396,344.49851989746094,119.65189933776855,158.72582112942206,312.40528106689453,105.0286316871643,250.06439419405822,312.9152297973633,105.97804069519043,313.60557578531945,318.5811996459961,107.8870940208435,359.7698531696573
343,13.72,406.4454650878906,138.88356685638428,119.01875063050409,397.9527282714844,102.31487274169922,49.891528517686325,375.4977798461914,81.49353504180908,17.04254920114092,353.36902618408203,75.08183240890503,54.25344884711399,337.3894500732422,77.7867865562439,107.17852348077446,361.5795135498047,65.03756046295166,84.48473098691936,324.61177825927734,61.12792253494263,13.240337746542044,315.69726943969727,68.72779369354248,72.33275181192779,314.2766571044922,74.09422874450684,193.36710468973385,350.29136657714844,80.0505781173706,143.76030606181104,312.57795333862305,71.94910526275635,37.96885510331699,309.438419342041,79.33715343475342,141.3457488547647,313.1726837158203,83.70392560958862,256.54660628561885,342.2780990600586,98.14790725708008,173.03572855795744,306.7474555969238,85.718092918396,77.02246296227379,302.2966766357422,89.58966493606567,255.93579701560625,303.68003845214844,92.16238260269165,420.9532359709579,338.1514358520508,117.32311248779297,169.02056840832896,309.65057373046875,104.2431378364563,71.61273061953666,304.3042755126953,102.28481769561768,234.23870012395315,303.27959060668945,101.44123792648315,415.0966001885835
344,13.76,400.2694320678711,138.59344482421875,154.57108934467544,391.28910064697266,103.01790475845337,167.51527380872076,369.9188232421875,82.44220018386841,141.4759748621591,348.309326171875,76.8004560470581,133.5903987548,332.47684478759766,79.39244985580444,129.20875871070587,355.7229232788086,65.95630645751953,148.20539760088997,320.75828552246094,63.68009090423584,115.55023165791786,313.1754493713379,71.78790092468262,99.13322072864953,312.5723648071289,77.34079599380493,91.66791675344629,344.6958923339844,80.71751832962036,140.8770324889498,308.09886932373047,72.81366348266602,114.04400063155336,305.491886138916,80.0951099395752,100.46648193107029,309.3729019165039,84.18517112731934,95.75339083667001,337.6026916503906,98.76160383224487,117.88781195682174,300.99002838134766,84.60960388183594,146.57915115823735,298.7339782714844,89.6321439743042,89.07378999800868,302.56553649902344,92.87579298019409,33.08199066568939,334.4683837890625,117.89741277694702,93.188965685337,305.69995880126953,103.14242362976074,102.52722224985291,302.5787353515625,101.49127721786499,47.481544687871974,304.2205619812012,101.16313934326172,24.53015936607734
345,13.8,397.2408676147461,139.20111179351807,77.22314173998356,387.7468490600586,103.88058185577393,91.14465864505108,367.3452377319336,83.90052795410156,73.95126040179294,347.0954132080078,78.69152069091797,56.1789004603911,331.8273162841797,80.98474502563477,42.99194099346819,353.30936431884766,68.07911396026611,80.35693244411502,319.0303421020508,65.62117338180542,64.96917369446457,311.08314514160156,74.05130624771118,77.05817869508795,310.49488067626953,80.30812740325928,90.55728852329766,343.04027557373047,82.14683532714844,54.680972103284674,307.22328186035156,73.69336366653442,31.029480131042508,303.6598777770996,81.50171756744385,57.74296308070529,307.0293998718262,86.6567587852478,85.14967478003456,336.0115432739258,100.02688407897949,50.822529813948705,299.5709800720215,84.40222978591919,35.85301695689949,295.58406829833984,90.49278974533081,81.63426050876774,298.45333099365234,95.10851383209229,116.98097206625455,332.30133056640625,119.71008539199829,70.63064879702387,300.73448181152344,102.93971300125122,124.24032491156166,294.08029556274414,101.15300416946411,212.62923643552273,293.11378479003906,101.30251407623291,277.6912909265315
346,13.84,392.62882232666016,139.07684326171875,115.34297878325552,381.9154739379883,105.09736776351929,148.92427555554085,361.6371154785156,85.2442216873169,146.60357368735845,341.17198944091797,80.71008682250977,156.44799126254048,325.7265090942383,84.9111557006836,181.37762602850535,352.0063018798828,70.32377243041992,64.88674444500512,316.0455322265625,67.6197338104248,89.80302674344998,306.35217666625977,77.28574275970459,143.27343234353057,304.2538070678711,84.76645946502686,191.7480843425043,342.5483703613281,83.59032154083252,38.12498514003483,304.4352340698242,74.03189420700073,70.21312826447065,298.1214904785156,83.172926902771,144.6259712836897,299.37049865722656,90.19546508789062,210.9223940685285,336.1771774291992,100.99714279174805,24.607374950109442,296.4538383483887,83.16812753677368,83.81371041839807,289.47479248046875,91.02144241333008,153.30265135958848,290.2337646484375,97.68773317337036,215.36835206485688,332.8443145751953,120.70627212524414,28.363925606477657,300.19168853759766,102.3644757270813,19.772494465379015,291.3895797729492,101.99614763259888,70.4930952331441,288.4140396118164,104.16343688964844,137.55109070030244
347,13.88,391.27071380615234,140.63411235809326,51.657198143137606,379.4874572753906,109.50955867767334,125.90346891764797,357.3736572265625,90.8241605758667,175.5576726215947,335.6270980834961,87.42251873016357,217.66166733100474,318.86255264282227,93.01027536392212,265.4119881033924,348.0455017089844,73.23594331741333,122.90412235977142,311.8339729309082,73.02929878234863,171.39250436913323,301.9984436035156,82.73448944091797,174.36282569986298,299.43004608154297,89.78076696395874,173.9467406763235,339.4673156738281,85.58308124542236,91.7332724111143,302.06310272216797,77.67834663391113,108.75322533221201,297.1610641479492,88.22805404663086,128.63885779828064,298.88072967529297,96.40756845474243,155.78451041445805,333.72806549072266,102.89441585540771,77.45076809366131,293.9756774902344,85.96890449523926,93.49342493579337,289.80804443359375,94.89828586578369,97.27850488126244,292.55542755126953,102.44031429290771,132.23356687167544,330.45982360839844,123.40752124786377,90.0782437425556,298.59912872314453,107.32777833938599,130.31361110778468,292.5433349609375,106.96858406066895,127.6133688750127,292.3711585998535,108.54212522506714,147.54597212440186
348,13.92,387.64392852783203,142.8119659423828,105.76098550990989,376.9868469238281,108.51489543914795,67.27930164812646,357.7894592285156,90.0359845161438,22.278251810181153,338.83670806884766,86.00425958633423,87.72490829691704,324.40643310546875,90.971360206604,147.67317292516046,344.92359161376953,75.92814445495605,103.06026637237157,312.93046951293945,75.67332744598389,71.55938237109024,305.3009796142578,85.96367597579956,115.47291289332074,304.72293853759766,93.55450630187988,162.51119027226656,334.80167388916016,88.49207639694214,137.4555974997137,299.60676193237305,80.75838804244995,98.48941933630526,296.67884826660156,91.51028394699097,82.93659202608423,301.3482666015625,99.2356538772583,93.8309838204792,328.7480926513672,105.78773975372314,143.98665880317125,290.74581146240234,89.91698026657104,127.52288239253511,287.71026611328125,99.58303213119507,128.32459198371473,292.53429412841797,107.38595724105835,123.64220252444534,326.4533233642578,125.72527885437012,115.71528779945446,296.5086555480957,111.4220666885376,114.92735526626525,290.7251739501953,111.4850664138794,121.71771211455949,291.1205291748047,113.2939624786377,122.84144059319652
349,13.96,387.46288299560547,143.3530569076538,14.264398809560324,374.37286376953125,112.58580923080444,120.94742408906156,352.9759216308594,95.75283765792847,186.8364158307735,331.0775375366211,93.57374668121338,270.99568980395594,314.5604133605957,99.96040105819702,333.3044406470213,343.44921112060547,79.95112895965576,107.11618156141446,307.41363525390625,79.24690246582031,164.32798503306077,298.9961624145508,91.11671447753906,203.5689774408961,299.5840263366699,99.37268257141113,194.0676327214634,335.83568572998047,89.61057901382446,38.080741449330546,299.91140365600586,82.41999864578247,42.232661952014624,296.5604019165039,94.68205690383911,79.34959525591749,302.0073127746582,103.40758323669434,105.59159660691653,331.0779571533203,104.88150358200073,62.49766293830202,293.26637268066406,88.97616147994995,67.2605421303242,289.9404525756836,99.84096765518188,56.12632176404085,295.8903503417969,108.39651346206665,87.62254698127695,327.92346954345703,123.70131969451904,62.53869036923826,297.2481155395508,109.18200016021729,58.97403629068347,291.4692497253418,111.37440204620361,18.806504217838473,294.0581512451172,115.2981162071228,88.9039354984773
350,14.0,384.72049713134766,142.80351161956787,69.92263694674693,371.9490051269531,112.56134033203125,60.59955366073171,352.20531463623047,97.15832948684692,40.072141361920195,332.32078552246094,94.47000503540039,38.3156674200062,316.7620277404785,100.8788251876831,59.637492188896225,342.7548599243164,82.63595581054688,69.3290108966565,309.6275520324707,79.48840141296387,55.676236200244425,299.41686630249023,90.49058675765991,18.858480899326764,298.80964279174805,98.86055946350098,23.210180313567783,335.64876556396484,92.29334592819214,67.2317701373817,299.3656349182129,81.35250091552734,29.973059979462995,292.39864349365234,92.61906623840332,116.12537313140035,295.82218170166016,102.16139316558838,157.73560965165936,331.6204071044922,107.99639940261841,79.04440177373345,294.14073944091797,89.04958248138428,21.936098600374045,288.4935760498047,99.2561388015747,39.0150329132158,292.9511260986328,108.27895402908325,73.53935754022609,329.94075775146484,127.23495483398438,101.72275130542192,302.1145248413086,113.6332654953003,164.87817960456934,293.44322204589844,114.7977876663208,98.79314192527772,292.52681732177734,117.87949562072754,75.03542189257072
351,14.04,384.6641159057617,143.53920936584473,18.446375261745477,374.21836853027344,113.37382793426514,60.26061296627198,355.76427459716797,97.18061685562134,88.97574364104501,337.48348236083984,92.44119644165039,138.67566241747642,322.86022186279297,97.22097873687744,177.77762129114797,344.71492767333984,83.53132724761963,53.87227714167751,314.0601921081543,79.2910623550415,110.92576556062714,303.7528991699219,89.04088497161865,114.29899468034121,301.7889404296875,96.55739307403564,94.14347372824888,336.84520721435547,93.62404346466064,44.736929350599105,301.1659622192383,80.36888122558594,51.287706161283154,293.3154106140137,90.86116075515747,49.5649425060283,295.3472328186035,100.13517379760742,52.028485999846154,332.6362609863281,109.46574926376343,44.65806284765406,295.88172912597656,88.84077072143555,43.83668151911498,289.3889617919922,98.70834589004517,26.24157842569059,292.7933692932129,107.80836582183838,12.408174484343041,331.5367889404297,128.7330436706543,54.724227488286516,302.59416580200195,114.04194831848145,15.7535135195725,292.96314239501953,115.29242992401123,17.232734734385204,291.61808013916016,118.9756965637207,35.59722403581954
352,14.08,389.1609191894531,143.12689304351807,112.89166411286418,377.26898193359375,113.93036842346191,77.52410694677869,358.9036178588867,97.58874893188477,79.14404552212858,341.13136291503906,92.2915506362915,91.27371748197255,325.9251022338867,95.72699546813965,85.24038690808565,348.8825225830078,85.81326484680176,118.78574866553717,317.55443572998047,76.55497312545776,110.95022183652064,304.4600296020508,85.8158826828003,82.54041892811694,302.2847557067871,94.13971424102783,61.69989732861889,341.34838104248047,94.59630489349365,115.17342036117309,306.47836685180664,78.83856296539307,138.21070182336982,295.90919494628906,89.13661479949951,77.86918483718992,297.0090103149414,99.20747995376587,47.57967209873183,336.46923065185547,109.23007249832153,96.00520817455019,300.8818054199219,88.40980052947998,125.46537931743389,292.66916275024414,97.83767938613892,84.84463185560624,295.49251556396484,107.08694458007812,69.84732993723294,334.3593215942383,127.38688945770264,78.17776916610984,305.8104133605957,112.59008646011353,88.21901443971633,296.70310974121094,114.67272520065308,94.77403947920811,297.3202896118164,119.21651601791382,142.68231074569243
353,14.12,396.6383361816406,143.33590507507324,187.00844049198218,385.4983901977539,112.63936042785645,208.25144360685823,367.50110626220703,95.73259592056274,219.88933416418112,350.1740264892578,89.9876618385315,233.28853929863692,335.55076599121094,91.88641548156738,259.0890983357902,354.9201965332031,82.64074802398682,170.51094121769518,323.0782699584961,75.18683195114136,142.26857272642096,309.49466705322266,82.99736022949219,144.2472770205394,306.6665458679199,90.84189891815186,137.10322507146736,347.3221969604492,92.04240560531616,162.4209003560085,312.79239654541016,75.8983039855957,174.12655928947544,300.69324493408203,82.96931505203247,195.13251981155162,300.3324317932129,91.58994913101196,207.77377444868077,342.7311706542969,107.59554147720337,161.79381990123548,308.7238883972168,87.11422204971313,198.70956981863907,299.12466049194336,94.5706558227539,180.8778836273188,300.2914237976074,102.56514072418213,164.84126900240733,341.07715606689453,127.07651138305664,168.125017753214,313.30326080322266,113.2144045829773,187.9703033676753,303.6640167236328,114.32486057281494,174.2398415568871,302.39086151123047,118.21519374847412,129.21238735702596
354,14.16,407.73948669433594,143.96344184875488,277.9718343508904,395.95481872558594,111.35903120040894,263.3630342420846,377.50152587890625,91.67308330535889,269.8240574697031,358.9643096923828,85.2875804901123,249.1985195994594,343.751220703125,87.72788286209106,229.86524725015812,367.8866195678711,79.60152626037598,332.9461248107322,331.6442108154297,68.89904737472534,265.64964902562383,314.296817779541,74.18591022491455,250.87634252437394,307.374267578125,81.38312816619873,237.13025713347332,359.7623825073242,90.35759210586548,313.8439231614666,322.26078033447266,69.35342788696289,287.75607587355626,306.27681732177734,73.86739253997803,266.9518613253111,301.67381286621094,81.66969537734985,250.2632835136386,353.76861572265625,107.0201826095581,276.31077551331214,317.9617691040039,84.56867694854736,239.55458643973319,307.3003387451172,91.86877727508545,215.26417285769256,306.9947052001953,100.016348361969,179.28734629770426,350.26988983154297,127.95179843902588,230.8577504358132,321.8606185913086,111.85307264328003,216.62409400179118,312.23194122314453,111.38578176498413,226.45020764504352,309.92347717285156,113.76843452453613,218.6806551534923
355,14.2,414.70951080322266,147.56957530975342,196.1909698116152,405.5760955810547,115.25535106658936,259.50707700991853,385.7678985595703,92.58774518966675,207.92054320436142,364.56287384033203,85.00676393508911,140.1400604223268,347.30369567871094,86.08484745025635,97.8507914400389,377.5062942504883,78.1166124343872,243.3401812150003,334.28009033203125,60.477590560913086,220.6082439712767,316.3473129272461,67.03203678131104,186.04844059723013,313.1281280517578,76.12104177474976,194.93021754769467,372.0850372314453,92.94538021087646,314.786104686917,325.7316207885742,69.75317001342773,87.3446020995952,311.4344596862793,79.72785472869873,195.17026513010754,312.66597747802734,90.0620698928833,345.7416239605851,366.2974548339844,112.39859819412231,340.8621089218378,324.36187744140625,87.85455465316772,179.8582410890035,313.35744857788086,97.57088899612427,207.9703368352243,316.33872985839844,106.98593616485596,291.42532379159627,361.4264678955078,134.35521125793457,321.5907043769938,327.79102325439453,113.77746820449829,155.8705347074696,318.6617660522461,114.47082281112671,178.29071342423347,319.7136688232422,118.2347559928894,269.02123523298724
356,14.24,427.0450210571289,155.15946865081787,362.08708737760935,414.2770767211914,122.38195896148682,281.17567116554295,390.9408950805664,99.06669616699219,207.2689960727725,367.3052215576172,92.37997055053711,196.66698820052585,348.3803939819336,96.30575895309448,256.93665462645095,383.51871490478516,82.2960090637207,183.0583211532254,336.76795959472656,70.80574035644531,265.5891701331406,324.1940689086914,83.78896236419678,462.5784625490026,326.6344451904297,94.61927890777588,572.606638365318,377.79850006103516,98.20367574691772,194.12194854243077,327.91656494140625,82.24168539047241,316.9552386316523,317.6519584655762,95.78160524368286,430.3924057385825,322.6343536376953,106.88641548156738,488.8936027834368,372.77259826660156,119.6307635307312,242.68253172742553,325.7252502441406,99.00951147079468,280.9491135000672,316.61319732666016,110.21955728530884,326.52403185389863,321.3681411743164,120.19131660461426,353.2678257563895,369.16385650634766,143.39019298553467,297.3824109345804,334.10106658935547,125.28521060943604,328.1051490638018,324.9064636230469,126.36958122253418,335.94707496476025,325.28953552246094,130.14870643615723,328.85455049696566
357,14.28,440.08716583251953,163.9693307876587,393.47110060046856,419.77027893066406,133.4256362915039,308.3606649320004,387.73563385009766,115.40782928466797,416.31293152293074,359.53895568847656,119.62240219116211,708.195315239864,340.1914596557617,132.51720428466797,928.145805625351,375.80753326416016,97.45981693267822,425.2965078781582,326.6642379760742,101.8016266822815,815.0269012705122,327.5946807861328,115.39509057998657,794.7135891053532,337.60040283203125,119.46088314056396,678.8581994127504,372.06531524658203,117.459876537323,502.288933904755,320.02567291259766,117.44919061660767,902.0236281753711,322.17029571533203,128.89078617095947,835.4015625649996,333.9472198486328,132.36117839813232,696.8430990733153,370.5036926269531,140.85066318511963,533.5213644644084,319.6992492675781,133.584566116333,877.4063666253419,324.19349670410156,142.11341857910156,819.5575509380536,336.71329498291016,145.50787925720215,740.1022268713151,370.7390594482422,164.92662906646729,539.8491359724085,336.50917053222656,155.0456714630127,746.4432307688159,340.5220413208008,156.63960456848145,851.5135716030828,350.5815124511719,157.5593376159668,932.4117916182457
358,14.32,444.5032501220703,175.92402935028076,318.6069465026377,418.4840774536133,146.1502504348755,319.7363360423512,383.8232421875,133.52415561676025,463.3492798988307,358.0512237548828,138.97613525390625,485.27075546169993,340.6880569458008,152.36117362976074,496.25455176593584,365.7083511352539,117.83262491226196,568.4654698428317,322.96199798583984,132.83592224121094,781.3586251620789,323.0388641357422,146.5129280090332,786.23917783194,329.825439453125,150.83351612091064,808.0424477026522,362.7532958984375,136.3799285888672,527.1871548447949,314.8334503173828,147.02808380126953,750.7788029389448,318.1296730041504,159.10607814788818,762.1066613117424,329.2878723144531,162.41655349731445,760.3597387901349,364.55810546875,159.36861991882324,486.2257244885785,314.6377182006836,164.23120021820068,776.5449433689017,321.42860412597656,173.5071086883545,787.8802294941377,334.78954315185547,174.97138023376465,738.155941732244,370.00648498535156,184.20175552368164,482.2260655577451,332.70687103271484,184.76175785064697,748.95897404386,336.9215393066406,187.25531101226807,770.6673633149425,348.04256439208984,186.5636444091797,727.8805146629201
359,14.36,442.0897674560547,192.2726011276245,413.14396532725016,412.19432830810547,164.03789520263672,474.0311037072304,377.44251251220703,153.93293380737305,534.5745612300009,350.40653228759766,159.57502841949463,549.292560525187,332.4481964111328,172.55425930023193,545.2384859660998,362.9872131347656,140.33260345458984,566.5981967093813,319.2703437805176,154.41932201385498,547.4209169582423,309.2298698425293,169.99998092651367,681.1433302445024,308.1243896484375,181.08318328857422,930.7181119906656,359.3110656738281,159.61544036865234,587.2275733200402,310.72689056396484,166.76008701324463,503.86988881418324,303.1200408935547,179.25124168395996,628.0508886579681,304.9481391906738,188.49111557006836,891.7347545033696,360.7442092895508,182.70747184753418,591.2105237434487,310.55938720703125,183.06711673736572,481.8094376999192,302.7850341796875,192.26534843444824,661.1799389699562,303.4552192687988,199.02488708496094,987.5509623080347,366.56410217285156,207.23243236541748,582.1630330158076,327.3522186279297,203.37663173675537,484.24285756980447,315.66694259643555,204.50579166412354,684.3504968369189,309.7209930419922,206.45349025726318,1079.3947373994922
360,14.4,433.11187744140625,205.826153755188,406.43364921538614,401.4599609375,177.03143119812012,421.3509675088587,370.2756881713867,166.40414714813232,359.59572206412116,345.64258575439453,170.22515773773193,291.67666287603026,330.91835021972656,183.76197338104248,282.7910937054056,358.9698791503906,151.17406368255615,289.04609517405436,316.57840728759766,167.25481510162354,327.8684996382585,305.99727630615234,182.61672019958496,325.6069053092293,302.2968864440918,195.84181308746338,396.68702015672767,353.99600982666016,168.54841232299805,259.8651171709582,304.2790985107422,173.78228187561035,238.3343804492923,293.9817428588867,186.34943962097168,289.2802543851441,291.9687271118164,198.39569091796875,408.17103548560533,354.37416076660156,190.53019523620605,252.2059171099103,302.2744941711426,187.50261783599854,234.93765477793454,290.47046661376953,197.47448444366455,334.2750292592845,286.0426712036133,207.0280408859253,479.0924368560617,359.4199752807617,215.01909255981445,264.1858082312612,318.95788192749023,209.4371223449707,258.8368635026353,302.3369026184082,210.9309482574463,369.9430725332329,289.7378730773926,214.89882946014404,542.3610638744819
361,14.44,428.31642150878906,215.8216094970703,277.1569197783109,398.8763427734375,186.1132049560547,236.0530891134221,368.68831634521484,174.2190170288086,199.3613875704517,343.4471130371094,176.88564777374268,175.32510511215628,327.0549011230469,189.23129081726074,167.40607840808116,354.8752975463867,160.33440113067627,250.84529679076977,314.4447326660156,175.245623588562,206.76917635631645,302.6430320739746,190.04937171936035,203.8615691215442,296.91009521484375,203.21086406707764,228.20006585184407,348.7879180908203,177.34617233276367,255.59342802382767,301.48441314697266,180.2239465713501,175.5443504054023,289.9421691894531,191.93120956420898,172.2540114373403,286.57188415527344,204.00991916656494,194.6880079847673,348.5145950317383,198.95483493804932,256.55051245692533,299.2431831359863,193.54873180389404,169.08640672863316,287.6478958129883,202.6561689376831,147.51432159492012,283.6044502258301,212.00307369232178,138.5096408224518,353.0414581298828,222.97179222106934,254.86627982407254,315.4636764526367,214.9222183227539,162.58795655350244,301.8539047241211,215.66339492797852,118.92576060119748,291.8004608154297,219.11345958709717,117.30669014415255
362,14.48,421.05648040771484,223.08591842651367,256.7549038157028,392.75623321533203,192.04866886138916,213.13943906329,363.04840087890625,178.90268325805664,183.27809439159915,338.82678985595703,179.95615482330322,138.68895017199173,322.61585235595703,190.66364765167236,116.61046280696563,350.29781341552734,165.78864097595215,178.0135059097772,309.99059677124023,176.2934160232544,114.3929509282728,298.59716415405273,189.25528049468994,103.07651314239676,293.7338447570801,200.35755157470703,106.74139060587653,344.43267822265625,181.52134895324707,150.83147491794628,299.01769638061523,184.24268245697021,117.88482123401141,289.28234100341797,196.6027307510376,117.94724306357021,287.61180877685547,207.6432752609253,94.48121416119595,343.3663558959961,201.9532012939453,148.9432924869321,295.7110786437988,196.57424926757812,116.268864240358,285.77783584594727,207.44519233703613,128.52983457129776,283.98773193359375,217.50703811645508,137.9323413163843,346.3656234741211,225.38818359375,177.49245691196768,308.12719345092773,217.35892295837402,193.2639262699092,294.55928802490234,219.25792694091797,203.30410285543857,286.38105392456055,223.36039066314697,172.1307544672027
363,14.52,415.48274993896484,227.37951278686523,175.89312072519147,390.5314636230469,196.19193077087402,117.5697106755839,361.1863708496094,182.03415870666504,91.08133149567648,337.10521697998047,182.2856569290161,72.41543873641089,321.36470794677734,192.20096111297607,49.55233982194475,346.7740249633789,169.09340858459473,120.77503364372298,306.92901611328125,177.2242784500122,79.99914445924567,296.07255935668945,190.47675132751465,70.11428339820985,292.4145317077637,200.68184852600098,33.96464554057555,340.7905578613281,184.22653198242188,113.42138231980414,295.19962310791016,184.84132289886475,96.61797805796984,286.5806198120117,197.77543544769287,73.63140337880189,287.83084869384766,208.3659553527832,18.878642039413577,339.0203857421875,204.02093410491943,120.31982264826013,292.8477478027344,198.52972984313965,86.68393661309636,284.6281623840332,209.78623867034912,65.2027942448963,285.6473731994629,218.80817413330078,52.72193605197002,340.9320831298828,226.74432277679443,140.0055225612848,303.46641540527344,218.56311321258545,120.34566402448527,291.7781448364258,221.24736785888672,85.4862291574567,286.52442932128906,224.95727062225342,40.0825874615685
364,14.56,413.1773376464844,226.20825290679932,64.64700082453592,387.40081787109375,195.8669900894165,78.68659856786377,358.9239501953125,181.81358814239502,56.82868218828574,335.6148147583008,181.41291618347168,43.17822940528886,320.07762908935547,190.49607753753662,53.40411963876015,343.1448745727539,168.19554805755615,93.46418459692052,304.5070266723633,176.21529579162598,65.59382048277432,295.0643539428711,190.14448642730713,26.538628925146103,292.88509368896484,199.63873386383057,28.60852994068007,337.50797271728516,182.56321907043457,91.99855661597117,292.9417419433594,183.9444351196289,60.73731885019183,285.596981048584,197.58270263671875,25.05857080600903,288.433780670166,207.48700618743896,26.646747026214285,335.79830169677734,201.92748069763184,96.06108982104412,291.02108001708984,197.82341480255127,48.96169507682038,283.52800369262695,209.526629447937,28.259357904043625,285.52465438842773,217.55011081695557,31.600862473548514,337.2658157348633,224.31913375854492,109.89500212140373,298.9539337158203,216.39294147491455,125.18021101754475,288.3669662475586,219.84221935272217,92.23130464192461,285.25352478027344,223.47754955291748,48.76456702495949
365,14.6,411.47926330566406,222.8731870651245,93.56188004222932,383.9826202392578,192.61294841766357,117.98533344179218,355.9220504760742,179.6385383605957,92.67633016872527,333.65978240966797,180.42157173156738,54.800292577470344,319.08191680908203,191.12174034118652,29.39915909680055,341.1452865600586,166.09793186187744,72.44974950305392,303.17882537841797,175.8916997909546,34.17631717367048,294.5317840576172,191.51782035827637,36.82455675760724,293.2235336303711,201.84353828430176,55.76571598251683,335.32901763916016,179.57682609558105,92.42019609080702,290.97192764282227,182.00459003448486,69.11569708176827,284.197940826416,197.79786586761475,35.38722190965797,287.4569511413574,208.6737298965454,38.42613929758441,333.70269775390625,198.40847969055176,102.39300505041678,288.25281143188477,194.34814453125,111.07659074492172,282.8953742980957,209.10467147827148,19.010991540902562,286.8264579772949,218.3783769607544,38.573933790764634,335.31166076660156,220.79227924346924,100.80124134432724,296.65618896484375,214.46353912353516,75.00926765302356,288.14708709716797,221.55461311340332,43.16131972319256,287.86611557006836,227.92319297790527,128.91221843045574
366,14.64,408.9073944091797,219.64043140411377,103.27517485007213,382.3676300048828,189.58012104034424,85.90050697516392,353.48297119140625,177.60179042816162,79.4412121365971,331.66473388671875,179.68441486358643,53.17200189557796,317.4827194213867,190.5824375152588,42.19211880542052,336.88865661621094,165.16395092010498,108.94728908529194,300.97412109375,175.41173458099365,56.408596339599185,292.82447814941406,189.81725692749023,60.243305884930066,291.4509582519531,198.98597717285156,84.06723119714245,330.6411361694336,179.08277034759521,117.84609602232143,288.0305480957031,182.85564422607422,76.55066491070069,282.5635528564453,197.55170345306396,41.320545515536416,286.38540267944336,206.87646389007568,52.31145431596478,329.2650604248047,197.87193775177002,111.74888790472177,285.03467559814453,195.80264568328857,88.28919754733762,281.6485404968262,209.61974143981934,33.72583943800671,286.89504623413086,217.43974685668945,23.528318326443816,331.58214569091797,219.55796241760254,98.21157240356418,294.0912628173828,214.70675468444824,64.41079078364449,287.17761993408203,221.28252983093262,25.173099393275056,288.1423568725586,226.39314651489258,38.869585122714845
367,14.68,404.68482971191406,218.01029205322266,113.1575420760743,380.54752349853516,188.94986629486084,48.15345742164714,349.862060546875,180.22753715515137,111.81888193071721,325.31761169433594,187.19563007354736,245.84587912880872,310.7035827636719,201.10407829284668,312.91134774542525,332.54852294921875,166.12669944763184,111.14080307939953,298.13941955566406,177.60985851287842,89.67748334291934,290.08445739746094,192.19017505645752,90.61751406293988,288.1426811218262,200.4666566848755,90.61287638578347,325.2337646484375,181.5058994293213,148.13680609656538,282.7381706237793,185.9717845916748,153.54069103061124,279.00943756103516,199.2121124267578,98.07106317930725,283.5091972351074,206.97246551513672,71.94517908641468,323.76991271972656,200.89572429656982,156.80388501472493,280.41723251342773,200.12975692749023,158.20214987535607,280.28804779052734,211.14126205444336,51.02674166930865,287.32471466064453,216.49060249328613,26.046712596350673,327.1396255493164,222.4067258834839,131.93615523491815,292.63607025146484,219.43535327911377,123.68617059259223,290.21928787231445,224.19456481933594,105.27253802676945,294.47919845581055,226.67809009552002,158.58111901991182
368,14.72,399.91058349609375,215.83477020263672,131.1638342199638,375.9882354736328,187.29198932647705,121.2839213795344,345.53028106689453,179.45048332214355,110.02308315352509,320.10570526123047,188.05169105529785,132.04357489083333,305.9987258911133,202.13438987731934,120.40873139114639,328.8909912109375,167.128586769104,94.80676604764734,296.4513969421387,179.653902053833,66.27374263750345,289.4590759277344,192.77714252471924,21.442259551451883,287.7287483215332,199.13907051086426,34.76551283765418,321.1892318725586,184.08047676086426,119.86110141340069,278.52535247802734,187.28951454162598,110.3524154418902,276.2699508666992,197.58534908294678,79.6521591248901,281.71743392944336,203.0800724029541,107.12475170126092,319.653377532959,203.3329153060913,119.59766396335864,277.6495170593262,203.02462577819824,100.12652775885658,279.3136787414551,209.97133255004883,38.06351672733045,286.8463897705078,212.0630121231079,111.33382007115817,323.6478042602539,224.21828269958496,98.34427414926212,290.99573135375977,220.69594860076904,51.71926783307813,290.2322196960449,222.3913335800171,45.08194022083832,294.9003601074219,222.4573802947998,106.04176169876322
369,14.76,396.1666488647461,214.32173252105713,100.95274126318974,371.7554473876953,185.57068347930908,114.23492460700527,341.7330551147461,178.54771614074707,97.57661578048605,317.34079360961914,187.25054740905762,71.96599710595613,303.98908615112305,201.01090908050537,57.55899682802506,325.2799606323242,165.73194980621338,96.79274458150427,295.0261688232422,177.20244884490967,70.89119315204883,291.5000343322754,189.34131145477295,99.90760215780276,292.0301628112793,193.77296447753906,171.9325096031265,317.2639274597168,182.6131010055542,104.76523260589319,276.0506248474121,184.66029167175293,90.26727585756767,278.11147689819336,194.5993137359619,87.70556288697418,286.6644477844238,198.69718551635742,165.23211616932605,315.69568634033203,201.7617702484131,106.45367645267018,276.6123390197754,201.21384143829346,52.1696643856059,281.7569351196289,207.33341217041016,89.88925707085403,290.78481674194336,207.85413265228271,144.10472192398996,319.50733184814453,222.24902629852295,114.62297590514558,290.3782653808594,218.71009826660156,51.99077909472818,291.80267333984375,219.68924045562744,78.13302718839049,297.2951889038086,218.71307373046875,111.11659589057706
370,14.8,394.9608612060547,215.2179765701294,37.55976298971708,373.0280303955078,184.50965881347656,41.42192092719535,344.28260803222656,175.6353521347046,96.76674332746302,321.24805450439453,181.20912551879883,179.87055442028836,308.88519287109375,193.8341760635376,217.19426472943758,325.20389556884766,163.3352565765381,59.94749958845802,294.40820693969727,175.74505805969238,39.57480883048144,292.2602844238281,187.44040489196777,51.18243083704193,293.95362854003906,191.53032302856445,73.86288427879506,316.66553497314453,180.58367729187012,52.895144966536336,277.5910949707031,185.61052322387695,45.24922791747576,281.5290069580078,194.56804275512695,85.44182810536125,291.2202453613281,197.4166488647461,118.30856287122408,314.29821014404297,200.29113292694092,50.718055528217576,277.84183502197266,202.05478191375732,37.2394389617081,285.0383186340332,207.2311305999756,82.07442997157692,295.20862579345703,207.62417793273926,110.74454190075973,317.3282814025879,220.96169471740723,63.27264142195711,289.6616744995117,216.7093849182129,53.129302141398526,294.39632415771484,217.721586227417,81.38906455583366,302.66319274902344,218.05808544158936,135.19540242924893
371,14.84,393.2853698730469,213.73679637908936,55.908217001806314,371.97879791259766,183.7331771850586,32.632542446770366,343.30657958984375,173.69373321533203,54.32837396566872,321.1510467529297,179.47068214416504,43.528696501936956,309.3467712402344,192.5398349761963,34.35452518626913,324.77603912353516,162.21671104431152,29.939577124805183,293.72507095336914,174.746732711792,30.242026594593245,291.50590896606445,186.14715099334717,37.42983416986329,293.28609466552734,190.11172771453857,39.19513792070396,316.8418312072754,180.09880542755127,12.89818511886357,277.99312591552734,184.85770225524902,21.336123877741777,282.33509063720703,193.55223655700684,32.41944950576154,292.25942611694336,196.4487648010254,35.50260733070839,314.9567413330078,200.1082706451416,17.086214123971104,278.37615966796875,201.03632926940918,28.75270222190624,285.8410453796387,206.3428258895874,29.931750351927526,296.12674713134766,207.04639434814453,27.119880412222535,318.2563781738281,221.0094165802002,23.23307169982828,291.05810165405273,216.23479843139648,36.87174673283272,296.07765197753906,217.4452829360962,42.59699774125495,303.98441314697266,218.24256420135498,33.3509347016856
372,14.88,393.2811737060547,211.78964138031006,48.678988004891735,371.98673248291016,182.47552871704102,31.441837439479077,342.62664794921875,171.38158321380615,60.25126899845723,319.37156677246094,177.37043380737305,68.81856615898882,306.68731689453125,190.79983234405518,79.45244873797644,324.9820327758789,158.30127239227295,98.02134086094327,293.87386322021484,171.5950870513916,78.8789004875262,292.4861717224121,184.11498069763184,56.40606783776705,295.5081558227539,188.5788917541504,67.4867666098057,316.8765449523926,176.7396068572998,83.98444825710125,276.72143936157227,181.51928901672363,89.31051744710604,281.93273544311523,191.5965700149536,49.91568720051253,293.1900405883789,194.7790002822876,47.78962258221519,314.81422424316406,197.22886562347412,72.07324572831028,277.92518615722656,198.8468885421753,55.88508189502356,286.4602470397949,205.5979871749878,24.21512191155888,297.9538917541504,206.4074993133545,48.39062627537171,317.8510856628418,218.99067878723145,51.475505681233614,290.791072845459,215.25874614715576,25.298004444403936,297.7231788635254,217.61961936950684,41.36840524873879,307.20361709594727,218.5166358947754,80.77124085274741
373,14.92,397.07592010498047,210.16024589538574,103.24433967066891,376.5359115600586,179.90989208221436,130.56971705263862,345.7842254638672,167.42733478546143,126.5068584951033,321.3027572631836,173.30347537994385,112.55456332901113,306.8166732788086,185.85927486419678,123.55626574039577,327.2909927368164,152.7213478088379,150.96948047957287,292.9730224609375,166.87554359436035,120.1187030513511,294.718074798584,179.3239402770996,132.13501535503158,301.3322067260742,182.4221420288086,211.87427891464674,319.94266510009766,171.25144958496094,157.1642512749182,277.96728134155273,176.64374828338623,125.8049573782614,287.0254707336426,187.52074241638184,163.07268960624202,301.2511444091797,189.79238033294678,236.97016337623182,318.56529235839844,192.02960014343262,160.278806960479,278.4758758544922,193.41655254364014,136.4546815788609,289.86337661743164,201.54693603515625,132.2693895514858,303.11452865600586,202.22857475280762,166.01126414255432,322.06520080566406,214.40710544586182,155.65970699870894,291.9269561767578,209.4576072692871,147.78244826145985,301.1069869995117,213.02374362945557,142.68021788066633,312.2311210632324,214.17866706848145,166.00784936066663
374,14.96,401.917724609375,205.6966781616211,164.63312958795697,381.3309860229492,173.25373649597168,205.08709475021735,351.00242614746094,157.10556507110596,289.14588490332613,325.6527328491211,161.02648258209229,325.62136730867286,309.9127197265625,173.02997589111328,329.9397821453663,332.6308822631836,146.8128776550293,199.09865599786977,292.85362243652344,154.62090969085693,306.3803890537112,297.21946716308594,163.6324167251587,397.24116977466065,308.4192657470703,166.0550594329834,445.8894189325744,326.15966796875,166.9116497039795,189.54713740221393,284.91418838500977,169.34061527252197,251.9861966021256,292.1956253051758,175.78017711639404,320.71343503276324,305.23040771484375,177.55672931671143,321.6614021829726,324.59571838378906,188.46081733703613,175.18249193152076,285.61729431152344,187.0856523513794,238.58980859258438,295.0926208496094,190.93843460083008,295.6827881381758,307.45532989501953,191.8806266784668,280.53808202483464,327.0212173461914,209.95194911956787,166.603042142276,298.9957809448242,202.04710006713867,256.0321032052462,306.4973831176758,202.72201538085938,290.66945920005395,316.4640998840332,203.92789363861084,277.25942906406397
375,15.0,407.1417999267578,195.9299612045288,276.90219735680404,387.4360656738281,161.30308628082275,335.4940741917199,357.1575164794922,144.43994522094727,352.0503010794395,331.4889907836914,145.22033214569092,421.23056208639025,315.0254821777344,155.38098335266113,459.36591998131826,343.40614318847656,132.84221649169922,441.0822070124264,301.1174774169922,136.95528030395508,487.57419997728846,306.964168548584,146.07069969177246,502.10376806819994,320.81783294677734,149.06407356262207,525.8434114903346,335.64830780029297,153.05467128753662,419.8587088879628,292.6946449279785,151.71029090881348,481.7700704087212,301.8623352050781,159.14254188537598,481.0510539233879,317.1924018859863,162.18063354492188,487.027736462266,332.1683120727539,174.84585285186768,389.47996828347004,292.73529052734375,171.88646793365479,419.58392865167247,303.11059951782227,176.24755382537842,418.4121472024116,316.7864799499512,177.90085315704346,420.19670174956445,332.2958755493164,196.5374994277954,360.3552758154861,303.1173896789551,188.23326587677002,360.3901302722698,312.1165084838867,189.41649913787842,361.0845922126709,323.6470031738281,190.85171699523926,372.97829635181455
376,15.04,411.57466888427734,181.68675899505615,372.9268832278546,393.4585189819336,147.50784873962402,376.3131364522182,361.7169952392578,130.43845653533936,368.12916548913256,334.7372817993164,131.38524055480957,355.2825933766192,317.1330261230469,141.7240333557129,345.4652883255494,350.40225982666016,117.37245082855225,424.45501652689177,305.9408950805664,119.23544883728027,459.1144908711758,312.4070167541504,128.59558582305908,457.57799971243713,326.1378479003906,131.3399362564087,462.6334958394264,342.9488754272461,137.5715732574463,427.94904215126996,298.06650161743164,134.51464176177979,450.379835444416,308.2032585144043,141.958966255188,457.90458876082096,323.8341522216797,144.60508346557617,469.71587696265357,339.2168426513672,158.89610767364502,435.94448798548547,300.4517364501953,153.84088039398193,490.6543891403402,312.05270767211914,157.6097059249878,516.7994488926761,326.06414794921875,158.996000289917,526.4673455165176,338.70372772216797,179.5209789276123,454.5757221040505,317.90401458740234,170.63891887664795,574.5679477571699,327.51068115234375,170.80997943878174,603.7296204941115,337.41199493408203,171.48329257965088,594.0385417326777
377,15.08,411.81983947753906,169.20806407928467,312.0275783291252,395.7963180541992,132.2180700302124,386.6867575029747,367.16075897216797,110.4265308380127,518.4783829239359,341.69857025146484,104.24529075622559,700.4625311105486,322.19661712646484,107.05221176147461,875.9905701948877,357.5633239746094,96.55046939849854,550.4746533700173,315.60302734375,91.22486114501953,740.7554516914988,317.19432830810547,99.0272569656372,748.8342704394273,328.436279296875,104.07939434051514,683.9316177589205,348.9537811279297,114.68637943267822,591.4975638534494,307.5948905944824,109.23866271972656,675.3079450481723,315.0627136230469,117.77711391448975,628.3978173770656,329.21119689941406,122.48415470123291,569.1265780032487,342.13451385498047,135.04231452941895,600.7891958810933,305.4953956604004,127.4941635131836,670.6284313172379,314.31636810302734,133.87686252593994,596.0138496451806,327.1150207519531,137.82507419586182,529.9247855400525,337.4831771850586,156.25415325164795,582.470450242624,308.1699562072754,145.21553993225098,680.5788388837325,316.77404403686523,148.9538812637329,608.7715109068239,328.68247985839844,153.73286247253418,494.5213610428156
378,15.12,410.92357635498047,156.28201961517334,323.92699126601195,397.7265167236328,119.38584566116333,324.41451990576434,371.4396286010742,98.76312017440796,310.58802456898695,349.56592559814453,94.13214683532715,320.3230401833968,332.459716796875,99.0100908279419,325.9667582307456,362.8833770751953,82.89822578430176,366.30479171588684,325.6529998779297,71.07793807983398,562.8612489616511,311.1425971984863,71.49880170822144,704.6449896413593,303.60118865966797,73.03052186965942,993.9863582658435,352.5112533569336,98.37125301361084,417.4617937086313,314.4253921508789,90.56211948394775,497.1600715249126,319.32756423950195,97.61743783950806,515.1465144917914,330.11096954345703,101.8005895614624,517.5781690371138,344.69905853271484,117.09201335906982,453.3143235592252,310.30309677124023,107.17145919799805,522.0909287744041,317.6238822937012,113.12070608139038,525.4508067317797,328.402099609375,117.00220584869385,521.5652033714913,339.8733139038086,136.35362148284912,501.0887634786428,315.0274085998535,124.79288578033447,538.5799940150882,321.5545654296875,127.47952938079834,550.0006668060315,331.1624526977539,131.25540733337402,565.3462737655227
379,15.16,407.15431213378906,147.62230396270752,236.1117690188208,398.3563995361328,110.11784076690674,232.2346161178484,376.27464294433594,88.02684545516968,294.3689845951225,354.12052154541016,80.98330020904541,347.88334237601214,336.4524841308594,84.54259157180786,375.20887991688335,366.4478302001953,70.53543090820312,321.659780696947,329.69482421875,58.81148815155029,322.8797549447961,327.3222351074219,67.84488916397095,414.67740454576204,334.43675994873047,75.01694440841675,772.4871889007848,354.2271041870117,84.57525730133057,347.55722709031625,317.98187255859375,72.47813701629639,460.75954600853197,321.48704528808594,82.754065990448,375.48566976868807,332.33211517333984,88.5659909248352,335.4922586492887,344.61681365966797,102.32384204864502,369.21000805198656,310.5606460571289,88.04855346679688,478.1160000715493,316.4865303039551,96.28934383392334,421.74364596135155,326.94908142089844,101.59488201141357,386.89217626076766,338.05789947509766,121.7329216003418,368.32441084789775,312.7495574951172,104.76900815963745,503.82554062889636,317.6831245422363,108.30607652664185,489.01006437469573,326.8856430053711,112.9780125617981,469.27754366478763
380,15.2,399.11582946777344,140.04066467285156,276.24542744328954,392.987060546875,103.74690055847168,208.2946835630633,374.4858169555664,81.316237449646,173.6234399172096,354.3852996826172,72.16685771942139,220.51043857773305,337.2573471069336,73.98196220397949,264.7813922074374,361.9968795776367,63.14434289932251,215.69530505940776,327.85274505615234,51.221684217453,195.25364817224795,324.2134475708008,59.78543758392334,215.95618727965186,329.1109085083008,67.69867658615112,226.27656955031745,350.2195358276367,77.04229831695557,213.3161902190907,316.82605743408203,64.0341854095459,213.0672243377577,315.5503463745117,72.46147155761719,297.0499685965868,322.205810546875,78.56235980987549,355.85695938831367,340.9377670288086,94.80508804321289,209.26515164116464,309.7401428222656,78.12323570251465,248.9793644566722,309.34452056884766,84.05665397644043,354.1248051585543,315.47985076904297,89.69050168991089,413.26256982126495,334.4891357421875,114.04426574707031,211.91316531096632,308.79838943481445,95.04371881484985,262.4321125079251,308.5967826843262,95.66566228866577,389.18318346445034,313.99341583251953,99.0597939491272,474.2931127125601
381,15.24,393.26332092285156,133.85539054870605,212.88123487523438,388.2541275024414,97.90908336639404,187.8842142970117,369.06463623046875,75.98123073577881,190.15042908704268,347.6865005493164,69.47456359863281,180.48953823758046,330.5569076538086,72.796790599823,170.11121471755789,357.51617431640625,58.42298984527588,162.72656186639801,323.94874572753906,48.496094942092896,119.03268368333491,320.9947204589844,58.63494873046875,85.45404036039358,326.02569580078125,66.56995296478271,82.13005868771117,344.9018096923828,71.975576877594,183.6264506301595,312.12928771972656,61.593074798583984,132.33165429291097,312.0871162414551,72.11246967315674,87.0192696686647,318.82984161376953,77.92237043380737,85.90238878653686,335.5110549926758,88.7694525718689,202.91331133339702,303.6025047302246,71.98601245880127,216.99094233983683,303.1818962097168,79.51206922531128,191.42751492397298,308.94338607788086,85.24983644485474,197.55517975596493,329.46311950683594,106.32157802581787,230.35400045093738,304.48047637939453,88.89605283737183,187.8133550310099,303.6652183532715,89.48200464248657,197.73395737151685,307.6316261291504,91.51371002197266,246.7485446582635
382,15.28,386.4090347290039,129.13780689239502,208.0216857407293,383.35033416748047,93.40874433517456,166.39606453415,364.9115753173828,72.44798183441162,136.3170998692356,344.2484664916992,65.87561130523682,124.4300400613634,327.95642852783203,68.89609336853027,117.20156402234612,352.64965057373047,55.9432590007782,136.54696627713,321.1151885986328,47.2417688369751,77.46926802269488,317.0803642272949,56.98307275772095,106.21581490621924,320.59959411621094,64.53796863555908,144.85238133507505,339.25811767578125,69.32883739471436,155.83743426341397,309.19530868530273,59.74038362503052,86.74927074261741,310.01155853271484,69.2819881439209,87.74809645248818,317.0919609069824,74.80114459991455,89.31083380945032,329.4601058959961,85.92017412185669,167.20566052079528,299.0519714355469,69.2963719367981,132.14934592056278,297.6231575012207,73.4871768951416,204.93734350324954,302.04965591430664,76.89770221710205,270.74164544655275,323.69441986083984,103.23061466217041,163.61530743088778,301.1666488647461,85.77645778656006,113.77973808495713,299.6845817565918,82.90352582931519,192.22683737281986,302.29475021362305,82.1245265007019,269.9988561710008
383,15.32,380.4022979736328,124.33419227600098,192.28169412212733,377.1420669555664,89.69672441482544,180.83430548363174,359.1513442993164,69.68731641769409,159.69019797046585,339.58423614501953,63.76242399215698,128.01514887663024,324.29859161376953,67.20768928527832,100.717672351418,347.4753189086914,53.84549260139465,139.5849473578019,317.20075607299805,48.37485909461975,101.87822243282847,312.4373245239258,57.90294885635376,118.332132480727,314.4074821472168,64.69988107681274,154.8557116221283,334.18128967285156,66.78940773010254,141.91301383427086,305.2437400817871,58.5139524936676,103.4378670635981,305.2755546569824,67.99232482910156,122.71146079457931,311.6887664794922,73.92122268676758,136.85935434438193,324.73472595214844,83.04036855697632,138.34399089144068,294.57984924316406,66.88875675201416,126.97560735630742,290.23155212402344,70.58995485305786,198.4781562498557,292.4011993408203,73.60714673995972,254.85347456749898,319.8409080505371,99.92737054824829,126.8881765283506,297.8587532043457,82.96331405639648,108.55859980516965,294.1869926452637,79.4113540649414,162.82419520160968,294.6653938293457,78.00740718841553,216.73392424513708
384,15.36,376.2281799316406,121.59470558166504,124.81999233127765,372.07523345947266,88.78924369812012,128.6864477332637,354.26109313964844,68.74083280563354,124.52506683528897,335.16178131103516,63.259170055389404,111.2749165454187,319.54755783081055,66.18059635162354,121.51965350608197,343.3900451660156,52.41616487503052,108.20247022928085,313.4921455383301,49.288880825042725,95.48961927068187,305.9848976135254,58.19701552391052,161.47811043417593,304.94144439697266,65.27951002120972,237.0941801297402,331.6526412963867,64.71429347991943,81.77775432197042,301.74678802490234,57.06541299819946,94.62736244766127,298.1561470031738,65.26511192321777,190.59717924055087,301.5278625488281,71.99588298797607,258.5426725464374,322.90191650390625,80.73459148406982,73.6367706359528,292.27495193481445,64.75387573242188,78.54245893883078,282.6124954223633,66.49661064147949,216.22542036260253,279.97047424316406,68.98545742034912,331.5521627705281,317.94519424438477,98.1149697303772,65.56736783385665,294.89057540893555,81.46734237670898,83.09636984998554,287.8380012512207,77.85794019699097,163.40667513670536,284.8599433898926,77.22649097442627,245.91244434483536
385,15.4,371.02123260498047,121.73038959503174,130.21787179112704,367.08744049072266,88.92366886138916,124.74010187092964,349.74803924560547,68.36458683013916,113.21775612898615,331.3621520996094,62.85073757171631,95.53794808229175,316.4629936218262,65.73628664016724,77.90999405981952,339.22908782958984,52.672598361968994,104.22129127719944,311.3078498840332,49.47155714035034,54.7980276877883,303.46256256103516,57.32301592826843,66.73665320779246,301.6303062438965,64.05555725097656,88.25281954602816,327.46158599853516,63.74045133590698,107.5677490907022,299.7503089904785,55.871264934539795,58.15882420598376,294.87918853759766,63.37813138961792,94.53554992467161,296.40560150146484,70.0013780593872,137.42181446985694,318.2594871520996,78.8709282875061,125.06346088272029,289.6750259399414,63.08326721191406,77.25990230874092,279.43504333496094,64.63313341140747,92.08945771210189,275.8287811279297,67.37621784210205,111.08350991758584,312.25786209106445,95.82940578460693,153.2350106299063,289.03907775878906,78.9585828781128,159.16559570826394,281.6165351867676,76.40514850616455,159.72093571303537,278.3980369567871,77.40496873855591,161.60926849677156
386,15.44,366.1858367919922,121.65063858032227,120.90133604672187,362.95860290527344,89.6247410774231,104.69838244665264,346.59496307373047,69.96288299560547,88.37576017420659,328.607177734375,63.40533256530762,70.25604671492293,313.6242485046387,65.17337322235107,72.35047233913433,335.2212142944336,54.141422510147095,106.71367839948218,308.5180473327637,49.86432194709778,70.43286905135865,299.0734100341797,56.56975865364075,111.3329927115646,295.54893493652344,63.30512523651123,153.18743663090214,323.54366302490234,64.91239070892334,102.23613084835075,296.53575897216797,55.01935958862305,83.13796717889288,289.06328201293945,60.81763029098511,158.8649870559544,288.0294418334961,67.18118190765381,220.9546858486461,314.656925201416,80.16318798065186,95.68303050646682,286.9588088989258,63.086886405944824,67.90548630481335,276.030216217041,63.9362096786499,86.88552235630091,271.4297103881836,67.16792821884155,110.09997712433983,309.10083770751953,97.62205123901367,90.76198503332196,285.9133720397949,79.57829475402832,79.66366428187092,277.7057075500488,76.58700942993164,97.8763448174423,273.5742378234863,77.66817569732666,120.77436602394856
387,15.48,366.69795989990234,118.17558288574219,87.81472740267213,362.5950241088867,88.00249099731445,41.56233919964768,345.78487396240234,69.4464898109436,24.017002954386484,327.3263168334961,63.01781415939331,33.454961910779105,311.8941307067871,65.4891586303711,43.9675165488761,334.8695755004883,54.9600613117218,22.274134787503343,307.7420997619629,50.90056300163269,32.364044050991794,296.71762466430664,56.848247051239014,59.304724182104266,291.353702545166,63.13560962677002,104.96639450152739,323.4814453125,64.48084831237793,10.900111345553332,294.0075874328613,53.00607919692993,80.79661683718606,284.5067596435547,57.76439309120178,137.12255809321746,281.4424705505371,63.80593299865723,185.0346181803032,315.13187408447266,79.10117626190186,29.084417351468893,284.89063262939453,60.51303148269653,82.54575340296762,275.50363540649414,63.05281162261963,25.710886257506154,272.38452911376953,67.6038122177124,26.240160765527865,310.1895523071289,96.65266513824463,36.44352558897474,287.01765060424805,78.8552713394165,32.99804924146639,277.4366760253906,75.58527946472168,25.930687472320646,271.85367584228516,75.95382928848267,60.72127479656122
388,15.52,367.4148178100586,117.07292318344116,32.87993007170343,362.23724365234375,86.43828392028809,40.1150738104103,345.3480529785156,67.72072792053223,44.50468145571887,326.6518783569336,61.75286293029785,35.83790652592987,311.2537384033203,65.47566890716553,16.01335916843482,335.5847930908203,53.70396852493286,36.136073480522576,306.9144058227539,50.30766248703003,25.453490394484536,295.7293701171875,57.592291831970215,30.925815325094895,290.49564361572266,64.88131999969482,48.62978660588812,324.8699188232422,63.641817569732666,40.55729956753006,293.92906188964844,50.91522932052612,52.3080984802706,284.2546844482422,56.07231259346008,42.768843178545524,281.1202812194824,62.74291276931763,27.769339803894805,317.1634864807129,78.34948539733887,54.15537879809609,286.26821517944336,58.711960315704346,56.68769173489974,277.79834747314453,62.323479652404785,60.195663213849826,275.5863571166992,67.60822534561157,80.0457761067166,312.49000549316406,96.12153053283691,59.024300240456625,288.5544967651367,77.77179479598999,47.00942420404735,280.344295501709,76.0587215423584,73.64780385364023,276.0380744934082,78.17444801330566,118.42808892043648
389,15.56,368.4449768066406,118.73937606811523,48.978903462852216,364.1130065917969,87.30809926986694,51.69057788531689,347.4363327026367,68.41907501220703,55.04884686931422,328.4849166870117,62.71735668182373,51.78246394936746,313.12171936035156,66.49739027023315,53.228677653475444,337.9913330078125,53.98767113685608,60.580120213280466,310.1407051086426,51.4873480796814,85.88024066845557,299.0681457519531,58.336215019226074,85.51624278405214,293.31947326660156,64.99504566192627,70.65296978645371,326.6452407836914,64.27941799163818,47.158657485048224,296.9682502746582,51.15038752555847,76.20681326566338,287.6688003540039,55.25278329849243,87.77747320385416,284.3031883239746,61.08570098876953,89.71220834359109,318.581485748291,78.93260478973389,38.33039059153353,289.2710876464844,58.29884648323059,75.77889750737896,281.3715934753418,60.76183319091797,97.48982851717479,279.42874908447266,65.40761947631836,110.69847059122353,313.60301971435547,96.2780213356018,28.099043888586237,292.1487617492676,77.90093421936035,89.91460451039654,285.0014877319336,75.96527338027954,116.45324176536582,281.4401435852051,78.08362483978271,135.07081319023897
390,15.6,368.52108001708984,121.66128158569336,73.07241080040986,365.6388473510742,90.43584108352661,87.00200743225386,348.7571716308594,71.35417699813843,80.46520654189145,330.6806182861328,65.03069400787354,79.7364216359053,315.8918762207031,67.78549432754517,76.37482034928335,337.94139862060547,55.542486906051636,38.890435192706065,310.5879783630371,51.90958857536316,15.37734535547049,301.49524688720703,59.463050365448,66.89814000705609,298.34007263183594,65.66376686096191,126.62347241978746,326.8090057373047,64.88905906677246,15.781341841769148,298.02661895751953,54.113945960998535,78.67187739723762,291.9892120361328,61.76289081573486,195.33218019109836,292.254581451416,68.68766784667969,275.01653674811865,318.2658386230469,79.44140195846558,14.968877433367236,288.7921714782715,59.814162254333496,39.72988942793032,283.0278015136719,66.15119934082031,140.952768161764,283.2159614562988,72.85459041595459,208.8665149759227,312.608699798584,97.14336633682251,32.953509544104996,291.2991523742676,78.57457637786865,27.10661644100492,285.9098815917969,78.6479902267456,70.80849650178878,284.5708656311035,82.02327489852905,125.8030780477333
391,15.64,368.57643127441406,124.91060256958008,81.24480990351756,366.0434341430664,92.77087211608887,59.24557153958474,348.51783752441406,73.64297389984131,57.531904582113626,330.08872985839844,67.15085506439209,55.03075740247303,315.43243408203125,70.05181789398193,57.81062611327423,336.5447998046875,57.977471351623535,70.17673004102109,308.54400634765625,52.80120134353638,55.74941102844496,300.0723075866699,60.046048164367676,38.44348682285326,297.5895881652832,65.85220098495483,19.344481668261388,324.68700408935547,68.27386379241943,99.87427729607509,296.1900520324707,57.08035111427307,87.22290984725942,291.6901969909668,65.14905452728271,84.98350824806819,293.0800247192383,71.77279472351074,79.8411095337892,316.04969024658203,83.33860874176025,112.08126052742328,286.6414451599121,63.916568756103516,115.79983485050992,281.52713775634766,69.41044807434082,89.70330965013734,281.8233871459961,75.00959873199463,64.14497277611113,310.7116508483887,101.2239933013916,112.50086428391755,288.88397216796875,82.71627187728882,119.86121411557333,282.9672050476074,81.20160341262817,97.40471480771639,280.8043670654297,82.89934873580933,96.67605964505248
392,15.68,369.2567825317383,125.76001167297363,27.20723316361028,365.7633972167969,94.23040866851807,37.153967048884894,348.2044982910156,74.71088647842407,27.82331251264405,329.0416717529297,67.96357870101929,33.136558226530035,313.8222885131836,71.28693580627441,50.73266335745566,337.07759857177734,58.8209867477417,24.942342884400926,308.4739685058594,54.8498010635376,51.24491506525699,299.87064361572266,62.77286767959595,68.3566612784005,297.28431701660156,68.50788116455078,66.82920249840339,325.7136917114258,68.86942863464355,29.67306180070818,296.2805938720703,57.74434804916382,16.753539817423444,290.9560775756836,65.74790239334106,23.684779956999694,291.7193031311035,72.57084131240845,39.43698770243537,317.31048583984375,83.89602899551392,34.46304966267284,287.0892524719238,64.06927585601807,11.828219621298503,281.2453842163086,69.63601112365723,9.023017321739548,281.1387634277344,75.5169153213501,21.302578444899673,311.982364654541,101.70037508010864,33.92688071647418,289.7041702270508,82.65835762023926,20.556004556022277,282.967529296875,81.77790641784668,14.407577410894518,280.3156280517578,84.62550401687622,44.85029179002132
393,15.72,370.1451873779297,125.11877059936523,27.391299773135398,367.2679138183594,92.67086505889893,54.17417785878869,350.38768768310547,73.68983745574951,60.25392636811261,331.9632339477539,67.37352132797241,74.51381315615701,317.01833724975586,71.22932195663452,79.91419962299999,338.2658386230469,58.20493698120117,33.46109433259446,310.6315040588379,54.41144585609436,55.040411007838784,302.09402084350586,62.885985374450684,55.65632213591154,299.99555587768555,68.84661197662354,68.3079183042651,326.77967071533203,67.79007911682129,37.925145174344074,297.351016998291,57.53271818161011,27.278572978494775,291.8235397338867,66.87674045562744,35.591132733281384,293.68677139282227,74.35380220413208,66.37902954946752,318.67101669311523,82.67364978790283,45.72509656840223,287.9591751098633,63.55858325958252,25.218697478924458,282.2117233276367,71.21967315673828,46.38019993154979,283.51409912109375,78.40394496917725,93.46509991562363,313.7774658203125,100.3102970123291,56.75993982266368,290.4908752441406,82.8555679321289,20.276166597602092,284.01317596435547,83.29959154129028,46.15803402525518,282.58975982666016,86.4352011680603,72.6579275983713
394,15.76,371.75968170166016,124.11054611206055,47.5861622359819,367.0328903198242,91.66000127792358,25.9456358150011,350.16761779785156,73.1769061088562,13.953702936439782,332.0159912109375,67.48809099197388,3.1533253011733033,317.3065185546875,71.63578748703003,12.45649157848541,340.55004119873047,58.19422960281372,57.105691784573324,310.93326568603516,55.09631037712097,18.70994875410124,300.8708190917969,63.54934215545654,34.78743257530641,297.4336051940918,69.98127937316895,70.04936387090545,329.6739196777344,67.5692081451416,72.56661182362801,298.26818466186523,56.69483184814453,31.05690373043667,290.79139709472656,65.29773473739624,47.16048058080067,290.84028244018555,72.9000449180603,79.90584148033885,321.7711639404297,82.42386817932129,77.75483830209926,289.821834564209,62.6700496673584,51.59331465518409,283.3734893798828,70.48576354980469,34.35407245965258,284.29853439331055,78.1176495552063,20.87617901398979,316.6943168640137,100.60526847839355,73.29319620935505,292.9597473144531,83.1496810913086,62.15822476738189,285.60285568237305,83.10230255126953,40.04688308298674,283.31958770751953,85.75995683670044,24.857137339118957
395,15.8,372.4949645996094,125.48140525817871,38.89003518345367,366.2244415283203,93.72530937194824,55.44753698163637,348.55236053466797,75.32106399536133,67.1121685525876,329.31819915771484,70.5915355682373,102.80275470643467,313.8966369628906,74.63600635528564,113.54681228328307,340.40443420410156,60.316786766052246,53.18864016463031,309.0617370605469,56.48150682449341,58.20968880819623,299.9480628967285,65.7047438621521,58.6154603792973,297.9598617553711,72.39705562591553,61.8108044338924,330.40775299072266,69.12303686141968,42.959974182238305,298.58150482177734,57.51756548881531,22.009375361688765,293.2272720336914,67.25520372390747,78.12318618466561,295.2293014526367,75.53928852081299,128.03587067285292,322.84610748291016,83.50569248199463,38.12682324636356,290.9385681152344,62.73010969161987,27.958686379416008,287.1804618835449,71.79069757461548,100.61030157477737,290.6013870239258,80.12686729431152,165.38384747003803,317.4999809265137,101.32909297943115,27.076471450162355,294.1696548461914,83.23446750640869,30.321866816112948,289.5850944519043,84.71312999725342,107.39236087326212,290.3485107421875,88.78759145736694,191.33140493582133
396,15.84,373.1648254394531,128.35739135742188,73.82415588662394,369.2958068847656,96.85107707977295,109.55509149525002,351.33323669433594,77.78646469116211,92.90947478010735,332.5289535522461,72.24276065826416,90.26173081633189,317.71265029907227,76.38855457305908,104.9803048121914,339.49573516845703,60.757713317871094,25.250620802766417,311.1517524719238,57.73878335952759,60.975961991902636,304.2765426635742,67.62860298156738,118.41919978235683,304.25506591796875,74.14381742477417,163.32630726313417,328.08422088623047,69.85406398773193,60.89541290201098,297.78675079345703,59.94199991226196,63.784384056387964,294.3642807006836,70.43118953704834,84.33443318896877,298.4798240661621,78.04620265960693,102.62344931935917,319.9127960205078,84.94681119918823,81.7050307987011,288.4383964538574,65.44820308685303,92.32716976045869,286.25463485717773,74.96206283569336,82.59355794311188,291.1089897155762,82.90537118911743,70.61225277006783,315.0788116455078,103.39613914489746,79.58776812996847,293.2430076599121,87.07042694091797,98.65742429944157,290.5181121826172,88.90130996704102,107.27119121983158,293.01963806152344,92.65494346618652,117.50354440458284
397,15.88,372.6799774169922,130.26185989379883,49.13042597855004,369.3315124511719,97.61847496032715,19.205702189575565,351.79737091064453,77.8648567199707,11.767696273302601,333.2027816772461,72.3900032043457,17.243199917242574,318.84716033935547,77.40120649337769,38.017898278544,338.1106948852539,62.08095073699951,47.88850236145565,310.0358200073242,58.92906188964844,40.78961452390492,305.1377868652344,68.98105144500732,40.08474165092544,306.50630950927734,75.20793914794922,62.25177080383462,326.23355865478516,72.36956119537354,78.0731904071063,296.3597106933594,61.74539566040039,57.49282385486518,295.9216117858887,72.16289520263672,58.22416069155118,301.9512748718262,79.43874835968018,93.50853645168627,318.250789642334,88.17457437515259,90.76315442265789,286.81135177612305,67.73496150970459,70.1629285477128,288.1026077270508,77.1442723274231,71.48881902779526,295.1312255859375,84.87561464309692,111.97165005250879,314.07012939453125,106.88330411911011,90.75295945866804,292.7254295349121,89.80713129043579,69.6304432887848,292.65573501586914,91.82780027389526,90.60138276177129,296.63867950439453,95.95984697341919,122.52512027472484
398,15.92,372.77523040771484,132.35880374908447,52.477653961363835,369.4770812988281,100.52372217178345,72.7222956229835,351.38572692871094,81.04265213012695,80.10865448202317,330.8893585205078,75.12360334396362,89.52826517869939,315.4408836364746,79.27243709564209,97.16038590727095,338.70174407958984,63.24308395385742,32.59498393013942,310.4350471496582,60.51386117935181,40.85776471354973,303.31518173217773,69.67487812042236,48.755031320892286,302.35193252563477,75.06996631622314,103.91668725628753,327.17559814453125,72.4674940109253,23.677906851680525,298.5929298400879,61.90335988998413,55.96997216779963,296.2434387207031,71.83791160583496,11.434238993104048,300.2439308166504,79.22279119491577,43.02369419689836,318.98767471313477,87.32954263687134,28.02987520342919,289.46422576904297,67.78693914413452,66.33457854313156,288.8511276245117,76.53449535369873,24.13646093801059,294.1169738769531,84.20320272445679,30.42248672350597,313.68663787841797,105.28876304626465,41.00020560864612,292.25379943847656,88.54568481445312,33.66825433209385,290.66110610961914,90.67013740539551,57.65591790284387,293.4540367126465,95.04218816757202,82.85547430232675
399,15.96,372.28782653808594,131.80541038513184,18.4358134380485,365.79761505126953,102.75137901306152,107.53175946382055,345.5463409423828,83.625648021698,159.62905529930592,323.0739212036133,78.40004682540894,211.86101331623797,306.19543075561523,81.39533042907715,237.1511583849712,338.46519470214844,63.075363636016846,7.2493841542084105,308.2449531555176,59.98801946640015,56.30842083034058,299.2289161682129,69.15450096130371,102.98166902104873,297.4104881286621,75.06160497665405,123.53628677531312,328.2373046875,71.82990789413452,30.961032360321393,298.67441177368164,61.16121768951416,18.665046732137224,294.62440490722656,71.21342897415161,43.382377228941,297.73834228515625,78.85232448577881,63.32070885447813,320.5902099609375,85.59273719787598,59.079461074545826,290.3394889831543,66.52979135513306,38.29577536563077,288.2077407836914,75.31977653503418,34.36466604084914,292.8138732910156,82.92335987091064,45.6622715354522,315.207462310791,102.22829818725586,85.43766772964693,292.3538017272949,85.7207465171814,70.66769435693992,290.37227630615234,88.65072727203369,50.999019243603215,293.7974739074707,93.65252494812012,35.78680771497857
400,16.0,371.46217346191406,131.30205631256104,24.174732735928163,366.09867095947266,102.87458896636963,8.132317952857674,346.12422943115234,84.05578851699829,18.0099963761364,323.0651092529297,79.33490037918091,23.372377091811508,305.76154708862305,81.67473077774048,12.901540395331141,340.7818603515625,62.008681297302246,63.76103307909114,309.78715896606445,57.81506538391113,66.6151644085743,301.4897155761719,67.45119094848633,70.76580637387508,300.72397232055664,73.32629442214966,93.50962587652842,330.1495361328125,70.0922155380249,64.59587750450746,300.55994033813477,59.155755043029785,68.81632434337789,297.928466796875,69.53714847564697,92.62404277607328,302.4572563171387,77.09203004837036,125.9136265153908,321.5342712402344,83.53559732437134,56.58553347715261,291.62757873535156,64.52193975448608,59.637672971538215,290.91745376586914,73.69104623794556,79.0383879296832,296.35765075683594,81.22564315795898,98.236324635707,314.98388290405273,99.92530345916748,57.845551194108204,293.3898735046387,83.3609390258789,64.43085501050521,293.4340286254883,87.73873329162598,79.86731295271434,298.19971084594727,93.84682416915894,110.16306734162255
401,16.04,371.1704635620117,130.41456699371338,23.35503099936008,364.95819091796875,102.50173330307007,29.997042257563777,345.51483154296875,83.56672525405884,19.534403325921048,323.3028793334961,77.98137187957764,34.356349580998476,306.42736434936523,79.64797496795654,53.33298543815993,341.3866424560547,61.53596878051758,19.190142610186847,310.52608489990234,57.40509510040283,21.125919640604927,301.8341636657715,67.20273971557617,10.617570978200394,300.63268661499023,73.107590675354,5.924757848596761,331.3967514038086,68.93704175949097,42.49979699082566,301.68169021606445,58.359771966934204,34.38669661062484,298.06419372558594,69.28325414657593,7.1974009854139345,302.1388244628906,77.11295127868652,7.977959626284125,323.06800842285156,81.87862873077393,56.4462945280218,293.2092094421387,62.873897552490234,57.10515953162212,291.3014030456543,72.62537956237793,28.318087339001398,296.2757110595703,80.56543350219727,16.63187646413111,316.5029716491699,97.91125059127808,63.067620308459624,294.6632194519043,81.42868995666504,57.85216270209593,293.5692596435547,86.03653192520142,42.689115416761375,297.5404739379883,92.25622415542603,43.045046931256046
402,16.08,371.6468048095703,129.5625114440918,24.404144675733537,365.9051513671875,101.6064190864563,32.57991749965867,347.09083557128906,82.04561233520508,54.758408082604404,325.2328109741211,76.16799831390381,66.20498388608159,308.53424072265625,77.93638229370117,67.86234935006559,341.114501953125,61.879684925079346,10.960190502656339,310.64069747924805,57.597455978393555,5.597920971532466,304.1943359375,68.5443663597107,67.87108738487159,305.13269424438477,74.3566346168518,116.75342455470353,330.6990432739258,69.59959030151367,24.054199283090153,301.94812774658203,58.834208250045776,13.603279577022716,300.0726127624512,70.58805227279663,59.876149142582925,305.4991149902344,77.62511014938354,84.97742029868061,322.2568893432617,82.61432647705078,27.376601952574386,293.0527114868164,63.23939323425293,9.939778147902349,293.21008682250977,74.2315149307251,62.36357401103102,299.968318939209,81.98519468307495,98.90359815085347,315.7735061645508,98.27612400054932,20.390753082645325,294.73913192749023,82.07600355148315,16.29374101430394,295.61960220336914,88.1458568572998,73.54061922569713,301.3698959350586,94.74710941314697,114.20645285725301
403,16.12,373.5176086425781,126.46782875061035,90.40522646302833,368.7683868408203,95.64228773117065,165.39532225959923,350.3692626953125,76.60735130310059,158.7505264968411,329.92076873779297,71.76471948623657,160.79064888107212,314.0556526184082,75.8508825302124,147.55358896444812,341.2632369995117,60.03737211227417,46.2076739720375,312.15160369873047,56.77178621292114,43.04480344424525,304.80091094970703,66.27948760986328,58.617451523332285,304.1712951660156,72.07346677780151,61.93314726967003,330.2325439453125,69.15063858032227,16.18601386145938,301.19556427001953,58.53072166442871,20.28632380917839,298.6185836791992,69.15251970291138,51.08176248760336,302.9005241394043,76.50683641433716,70.72486548463873,321.95079803466797,83.36367130279541,20.236253931170207,291.8825912475586,63.23430776596069,29.253282255036268,290.5231285095215,72.65439748764038,77.89032515747265,295.561466217041,80.1199722290039,119.63330879726297,316.3551139831543,100.26495695114136,51.80325858489372,293.99559020996094,82.16429471969604,18.719134864003692,293.27436447143555,85.93814849853516,80.52218722440855,297.0350456237793,91.42763614654541,136.49594771659125
404,16.16,373.36997985839844,125.85562705993652,15.743752093732816,368.91048431396484,93.6819863319397,49.13612003722992,350.9698486328125,74.58064556121826,52.84552743906962,332.5798034667969,69.42469596862793,88.55145309723326,318.32637786865234,73.72293949127197,119.28756153736207,341.38851165771484,59.090577363967896,23.876165356483796,312.89113998413086,56.59148454666138,19.029953499021218,304.4985008239746,66.11799001693726,8.570784556649388,302.96234130859375,72.7243423461914,34.32572317976433,330.2456283569336,68.01844596862793,28.30670538718158,301.1678695678711,57.67211079597473,21.47643505034046,297.4405288696289,67.75616884231567,45.67280960975377,300.8845329284668,75.74810028076172,53.851074054807945,321.9717788696289,82.40283966064453,24.02651712163579,291.92895889282227,62.40962505340576,20.64962976233257,288.08895111083984,70.69994688034058,78.04284394095293,290.89916229248047,77.91086912155151,128.9796845057597,316.61951065063477,99.75310564041138,14.402633484687282,294.72373962402344,81.63736581802368,22.470197437622865,291.9555473327637,84.18055057525635,54.93421693926662,293.4851264953613,89.1234540939331,105.80400733753083
405,16.2,372.40089416503906,126.25104904174805,26.166362289846163,362.6193618774414,100.33307790756226,228.87665982282624,340.6949996948242,81.37341499328613,307.9308336052458,319.307861328125,75.42539119720459,364.13664275800784,302.9013442993164,76.47492170333862,391.7150325098207,337.1302795410156,59.79629874229431,107.90789887537093,305.65439224243164,56.078349351882935,181.37293349117215,297.3117446899414,66.06488943099976,179.6738075692496,296.7686462402344,72.40454435348511,155.04864026322156,329.82330322265625,66.40031576156616,41.80837151552407,300.4168701171875,57.6922345161438,18.781725477184306,297.32412338256836,68.89316082000732,28.573381349091477,301.5923309326172,76.79531335830688,31.599379389286415,323.2889175415039,78.24562311172485,109.02208410329153,294.0333938598633,61.792588233947754,54.82575220113135,292.1705627441406,71.26140117645264,103.00116641244578,297.2324752807617,79.29644107818604,162.0776493199787,317.32208251953125,92.82850742340088,174.0037134984295,295.361328125,77.16380596160889,112.9691796617099,294.6611022949219,81.34305238723755,98.01601788824124,299.39680099487305,87.40122556686401,153.93579523544
406,16.24,371.9584655761719,127.49473571777344,33.0009432097222,349.6394348144531,114.98920440673828,489.438805240467,324.4578170776367,97.01035737991333,563.5601490449989,305.8064270019531,86.94842576980591,443.7546159093006,291.4272880554199,82.5930118560791,325.0817145399368,331.4735412597656,64.9078631401062,190.60229959187473,300.3271484375,59.8500394821167,163.1815955379262,293.73573303222656,71.57172203063965,164.1513490969712,295.48328399658203,78.47517728805542,155.1304699351822,330.72193145751953,65.88599681854248,25.88504249135123,299.43065643310547,57.831501960754395,24.89996048941416,295.5469512939453,70.73550224304199,63.99493413354202,300.0266456604004,79.56996202468872,79.64784049760502,328.9748764038086,72.92865514755249,194.61544857079116,298.06007385253906,58.716981410980225,126.67258260200747,295.63302993774414,70.3741192817688,89.35864615208742,301.0404586791992,79.35376167297363,95.21036975220456,326.6433334350586,83.46733331680298,330.2624896240284,304.1996383666992,72.09228515625,254.7499401468445,302.1455955505371,79.14870500564575,194.988460755452,306.8209457397461,86.52493715286255,186.89202527351736
407,16.28,372.80712127685547,128.5178804397583,33.23252943679811,340.36685943603516,126.35016918182373,366.616433388814,314.59877014160156,109.23041582107544,392.5323512084398,298.3002471923828,94.51491594314575,266.45181186854575,286.9335174560547,86.13597393035889,143.06151312351685,324.09210205078125,73.20170402526855,277.57143385118286,293.6490249633789,65.46928882598877,218.19328633721452,290.3875541687012,77.23214149475098,164.41306633721464,294.7306251525879,83.66546630859375,131.1144429786516,331.03885650634766,66.39623165130615,15.016263498705362,300.7896041870117,58.54290962219238,38.347423793844264,297.81246185302734,71.92451477050781,63.964291228499306,302.7449417114258,80.40568828582764,71.0966411151815,337.07996368408203,65.76234340667725,270.4723458464107,307.607421875,55.260711908340454,253.84253625139655,304.85450744628906,68.22329521179199,236.72464439274097,310.1113510131836,77.23466634750366,232.878257804863,341.68052673339844,69.28725957870483,516.7153916262422,319.9279975891113,61.46153211593628,474.6012760948496,316.03445053100586,70.7984733581543,405.1440031297973,319.385986328125,78.43671798706055,373.5802576602986
408,16.32,371.7628860473633,129.26104545593262,32.042173925332115,368.4564208984375,100.0511884689331,961.9835788902116,349.395751953125,80.6383466720581,1125.9263856414198,327.3768615722656,75.59876918792725,867.2046009525994,310.4228973388672,79.31077480316162,611.5218262687823,339.13780212402344,61.212358474731445,480.9609504836021,309.46277618408203,56.90225601196289,449.6309451281168,303.06629180908203,66.32644414901733,418.09435444522586,303.5354423522949,71.88676357269287,367.64677686348585,327.938232421875,70.31230688095093,124.87372351061612,300.3102111816406,59.693427085876465,31.159951137646047,299.93560791015625,70.08587121963501,70.215557780435,305.521183013916,76.90479040145874,111.70217591443577,319.4997215270996,84.45051670074463,641.4401449897894,290.91880798339844,65.71655988693237,492.33791150894353,292.0374298095703,74.34762239456177,355.1274969881316,298.37791442871094,80.8528733253479,306.9659547657139,313.55316162109375,101.27207279205322,1064.8289018821522,291.98734283447266,83.10104370117188,883.5116898510237,294.185848236084,87.10074663162231,681.508224512228,300.6938171386719,92.89802312850952,590.8291501151365
409,16.36,371.62322998046875,128.91679286956787,9.287547450728944,369.91912841796875,97.90333271026611,64.96536407835055,353.4705352783203,78.0670952796936,120.45536743444165,334.2810821533203,71.46848917007446,201.13346759324565,319.1933822631836,74.9443531036377,244.93244510698094,342.2140884399414,60.600693225860596,78.41265791543316,314.76924896240234,56.35134816169739,133.37483084932725,306.90649032592773,64.81862783432007,103.14017975445839,305.28541564941406,70.81321477890015,51.32563658448287,329.55577850341797,69.86160278320312,41.97908340502501,302.5973892211914,57.68981337547302,76.01665641949798,300.7416343688965,67.02577114105225,79.11183201302586,304.64527130126953,74.75027561187744,58.14397704661596,320.39512634277344,84.31821584701538,22.628153092847775,292.01343536376953,63.85240316390991,54.044480464289336,290.3206253051758,71.41522407531738,84.94990291716292,293.78910064697266,78.48253011703491,129.1214032622659,314.707088470459,101.73736095428467,31.105066383937885,294.2025947570801,83.4972596168518,56.26015537468527,292.9021644592285,85.5754566192627,49.83945262519147,295.0837707519531,90.39361238479614,153.59177556587116
410,16.4,371.68212890625,126.85210704803467,51.63814375717348,368.4114456176758,96.12931966781616,58.20346693433402,351.8561553955078,76.79907560348511,51.32066046731083,334.07474517822266,70.64535140991211,21.215129028265817,319.46882247924805,73.4753966331482,37.36392331530015,341.7610549926758,60.47696113586426,11.740659437299446,312.30194091796875,56.09135985374451,62.0242034733162,302.3297691345215,64.37362432479858,114.95761443721737,299.74313735961914,70.90669870376587,138.5766662486429,330.72818756103516,68.86224031448364,38.5135393584834,301.76124572753906,56.150264739990234,43.79887229565721,296.4985656738281,64.72633123397827,120.65201986838399,298.4690284729004,72.79921531677246,161.92708959226906,322.2933578491211,82.8307056427002,60.290802882947546,293.6246109008789,61.66769027709961,67.86409677240374,289.4412040710449,69.29121494293213,57.47171315904135,291.8642997741699,76.87382698059082,62.71355605622293,316.53215408325195,100.16758918762207,60.18226426038233,295.48221588134766,82.37276315689087,42.587575287110596,292.6913833618164,84.40629959106445,29.700134970354075,294.43803787231445,89.01718854904175,38.00915619524534
411,16.44,369.3400192260742,124.71419334411621,79.27859405040965,365.9033966064453,94.49380159378052,74.85498151939937,350.49293518066406,75.63904523849487,44.749579619939,333.68030548095703,70.12149810791016,16.393690798546317,319.6908950805664,73.63808155059814,6.88216093525502,340.92193603515625,61.28193140029907,29.069934548998816,314.1232490539551,57.00520992279053,50.94289250539157,303.5786819458008,64.4800329208374,31.33594181894519,300.24744033813477,70.41168451309204,17.666361805494148,329.78843688964844,69.61810111999512,30.150216434549066,299.149227142334,51.33558511734009,136.93926792153908,290.84753036499023,57.83647298812866,222.77279163650462,291.4992141723633,66.85725688934326,228.97213440895553,322.0084762573242,83.68943452835083,22.61875356307657,293.19162368774414,60.3804874420166,33.951887515497056,288.27991485595703,67.2818398475647,58.020367732818215,291.1122512817383,75.41727304458618,40.981141268418426,317.56994247436523,101.79739952087402,48.304285958289555,296.39713287353516,83.33227157592773,33.14484791030922,293.6507987976074,85.55562257766724,37.42844261026303,296.2156295776367,91.12847328186035,68.99889262636503
412,16.48,369.56661224365234,127.02828884124756,58.12907171469119,367.58594512939453,96.16124153137207,59.22059121176687,351.67747497558594,77.96944856643677,65.35439061683334,334.5823669433594,72.52100229263306,64.08653921873028,320.43506622314453,76.14838600158691,65.45713829531915,340.77808380126953,61.940388679504395,16.849693130230055,317.0965385437012,58.19608926773071,80.07279502131074,308.62958908081055,66.17264986038208,133.17426316326606,305.6577682495117,70.5410099029541,135.2968337699729,328.8425827026367,70.14720439910889,27.094630730281956,299.8893356323242,52.54433870315552,35.43343943382864,293.88763427734375,61.418495178222656,117.45508388377908,295.57838439941406,70.55398464202881,137.62591012127098,320.64830780029297,84.03486728668213,35.08366804895781,293.18010330200195,61.13998889923096,18.989720620614364,290.0584030151367,69.94824171066284,80.12770677126768,293.4377861022949,78.27931880950928,92.19347239004924,316.03443145751953,101.6422176361084,38.58331488653756,295.34767150878906,82.69471406936646,30.69862303780262,292.6689147949219,85.94094514846802,26.369604641261617,295.113468170166,91.74583911895752,31.582237342892682
413,16.52,370.7242202758789,128.7874460220337,52.646761195412516,368.1385040283203,98.34850788116455,56.39955353168029,351.46751403808594,80.45218706130981,62.29001740447843,333.76819610595703,75.6562614440918,80.98118646976829,319.22901153564453,79.44703102111816,87.80527772477235,339.3296813964844,64.11599636077881,65.34111602298958,313.48094940185547,59.90609407424927,99.98937843887816,304.68725204467773,68.4217643737793,113.46953721384445,302.00462341308594,73.48204135894775,117.24742326872392,327.6216125488281,72.36029148101807,63.18881699223303,299.0331840515137,58.088704347610474,140.25197398062002,293.94826889038086,66.96152687072754,138.58408300651743,296.17223739624023,75.31745195388794,120.00854712527217,319.3186378479004,86.2877869606018,65.4010189113577,292.2591209411621,64.7450852394104,93.02193333749757,289.59503173828125,72.81030178070068,72.48319108903665,293.0996322631836,80.8788514137268,65.53585745269388,314.417781829834,103.44989061355591,60.628157712040874,296.0249328613281,84.63122606277466,51.288166521728314,295.00574111938477,87.89270639419556,76.11721729931843,298.36597442626953,93.88052701950073,97.26153330941689
414,16.56,370.90343475341797,130.0529909133911,31.954280826288244,367.4477005004883,98.94606113433838,22.834724166877475,351.5373229980469,80.25429725646973,5.2460500468492866,334.2400360107422,75.56332111358643,12.022655716971213,320.07164001464844,79.1671872138977,22.19706216580358,339.7742462158203,64.84995603561401,21.452486494509714,312.94307708740234,61.40775203704834,39.87702396033509,304.36180114746094,69.98839616775513,40.00198014157507,301.77928924560547,75.07776260375977,40.28881496596258,327.97096252441406,74.1273307800293,45.03105379687997,297.98059463500977,58.87845039367676,32.897979582846,292.9971694946289,67.70580053329468,30.192438471731144,295.48274993896484,76.10122919082642,26.097170714502226,319.7315216064453,88.7516713142395,62.4559800287912,291.06964111328125,66.19199752807617,46.82692489388116,288.74135971069336,74.92891073226929,57.103304525398514,292.97441482543945,83.55734825134277,67.03555360699436,314.8548889160156,106.62251472473145,80.06484229829974,294.6276092529297,86.89764976501465,66.56383057197267,292.4238967895508,89.79841947555542,80.22492790570928,294.7416687011719,95.91372728347778,103.89145568335974
415,16.6,370.50750732421875,129.3130588531494,20.980020003652104,364.8760223388672,98.77604484558105,64.43230025287036,347.8513717651367,80.27737855911255,92.15058748430334,329.76219177246094,74.95170593261719,112.98551387207958,315.08445739746094,79.18344497680664,124.68022791333027,339.82688903808594,65.1322889328003,7.1799691664418175,309.3166160583496,59.60733890533447,101.21977030231652,299.06505584716797,68.66448640823364,136.4923253967322,296.46350860595703,74.9469780921936,132.9347311590512,329.5290756225586,73.841872215271,39.6011601692695,296.74686431884766,57.79360055923462,41.07150514884525,289.6947479248047,66.72679424285889,86.11199662921939,291.2203025817871,75.51974058151245,107.54820569015011,321.9926071166992,88.27471017837524,57.77109793078353,290.35898208618164,64.93781089782715,36.03835072091226,287.0713424682617,74.13545608520508,46.22315347154747,291.37210845947266,83.15861463546753,41.27933946636221,317.16711044311523,106.220383644104,58.673236000270194,293.7306213378906,87.26606369018555,24.242474863165693,291.0112190246582,90.41183710098267,38.502756805574094,294.20536041259766,96.5451192855835,20.71054140885246
416,16.64,370.8287811279297,128.2674264907837,27.34689075307986,365.2964782714844,97.35182046890259,37.12477496899944,348.6013412475586,78.70546817779541,43.54133432338121,330.84373474121094,73.33288192749023,48.671901242065694,316.58836364746094,77.25369930267334,61.163982332462474,341.28910064697266,64.07490491867065,45.11183147537347,312.39681243896484,58.69960069656372,80.27919406210398,302.4217224121094,67.74032592773438,87.03908253592239,299.6073913574219,74.33990478515625,80.04895671976082,330.53096771240234,73.01461458206177,32.482138855400315,297.828426361084,55.148069858551025,71.45194687456845,290.89380264282227,63.52219820022583,85.53934771955703,292.3890686035156,72.06046342849731,91.28462505715163,322.92980194091797,87.59032487869263,29.01203820145268,290.87066650390625,62.83339977264404,54.14313857231009,286.9112777709961,71.82535171508789,57.8910771845782,290.8261489868164,80.70911407470703,62.74016229133599,318.27564239501953,105.82933187484741,29.38712063378553,294.05736923217773,86.97288751602173,10.974870600558166,290.73734283447266,89.9044418334961,14.414795459403857,293.31491470336914,95.72842597961426,30.20638919478003
417,16.68,371.98680877685547,129.41627025604248,40.78043367114434,369.7291946411133,97.01392650604248,111.13940217052122,354.44297790527344,77.19250202178955,150.85958999591514,336.83528900146484,70.14235496520996,169.70228480821223,322.34249114990234,72.8351640701294,181.37226378981012,345.10860443115234,61.73771381378174,111.94605681458486,317.21302032470703,55.11145234107971,150.1471507797597,307.6399230957031,64.33875560760498,155.72471507648416,305.5718231201172,71.38214349746704,166.4384234612039,333.5213088989258,70.49983978271484,97.68006674614055,303.1742286682129,52.841938734054565,145.55034152801747,296.78272247314453,62.558655738830566,149.1806598617815,299.22306060791016,72.15514898300171,170.86619778052977,324.5805358886719,84.91012573242188,78.6939881357594,295.52574157714844,60.43325185775757,130.93517945641713,291.60736083984375,69.68769550323486,128.99314485078136,295.5257797241211,78.56627941131592,129.12752771400426,318.496150970459,102.9152512550354,73.06029141489195,296.01112365722656,83.9499306678772,89.98411130284958,294.99916076660156,88.40558052062988,112.94267716916879,300.0195121765137,95.22929191589355,168.07878006024134
418,16.72,376.3460159301758,128.39861869812012,111.91040417143081,375.15010833740234,96.07718467712402,137.53133860292496,359.0663528442383,74.72524166107178,131.01280832855946,340.6739044189453,67.71578550338745,113.53195496304207,324.77088928222656,69.46874856948853,103.7721988661669,350.74718475341797,58.26106309890747,165.60625034225927,321.16222381591797,49.988447427749634,161.71229768673433,310.0671577453613,57.82886981964111,173.6916826895349,306.6764259338379,64.13012981414795,183.39140151450505,338.61812591552734,66.78741931915283,157.63805338296578,308.3932113647461,50.19067168235779,146.3450489556401,301.0500717163086,59.01211738586426,138.7177977320184,302.35023498535156,67.51721620559692,139.84285831481463,328.3463668823242,80.87531805038452,137.9790656761476,300.2456283569336,56.70038938522339,150.44017385003227,295.78622817993164,64.67615604400635,163.13043093920598,298.5840034484863,72.47363805770874,170.42779081614498,320.58101654052734,98.3771824836731,124.85174362736751,301.7076873779297,78.7335991859436,193.10125639389713,301.16296768188477,82.07990169525146,220.8035443141905,305.4794692993164,87.80346393585205,230.42630732515602
419,16.76,375.3379821777344,128.74659061431885,26.6600883874674,373.2713317871094,97.1323013305664,53.86947464881086,357.1409606933594,75.15010356903076,49.292764273145664,338.23535919189453,68.41406106948853,63.41377803061572,322.1512222290039,70.95839738845825,75.33968523294254,349.5880889892578,58.278021812438965,28.980495471724815,319.5012855529785,50.765594244003296,45.843981934038595,308.6702346801758,59.28036689758301,50.36267105531414,305.54033279418945,65.02838373184204,36.20745540121044,337.9347229003906,66.94627046585083,17.540548877978903,306.9257354736328,49.678473472595215,38.857371381459785,299.12086486816406,58.6284613609314,49.174631470372006,300.30208587646484,67.25633382797241,51.617429149394866,328.37310791015625,81.20007276535034,8.146345325590975,299.72156524658203,55.855361223220825,24.85853397488457,295.34080505371094,64.43344116210938,12.681489346348624,299.080867767334,72.94001340866089,17.03636036760209,321.45984649658203,98.45480918884277,22.05629157710142,302.6536750793457,77.77381896972656,33.690417727745555,300.7606887817383,81.22580766677856,23.602236691891786,304.1441345214844,87.35341787338257,35.22836594308631
420,16.8,381.973876953125,125.82063674926758,181.30827595987077,380.0867462158203,93.0722451210022,198.3272709751204,364.87342834472656,70.75611591339111,222.34289888783496,345.7820129394531,61.825668811798096,250.44821736081414,329.6620178222656,62.52450227737427,282.3369409815668,355.67272186279297,53.69384765625,190.4557197552352,322.71034240722656,43.425822257995605,200.26591494245162,310.6509590148926,51.63034200668335,197.55719064603107,307.7553176879883,58.451703786849976,173.49149326879444,343.6642074584961,64.7244644165039,153.6298624586127,307.9848861694336,42.722153663635254,175.91223927171757,299.0656280517578,50.7930850982666,195.8892740226887,300.7859992980957,59.90948438644409,184.06922766332963,333.75953674316406,80.95803022384644,134.7966064227777,301.311092376709,54.288060665130615,55.806739830415594,295.38639068603516,61.32021188735962,77.83907504843442,298.5386276245117,68.89805316925049,101.95423896736249,326.80824279785156,101.315438747406,151.63390218458582,303.05233001708984,76.9890546798706,22.00540771635618,299.2672538757324,78.36612224578857,80.6541556798975,301.66940689086914,83.42465400695801,116.08042030165377
421,16.84,382.30274200439453,124.97494697570801,22.684568199683522,375.89317321777344,93.17023515701294,104.86794236415042,356.1256408691406,71.51280641555786,219.51134115645306,333.4121322631836,65.9488320350647,325.97394730143367,315.70898056030273,68.38515758514404,378.3471698306786,350.48545837402344,52.44744300842285,133.3726617603064,315.4189682006836,43.16201448440552,182.4036258569965,302.08003997802734,52.439188957214355,215.22500802340878,298.4549903869629,59.01473522186279,232.93385904454027,339.5895004272461,63.536224365234375,106.11064923571291,302.683048248291,43.43737006187439,133.7465416337363,292.96037673950195,52.40105152130127,157.83624742792924,294.44576263427734,61.10502004623413,161.29922982429304,330.78285217285156,79.91378545761108,78.86340312110252,297.3001480102539,53.011651039123535,105.22860900249889,291.4738464355469,60.32265901565552,100.94278776822667,294.92488861083984,67.3985481262207,97.81240026514382,324.99088287353516,99.27226781845093,68.36183392178019,303.8277244567871,76.6484785079956,21.172338468542897,300.703125,77.72429466247559,39.31975117710269,303.5418128967285,81.4238977432251,68.50606669141031
422,16.88,381.15013122558594,122.83390045166016,60.789554127143944,374.7404098510742,87.53328323364258,143.84038542337592,356.61983489990234,66.09268426895142,136.0651310590221,337.5435256958008,58.60107779502869,210.73962617860875,321.7941665649414,61.292853355407715,233.6266626454831,346.0106658935547,49.38168525695801,135.60659629495916,311.7574882507324,41.441824436187744,101.1357047049962,299.266414642334,51.21570110321045,76.70320258368719,295.8624267578125,59.77977275848389,67.57712539957916,335.06595611572266,60.580809116363525,135.08546468711575,298.67225646972656,43.326451778411865,100.30813014346869,289.1423988342285,52.99601197242737,96.60141440333675,290.81031799316406,62.53739833831787,97.68624938493137,326.6807174682617,77.67184495925903,116.87013715218124,291.79304122924805,52.56118297576904,138.13749168288606,283.75205993652344,61.107473373413086,194.03917180662754,286.0928153991699,69.99703645706177,230.15980701163733,321.59568786621094,98.199942111969,89.01275034560105,295.97009658813477,76.94806337356567,196.58342188162226,288.86627197265625,77.18454837799072,296.22881321133343,288.37249755859375,80.38867950439453,380.11495352539254
423,16.92,379.7149658203125,119.11023616790771,99.76652569432812,370.316162109375,84.46801900863647,134.55903176912935,349.7399139404297,63.45457077026367,184.20938365171176,329.15531158447266,56.5440309047699,215.91893427599112,312.3874282836914,59.70678448677063,238.4878659753913,340.65784454345703,46.20484471321106,155.6137290024078,305.68408966064453,40.643030405044556,153.1425853948526,293.2914924621582,50.19292116165161,151.54573127444817,289.1096496582031,58.50912809371948,171.782086560821,330.3095245361328,57.72106647491455,138.74835437456795,293.13716888427734,43.10111403465271,138.49181310946807,282.6715278625488,52.40189552307129,162.45219582911594,282.3714065551758,61.79795980453491,211.78113053848264,322.90943145751953,74.83910322189331,117.9168773051421,286.63665771484375,51.699628829956055,130.69661073883083,278.40145111083984,60.05400896072388,136.3332362134363,279.9709701538086,68.61629962921143,156.89053388416897,318.8002014160156,95.25745868682861,101.46721514992988,291.7890930175781,75.31225919723511,112.2403842215111,283.3094024658203,75.3990125656128,145.9172215103635,281.38696670532227,78.69080543518066,179.72273377503728
424,16.96,378.28025817871094,113.91414642333984,134.76306673768534,362.32715606689453,83.27347755432129,201.94545493905477,337.89615631103516,65.94687938690186,302.57870569532207,314.254150390625,61.83157682418823,395.28687903137893,295.6851005554199,64.63721036911011,435.3711426213196,334.8280334472656,44.2303991317749,153.8772497222405,298.71618270874023,40.51319718360901,174.22791100270172,285.6600570678711,50.65587759017944,191.13662461687792,280.6360626220703,59.50918793678284,213.30992263111256,326.2674331665039,53.17213296890259,152.13336805773983,289.92637634277344,41.34217143058777,91.52550132671998,281.0921096801758,52.419501543045044,39.48790769613762,281.1063003540039,62.42905139923096,35.3444682830596,319.3928909301758,67.58744716644287,201.48289757911536,283.8786315917969,47.49024152755737,125.81148982953681,275.0570487976074,55.921289920806885,132.9106690028278,275.01062393188477,65.02284049987793,153.1298124867106,314.39809799194336,85.15598773956299,275.47485122815687,287.9158401489258,67.48303413391113,218.37303644896258,280.21045684814453,67.48028755187988,212.5877315728015,278.4360122680664,70.51052570343018,217.40674520994037
425,17.0,379.49249267578125,108.36833953857422,141.91874100828156,363.8355255126953,76.30410432815552,178.26830472391478,342.7934265136719,59.865463972091675,195.20320963857827,323.45516204833984,55.87238788604736,274.0558204155963,307.6671600341797,60.28090238571167,318.73496886006023,332.99339294433594,44.17729139328003,45.88522506536102,299.4479560852051,41.39744997024536,28.694460105315983,285.21596908569336,50.08673429489136,18.047476043862634,279.2838478088379,58.33547115325928,44.76393630095886,324.0337371826172,52.60401964187622,57.62025740124206,287.906436920166,41.422709226608276,50.53860905035529,276.72096252441406,49.77725028991699,127.69205912560824,275.1615524291992,59.45722818374634,166.15459878070442,317.7634620666504,67.2508978843689,41.59555144899928,281.15787506103516,48.25934886932373,70.6843432223566,270.7099914550781,55.33691167831421,109.65401688246736,269.69425201416016,63.714988231658936,136.87194727887177,313.6614990234375,85.23682594299316,18.52553736632413,285.1226806640625,67.06011056900024,70.62490818418212,274.55013275146484,66.16996049880981,145.2502707946271,270.7118606567383,69.62719202041626,194.36241359624069
426,17.04,375.9990692138672,104.4733715057373,130.80229227032177,359.83306884765625,72.93062210083008,130.8626228473877,338.96446228027344,57.455588579177856,113.10522343711634,320.3553771972656,54.4843053817749,84.90965478678103,305.48030853271484,59.95805740356445,55.263846522594896,329.34661865234375,42.87941336631775,96.77115437207587,298.4995460510254,43.16866636276245,50.228783469080064,285.6892395019531,52.754859924316406,67.74436905244184,279.3340873718262,60.717101097106934,59.55399442481295,320.15403747558594,50.98321795463562,105.11620928197856,284.13116455078125,42.336223125457764,97.10557755103223,273.19725036621094,51.18040323257446,94.82017702721835,271.1029052734375,60.76701879501343,106.61897163596198,314.299373626709,65.37338733673096,98.50429741966654,276.5607452392578,48.43697547912598,115.01400406794066,266.4491844177246,56.620116233825684,111.24604077462332,265.16021728515625,65.58382272720337,122.60203224139055,310.9750747680664,83.13905954360962,85.21113170468375,282.03216552734375,66.8020749092102,77.53171210870345,270.9619903564453,66.91348314285278,91.60919634901954,265.97673416137695,71.32654666900635,125.77069697657517
427,17.08,370.62870025634766,101.57334566116333,152.5840191482352,356.06433868408203,70.50307989120483,112.07220949388605,335.66638946533203,55.48360347747803,96.06641431186297,318.2432556152344,53.61961841583252,57.05666660409212,304.5088195800781,60.18452167510986,24.938384713401422,324.88941192626953,41.221346855163574,118.89038111421229,295.8917808532715,43.412089347839355,65.4775442245289,284.43260192871094,54.22721743583679,48.39275922216125,279.2474937438965,62.06206798553467,33.69379011187565,315.7245445251465,49.39701318740845,117.6234812908519,280.33973693847656,42.47416377067566,94.84840194011426,270.4988670349121,52.38278388977051,73.85370609958647,269.547119140625,61.59165859222412,44.02060090312381,309.7633171081543,63.80633354187012,119.97777485723718,272.3826789855957,48.51862907409668,104.47160179195161,263.4074401855469,58.07430982589722,84.2870355437612,263.34590911865234,67.15131998062134,59.941438934782646,306.3832092285156,81.46843671798706,122.15822157862802,277.7659606933594,66.3514494895935,107.24844682533978,269.15409088134766,68.21298837661743,55.66200659246897,267.2385787963867,73.80450010299683,69.51845575065
428,17.12,366.5822219848633,98.87954950332642,121.52809382394905,351.8872833251953,69.8253321647644,105.79205266671568,331.4385986328125,55.94356656074524,106.31845254207073,314.2577934265137,54.18309688568115,100.62745911189378,300.9625244140625,59.84785795211792,89.05599315488467,320.69164276123047,41.367080211639404,105.00745263474892,291.8396759033203,44.57225561141968,105.3729693890015,281.12892150878906,55.75927734375,91.0408969859501,276.6245460510254,63.134822845458984,70.84603724375236,312.0639419555664,49.247063398361206,91.59181224204617,277.2441291809082,44.20825123786926,88.70543505260589,268.4107208251953,55.14529466629028,86.57301969848386,268.36198806762695,64.35652256011963,75.20392452006907,306.53594970703125,63.13032388687134,82.43516162522556,269.8540496826172,49.829607009887695,71.20669429560542,261.9128227233887,60.59915542602539,73.3515791525429,262.6566696166992,69.86703872680664,70.04542900608712,303.310604095459,80.32263994216919,81.9822867879117,275.0202178955078,66.00037336349487,69.20241125798178,267.41138458251953,69.07612323760986,48.6185859023818,266.64262771606445,75.13074159622192,36.349640545757225
429,17.16,365.0953674316406,97.63830184936523,48.421535762142305,350.82984924316406,68.6624264717102,39.29469182328527,331.23504638671875,55.30581593513489,16.73617670938104,314.5732116699219,53.63908767700195,15.720899453483986,301.9279670715332,59.961440563201904,24.302527317194155,321.35162353515625,41.29867672920227,16.5879033176514,294.19301986694336,45.06455898284912,60.10714610511086,284.76783752441406,56.18141055107117,91.58297540173399,281.08407974243164,63.827855587005615,112.82656803043747,312.19139099121094,49.233927726745605,3.2031042126656106,278.9681816101074,44.11235332489014,43.16793651210843,270.8429145812988,55.5733323097229,61.73928394580045,271.1708068847656,65.20369291305542,73.34490760443785,306.3545608520508,63.12023878097534,4.541725035164157,270.3192138671875,48.193838596343994,42.51555613356599,262.3626708984375,59.0804386138916,39.598485893186144,263.2322311401367,68.77063751220703,30.957296097176297,303.0712699890137,80.7368803024292,11.960243793928253,275.6761932373047,66.07844352722168,16.515118064781156,266.96258544921875,69.42202806472778,14.16577767621254,265.098876953125,75.89675903320312,43.083850888669645
430,17.2,363.2379913330078,96.20161771774292,58.70427617424801,348.3094787597656,69.09368991851807,63.925031942398505,328.48514556884766,56.306090354919434,73.15438906434211,311.8377113342285,54.21548008918762,69.88915464596285,299.2373466491699,60.080931186676025,67.33181021226426,318.07533264160156,41.48422122001648,82.03851525831053,291.1656951904297,46.710230112075806,86.14278902859063,282.21973419189453,57.77959585189819,75.19568990713793,278.33913803100586,65.09762763977051,75.61012690567591,309.89763259887695,49.30455923080444,57.371140239279924,276.3869857788086,45.77185034751892,76.71579974012951,267.69718170166016,56.87941074371338,85.15234959241741,267.28416442871094,66.62833213806152,103.48788124290449,304.869327545166,62.8101110458374,37.93165884177131,269.02931213378906,50.51997184753418,66.49596972804497,261.4532661437988,61.4546012878418,63.55934928345398,262.3721694946289,71.10212802886963,62.12665522624544,302.2981834411621,79.97225761413574,27.18352747899635,274.16065216064453,66.24932527542114,38.12860906615866,266.0953903198242,69.71891641616821,22.915198090822468,264.90867614746094,76.18393421173096,8.611254613794332
431,17.24,361.5150833129883,96.02911949157715,43.288044563987,346.9402313232422,70.1120924949646,42.66132872798079,326.4085388183594,56.42332077026367,51.99782787804267,308.9398956298828,54.70271587371826,73.46229715847346,295.5964660644531,60.488548278808594,91.59067612879032,315.91407775878906,42.275025844573975,57.53474288800634,286.78428649902344,45.555524826049805,113.27534600120026,276.5722846984863,57.25876808166504,141.7853733351104,273.24087142944336,64.30485248565674,128.98840738993698,308.5949516296387,49.39204931259155,32.64039121650795,274.207763671875,46.901986598968506,61.370885494409166,266.14391326904297,58.96031141281128,64.91720890111277,267.1897888183594,68.64804983139038,50.54803604354272,303.5988235473633,62.28615760803223,34.357564791292624,268.25897216796875,52.009570598602295,41.92499330742142,261.3142395019531,63.20115566253662,43.801973349585815,263.2297706604004,72.88284301757812,49.411699212735215,300.4608917236328,78.74642372131348,55.21723908851713,273.06861877441406,65.94017744064331,28.373725746606286,266.4375686645508,70.09619235992432,12.73339991265267,267.14656829833984,76.8285083770752,58.221758892158604
432,17.28,359.38232421875,96.29621028900146,53.73545645175104,346.83765411376953,68.34536075592041,44.24267680679837,327.52525329589844,55.306406021118164,39.485359479844824,310.37574768066406,53.17744016647339,52.36970196857666,298.3803176879883,59.11718130111694,77.5825256153184,317.1806526184082,42.11843132972717,31.90546306178762,291.614990234375,47.96205282211304,134.92376452689788,284.04008865356445,59.078006744384766,192.15508909376877,280.59906005859375,65.52474975585938,186.4656289574669,308.55384826660156,50.552000999450684,29.01699289102318,275.49428939819336,47.94718265533447,41.43958886682178,269.2105484008789,59.76798176765442,79.28028772140833,270.3060531616211,68.83040428161621,78.03988003979742,302.96133041381836,64.1462516784668,49.15757473537759,267.65430450439453,52.820892333984375,25.29656525197263,262.377986907959,64.10624742507935,34.917309840597774,264.783935546875,73.18043947219849,39.56001883335974,300.1298141479492,81.17687702178955,61.322485715455386,272.29413986206055,67.49698162078857,43.47022573697751,265.8902359008789,71.71460151672363,42.71139596905438,266.25072479248047,78.19460391998291,40.8407931740951
433,17.32,358.83201599121094,96.01780414581299,15.418112843792425,346.02867126464844,68.47863435745239,20.497181254952288,326.50962829589844,55.65507888793945,26.84523827285735,310.0635528564453,54.23286437988281,27.51574411268798,298.20865631103516,60.27392864227295,29.235381385499014,316.38946533203125,42.84623622894287,26.875608056457295,290.976619720459,48.307106494903564,18.141439960481883,282.88806915283203,58.71322989463806,30.20979849505484,278.8755798339844,64.85137939453125,46.25886217887573,307.4920845031738,51.54163599014282,36.286358526056794,275.7191467285156,49.08476114273071,28.989714059326005,268.9421272277832,60.1029896736145,10.731968109980842,269.2599296569824,68.98145914077759,26.42432541042629,301.7958450317383,65.14768838882446,38.415749217397234,267.8935432434082,54.43685531616211,40.83940754661489,261.93817138671875,64.73050117492676,19.090744434842872,263.5137939453125,73.52109432220459,32.87576439085137,298.9386558532715,81.81283235549927,33.75738131740047,272.2961616516113,68.25646162033081,18.987067265273996,266.0223388671875,71.77197217941284,3.6005717119757916,266.0710334777832,77.92204856872559,8.16147153079008
434,17.36,358.4543228149414,95.7368803024292,11.767814718069124,345.85498809814453,68.99195194244385,13.547619380085827,326.23924255371094,56.51755213737488,22.596578219527863,310.12426376342773,55.18593192100525,23.874981049309174,298.8257026672363,61.6640567779541,38.02303939154441,316.4101982116699,43.63628625869751,19.758050603067744,291.88514709472656,50.16401410102844,51.68128195656265,285.51870346069336,61.09893321990967,88.78280104385735,282.8741455078125,67.95156240463257,126.49027172088532,307.6803970336914,51.81548595428467,8.30870823332454,276.1408042907715,50.0291633605957,25.856462549475257,270.4621696472168,60.9904146194458,44.003210048822126,271.59711837768555,69.90586996078491,62.83403974125273,302.1635055541992,65.26205062866211,9.625908453132258,267.5714683532715,54.547709226608276,8.515457427444307,262.3464584350586,65.05313158035278,13.009340210677085,264.39685821533203,74.02925491333008,25.470935536388005,299.34326171875,82.16774940490723,13.455296780916573,272.0468521118164,69.11142826080322,22.264366190078242,265.88260650634766,73.05562019348145,32.28077365755181,265.9656524658203,79.69740629196167,44.46206390801274
435,17.4,359.08180236816406,95.02140998840332,23.79112702202223,345.6836700439453,68.39414834976196,15.546683953458837,326.6414260864258,56.53669595718384,10.065972376771088,310.6211280822754,55.213165283203125,12.440252392951733,299.2259216308594,61.59679412841797,10.14579601565737,316.7323303222656,43.83112907409668,9.411854871301847,292.0210647583008,50.27386665344238,4.369009795088874,285.26281356811523,60.421671867370605,18.099768243797428,282.15980529785156,66.50961399078369,40.22978656860119,308.33654403686523,51.889439821243286,16.50753737335101,276.9017219543457,50.085296630859375,19.074633593626093,270.4929542541504,60.38790464401245,15.082397905355421,270.8063316345215,68.4875750541687,40.59636772004294,303.0137062072754,65.21539449691772,21.2869963992178,268.9699935913086,54.62319374084473,35.01402177446439,263.2076835632324,64.55981254577637,24.812703289764624,264.6513366699219,72.79635429382324,31.47224195055437,300.31354904174805,82.21851110458374,24.29035610232954,274.0481948852539,69.48512077331543,50.89829927597158,266.7527198791504,72.93693780899048,21.954253430693843,265.3582954406738,78.92144680023193,24.634778373270606
436,17.44,360.1850128173828,93.78965377807617,41.33927201331179,346.99302673339844,67.62501955032349,37.96358493956182,328.3132553100586,55.75130224227905,46.178026703757006,312.06064224243164,54.72485661506653,38.002026037006324,300.6367874145508,61.62381649017334,35.278113502088694,318.10678482055664,43.04541349411011,39.57962023335086,294.45119857788086,50.59720516204834,61.288753924631145,288.6431694030762,60.54727792739868,84.56721606682991,285.9002876281738,66.93227291107178,94.10714846105003,309.51990127563477,51.44373178482056,31.612794169054943,279.0407180786133,50.25197982788086,53.6370190947972,273.0095863342285,59.871697425842285,64.22570999300694,273.07958602905273,67.92210817337036,58.563204827858016,304.2784118652344,64.93889093399048,32.36447340048314,270.6806755065918,54.94919300079346,43.5366808906878,264.94470596313477,63.912248611450195,46.345077049796295,265.85426330566406,71.72006607055664,40.35335201783424,301.80564880371094,81.9709038734436,37.81262223585697,275.7573890686035,69.234459400177,43.1869184503521,268.17773818969727,71.88932418823242,44.21659391416075,265.955753326416,77.70296573638916,33.92687014170094
437,17.48,360.9379577636719,94.45342540740967,25.093809844888582,348.6429977416992,67.78798341751099,41.44998153076942,330.23372650146484,55.656291246414185,48.07049957066038,314.1928291320801,54.793574810028076,53.33234901719741,302.9054832458496,61.51260852813721,56.78549542892154,319.4820213317871,42.18837261199951,40.51075887519156,295.9588623046875,50.512529611587524,37.75099222184705,290.53781509399414,61.48365497589111,52.83514615680447,288.7728500366211,68.55922222137451,82.53248924180896,310.5354309082031,50.83931565284729,29.544662115325,280.0992202758789,50.16437530517578,26.553030123868876,275.4950141906738,60.867061614990234,66.93327600413198,277.2241020202637,68.84398698806763,106.1451640160505,305.02038955688477,64.45990562438965,22.078805189030344,271.68481826782227,55.01012563705444,25.149744917857316,267.57152557373047,65.5471658706665,77.35121084658891,270.2017402648926,73.66832971572876,119.10155105550204,302.50621795654297,81.3453483581543,23.480268852387795,276.83542251586914,68.499276638031,32.621406001083315,270.25827407836914,72.419114112854,53.673241402736075,269.26477432250977,78.86500597000122,87.67823795390467
438,17.52,362.3130416870117,95.04385471343994,37.41208495966817,350.37052154541016,68.79738807678223,50.02022252640922,331.73561096191406,56.01441979408264,38.5998137074031,315.607852935791,54.980313777923584,35.682311857551085,304.0863037109375,61.882102489471436,30.932009697003632,321.3322448730469,42.064361572265625,46.35936994427143,297.4686050415039,50.6029486656189,37.811198214796605,291.6623878479004,61.70203685760498,28.63951078808322,289.60376739501953,68.86829137802124,22.163418622785798,312.26383209228516,50.727102756500244,43.30099874167714,281.939640045166,49.78022575378418,47.002099720499096,277.24321365356445,60.61635732650757,44.15210925252234,279.0604591369629,68.87891292572021,45.917230434042814,306.45111083984375,64.29697751998901,35.999209685034984,273.4631538391113,54.329062700271606,47.60727444395485,268.9109802246094,64.7345781326294,39.1666120069872,271.202335357666,72.87143468856812,31.978823305388836,303.47923278808594,81.19917869567871,24.59831590565219,277.55985260009766,67.59052276611328,29.054179418166225,271.3075256347656,71.42556667327881,36.12534898868514,270.59789657592773,77.84224033355713,42.006431722186086
439,17.56,363.6226272583008,94.83738899230957,33.14402720071129,350.65380096435547,68.95796298980713,8.140620825947062,331.9465637207031,56.20442748069763,7.09771034443048,316.1550712585449,55.03114700317383,13.73935746193532,304.4447135925293,62.078704833984375,10.219776327378403,322.2797393798828,42.76451110839844,29.452877760832525,297.40856170654297,50.808470249176025,5.3528218831905185,290.4492950439453,61.56979322433472,30.5069923290968,287.37138748168945,68.49723815917969,56.57517437363917,314.0232276916504,51.22786045074463,45.73176647180481,282.33617782592773,49.19949531555176,17.579996684105378,276.16369247436523,59.871307611465454,32.79162482845284,276.912899017334,68.69216680526733,53.891607538446586,308.6458396911621,64.46730136871338,55.03319989023379,274.5830535888672,53.44988465309143,35.594324408418544,268.6745834350586,63.39456081390381,34.01773302810632,270.0600051879883,71.63471460342407,42.08915229571221,305.927734375,81.06438159942627,61.3052316195301,279.0238571166992,67.18458652496338,37.98102697818911,272.23676681518555,70.52805662155151,32.29757599592171,271.3850212097168,76.65788412094116,35.55158951685215
440,17.6,364.0420913696289,95.72207450866699,24.47726756023959,351.5894317626953,69.6155834197998,28.590531876237073,332.1114730834961,56.30070090293884,4.773865687706444,316.1819267272949,55.240416526794434,5.274641558803864,304.31034088134766,62.40259408950806,8.766422993230668,322.5099563598633,42.835915088653564,6.025901709889676,297.6142120361328,50.196579694747925,16.1381169258285,290.62036514282227,61.06667518615723,13.285159461532093,287.72863388061523,68.07927131652832,13.745937379399395,314.2619323730469,51.16698145866394,6.158641114186516,283.2012939453125,49.518635272979736,23.05260576982687,277.50619888305664,60.29439926147461,35.189931103273054,278.6140441894531,68.92790079116821,42.935019278650735,308.8003921508789,64.47463274002075,3.8681561991599027,274.9239921569824,53.873584270477295,13.595966152718656,268.934383392334,63.72318506240845,10.472879096311496,270.0679397583008,71.9069766998291,6.809442274560078,305.82401275634766,81.03174448013306,2.7183813809440944,278.86077880859375,66.83417558670044,9.662503564968803,272.7143669128418,69.96345520019531,18.487776676068673,272.5367546081543,76.04906558990479,32.568675756101186
441,17.64,365.36773681640625,95.56379556655884,33.376526875900936,352.20069885253906,69.20466899871826,18.413617864552492,333.3875274658203,56.49834394454956,32.28174366559584,317.5113105773926,55.39383888244629,33.455192423170956,305.6301689147949,62.46978521347046,33.03843107856182,323.7449645996094,43.26102018356323,32.65309799581526,298.81921768188477,51.134644746780396,38.177256385009215,291.3242721557617,61.74785614013672,24.488422965374813,287.7797508239746,68.63287210464478,13.898893267576328,315.42266845703125,51.78183317184448,32.83815317074436,283.32603454589844,49.13466453552246,10.093120945042974,276.76258087158203,59.75276470184326,22.999126928762102,277.32336044311523,68.71082782745361,32.72026517157078,310.10168075561523,64.92394924163818,34.41690492550815,275.9103202819824,53.533726930618286,26.080957871860953,269.6344757080078,63.474998474121094,18.569562344587904,270.8544921875,71.83135986328125,19.7544714850951,307.4667549133301,81.2900161743164,41.57302357256143,280.8256530761719,67.54935264587402,52.274570259824046,273.68663787841797,70.89555501937866,33.672326391861226,272.5872230529785,77.04002380371094,24.80606333934376
442,17.68,367.44144439697266,96.15138530731201,53.88369902587053,354.18323516845703,69.79862451553345,51.73993501088392,335.1927185058594,56.989803314208984,46.77236766419457,319.1247749328613,55.869290828704834,42.05146979869749,307.13483810424805,62.52283573150635,37.640102676146824,325.08766174316406,44.051939249038696,38.958219506948225,299.4639205932617,50.818140506744385,17.955096384778408,290.9360885620117,61.06168985366821,19.708987086203923,287.16148376464844,67.64378070831299,29.160717872522834,317.2914505004883,52.447571754455566,49.59557809374524,285.2381706237793,49.58026885986328,49.08428716379633,278.1460380554199,59.91959810256958,34.83700585504027,278.55051040649414,68.7130880355835,30.678801121067718,312.1593475341797,65.56511878967285,53.88118271330211,278.1875228881836,54.255080223083496,59.71809965496122,271.54869079589844,63.852739334106445,48.77824540721628,272.8405570983887,72.22189664840698,50.602450600240026,309.3731880187988,81.90947771072388,50.113744251923585,282.7506637573242,68.26641798019409,51.35567651337436,275.34631729125977,71.45919799804688,43.81943889996815,274.53954696655273,77.60692834854126,50.82414181803164
443,17.72,369.40460205078125,96.67997360229492,50.82687256326742,356.89319610595703,69.75487947463989,67.75784968999282,337.962646484375,56.67571663856506,69.69196261935762,320.97625732421875,54.985013008117676,51.29531112519552,308.5614013671875,61.06927156448364,50.916178241920754,327.58872985839844,44.50108766555786,63.526943187043194,300.2432060241699,49.710209369659424,33.86367142075116,290.06248474121094,59.036747217178345,55.133793611497154,285.11653900146484,65.48187017440796,74.39613666499059,319.4645309448242,53.265137672424316,58.04466301790458,286.7392921447754,49.23956036567688,38.482529305585466,277.695255279541,58.0836296081543,47.262468087232115,276.46839141845703,66.8000078201294,70.68899928165357,314.1874694824219,66.57749891281128,56.6689517652053,280.7528877258301,55.39207220077515,70.15094220486343,273.29010009765625,63.432419300079346,44.78542792620423,273.73023986816406,71.42717599868774,29.823610004547767,311.22140884399414,82.93569803237915,52.85030964469304,285.53401947021484,69.19321775436401,73.34007621128052,277.6753044128418,71.35286808013916,58.28532761305164,275.941162109375,76.77746772766113,40.716473402815765
444,17.76,379.64576721191406,95.77212810516357,257.03312931442093,366.0743713378906,69.01776552200317,230.267935808813,346.61888122558594,55.37748456001282,218.82613878478,329.48787689208984,52.927865982055664,218.91710981984983,317.0282173156738,58.91137719154358,218.436890815043,337.4308776855469,41.00380897521973,261.12596587822316,309.4989013671875,45.10104417800903,258.49601066394484,299.462890625,54.987430572509766,255.88644462530402,294.3324851989746,63.505210876464844,235.63855570494465,329.6976852416992,49.369919300079346,273.73592775691804,296.08551025390625,43.67099046707153,271.9843327968304,284.55753326416016,51.91128373146057,230.7443292365581,280.965518951416,61.26364231109619,178.3176573865272,324.5030975341797,63.43093156814575,269.6213411396715,290.209903717041,49.198551177978516,282.61596526674145,279.63571548461914,56.22181177139282,240.12977685515565,276.84024810791016,64.78421688079834,183.37300969137772,321.7070007324219,81.48879289627075,264.6237561656624,295.02735137939453,66.38938665390015,247.46820449526652,284.68162536621094,66.46379470825195,213.5877626078388,279.6822929382324,71.0819935798645,170.35713524616304
445,17.8,385.70640563964844,99.31025505065918,175.44529139124228,373.9464569091797,70.3947114944458,199.79006396203025,354.6159362792969,54.382052421569824,201.46925118105622,336.2202835083008,50.455191135406494,179.3031994681988,322.9865264892578,56.59667730331421,159.80316756205139,347.5175094604492,38.46196532249451,260.0494060238471,316.2718200683594,41.014695167541504,197.75407070404498,305.6752395629883,51.92675828933716,173.13469133940407,301.69694900512695,61.28974914550781,192.26218724937664,338.8316345214844,48.02517771720886,230.81020256152672,302.0393753051758,39.364013671875,183.70927807797662,290.6539726257324,49.242682456970215,166.3730853600185,288.5833740234375,59.331146478652954,196.47877754469744,332.8187942504883,63.03422212600708,208.1288517047605,295.63331604003906,44.8595666885376,173.63789121483524,285.0136184692383,53.12869906425476,155.0991350939666,283.4815788269043,62.12990999221802,178.80264745282048,329.68013763427734,82.39367008209229,200.60800516359905,301.29194259643555,66.13194465637207,156.74696866829413,289.8870086669922,67.25478172302246,131.62844431767934,284.7677230834961,72.3421311378479,130.9807868243394
446,17.84,396.7430877685547,105.32546997070312,314.2363391510022,383.6796569824219,75.07693290710449,270.02127349400786,362.13348388671875,57.074958086013794,199.63288642444533,341.31309509277344,53.019458055496216,142.5486642177096,325.22789001464844,59.742136001586914,96.55834012234168,356.0357666015625,40.1348876953125,217.02444272996416,319.73228454589844,41.765499114990234,88.52443507237949,307.7157402038574,52.892693281173706,56.43953221059711,303.4980010986328,63.10300827026367,63.892963702156905,348.1033706665039,52.12655782699585,253.45908193905032,307.29976654052734,41.51659369468689,142.09441558250182,295.1947593688965,51.39747619628906,125.65299515407054,293.18071365356445,62.5310754776001,140.03365058316945,342.7223587036133,69.3286943435669,293.3651408386329,303.0198860168457,49.40175533294678,216.78459023830106,291.52587890625,56.06207728385925,178.56064057260437,289.57265853881836,64.3809986114502,162.34348621928086,340.2791976928711,90.62742948532104,335.535828969813,310.7999038696289,72.3013687133789,283.35393147056317,298.45970153808594,70.87945461273193,232.68717817530313,291.7048645019531,73.80941390991211,177.26542562085476
447,17.88,410.08243560791016,115.1775312423706,414.57908781076355,395.53661346435547,86.82124614715576,417.22019852749116,369.97562408447266,67.17668294906616,319.71081473149104,345.4522705078125,64.21962976455688,298.5136297442158,326.3783645629883,69.71365213394165,250.94163373206496,363.9739990234375,48.93831253051758,296.3484254353448,319.0463638305664,47.63386130332947,147.70782393218724,305.6917190551758,60.564372539520264,198.35467642151667,304.44250106811523,71.42207622528076,209.31282186082228,358.28113555908203,63.94507884979248,389.92333972115733,312.2145462036133,54.36842322349548,343.9881732834718,299.6179389953613,65.50240516662598,369.5550866127938,298.8346862792969,76.24368667602539,370.8125472625204,354.2751693725586,83.86244773864746,464.1507177775828,310.4790496826172,66.03592872619629,455.75133507035355,298.2966995239258,73.54694366455078,468.75137612290024,296.64575576782227,81.2582802772522,457.4872544930618,352.0581817626953,106.5618896484375,495.3858889839806,321.4821243286133,88.95647048950195,494.6603943031025,309.47139739990234,86.6595983505249,481.06027567924843,303.1544876098633,87.13316917419434,439.18697872864936
448,17.92,419.9989318847656,131.81536674499512,484.22261707638216,402.75760650634766,103.29001665115356,449.5575202531427,372.17296600341797,85.7097601890564,466.5721162720978,342.5730514526367,88.75795841217041,617.6667159490111,321.2379455566406,98.49939107894897,731.027818456201,366.4176940917969,68.18826913833618,485.11111806344366,321.3130569458008,68.84737730026245,533.356798160705,308.99539947509766,82.00071573257446,542.2356002049388,309.14255142211914,92.09766626358032,530.0769382610912,361.18831634521484,85.84198236465454,552.2262238331533,313.5017204284668,80.96232891082764,665.6259446903365,302.987060546875,92.04415082931519,668.8680937093255,304.37530517578125,101.52231216430664,646.9676210661851,357.9359817504883,106.74551010131836,579.35097866076,312.82548904418945,96.61303997039795,766.6752530071889,304.1550064086914,103.45972537994385,762.0261927539163,305.70791244506836,110.16483306884766,757.3438279342857,356.71688079833984,128.9124298095703,570.7725697460012,325.2787399291992,116.25102281570435,688.933449573693,317.40020751953125,114.66635227203369,727.6865289794594,315.96410751342773,114.99413251876831,766.6157938308672
449,17.96,429.72774505615234,147.71842002868652,466.07195626565795,407.9048156738281,118.10767650604248,392.1549484809716,376.7170715332031,100.69257259368896,391.41854406299814,351.02527618408203,103.97086143493652,435.08082675158056,333.8527297973633,116.99050426483154,559.6059150716605,364.22550201416016,84.36853408813477,408.20237011724174,319.0156936645508,97.24218606948853,712.189863680568,326.04915618896484,106.92241430282593,754.9510239422174,338.9331817626953,107.21009731292725,835.1149727395782,360.92498779296875,105.18885612487793,483.7166436952321,310.69210052490234,111.60747528076172,769.3418291131995,318.63880157470703,121.55118942260742,835.0308092176741,333.7052536010742,123.55695247650146,917.1188746279522,359.39952850341797,128.69659423828125,549.9954908258537,309.5979118347168,129.25031661987305,819.9119928906546,318.5441589355469,136.03285789489746,890.2445844674651,333.30188751220703,136.46175384521484,952.941335525305,359.81746673583984,152.90112018585205,604.7059714878663,320.5669403076172,145.4650640487671,739.7893538201562,327.39856719970703,147.66265869140625,861.9467187764897,340.25402069091797,148.87056827545166,1042.117070482819
450,18.0,430.10101318359375,147.55784511566162,10.158536978096578,407.8589630126953,117.41091728210449,17.456658519667148,376.66587829589844,99.49617862701416,29.937218381155667,349.76810455322266,103.3971118927002,34.547693905075064,332.9454040527344,116.93370580673218,22.727544848004158,363.57635498046875,86.57052040100098,57.39193972915797,318.57213973999023,98.50173711776733,33.38421153042734,325.1836395263672,107.1571683883667,22.419698006332915,339.39632415771484,108.38305234909058,31.52701614216514,360.4770278930664,108.60517501831055,86.13906943696186,310.19927978515625,113.79167318344116,55.97763370084278,318.1976509094238,121.20497703552246,14.01956058625946,334.12471771240234,123.87243747711182,13.121569225477739,359.55684661865234,131.77502632141113,77.06123003748499,310.66675186157227,132.39774227142334,83.0989892953172,319.1191291809082,136.69020652770996,21.833145789592038,333.18416595458984,137.35101699829102,22.42553400349131,359.9736785888672,154.81158256530762,47.92095474803573,320.7133102416992,148.0660057067871,65.12642352583889,326.73301696777344,148.35854530334473,24.07300469278389,337.850341796875,149.27690505981445,60.94455373531093
451,18.04,433.1588363647461,163.9773988723755,417.5464256948031,407.46997833251953,135.20484924316406,444.9545789433377,372.2667694091797,123.54848384857178,611.2822309846817,345.89439392089844,130.6100034713745,687.1804266965052,330.50426483154297,145.60176372528076,719.2951000452175,355.9761047363281,112.05395221710205,664.8162814358153,313.99208068847656,130.88702201843262,817.6886705115107,321.64318084716797,138.0492639541626,777.3578712960104,333.16211700439453,136.04480266571045,708.8889940469919,355.02490997314453,134.09222602844238,651.5919730771874,307.9755973815918,147.97325134277344,856.3458154034734,317.52965927124023,153.59519004821777,809.927509038795,332.0742416381836,151.81589126586914,700.4646055366393,356.6542053222656,157.0061159133911,634.9375995393219,311.7631721496582,164.8716688156128,812.3107635957201,321.8927764892578,167.43116855621338,771.6459137085659,334.6407699584961,164.27593231201172,674.1071687217227,360.83446502685547,178.88299942016602,602.1700666610853,325.11436462402344,177.7213954925537,749.504595975704,333.3108139038086,177.7016258239746,751.7827923392676,344.54395294189453,176.12314224243164,691.7030075410198
452,18.08,428.5142135620117,178.2240629196167,374.6164350494345,400.1390075683594,150.7862377166748,430.49593429223023,366.6051483154297,141.74401760101318,476.4001744498981,340.91312408447266,152.03876495361328,550.0027658146169,327.3139953613281,169.739670753479,608.6955186064534,351.64527893066406,132.28933811187744,517.3410954519517,311.3783645629883,150.0653314590454,483.8898796372317,318.7002944946289,157.79223918914795,499.027586420083,331.8586730957031,157.223482131958,530.4687961824196,349.7673797607422,153.56699466705322,504.2991655888296,306.778564453125,167.25226879119873,482.90358872690666,316.2896537780762,172.44860172271729,472.35364492032846,331.2147521972656,171.07595443725586,481.9807798714958,351.80213928222656,176.04872703552246,491.27613365958763,308.81885528564453,185.15241622924805,512.3339471547026,319.16616439819336,187.92991161346436,516.9821566204764,332.65830993652344,186.0910177230835,547.6244717134387,356.8029022216797,197.99577713012695,488.33375526020654,322.1373748779297,197.7795696258545,506.94724670704386,329.34814453125,198.43008041381836,527.5957130224266,340.43819427490234,198.0992317199707,558.9084020192757
453,18.12,424.39300537109375,186.65800094604492,234.67486495484735,397.0556640625,159.65342044830322,234.69919148137043,363.9012145996094,149.8780918121338,214.29305403402478,338.96175384521484,159.19894695281982,185.53310363723253,326.38927459716797,176.00903034210205,158.42975206524633,348.86024475097656,143.35156917572021,285.1856538860647,310.1063346862793,159.45024490356445,236.768162408339,315.7289123535156,167.26165294647217,248.11654108494074,327.4671936035156,167.16469287872314,271.69924001768715,348.1566619873047,165.12847423553467,291.828525805482,305.96351623535156,176.88161373138428,241.59442715837406,314.1699981689453,181.53741359710693,233.317703450368,328.06270599365234,180.61932563781738,251.26098127920199,350.97877502441406,187.49258995056152,286.83611078372076,310.0253677368164,195.2607822418213,254.50286803268378,318.843936920166,196.70205116271973,219.45139384839595,331.63928985595703,194.91186618804932,221.98785097174724,356.17671966552734,208.78974437713623,270.30287817920396,322.1424865722656,207.92092323303223,253.53387238596423,328.30345153808594,206.4493703842163,202.17627685897526,339.28722381591797,205.3388214111328,183.26277563555323
454,18.16,423.9473342895508,189.93557453155518,82.69337685600273,396.82769775390625,164.56230640411377,122.85441069872066,365.1070785522461,155.58857917785645,145.91044733488656,341.99256896972656,162.99156188964844,121.37176457589017,330.36014556884766,177.61921405792236,107.12290800880693,348.2868957519531,149.56459522247314,155.98561979456537,311.4314270019531,165.5458402633667,155.9490149766513,313.4698486328125,177.97863006591797,273.8121704208492,321.1813735961914,180.8959722518921,377.5410295488528,347.89676666259766,169.69287872314453,114.29494167043666,306.6916084289551,182.1355390548706,132.60337841462905,312.68970489501953,191.78014755249023,258.7287032994116,324.66419219970703,193.17026138305664,325.0729572810936,351.8233108520508,191.0495138168335,91.3952547818307,311.8068504333496,200.27532577514648,133.03976718837856,319.1615104675293,205.90288639068604,230.15785595185906,330.7337188720703,205.08158683776855,255.24899228520894,358.93787384033203,211.86246871948242,103.27635033336587,325.4297637939453,214.46070671081543,182.9872937331652,330.0123596191406,215.205717086792,223.03863791561162,339.3552780151367,213.57413291931152,205.88981733376838
455,18.2,421.5449523925781,191.58631324768066,72.87136392222926,394.71900939941406,167.32170581817627,86.82184237959449,363.0971908569336,159.49151515960693,109.75130359536523,339.1548538208008,168.09987545013428,146.08964435126467,326.4019775390625,182.19064235687256,151.17260591054514,347.78430938720703,151.02556228637695,38.62494187568773,308.32374572753906,168.31981658935547,104.1412129049121,309.7115707397461,181.80816650390625,134.14078903197108,317.6312255859375,185.60543060302734,147.44182932555842,348.93699645996094,170.61937808990479,34.82527017061035,305.2401542663574,185.0556993484497,81.52474826056674,309.26177978515625,195.96128940582275,135.16799213506522,320.4925537109375,198.18716526031494,163.1178488751168,353.3435821533203,191.86969757080078,43.18511187127763,310.5491638183594,202.33949661254883,60.42855733998975,315.78744888305664,209.60394859313965,125.20521405437985,326.7190170288086,210.04106998443604,159.51940315438083,360.5012893676758,212.89898872375488,46.895107889819634,324.4045639038086,216.94541931152344,67.19761678648607,326.6735076904297,218.6432647705078,119.80365781059427,334.7960662841797,217.31183052062988,147.3872343662207
456,18.24,414.6917724609375,189.9734115600586,176.010523530157,386.69639587402344,166.0275650024414,203.1580791968589,357.1608352661133,159.97193813323975,148.8940981332407,335.90465545654297,167.55483627319336,82.38953631766822,324.80289459228516,181.26884937286377,46.14358416970027,340.3016662597656,153.15519332885742,194.494981538314,304.75372314453125,168.87037754058838,90.30565667570423,307.303466796875,180.94689846038818,63.93721159493481,315.17250061035156,183.61548900604248,79.07747808708217,340.58250427246094,171.18121147155762,209.33405787720315,299.82154846191406,185.47701358795166,135.8740100064081,305.6228256225586,196.41523361206055,91.67896684853507,317.33943939208984,197.59396076202393,80.2107438428404,344.9396514892578,190.68758010864258,212.16658004488673,306.3859176635742,203.10178756713867,105.8114657208249,313.7341117858887,210.06245613098145,52.59766152634502,324.6324920654297,208.73289585113525,61.567574592072184,352.93636322021484,209.54798698425293,206.84734750940623,322.2293472290039,215.99178314208984,59.376918526900766,327.4519348144531,217.95740604400635,25.936834089447135,336.9991683959961,215.42819023132324,72.46447256496246
457,18.28,409.66991424560547,184.49466705322266,185.80181192954427,382.4775695800781,161.65015697479248,151.987245227621,353.15181732177734,155.8892583847046,143.04828469590834,332.2153091430664,164.72057819366455,116.30857417377231,321.8413543701172,178.96488189697266,93.8049392938705,336.62139892578125,150.35902976989746,115.55003866844899,300.88134765625,167.9601001739502,99.44815485485137,306.6326904296875,178.13602924346924,72.24492494891848,316.46406173706055,178.27576160430908,137.3426801581729,337.3902893066406,168.59607696533203,102.69237071006474,298.36490631103516,185.6400489807129,36.64344156027391,307.34519958496094,193.24154376983643,90.27347091268743,319.7709655761719,191.12764835357666,172.70914087620625,341.8918228149414,187.7619981765747,105.6180893278564,304.3679428100586,202.18427181243896,55.419184796104126,314.4779586791992,206.0912561416626,101.00661350826789,325.77606201171875,202.63336658477783,155.1451125019861,349.9723815917969,206.2287139892578,111.250731202381,320.86124420166016,214.25936222076416,55.18711433655768,327.71324157714844,214.27210807800293,92.36375886427003,337.39173889160156,210.71236610412598,118.30339384574881
458,18.32,408.60118865966797,179.5361852645874,126.80870441896161,382.5067138671875,157.3657464981079,107.11274002830973,352.58243560791016,151.79326057434082,103.38457814935194,331.33209228515625,160.91508865356445,97.66595702286679,321.0400390625,175.40392398834229,91.25009400426258,335.63037872314453,145.48540592193604,124.33405218767619,301.42024993896484,164.247407913208,93.78998978199314,303.91252517700195,176.3377046585083,81.52173910525627,311.2906837463379,178.75735759735107,129.89364528193752,336.3644027709961,162.4738311767578,155.19007837111297,298.8470649719238,181.84860706329346,95.54942695875755,306.4243507385254,190.82675457000732,64.61022305715709,318.09675216674805,189.61249351501465,56.45066831486826,341.0072708129883,180.95443725585938,171.6197066434422,305.0793266296387,198.35065841674805,97.4764670522493,314.55915451049805,203.09309005737305,74.98163371788307,325.62599182128906,199.52063083648682,77.90878039711102,349.36927795410156,199.25376892089844,175.02427100339557,321.5953826904297,209.89095211029053,110.74172151334008,327.81421661376953,210.4311990737915,96.05590148662469,337.15248107910156,206.40337944030762,107.89059959574432
459,18.36,408.8863754272461,171.75281524658203,194.71482405300225,381.75445556640625,151.04578971862793,159.11424010280567,353.1184387207031,146.09344482421875,143.12406969624155,332.3051071166992,154.52649593353271,161.5566363633144,321.9508743286133,168.99853706359863,161.74556125608325,336.3359069824219,139.38255786895752,153.58736211514642,303.28052520751953,159.76335525512695,121.36554369764505,299.82566833496094,175.37477016448975,104.96916716085083,303.21062088012695,182.24242687225342,219.99023241497176,336.65069580078125,155.23414134979248,181.13370836478933,298.45468521118164,175.9117841720581,148.74438627755035,301.3454246520996,189.05033111572266,134.51572975006718,310.5885696411133,192.219500541687,198.6977769052889,341.0840606689453,173.21401119232178,193.52017389517502,305.36407470703125,192.9302215576172,135.6977735894255,309.75658416748047,201.43667221069336,127.00492604233642,318.31592559814453,201.00000858306885,186.45647398226865,349.6401596069336,191.67417526245117,189.61081340639404,320.34637451171875,204.55727577209473,136.94918015252176,322.10391998291016,207.35478401184082,162.15697881566985,328.59928131103516,204.7611951828003,217.73549809352417
460,18.4,407.2289276123047,166.87957763671875,128.684638898355,379.3705368041992,147.21827030181885,112.73024647042725,351.0587692260742,143.48543643951416,83.08108299198717,329.77718353271484,152.5906276702881,79.600500858593,318.63855361938477,166.83969497680664,98.8435241824436,333.6520004272461,134.99011516571045,128.68786679943832,302.4574661254883,157.2113800048828,67.03545671122842,299.1409111022949,174.55113887786865,26.77756715038656,302.2757339477539,183.19204330444336,33.31464528370968,334.8751449584961,149.1420078277588,158.6400635948919,298.11153411865234,172.59758949279785,83.29780550958796,300.02824783325195,187.64581203460693,48.13800876988854,308.6493682861328,192.6361083984375,49.586187602145834,340.1462173461914,166.40526294708252,171.82586163955858,304.477481842041,188.44123363494873,114.39257919035566,306.53114318847656,200.09795665740967,87.30560134393346,313.9421844482422,202.75179862976074,117.78789202958708,349.2039108276367,184.86944675445557,170.46745119114036,320.0152587890625,200.97826480865479,89.85737691688655,319.5760917663574,206.3596773147583,67.91609175564847,323.9381408691406,205.91694831848145,120.05726636094742
461,18.44,406.1360168457031,166.12273693084717,33.234599796539314,378.1874084472656,147.0376968383789,29.92072321860596,350.2716064453125,143.3580780029297,19.934978912481995,329.09305572509766,153.2695770263672,24.09620153254614,318.0029106140137,167.15965747833252,17.790763626456116,333.5605239868164,134.23665046691895,18.974933983394017,301.8424987792969,156.71762466430664,19.716414057029873,298.9095115661621,174.27350521087646,9.03556163064898,302.75278091430664,182.93543815612793,13.542064337628451,334.87354278564453,148.8773775100708,6.615879193155845,297.866268157959,171.6143560409546,25.33406072240557,298.9449882507324,187.46892929077148,27.44014882643617,307.35830307006836,193.67586135864258,41.44224603579944,340.2231979370117,166.3879108428955,1.9728004971932178,304.3761444091797,188.39329719543457,2.8025855843554224,306.0388374328613,200.89542388916016,23.429667927753396,313.6370658874512,204.50092792510986,44.38855868906208,349.156494140625,184.95891094207764,2.5313266129201275,319.6751594543457,201.16559028625488,9.70690450249565,318.3628845214844,206.9031858444214,33.2347083335797,322.27294921875,207.00478076934814,49.725764660342975
462,18.48,401.9256591796875,163.34959030151367,126.03931406400612,374.55596923828125,145.01432418823242,103.927220958677,347.36133575439453,141.6049861907959,84.93750053784652,325.98880767822266,149.9665403366089,113.32036255241356,314.157772064209,163.12132358551025,139.40326192630664,330.1358413696289,133.6274814605713,86.96097510795006,298.6852836608887,154.3886375427246,98.08219867922097,294.93921279907227,171.21601581573486,125.278474062183,298.2474708557129,179.6797800064087,138.96296429242244,331.1228942871094,147.69664764404297,98.30274403626191,294.38894271850586,169.76097106933594,98.5102407902655,295.7741165161133,185.3278398513794,95.65135762524143,305.15026092529297,190.71175575256348,92.40323369982062,336.0398483276367,164.9259853363037,110.78594264696233,300.8158874511719,186.51369094848633,100.64898549727755,302.2470283508301,199.1182565689087,104.69043592523282,310.34719467163086,202.35857963562012,98.14819410642085,344.56668853759766,183.10561180114746,123.74629585202169,315.0907325744629,198.6020565032959,131.312307290111,313.6100387573242,205.0974941253662,127.10739908183841,317.9309844970703,205.5384349822998,114.57210505699398
463,18.52,398.4893798828125,163.25613498687744,85.93874745263884,371.64478302001953,144.75425720214844,73.06948762414349,343.5553741455078,141.63315296173096,95.15164585841542,321.3379669189453,150.78314781188965,118.04969170025362,309.8494338989258,164.55498218536377,113.51529282262418,325.97007751464844,132.13974952697754,110.58632036133677,295.47094345092773,155.3044080734253,83.55618861831665,293.1013298034668,172.5875759124756,57.331225155380814,296.8831443786621,180.68653106689453,42.389079031125156,327.0292663574219,146.15069389343262,109.3953913155845,291.0689926147461,170.61092376708984,85.67558097218257,293.8850784301758,185.78714847564697,48.60188591022593,303.21231842041016,190.21336555480957,50.025080843566904,332.1455383300781,163.4324026107788,104.27259861497413,297.90719985961914,187.10638046264648,74.21145618033079,300.30616760253906,199.7722291946411,51.20193257744354,308.284912109375,202.80070781707764,52.72858982221792,340.6843948364258,182.00727939605713,100.86667702414884,312.62451171875,199.41877841949463,64.94844107806085,312.6007270812988,205.58130741119385,27.98197360472137,317.33089447021484,205.5046033859253,15.026073531628386
464,18.56,395.28980255126953,162.9988431930542,80.24764080524582,368.30810546875,145.26949882507324,84.40560930390016,340.0135040283203,142.5489377975464,91.45868531929898,317.9438591003418,152.51081943511963,95.21297548791483,306.80004119873047,166.59859657287598,91.77130408266025,322.5983428955078,133.62366199493408,92.09570617864145,291.84139251708984,156.66150569915771,96.874125631835,291.695556640625,173.79999160766602,46.40952221332333,297.07469940185547,180.198655128479,13.103345426727861,323.80481719970703,147.96295166015625,92.47077438215983,287.4336814880371,171.49595260620117,93.53730216480778,290.87209701538086,187.07839965820312,81.95039132896297,300.26283264160156,190.75388431549072,74.96510392360246,329.03587341308594,165.21260261535645,89.57932222432197,295.44336318969727,188.29224586486816,68.35919784600178,299.59381103515625,199.91940021514893,18.185007361332275,308.041934967041,200.98421573638916,45.81676392776952,337.74513244628906,183.33405017852783,80.62096543118507,310.6264305114746,200.4054594039917,55.71056831986184,312.6382255554199,205.59627056121826,1.0093411898558697,318.39832305908203,203.83532524108887,49.5346678925448
465,18.6,395.4558563232422,161.49799346923828,37.75019659439425,368.33438873291016,144.1215705871582,28.70572731809846,339.33300018310547,141.04087829589844,41.36218792465264,317.8559684753418,151.45774841308594,26.418309694816465,306.8347930908203,166.50212287902832,2.563550712444003,321.83624267578125,132.6733160018921,30.45441523201362,290.78582763671875,155.61794757843018,37.10820973862484,289.7386169433594,172.03757286071777,65.83944874811324,294.54044342041016,178.41167449951172,77.52319470566397,323.01265716552734,147.439227104187,23.740852584163065,286.7678451538086,170.957350730896,21.410132006557077,291.94522857666016,184.15105819702148,77.94605257069952,301.81346893310547,185.83999156951904,128.81870697670934,328.53675842285156,164.9510622024536,14.08720964780739,294.5672035217285,187.77056694030762,25.492703172988527,301.2582588195801,196.33988857269287,98.68919021843222,310.75035095214844,194.63549137115479,172.55763206481555,337.54356384277344,183.34919929504395,5.053426909933125,310.36258697509766,199.9027919769287,14.19260269290884,313.96785736083984,202.9823112487793,73.31739231361915,320.94722747802734,199.44621562957764,126.88872319570798
466,18.64,397.5897979736328,158.10579299926758,100.1896046121469,371.2337112426758,138.44661712646484,159.31723030770476,341.9277572631836,134.58227634429932,174.00844712580684,320.7526397705078,143.23548316955566,217.93971403693945,309.75332260131836,157.7953577041626,229.572393693556,324.21886444091797,127.46599674224854,143.16306338306572,292.43921279907227,148.3788299560547,185.63826795288952,291.5446472167969,164.173264503479,201.7255116586464,296.0822296142578,169.87614154815674,216.8415715320835,324.2987823486328,142.1495532989502,136.09456030740773,286.57970428466797,163.76325130462646,179.91397864968098,292.2901725769043,175.974440574646,204.59726004068003,302.8307342529297,176.75856113433838,228.45569521236325,329.2097473144531,159.5088243484497,137.09227482742267,296.0416793823242,181.41592025756836,163.08665933700803,304.6514892578125,187.98000812530518,225.55710737743624,314.5998764038086,184.23603057861328,277.22692755505744,338.23009490966797,177.5084924697876,147.02291727058963,311.1688232421875,192.0892095565796,196.37669025045938,317.39912033081055,193.88646125793457,243.0381305282185,326.44786834716797,189.25776958465576,289.46230624809374
467,18.68,401.3825988769531,150.40663719177246,214.5669167770179,375.54248809814453,129.59635734558105,246.08516841145712,345.0262451171875,126.15114212036133,224.56158855015164,323.6967468261719,135.89733123779297,197.66802999101088,313.33972930908203,151.08893394470215,190.1289574127056,328.7739562988281,116.71382904052734,291.9310407869637,295.59085845947266,136.1444091796875,315.8460088614443,293.94020080566406,150.18141746520996,354.8859504645935,298.5854721069336,155.11641025543213,374.2625171675723,328.4901428222656,132.32854843139648,266.94994758901566,290.3946876525879,150.60419082641602,342.5227827885193,294.500789642334,162.12135314941406,350.70897748443804,304.76402282714844,163.95544052124023,323.7065628628258,332.8432083129883,150.4060935974121,245.02773561599307,299.3145561218262,168.05545806884766,343.8874016740514,307.0923614501953,173.8947629928589,357.37933934113477,317.286376953125,171.2898588180542,330.54939915935296,340.32352447509766,168.85032176971436,222.69144462829885,314.7032356262207,177.32099533081055,379.63158318181854,320.79193115234375,178.49122524261475,394.1164621959109,329.33372497558594,175.43596744537354,352.9964437296524
468,18.72,403.84674072265625,138.3169412612915,308.45658398633776,383.90933990478516,109.59546089172363,542.0101867770868,351.7250061035156,98.94670486450195,700.4261226032073,324.80499267578125,106.29701614379883,740.5263594763667,309.56329345703125,119.48540210723877,795.7090754266819,337.79964447021484,88.1310224533081,749.349667782627,298.846435546875,100.48569917678833,895.1753952588288,302.9168891906738,110.02110958099365,1028.7830382655445,313.7492370605469,110.08497476577759,1187.8999194553778,334.1456604003906,107.54974365234375,635.4004865805539,290.35730361938477,114.20862436294556,909.889641578456,298.2049560546875,121.21667861938477,1026.8012366136263,312.7355766296387,120.59154510498047,1102.2627567016152,334.59705352783203,127.4146556854248,576.4558690277153,296.4518165588379,133.49790573120117,866.8980986016588,305.78197479248047,136.3260555267334,939.7888372754375,318.59073638916016,133.35399627685547,948.9569999093409,338.40614318847656,146.49261474609375,560.9943261479672,308.3646583557129,145.40924549102783,813.3792702558377,316.9080352783203,145.23546695709229,837.0446920211878,328.5342025756836,142.784686088562,816.5267181443044
469,18.76,403.58543395996094,128.32911014556885,249.78121879510377,384.8122787475586,96.06653451919556,338.97561430274254,351.9307327270508,82.52773761749268,410.50640136756283,325.6452178955078,87.75631427764893,463.993267804959,310.1677703857422,100.34838438034058,478.6640522308937,338.2841110229492,69.9311113357544,455.15895062025686,299.6399688720703,79.28416013717651,530.4096016207542,305.1253128051758,87.6559066772461,561.8493101951849,317.5659942626953,88.68686199188232,543.3960720692663,333.0256652832031,89.68849897384644,447.4081264123343,292.9994773864746,93.90696287155151,511.8218327251739,302.16861724853516,100.8766508102417,518.0657181624783,316.69775009155273,102.01972961425781,474.7441081544233,331.7405700683594,110.35633563995361,432.39578262279366,297.4136161804199,112.5559401512146,524.1010046173218,307.15869903564453,115.5593490600586,520.3072812739775,320.0020980834961,115.03009557723999,459.4543493928473,333.1869125366211,130.11793613433838,429.65863501996154,308.3744812011719,126.37724876403809,475.7999815471579,317.15503692626953,126.50623798370361,468.27144088105524,328.21399688720703,126.22974872589111,413.9508445794694
470,18.8,395.4802703857422,122.44671821594238,250.3699904373738,380.97034454345703,88.70026588439941,207.69925979139123,352.86327362060547,71.8873929977417,267.0282828480151,327.87845611572266,72.01817750930786,397.39487752048757,311.1877632141113,79.30320024490356,526.7471883315884,339.00867462158203,55.99547266960144,348.86155692663476,302.77732849121094,58.30573797225952,530.2930922549427,301.7930603027344,67.5715970993042,508.9716335186542,309.5025825500488,72.27663516998291,457.1064925114767,330.2871322631836,74.00177478790283,398.0992957068039,292.28540420532227,71.91143274307251,550.1779519737618,296.8069648742676,80.37457466125488,529.7891341145452,308.8502883911133,84.86914873123169,471.5168871346797,325.28358459472656,93.74909162521362,445.45848233296556,290.99082946777344,90.56447982788086,572.7545920314118,297.9279899597168,95.5889081954956,550.0139193519458,309.27162170410156,97.70283937454224,509.5199522851582,323.89476776123047,113.66341352462769,472.42411350944747,298.3909797668457,106.34895086288452,559.4657148267358,304.22340393066406,108.23500871658325,559.612003347357,314.0477180480957,110.02120971679688,538.1683013686234
471,18.84,394.6471405029297,122.29488372802734,21.171311859382854,382.3172378540039,89.19902801513672,35.90686958171737,352.3535919189453,71.43150329589844,17.09551946516123,325.44097900390625,71.22387170791626,64.09083581504264,307.5611686706543,78.7946891784668,91.55180052612623,338.01979064941406,56.87477231025696,33.08189996496972,300.96343994140625,59.54187870025635,54.87619913567422,299.9997901916504,69.27022218704224,61.75123925882085,308.0458068847656,73.92258882522583,54.950880191817944,329.88014221191406,74.78646755218506,22.098976731814666,291.34862899780273,72.36715078353882,26.043553926904266,295.4485321044922,80.5980634689331,34.417354244961516,306.6403579711914,84.96119499206543,55.29616270043941,325.47630310058594,94.42713975906372,17.622600799794526,291.1532974243164,90.63704252243042,4.448397291689784,297.3452377319336,95.47198534011841,14.859153599209545,307.62781143188477,97.81845331192017,41.19677470356059,324.19620513916016,113.86334180831909,9.042808310783377,299.12214279174805,106.45100355148315,18.456267909482587,305.3921699523926,108.38489055633545,29.458430239010152,314.548282623291,110.39535999298096,15.623566396414754
472,18.88,384.05467987060547,114.96721029281616,322.00060192144633,370.80345153808594,80.12040138244629,366.562355596234,344.0416717529297,63.40921640396118,288.79610435258377,319.82757568359375,63.11609745025635,246.53384687714296,303.9156913757324,70.70702075958252,221.7823893504749,332.50389099121094,46.868226528167725,285.6528788674433,297.1137046813965,49.01908278465271,280.1224012079441,300.3072738647461,57.60466933250427,291.74011295504863,310.09477615356445,60.49774646759033,339.50760981147965,322.56561279296875,64.10300731658936,323.68837562748047,286.18770599365234,60.606136322021484,321.08856587667964,293.27341079711914,68.86037349700928,298.43814118128967,305.80114364624023,72.77403831481934,305.4004221499081,316.4204788208008,83.63274335861206,352.24897714226057,282.4738311767578,76.63144826889038,411.9236919149154,290.40008544921875,81.28760576248169,394.83522214382106,301.91186904907227,83.5580849647522,384.08178061493487,313.7923812866211,103.02878379821777,375.52230129257254,287.64055252075195,91.62431716918945,468.8133585380258,293.2035446166992,92.22614049911499,506.00629380079613,302.4419403076172,93.48212957382202,519.9885139812212
473,18.92,374.5005798339844,110.0680160522461,268.4247237548617,363.5139465332031,76.57572984695435,202.64127712342193,338.1201934814453,59.3691623210907,179.20997097012358,314.66400146484375,57.286823987960815,194.6839230181235,299.49663162231445,63.85035753250122,203.93307681977348,324.20799255371094,42.44933366775513,234.98476678967987,291.57114028930664,44.626758098602295,176.79885496686293,290.40929794311523,53.508288860321045,267.80386983535675,295.3253746032715,57.91359186172485,374.8441986185828,313.3854103088379,57.63990640640259,280.6775184986538,279.77285385131836,54.93882179260254,213.99296422921537,283.35838317871094,63.93413543701172,276.784656928412,292.14635848999023,68.40557813644409,358.4136942778167,306.65611267089844,76.04822158813477,309.099313324418,273.54679107666016,68.36485147476196,304.1675807690616,276.84146881103516,74.5507264137268,378.50167478238205,284.6247100830078,77.79109239578247,455.59306706241057,303.7866973876953,95.41012287139893,314.40191694217094,280.4167366027832,86.85014247894287,216.47208305819964,280.8675765991211,87.50048160552979,330.25365148362795,284.7392463684082,88.0310583114624,463.0736649096916
474,18.96,366.24298095703125,105.93608379364014,230.84194187036022,353.79833221435547,72.99097537994385,258.89624632918753,329.3341064453125,56.25526785850525,233.0392457970081,308.1561279296875,54.16515827178955,180.44600091354573,294.78166580200195,61.02369546890259,137.4338957201398,315.9866523742676,40.373454093933105,211.98424226688007,287.3201370239258,44.302579164505005,106.58365477288012,285.99788665771484,53.88465642929077,110.68593540941107,289.130802154541,58.57420206069946,155.7424429498103,304.1718292236328,55.32617926597595,237.49132838642183,273.8296318054199,51.99103832244873,165.85256192203747,277.6468276977539,60.96047401428223,160.98239086364364,285.4260063171387,64.99823570251465,188.36984198181602,297.0656967163086,73.31448554992676,249.3107886111337,265.03286361694336,64.48709964752197,233.88554896436898,267.77292251586914,70.04169702529907,253.19197007072796,274.90901947021484,72.13265419006348,281.08335842265484,294.86351013183594,91.70868158340454,241.5107896290566,271.33371353149414,81.51578664779663,263.33991845955165,270.2309036254883,80.32493591308594,320.76789499219694,272.60995864868164,79.17563438415527,375.44819343039296
475,19.0,360.0115203857422,103.70707511901855,165.45312879156378,347.0539855957031,71.28046989440918,173.9469034083596,324.13768768310547,54.420082569122314,137.77398384352355,304.0935707092285,52.64187812805176,108.4687557715621,290.985050201416,59.12877559661865,106.08078095545007,310.41194915771484,39.430861473083496,141.34575692588797,283.2281303405762,43.55524778366089,103.99225598984596,280.48362731933594,53.86392116546631,137.85745809092276,282.48111724853516,59.757996797561646,168.8558544443025,298.2872200012207,54.49764132499695,148.56627481560918,269.4600296020508,49.98908042907715,120.15942228587724,271.5946960449219,58.36225748062134,164.65689079681758,278.5166358947754,62.64387845993042,182.48698182873443,291.6451072692871,72.70417213439941,136.37098394254673,260.10793685913086,62.41363763809204,133.59020424970996,258.366641998291,65.12173175811768,265.3820022694186,262.24109649658203,64.97408866882324,363.7661790111399,289.8068618774414,91.47276878356934,126.55370998561575,264.03650283813477,81.25460386276245,182.54708356763163,258.7405014038086,78.11487436294556,292.5253357311449,258.10617446899414,75.2367639541626,375.72800650472556
476,19.04,353.3079528808594,102.61297702789307,169.8066325366982,341.2215042114258,70.76967000961304,146.3701549587755,320.1300811767578,53.680686950683594,101.88110653565276,299.78063583374023,51.71999931335449,110.25897862870045,286.06714248657227,57.66509771347046,128.27745621634196,305.7765197753906,39.51645612716675,115.90548952520088,278.9078140258789,43.5674786567688,108.0083406886256,273.40003967285156,54.247305393218994,177.34887477003406,273.0931091308594,61.2042760848999,237.46897191334546,294.20257568359375,54.28975224494934,102.24827954275439,263.8064956665039,49.510982036590576,141.8428356343703,261.3681411743164,57.69275665283203,256.21116276412874,265.2806091308594,62.29483366012573,331.015706545184,288.1440734863281,72.47515439987183,87.71290765954947,254.68883514404297,61.24223470687866,138.6065660099744,248.6077880859375,64.4916844367981,244.4792799371752,249.28049087524414,65.47398805618286,324.25606920817404,287.26280212402344,91.83860778808594,64.25573031930107,260.9120178222656,82.1255350112915,81.08994882177491,253.02310943603516,80.68391561508179,156.70143559556558,249.79106903076172,79.78796482086182,236.97891227117407
477,19.08,349.3449020385742,101.04628086090088,106.53728472407296,338.31790924072266,71.40473127365112,74.30581472441328,317.44842529296875,55.15190005302429,76.46791104590636,296.9497871398926,53.55815649032593,84.38204094589152,283.6540412902832,59.38071012496948,74.0201971171602,301.1825370788574,39.71404194831848,114.95574467150034,274.1702651977539,46.721835136413574,142.29005081950027,268.9912414550781,58.503520488739014,153.20098862355363,268.0898094177246,65.50477981567383,164.93813301859367,290.5723190307617,53.88209581375122,91.32684138346325,260.0575065612793,51.888720989227295,110.98581507894032,259.3678665161133,61.77728891372681,113.70054556415894,263.41909408569336,66.7772626876831,121.33993636285925,285.2081871032715,71.65173768997192,76.2292755949108,249.71200942993164,61.316256523132324,124.43440394923249,244.8356819152832,66.27475261688232,104.30758930177704,245.9667205810547,68.42672109603882,110.96087702234698,283.96995544433594,91.32454633712769,83.31828442518746,253.69495391845703,81.25980377197266,181.72008345665438,248.78780364990234,80.86607694625854,105.98053433480771,249.08632278442383,81.51517868041992,46.63645963980967
478,19.12,346.53045654296875,101.1888313293457,70.45133109010322,334.3525695800781,71.18083477020264,99.2913901999342,314.2624092102051,55.924233198165894,81.95729439284634,294.3013381958008,55.17600774765015,77.58754934059374,281.40907287597656,61.977524757385254,85.81713631453194,298.7984848022461,41.690261363983154,77.41587545711182,272.0356750488281,49.298962354660034,83.65875552997176,266.47789001464844,61.46526575088501,97.11098824590552,265.830078125,69.55716133117676,115.99617844596395,288.84986877441406,55.443148612976074,58.114761074316654,256.3739204406738,53.069636821746826,96.70628505755373,254.21146392822266,62.68695116043091,130.90066140847964,257.7598571777344,68.53498220443726,148.14802622711434,283.8889503479004,72.78149127960205,43.42183199443144,247.01696395874023,61.793460845947266,68.42420102521555,242.54600524902344,68.46827745437622,79.27077980219548,244.90850448608398,72.39993095397949,102.79292862015119,283.0563163757324,92.12884426116943,30.430571575889815,251.52267456054688,81.90285444259644,56.6365152407893,245.30540466308594,82.20630884170532,93.28492722886959,245.16645431518555,83.4126091003418,108.87381174602253
479,19.16,346.19606018066406,100.09933948516846,28.491373756491463,331.9108581542969,70.72335720062256,62.104953573867604,311.5362739562988,55.641446113586426,68.51907561856156,291.72271728515625,55.48928260803223,64.939524458148,278.47354888916016,62.968504428863525,77.4570114097881,297.9930877685547,41.58660650253296,20.300996160613266,270.0745964050293,49.69376564025879,50.01061813182416,264.1158103942871,62.1401309967041,61.41489656905714,263.2398223876953,70.91505289077759,73.11503894666193,288.3755111694336,55.39395332336426,11.922544661344242,254.13650512695312,52.30474233627319,59.11371911398765,251.83218002319336,61.70006990432739,64.39587775228665,254.93968963623047,67.49720335006714,75.12626834507496,283.81250381469727,72.9868483543396,5.478115585190981,245.97877502441406,61.1451530456543,30.59962486777841,242.2072982788086,68.19779634475708,10.836352082600278,244.63422775268555,72.25021362304688,7.811970208648727,283.34774017333984,92.98929691314697,22.711596653845028,252.05078125,82.34903812408447,17.28396209408012,244.7580337524414,82.50674486160278,15.61002714346717,242.61566162109375,83.34259271621704,63.79383621419663
480,19.2,345.62389373779297,104.75646257400513,117.30347901629816,333.52638244628906,74.91209506988525,112.23703620967835,312.4224662780762,59.95771408081055,110.15757462625461,293.5820960998535,60.26782035827637,128.18861251846178,280.7443046569824,68.18751811981201,142.29027475421026,298.79356384277344,46.43847942352295,122.93655067460764,272.64171600341797,53.15748453140259,107.7829172147007,268.78259658813477,64.92449998855591,135.85747141276622,269.1653060913086,71.90824270248413,150.20357669647936,288.3440971374512,58.83464813232422,86.02095533142425,256.97134017944336,57.76853084564209,153.88566098312023,257.09367752075195,69.17964220046997,228.61998716488964,262.56113052368164,75.47446489334106,275.8204385677274,282.65872955322266,75.43068408966064,67.56260128426004,246.0321807861328,64.49887275695801,83.8536227503462,244.63001251220703,73.92098665237427,155.37143309243396,249.96240615844727,80.26632070541382,240.63387370598792,280.6378364562988,94.3301796913147,75.58746911864553,251.3075828552246,82.52481937408447,19.09258530569328,245.52005767822266,83.93481731414795,40.46658647252565,245.63236236572266,86.2847113609314,105.34629057962968
481,19.24,345.23643493652344,108.34942102432251,90.34473818514664,333.09986114501953,78.07662963867188,79.82872077721377,312.30255126953125,62.690556049346924,68.38678981658349,293.403263092041,62.75850534439087,62.42742258384663,280.32020568847656,69.94691848754883,45.244817307345954,298.4561347961426,49.024858474731445,65.20743323253286,271.78409576416016,54.931511878967285,49.26132804170569,267.5418472290039,66.24325275421143,45.267039810355634,267.9339408874512,72.63270378112793,35.7168038161011,288.6229705810547,61.53076887130737,67.7626253767626,257.14508056640625,60.21697998046875,61.36514120357458,256.69368743896484,71.32018804550171,54.439924344470626,261.8935966491699,77.1754503250122,45.68200488415878,283.20411682128906,78.23814868927002,71.4987095610332,246.96022033691406,67.37648248672485,75.58891769243972,245.3046417236328,76.99122905731201,78.58718485695869,250.56840896606445,83.16701173782349,74.08292595270257,281.22718811035156,97.16691255569458,72.43267872647155,251.94379806518555,84.9576187133789,62.86534428173181,247.19806671142578,86.88162803649902,84.77694169434629,248.5219383239746,89.57648992538452,109.503011761951
482,19.28,344.7266387939453,107.67140865325928,21.20720517746154,332.4237060546875,77.53984451293945,21.58303699363069,312.3162269592285,62.98210859298706,7.296827657950479,293.03857803344727,62.96228885650635,10.443984864853018,279.79116439819336,70.32655477523804,16.27898180467225,299.13103103637695,50.55106043815613,41.71913056563388,272.43398666381836,56.55611872673035,43.74432528380952,266.90942764282227,67.94053316116333,45.281862489363355,266.3691520690918,75.3448748588562,78.28009006497223,289.3317222595215,62.75728225708008,35.414192310508845,256.5293884277344,60.194714069366455,15.402365492424424,255.11262893676758,70.78153610229492,41.75742376580113,259.5814895629883,76.95484399795532,58.06519143120992,284.2059516906738,79.08485412597656,32.792750742957736,246.73452377319336,67.49876976013184,6.417413620018945,244.37320709228516,76.90245151519775,23.3913969823522,249.0333366394043,83.1954288482666,38.383383288245334,282.845401763916,97.63192892074585,42.09257393195912,252.03144073486328,84.77478504180908,5.068862607130347,246.17189407348633,86.50928735733032,27.290885202520293,246.5330696105957,89.452965259552,49.81752391306761
483,19.32,345.2955627441406,107.53695487976074,14.614895618722226,332.1769332885742,77.57935523986816,6.247894427206826,311.4832878112793,63.80787134170532,29.322258411455852,292.5817108154297,63.59307289123535,19.471391728766502,279.7673988342285,71.56919717788696,31.071741008628546,299.2945671081543,51.05130672454834,13.15746921480256,272.51434326171875,58.43994140625,47.13839379090793,266.4884948730469,69.83101844787598,48.41951450569659,264.92908477783203,77.83772706985474,71.97267688694667,289.48503494262695,62.97047138214111,6.5647915925263565,256.4663314819336,60.95289945602417,19.02007588961975,254.32828903198242,71.83315515518188,32.797596316586805,257.68138885498047,79.1974425315857,73.48312256741714,284.2346000671387,79.28939580917358,5.1634550956180325,246.77398681640625,67.92496919631958,10.700563395984505,243.63370895385742,77.68693685531616,26.952211708860503,247.22295761108398,85.04303455352783,64.66799376573317,282.6274299621582,98.41125011444092,20.230750562322406,251.5962028503418,86.40320777893066,42.139594110655615,244.50748443603516,87.59125471115112,49.62933101991155,243.42620849609375,90.12244462966919,79.45434464134429
484,19.36,347.64251708984375,105.90318202972412,71.49042080207131,334.5367431640625,76.84008121490479,61.82247130108504,313.6324882507324,63.48194360733032,54.344338579218196,294.58927154541016,63.206491470336914,51.111063378829535,281.25558853149414,71.30117654800415,37.80330370062195,302.9015922546387,51.279966831207275,90.35664008440352,276.3389205932617,58.42046499252319,95.61567306031733,268.1907653808594,68.59668731689453,52.56720830683184,264.12174224853516,77.02564001083374,28.62786395106224,292.547550201416,62.673282623291016,76.92252948869523,259.9195098876953,59.54547643661499,93.22446251380957,252.75657653808594,67.36432313919067,118.42914482565719,252.02573776245117,74.74960327148438,179.8778463362819,286.53797149658203,78.62529516220093,59.92990494780884,250.4558563232422,66.07953786849976,102.96170359370016,243.14258575439453,72.74489879608154,124.15952987984386,242.94939041137695,79.13002967834473,182.39209697851317,284.2428970336914,97.1066951751709,51.91096613904106,254.5235252380371,84.58838939666748,86.10597439384848,246.11820220947266,85.23952960968018,71.26106360837942,243.29193115234375,88.51437091827393,40.34175462784413
485,19.4,349.5043182373047,103.91852617263794,68.03107003308006,336.2120819091797,76.46840572357178,42.90179615811896,315.5165672302246,62.530667781829834,52.76527798388088,296.3393020629883,61.46399974822998,61.73979781138919,282.9393196105957,68.9213490486145,72.88059272529149,305.44992446899414,51.21189594268799,63.731030121645084,277.03927993774414,54.81699585914612,91.77245299722698,265.99924087524414,64.45206642150879,117.20884678955608,260.72134017944336,73.28511714935303,126.3780180370177,295.8229637145996,62.30142116546631,82.41137143228934,263.01807403564453,55.6002402305603,125.41428472397256,252.25175857543945,61.625168323516846,144.0328503625185,248.65169525146484,70.13854265213013,142.8417894501258,290.19079208374023,78.18195819854736,91.99064458311904,255.28724670410156,64.46072101593018,127.38450900331195,246.94469451904297,69.46671724319458,125.50524230063272,245.8693504333496,76.78595781326294,93.6110284588125,287.83674240112305,96.89324855804443,90.0044581651813,259.1956329345703,84.84103202819824,116.97333731258905,249.92591857910156,84.13925886154175,99.08739725221439,246.33831024169922,87.24233150482178,82.5322278924949
486,19.44,351.72584533691406,104.30269718170166,56.362498716477475,333.01822662353516,90.76719045639038,366.27854532200445,305.3483009338379,78.37136507034302,470.58562588315357,281.640625,76.71380281448364,529.5089712185818,264.48768615722656,80.11938571929932,539.5940617581731,301.8081474304199,54.9265193939209,130.05039259633145,267.9291534423828,52.90736675262451,232.7029867743952,256.6131401062012,63.09355974197388,237.0975907260684,253.1745719909668,71.61272764205933,193.24627544067292,298.73443603515625,60.820326805114746,81.66360717002661,262.492733001709,51.13456964492798,112.4116235685789,254.0829849243164,61.634745597839355,45.78128482937013,254.32514190673828,71.83917045593262,148.07120727309598,296.2498092651367,72.08098411560059,214.96158663416773,261.46780014038086,58.02008628845215,223.16055945145723,254.70361709594727,66.82633638381958,204.89706354189946,256.0229301452637,75.64188480377197,255.44579172649156,294.37097549438477,86.42977237701416,308.4036882764866,267.830867767334,74.69166040420532,333.1450744222475,260.9903907775879,77.36188888549805,324.37949305487035,260.54616928100586,82.0521068572998,378.1548049183628
487,19.48,358.89976501464844,105.42744398117065,181.53887136351167,345.70507049560547,76.28286838531494,481.37277219228133,324.2568588256836,59.31156635284424,671.1973856013075,303.3597755432129,56.81152582168579,736.4705229236926,288.30408096313477,62.94325590133667,734.0981274131531,315.55530548095703,46.241337060928345,406.52240607358686,280.551815032959,45.46131134033203,366.38037511677766,268.4980010986328,55.359495878219604,354.4940625896054,264.14806365966797,65.24521350860596,317.177745557186,305.68262100219727,59.80207085609436,175.56003160231646,267.2698974609375,46.1824893951416,172.01816595718964,256.8446350097656,53.007380962371826,226.464858956883,255.79776763916016,62.619967460632324,233.40192053669054,299.6125602722168,77.58105754852295,161.16548580410384,261.9529342651367,58.654314279556274,19.962468905777428,252.65213012695312,63.30249309539795,101.93769636801117,252.16625213623047,70.16249656677246,167.5142917729875,297.27563858032227,98.3472204208374,306.6580297334826,266.7407035827637,82.34129190444946,193.17304424862064,257.052001953125,80.14314651489258,120.53604371130933,253.42098236083984,81.41987085342407,178.8295470061883
488,19.52,365.24913787841797,114.75666046142578,282.1223315100171,354.4645690917969,81.7121171951294,257.64020248152127,333.53172302246094,62.61354446411133,246.12771750143924,311.21219635009766,57.50765562057495,197.08042334491626,294.2801856994629,60.75340747833252,159.1172208139671,320.98045349121094,47.793617248535156,141.0713576394907,283.7471580505371,44.281110763549805,85.15827323806529,268.6340522766113,51.33461952209473,100.67937849034185,262.92686462402344,59.93644595146179,136.1853976672186,311.05188369750977,63.06035757064819,157.0139607756116,270.48633575439453,47.43529558181763,86.29527303461681,257.74927139282227,49.18002247810364,98.32039447849021,255.67764282226562,55.02367615699768,189.93102619982415,304.8625183105469,82.49279022216797,179.73448692025318,266.34632110595703,62.374277114868164,143.91831760845014,254.88725662231445,62.748820781707764,57.567045049735576,253.18466186523438,66.75312280654907,88.95570461270871,302.6938819885254,104.44430351257324,203.9175443930519,272.4973487854004,86.2043023109436,173.3165698038606,261.9758605957031,81.86500310897827,130.4060343280931,257.4296569824219,81.82141542434692,100.71838916054958
489,19.56,370.95123291015625,125.06401062011719,294.48615740477743,360.5985641479492,90.60548543930054,270.0901401330363,335.53661346435547,69.72594022750854,184.73927434899758,310.9289360046387,65.36398887634277,196.53595194167556,291.7335891723633,67.91677236557007,190.06405232766863,324.8146057128906,55.18607139587402,208.19026991480487,281.60987854003906,46.14623308181763,70.9165220880134,266.026611328125,54.11305904388428,95.25778995732261,262.4894332885742,62.44397163391113,63.63485297665069,316.30334854125977,72.36235857009888,267.0499784671913,272.61003494262695,54.824159145355225,192.2000959330415,258.96705627441406,60.1839280128479,276.7771407597286,257.8602409362793,68.27951431274414,335.8580240766176,309.97161865234375,93.43590974807739,301.9258717600326,270.0784492492676,72.42226123809814,267.9677749034998,257.0393943786621,73.09403657913208,264.1675448668595,254.5623779296875,76.64462327957153,249.67464223722212,306.4145851135254,116.00070476531982,303.5148695480869,277.7220153808594,97.55746364593506,312.44140783918385,266.8536376953125,91.92363023757935,279.4734883957054,261.49070739746094,89.01147365570068,206.44168039022986
490,19.6,374.2365264892578,139.6477174758911,373.729229820897,361.74068450927734,104.66504573822021,352.64684416452553,333.00132751464844,82.04958915710449,314.5433175521231,302.53713607788086,79.99207019805908,421.6063545873375,279.77684020996094,86.49747848510742,552.3848780801086,324.78759765625,70.40383815765381,380.44476820809115,278.2700538635254,64.4939661026001,466.2307206950768,269.29325103759766,73.96727085113525,503.0287401572397,272.7491569519043,81.15236520767212,533.4240338128269,315.5934524536133,91.27022981643677,473.0298269687567,267.7318572998047,79.06105756759644,618.07355056102,263.1775093078613,86.19740724563599,658.8005277308728,270.0046157836914,91.83385848999023,662.5202685836406,309.39504623413086,113.32651376724243,497.47397168135103,263.5612106323242,96.47566795349121,623.0172418392077,262.07386016845703,100.37983417510986,693.6590463969324,270.35980224609375,104.53943967819214,801.4359756654522,305.6868362426758,134.42925453186035,461.07284193829116,272.5490379333496,116.15198850631714,482.51687176189233,271.24597549438477,114.05088901519775,563.9748511419026,276.83311462402344,115.26872634887695,760.2765855672976
491,19.64,378.3931350708008,154.07954692840576,375.4622952496578,362.8982162475586,122.52735614776611,447.49442237592484,332.45025634765625,102.32275485992432,507.01635023258876,301.7556571960449,102.95567750930786,574.4225197905251,278.9588737487793,110.57207107543945,602.212108356603,322.255859375,83.91741514205933,343.71723629151296,272.252140045166,83.12366008758545,489.43895476057594,270.61750411987305,97.92506217956543,599.8590519668558,282.49338150024414,106.20949745178223,672.1280515772697,314.87438201904297,101.81073904037476,264.12520348997714,263.6092948913574,96.35372400283813,444.4321048062891,264.5908546447754,108.8808274269104,568.1852119696667,277.813720703125,115.61038970947266,625.6524376969134,310.62490463256836,123.5709285736084,257.94934871634376,260.97412109375,114.57366943359375,457.04942966707233,264.4333839416504,123.15905570983887,572.5274481217725,277.788143157959,127.47961521148682,602.8224770824236,308.6490821838379,147.53790378570557,335.9795253027594,270.34629821777344,135.88618755340576,496.4188467694708,273.12938690185547,138.65179538726807,616.8224181526847,284.91533279418945,141.43160820007324,684.5704115126772
492,19.68,386.56742095947266,169.5651626586914,437.7665219153715,366.75304412841797,145.00003337860107,570.022433721,335.2947235107422,127.03903198242188,621.9854038872065,308.80531311035156,122.50345230102539,519.5028559942103,289.48877334594727,127.49467849731445,498.28043527298524,322.2010040283203,114.09818887710571,754.5205896607151,270.8126449584961,112.40679502487183,732.9623702226588,277.7838134765625,120.95508098602295,602.981009247784,292.86781311035156,123.34805488586426,500.8486436502826,316.73118591308594,125.63665866851807,597.4540603823013,263.1913948059082,120.05976676940918,592.7431484905128,272.1843147277832,128.7378215789795,531.4842735135368,287.99732208251953,132.2327756881714,487.3457786054261,313.21359634399414,139.97510433197021,415.1794093280865,265.66980361938477,133.1538963317871,479.11002518334686,275.42640686035156,138.10083389282227,463.75053110519985,289.2344856262207,138.77965450286865,402.11133710664103,312.564697265625,155.76570510864258,227.80029093270863,277.4279022216797,146.2042236328125,312.8607755496846,284.6673393249512,148.58256340026855,380.57891711645505,296.84024810791016,150.6463623046875,376.7586250239633
493,19.72,392.7667236328125,180.94820022583008,324.04175839173183,372.7629089355469,146.38784408569336,154.20054628365975,340.91575622558594,127.12118625640869,140.54082615488906,313.4022521972656,127.76856422424316,174.73775445794524,295.50472259521484,138.9673948287964,323.8584426416264,325.1602554321289,114.22797203063965,74.05239926010309,279.37671661376953,117.76908874511719,252.60829021783007,283.0098533630371,128.86774063110352,237.06760053029976,295.74615478515625,132.43569374084473,238.3144335162426,318.95824432373047,135.28618812561035,247.5797951011379,268.6322593688965,132.81113147735596,346.5908152164562,275.909366607666,142.9788637161255,368.00415474878326,291.36669158935547,146.98615550994873,378.3309290812928,316.5226173400879,158.82581233978271,478.47336155500574,270.11802673339844,153.6416244506836,524.1264711080399,279.16296005249023,160.7513666152954,573.9166219765226,293.78746032714844,163.30471515655518,623.6025270025225,317.0949363708496,183.22998046875,695.8849974161992,280.6371879577637,172.95255661010742,673.5042835795828,288.3329200744629,175.95637321472168,690.4536307697648,301.4554786682129,178.97930145263672,717.6593002106508
494,19.76,400.81993103027344,190.14573097229004,305.62305338704806,377.8070831298828,156.04219436645508,272.31665006758277,346.47361755371094,139.09189224243164,329.9503981154526,321.47144317626953,139.5906400680542,357.83491332636413,304.6466827392578,149.3478012084961,345.8036580588222,327.5829315185547,124.96916770935059,275.2755937557145,285.3164863586426,131.49447441101074,373.88758027950854,281.23600006103516,146.08087062835693,432.6072120291171,286.4747619628906,152.1033239364624,543.5844014366185,321.76952362060547,144.01190757751465,229.1853388067982,272.16081619262695,145.99382400512695,341.1690339297041,271.5778350830078,159.95756149291992,438.06274061545116,281.48778915405273,165.16629695892334,517.2706354214849,320.75191497802734,167.2937536239624,236.63393155699768,273.6065864562988,167.14309215545654,348.6220008146985,276.14185333251953,177.71610260009766,430.7909533981479,287.0683288574219,180.67500114440918,465.6135488573833,324.2618179321289,191.9542121887207,282.2636294507629,286.52416229248047,185.6344699859619,349.54201615318306,285.3087615966797,187.86651134490967,307.2020149458922,292.16915130615234,187.99641609191895,323.59719588296826
495,19.8,403.4625244140625,198.92755508422852,229.27022065276725,379.82032775878906,163.68647575378418,197.6236825770225,349.5636749267578,147.5367307662964,224.8106873889555,325.1721954345703,146.48999691009521,195.73051006284206,308.0474281311035,155.23139476776123,169.89287505437431,332.05528259277344,133.24798107147217,235.24013637120427,288.4397888183594,136.79497718811035,153.80659109924724,277.11597442626953,150.1433229446411,144.65072168245607,275.7392883300781,158.3153200149536,310.07991852908117,325.5805969238281,150.05969524383545,178.710686899662,276.9027519226074,150.2990484237671,160.118924088708,269.07081604003906,163.83906841278076,115.51850623042918,272.39585876464844,172.07093238830566,285.41328435539646,323.6467742919922,171.7499542236328,132.84844332958875,276.8643379211426,170.6498908996582,119.66249944903879,274.39186096191406,180.9380292892456,91.66271354612114,280.8616065979004,185.80846309661865,201.36383864416572,326.4530944824219,195.48514366149902,103.89047714215778,289.1192626953125,190.03910064697266,127.80678131630697,285.61805725097656,193.1028699874878,131.13713155383746,290.08283615112305,194.51170921325684,171.02952117810275
496,19.84,403.4485626220703,203.7782621383667,121.26817868030541,380.1077651977539,168.51794242858887,121.000233757695,351.0978317260742,151.35090351104736,102.77873932534017,325.2437973022461,149.04407501220703,63.87703900435272,307.19438552856445,156.7966604232788,44.56552937872422,333.4609603881836,135.94393730163574,76.0103202674929,289.6522331237793,140.68307876586914,101.81894185487903,277.7742576599121,154.43591594696045,108.56936578535823,275.95354080200195,163.56502532958984,131.35188905247367,327.7317810058594,151.8532133102417,70.01919383868186,279.74727630615234,152.6797342300415,92.73276078596116,270.55700302124023,166.57811164855957,77.90663318420606,272.92606353759766,176.02641105651855,99.7713905509282,326.31397247314453,172.89480686187744,72.5630488818089,278.6332130432129,170.01697540283203,46.967417054286045,271.900634765625,181.81325912475586,66.01247621683048,275.380802154541,189.0795135498047,159.56775287796333,328.73939514160156,196.48767471313477,62.41113288938992,290.4429817199707,191.1309814453125,42.89839546843011,284.22481536865234,194.8522138595581,55.9091166839781,286.25680923461914,197.4867296218872,121.16421810290056
497,19.88,402.26844787597656,206.2247085571289,67.90513094486282,378.8654327392578,171.2624216079712,75.31415829500463,350.38124084472656,154.1970920562744,73.37528418263659,325.1958465576172,151.57238960266113,63.219231361061915,308.1967353820801,159.50139999389648,72.11241819941576,332.0473098754883,139.07366752624512,85.85459747036398,289.1716766357422,144.6949338912964,101.0133533425514,277.5757598876953,159.38873291015625,123.91982598764994,275.6540298461914,169.34383392333984,144.6641273256984,327.51953125,153.25814723968506,35.521906136948814,279.9633979797363,155.36842346191406,67.43403426395768,270.23181915283203,170.73493480682373,104.2380788068657,272.1289253234863,182.09187984466553,152.94063585338776,326.4965057373047,173.02508354187012,5.606380621381065,279.1788101196289,170.6432819366455,20.765597211661692,270.05455017089844,184.79740619659424,87.72528881844842,271.36474609375,195.06840705871582,180.26985283265986,328.6084747314453,196.09069347381592,10.45030675885309,288.98731231689453,192.45768070220947,49.2386048321279,279.63003158569336,198.22378635406494,142.4770575782684,278.35559844970703,203.30118656158447,245.25119950166032
498,19.92,398.38035583496094,208.73385429382324,115.68565178799295,373.8535690307617,175.86922645568848,170.1863477513173,346.0273742675781,159.5046043395996,171.62065873835323,322.1738052368164,156.26858711242676,139.61331597343292,305.9400177001953,163.68669033050537,118.8734355770957,328.20228576660156,143.89300346374512,154.13105072550906,285.6525230407715,149.7522497177124,154.03101431431173,274.3136215209961,165.68379878997803,177.2522939816072,272.4228286743164,176.97498321533203,207.17610342682994,324.77123260498047,156.27382278442383,102.0031998068923,276.776180267334,159.68816757202148,134.20726955687562,266.442813873291,176.6105318069458,174.78415459544874,267.58527755737305,189.23606872558594,211.6662611707004,324.35497283935547,174.61106300354004,66.6215712337115,276.9379425048828,173.5286521911621,91.33334951041653,267.30567932128906,189.52561855316162,136.73030716667358,267.7442741394043,201.04276657104492,174.64390333397165,326.4544677734375,196.5963363647461,55.31399409447789,286.3804626464844,193.74303817749023,72.6627872580666,275.95401763916016,201.49480819702148,123.0159096220013,273.2386779785156,208.5710048675537,183.63322834938222
499,19.96,391.8778991699219,211.355938911438,175.28061505526432,367.5492858886719,178.6594533920288,172.35383715614904,340.9625244140625,162.79583930969238,151.00689484883387,317.6386260986328,160.30270099639893,151.7438727022295,301.616268157959,167.82840728759766,149.68431250605104,324.96997833251953,147.34243869781494,118.179986626502,280.3993034362793,151.26914978027344,136.69606343275473,267.54478454589844,167.31971740722656,174.09297752513874,264.87146377563477,180.13451099395752,204.64256585713554,323.170166015625,158.06166172027588,59.99886605230004,274.4742965698242,160.6736183166504,62.59883049502051,262.50802993774414,177.57219314575195,101.26486665544532,262.7519989013672,191.63022994995117,134.8438692869828,323.060302734375,175.11125564575195,34.69837316118972,276.26075744628906,173.67834091186523,17.33829426241879,265.6620788574219,189.80009078979492,41.65901383184467,265.0764465332031,202.10463523864746,71.78470068390735,324.4807815551758,196.26904964447021,50.01595923693498,284.82215881347656,192.98571109771729,43.3146564522641,272.78038024902344,200.64127922058105,82.16023215985201,268.3230972290039,208.31824779510498,123.05186976089352
500,20.0,388.92627716064453,211.6609525680542,74.18349638048215,363.8848114013672,179.9081039428711,96.78423640444274,337.8624725341797,164.15104866027832,84.58322100851518,314.6446418762207,161.5274477005005,80.87005786004903,297.9837989807129,168.65874767303467,93.15409773371016,322.8742980957031,149.53961849212646,75.908969757836,277.79834747314453,152.1883249282837,68.96491351987423,264.68862533569336,169.08342361450195,83.92074020921854,262.76397705078125,182.86717414855957,86.27335992339057,322.0890808105469,158.6711883544922,31.02688288462395,272.4342918395996,161.3893175125122,54.04769096765393,259.5377731323242,179.56260681152344,89.38740141594774,259.9499702453613,194.76232051849365,105.06354005621658,322.43892669677734,174.45281982421875,22.633574496456973,275.16998291015625,174.916033744812,41.24373162526922,263.6733627319336,192.14913368225098,76.94557467122227,263.16967010498047,205.31792163848877,93.41107346907094,323.9366912841797,194.8884916305542,37.09763008586546,283.992919921875,193.94166469573975,31.637442423067686,271.8055534362793,202.44020462036133,51.15185669173894,267.9040336608887,210.67598819732666,59.867322463875894
501,20.04,388.8376998901367,211.338529586792,8.35922064611228,361.21925354003906,182.5233507156372,93.35655572371357,336.12632751464844,168.33603858947754,113.2705285928947,313.82673263549805,164.95259284973145,88.03619574981599,296.94360733032227,170.50068855285645,52.88398194574726,320.9988784790039,152.73542404174805,92.63629097744423,277.4055480957031,155.9694242477417,95.0361885498235,263.47312927246094,172.9242753982544,100.7148608215535,260.3626823425293,186.08177661895752,100.31165597329476,320.44986724853516,159.30338859558105,43.92250453010939,271.2890434265137,163.40829849243164,58.02950825308779,258.4934616088867,182.73130416870117,83.40874316944203,259.05927658081055,198.09701442718506,86.2899134775267,320.95375061035156,173.4175157546997,45.260375357850904,274.53540802001953,177.7820348739624,73.38531768805726,263.17182540893555,196.40966892242432,107.248835130967,262.62704849243164,209.55888748168945,106.88846259536145,322.33543395996094,193.19485187530518,58.26899174799236,282.9227638244629,195.9691858291626,57.31533400465686,271.31492614746094,206.38930320739746,99.48647768247211,267.8749656677246,215.35600662231445,117.00271740020563
502,20.08,386.2010955810547,210.91083526611328,66.77670212455632,357.32666015625,183.39521884918213,99.72599113887478,333.1679153442383,169.65505599975586,80.97842883543223,311.1758232116699,166.23430252075195,73.61258577057434,294.73453521728516,171.08380794525146,57.11845053475155,319.6320915222168,153.4185791015625,38.20019159796074,276.4137077331543,157.21763134002686,39.857309947580156,265.21318435668945,175.80026149749756,84.03528923609049,264.3381118774414,189.1676902770996,125.81460341649387,319.6566390991211,159.07349109649658,20.64678784200089,269.8289489746094,163.98704051971436,39.26526886627207,259.45526123046875,183.9453935623169,38.72234148206249,262.70246505737305,199.243483543396,95.48302764818756,320.64090728759766,172.68669605255127,19.874109754276347,273.16484451293945,176.7486047744751,42.91286300069292,263.4652519226074,195.91076374053955,14.469914897752123,264.5098114013672,209.2009162902832,47.91228668841279,322.31361389160156,192.16086387634277,25.85545514709469,282.6268005371094,195.86992263793945,7.8041434744989076,272.7157974243164,207.438325881958,43.75277781224892,270.9037208557129,217.17498779296875,88.32486374161867
503,20.12,385.96202850341797,209.52220916748047,35.226370709792356,358.3838653564453,181.67039394378662,50.576080003252486,333.6778259277344,168.4017848968506,33.82581540534839,311.2605285644531,166.03394508361816,5.438180957644933,294.7613334655762,172.09017276763916,25.16803903081849,319.84033584594727,153.59270095825195,6.786204726453454,275.350341796875,157.45050430297852,27.214161425086104,264.0793228149414,176.59727096557617,34.648828335729945,264.2589569091797,190.44974327087402,32.11235536992004,319.16845321655273,159.40617084503174,14.769082381457869,268.40600967407227,165.17603874206543,46.357800218565245,258.88072967529297,185.86950302124023,50.20136774662475,263.2814025878906,200.9367799758911,44.7382769040008,319.83829498291016,172.7323579788208,20.09775365473752,271.3949203491211,178.5124969482422,62.469728400766776,263.0204200744629,198.59238624572754,67.95667109202002,265.7910919189453,211.86462879180908,73.8962281493046,321.72447204589844,191.64735317230225,19.538125510183335,281.53764724731445,196.4504098892212,30.854703223047387,273.38680267333984,208.62404823303223,34.06047505957215,274.01607513427734,218.30360412597656,82.76670519610549
504,20.16,386.93904876708984,205.8083438873291,96.00574173825247,359.58526611328125,178.3125114440918,89.15835161484706,333.86096954345703,166.2785768508911,53.27730514960738,311.0171318054199,165.45091152191162,15.79497776953335,294.3606185913086,172.73870944976807,19.058663360235467,317.8459167480469,152.26757526397705,59.862684765309716,274.654483795166,157.98983573913574,22.009894885168087,263.95225524902344,176.9773006439209,10.017756820114274,264.1838836669922,189.643292427063,20.24844060625524,317.0870018005371,158.6733627319336,55.16706290813338,266.5391731262207,165.69445610046387,48.43704195837078,257.425537109375,186.37630462646484,38.52299046479552,262.51819610595703,200.77417373657227,19.508410415940983,318.35527420043945,172.58085250854492,37.26848994763817,270.4561996459961,181.386981010437,75.59702037071118,262.34291076660156,201.33596420288086,70.64983576244323,265.63785552978516,213.71217727661133,46.34730840794532,321.53507232666016,192.0471954345703,11.060800387607156,281.6482734680176,197.45561599731445,25.281879385924057,273.49170684814453,209.45985317230225,21.059065482583943,274.5195007324219,218.8211488723755,18.050102101378602
505,20.2,389.4194793701172,201.93603515625,114.96551353891422,362.5925064086914,172.78494358062744,157.31636254603026,335.7096862792969,161.9337558746338,118.044543724763,312.764892578125,162.38512516021729,88.224549213065,296.4983940124512,170.05990505218506,85.68137469628168,319.1100311279297,149.8505401611328,68.19110945445786,277.7560043334961,154.22844886779785,121.87970720539458,263.22792053222656,168.9699125289917,201.0020603207008,259.0873146057129,180.27584552764893,266.60372935516517,316.6094207763672,158.40853214263916,13.652355009146511,268.2649612426758,163.33953380584717,72.989740874062,254.92141723632812,180.03108501434326,170.53670474534334,255.07390975952148,192.85675048828125,271.68799902220763,316.49560928344727,173.47603797912598,51.59766607022419,271.7898941040039,181.74819946289062,34.54362891433217,261.50146484375,198.12174797058105,83.0632937473853,261.95953369140625,208.98151874542236,149.81067569895953,318.91735076904297,193.2800817489624,72.33807269269182,280.99315643310547,197.1949052810669,17.627187931543933,271.28807067871094,206.06738090515137,101.13382362810113,270.0324058532715,213.36406230926514,176.6242731969781
506,20.24,391.39171600341797,199.14211750030518,85.49741664932712,366.5770721435547,167.50380992889404,165.39183917087155,338.5725402832031,158.1439447402954,118.73974029794425,314.9167251586914,158.9771032333374,100.76270673245493,298.3204460144043,166.75217628479004,94.40915970019131,321.36627197265625,146.49689197540283,101.049427580833,279.4754409790039,150.95942974090576,92.34090517581267,262.86962509155273,163.37714195251465,140.10589375521266,256.1359214782715,173.79335403442383,178.0684863901459,318.3821105957031,157.68731117248535,47.84472857174863,271.77820205688477,161.76196575164795,96.27948244646194,255.45969009399414,174.55800533294678,137.48713318938016,250.67022323608398,185.65568447113037,211.02103979827206,318.3073425292969,174.62026119232178,53.57018827979842,275.4484176635742,182.19572067260742,92.14482442423657,262.01215744018555,194.89275455474854,81.72822878121673,257.7425193786621,204.53367233276367,153.22888807371174,321.32049560546875,195.284686088562,78.23659495075451,285.42633056640625,199.0503215789795,120.14471101219672,272.56359100341797,204.92228507995605,42.852921047027706,266.2870788574219,210.06457328796387,124.78507049004166
507,20.28,392.5824737548828,195.38801193237305,98.46069215000415,366.03271484375,166.45734786987305,29.489486588667425,337.7277374267578,158.6341381072998,24.417992896034477,315.0320053100586,162.9302215576172,98.86997142413824,299.6419334411621,174.01721477508545,184.60619112815664,321.9438171386719,148.82401943206787,59.943101241679116,279.1123962402344,155.77298641204834,120.6806977851301,261.9014549255371,170.3122329711914,175.05863465510234,257.8217887878418,181.71316623687744,202.43142960582202,320.7178497314453,160.9480333328247,100.27458026952112,271.4668083190918,167.26932048797607,137.90377589938507,256.02725982666016,183.18394660949707,216.11483970902583,255.7327651977539,195.40403366088867,274.61295836041006,322.62866973876953,178.66344451904297,147.94678153141118,277.3260498046875,189.4848918914795,188.1779734642424,266.41746520996094,203.55036735534668,242.8489704933967,267.4489212036133,212.66937732696533,316.6266848949379,328.2305145263672,199.76258754730225,205.8518322747006,294.1691780090332,206.03302001953125,279.7269415393481,285.07617950439453,211.0678768157959,348.5085802193343,284.68292236328125,214.1751480102539,471.23765424120023
508,20.32,394.7043228149414,195.4168939590454,53.051140451550616,365.5268096923828,168.64758968353271,56.197749201386216,336.7657470703125,161.97558403015137,86.9291604599512,314.6731185913086,167.10305213928223,104.70588193892848,299.59144592285156,178.22436332702637,105.18628691399047,321.9562530517578,153.29174995422363,111.69369574459114,279.67288970947266,163.2201862335205,186.70655135464892,264.69615936279297,179.47794914245605,239.55782942720725,262.0281791687012,190.77604293823242,249.7867267041891,321.94339752197266,165.73724269866943,123.5882623288952,273.13819885253906,175.24256229400635,203.66352645467418,259.93019104003906,192.45665073394775,251.5153000266237,260.7184028625488,204.09509181976318,250.4883665531707,325.20042419433594,183.5966920852661,139.08372597416871,280.09952545166016,195.3618049621582,162.4620617341643,269.88574981689453,209.61143016815186,174.58071295152834,271.0553169250488,218.03390979766846,161.60193905244606,332.05371856689453,204.49059963226318,152.0094310623548,296.9039535522461,212.2848129272461,170.59438705726257,285.83473205566406,217.8339958190918,170.2126764150503,283.2082176208496,220.88557720184326,171.76403511191768
509,20.36,394.7127914428711,197.53056049346924,52.842087489532474,367.06443786621094,171.93903923034668,90.82242468194414,339.12906646728516,164.71933364868164,90.53121195647188,316.87416076660156,168.65675926208496,67.35443786820191,302.16697692871094,178.4749460220337,64.69230851297229,323.2341003417969,155.81534385681152,70.71695289072733,280.24499893188477,164.90222454071045,44.41678897967096,266.60743713378906,180.11630058288574,50.37655257782665,263.4823799133301,191.21100425720215,37.94643555954194,323.6259460449219,168.07913303375244,72.09117436289358,275.6667137145996,176.84228897094727,74.80187517944276,264.1440963745117,193.94207954406738,111.70132306129628,264.77344512939453,205.6531047821045,108.60125510534131,326.69105529785156,185.49569606781006,60.3541486378835,281.5360450744629,193.83273124694824,52.450304177164355,272.7567672729492,208.94153594970703,73.70337295909755,274.3385887145996,218.43980312347412,82.70664663433031,332.53265380859375,206.0337781906128,40.39476318697967,295.64266204833984,212.4753713607788,31.890131451756865,285.650577545166,219.72119808197021,47.40414845210146,283.9104461669922,224.65742111206055,95.91640701041695
510,20.4,392.7788543701172,201.45308017730713,109.33398737203031,366.9478988647461,174.76894855499268,70.80769787150962,339.29046630859375,165.7945203781128,27.180834377361574,316.9734573364258,169.34303283691406,17.33549877216492,302.97508239746094,179.5677137374878,33.97771078739003,323.4392547607422,157.26263523101807,36.54398597465673,278.5104560852051,164.03443336486816,48.4877588407464,266.7948913574219,180.74808597564697,16.475206153191277,268.0110740661621,192.13318347930908,115.5408078547921,324.5522689819336,169.2249870300293,36.83625561537214,274.5994567871094,177.40439414978027,30.155840866103194,265.62055587768555,195.28076648712158,49.824789236985886,270.20301818847656,206.06610774993896,136.13145084657486,328.2209014892578,186.38694763183594,44.26312460544036,280.1432418823242,192.63363361358643,45.94654411899212,273.11208724975586,208.2676362991333,19.045882510421833,277.43560791015625,216.58883571624756,90.19980681888032,334.91905212402344,206.5373182296753,60.97360848568376,295.1231002807617,212.7438497543335,14.620727541204372,286.8397903442383,220.54856300354004,36.217742500409365,288.82707595825195,224.41556453704834,123.06437113148266
511,20.44,395.3015899658203,205.0345230102539,109.51862755797936,369.65038299560547,177.30491638183594,92.65039562898156,341.2875747680664,167.94352054595947,73.34270550088087,318.3400344848633,172.42311000823975,84.24075796472124,302.77137756347656,181.48681640625,48.2470900200133,325.97625732421875,157.96882152557373,65.83635531426059,281.8593215942383,164.48834896087646,84.487201567352,270.944881439209,181.2266492843628,104.43730331932531,272.39282608032227,192.32667446136475,109.65055139434278,326.3020706176758,171.53748035430908,72.4975479726927,276.8516159057617,178.0304718017578,58.439038332878404,267.02436447143555,194.83543395996094,36.81880996543783,271.01505279541016,205.1013994216919,31.52441872429067,329.25506591796875,189.91797924041748,91.98396696711939,282.7577781677246,193.5376739501953,69.16054202854392,274.7223091125488,206.88846588134766,53.003098309859965,278.1628608703613,214.03939247131348,66.27856802573453,335.29205322265625,210.59668064117432,101.91158241176655,299.1874885559082,211.85072422027588,104.03402469485019,291.2098503112793,216.80936336517334,143.78594779023126,292.67799377441406,219.64313507080078,153.30861651653566
512,20.48,397.2209167480469,206.8353796005249,65.79751019080553,372.0874786376953,178.9313507080078,73.24924823011611,342.28946685791016,171.17221355438232,84.51422329381192,318.5905456542969,178.75807285308838,158.49785111245134,302.0841598510742,189.8622465133667,210.08941201223757,329.4090270996094,159.2517900466919,91.61712639094672,284.71776962280273,162.44284629821777,87.87351092247525,273.7806510925293,177.73690223693848,112.41642446084985,274.70361709594727,187.97497272491455,123.17939945694263,327.81578063964844,174.61665630340576,85.77821167156866,278.9411163330078,178.62333297729492,54.29949590535378,270.91033935546875,193.43732357025146,103.2458033685584,275.09788513183594,201.63774490356445,133.8525833433666,329.3411636352539,193.8656759262085,98.71588632258957,283.6886787414551,196.5087890625,77.83837778024817,279.1564178466797,206.59780025482178,111.09063521664207,283.98937225341797,210.7858657836914,166.8338822076425,334.43347930908203,214.20777797698975,92.79403649280029,301.0214614868164,213.72310638427734,65.52323862271516,296.2510681152344,216.01929187774658,127.5688292211267,299.443359375,216.13348960876465,190.5383540438485
513,20.52,399.38629150390625,210.28683185577393,101.86194856144952,375.4910659790039,182.3695707321167,120.94875909889333,344.31285858154297,174.85857009887695,105.12890492273088,318.3883857727051,185.82854747772217,176.83410310817368,300.1593589782715,198.46073627471924,220.28232534639866,332.8691864013672,160.14907836914062,89.36522228733604,287.69060134887695,162.27773666381836,74.43533125692448,277.4604797363281,176.50859355926514,96.98544045167924,278.6156463623047,186.31324768066406,106.25824410229976,329.6311569213867,177.8909683227539,93.59724302946118,281.4791488647461,179.77455139160156,69.67295462372992,275.4541015625,193.1693458557129,113.79144038968509,280.69103240966797,200.5010175704956,142.68725744890833,330.4359817504883,198.58280181884766,121.06275075465034,284.6086311340332,198.89124870300293,63.84760343601182,280.53882598876953,206.8262243270874,35.028825880504336,284.9170684814453,210.09417057037354,28.92946767163864,334.95262145996094,219.46756839752197,132.13370085055362,301.4429473876953,216.76514625549316,76.7775070524665,296.9920349121094,217.08603858947754,32.47095183641072,299.8624801635742,215.57976722717285,17.361428355890798
514,20.56,400.8572006225586,214.8020839691162,118.71993114673445,379.56615447998047,181.77191734313965,102.96703314698338,349.49764251708984,170.04335403442383,176.89737527319403,323.15093994140625,171.91869735717773,367.5644948388504,304.07039642333984,178.88513088226318,499.0619578130313,334.6781539916992,160.6114625930786,46.67817285291389,289.2382621765137,162.4717140197754,38.99424037618612,277.6013374328613,175.4110622406006,27.663331846080425,277.7950859069824,185.15390396118164,35.50877814659022,330.7016372680664,179.467134475708,47.632892484773556,283.05450439453125,180.94765663146973,49.10397736583319,275.86727142333984,192.72571563720703,15.15579725463932,279.5974540710449,199.39879417419434,38.81695826294425,330.2232360839844,200.6969976425171,53.12182166632105,285.9117126464844,201.0884428024292,63.86354270359209,281.18480682373047,207.6271104812622,25.723407033839568,285.3076171875,210.7668399810791,19.445636205521225,333.9179992675781,222.21985816955566,73.5082566374872,299.9517822265625,221.01256370544434,112.53923907888183,294.28503036499023,221.3992166519165,127.30715469001646,296.4400100708008,220.07761001586914,141.2973179322502
515,20.6,402.9569625854492,216.8949794769287,74.11651261453159,381.5106964111328,183.80603313446045,70.3512187816882,350.3395080566406,171.1647605895996,35.056117945680505,323.1562042236328,173.02468299865723,27.649954247545384,303.0950164794922,179.80469226837158,33.512676497874054,336.56700134277344,161.66942596435547,54.12387880261114,290.3038787841797,163.3416223526001,34.39003545770461,278.0227279663086,174.7188377380371,20.259947304167397,276.88879013061523,183.82428646087646,40.22790333974345,332.4098587036133,182.10014820098877,78.46488765037957,283.7565612792969,181.4605951309204,21.73691810126169,278.6503601074219,191.01679801940918,81.64703779028567,283.19562911987305,196.89396858215332,109.60444484757707,331.9586181640625,204.14733409881592,96.55430021987964,287.3466110229492,202.916579246521,58.10021627002586,287.3385238647461,206.06449127197266,158.72541584078226,294.3307304382324,207.18599796295166,242.69193730727082,335.6901168823242,225.79527854919434,99.76231669457201,304.6600532531738,221.13103866577148,117.74403481772498,304.2646598815918,218.56308460235596,259.3702111499719,310.3366279602051,216.10058784484863,361.3626071144642
516,20.64,406.0791778564453,222.79096126556396,166.79109210768678,385.6126403808594,187.51991271972656,138.33574624946118,352.847900390625,173.531756401062,86.22173911154938,324.19677734375,176.47082805633545,89.99551439124083,303.32889556884766,184.33221817016602,113.33906602496235,339.8426818847656,163.0929136276245,89.29025751959657,291.3889694213867,164.54853057861328,40.57438506136485,279.4424057006836,176.1582899093628,50.543962442451765,279.31697845458984,185.03936290740967,67.88091276090789,335.1580047607422,183.96313190460205,83.00231559737435,284.5475387573242,182.88805961608887,40.799051974002296,278.68764877319336,192.45856761932373,36.05629299991179,283.3856964111328,198.49647045135498,40.343353046084616,333.7160873413086,206.513671875,73.6896039986556,286.5776062011719,204.06206130981445,34.49182487601084,286.3368034362793,207.94411182403564,53.247166805763456,294.0262794494629,209.80130195617676,65.82412827727899,336.2852478027344,228.54326248168945,70.29223154837048,302.69819259643555,223.25398921966553,72.26607213423438,301.20458602905273,221.0824155807495,99.0930136339297,306.68127059936523,218.99306774139404,116.53346458036576
517,20.68,412.37789154052734,224.20374870300293,161.38030087619816,388.7913513183594,189.54370021820068,94.20694992661856,354.82654571533203,176.01392269134521,79.35752490156207,326.5827941894531,180.445876121521,115.90428030414377,306.4851951599121,190.6824016571045,177.2834196744364,340.8260726928711,165.55973052978516,66.39014944935245,290.92729568481445,169.66976165771484,128.54996695010357,280.1091957092285,183.61932277679443,187.26922525536352,280.6804084777832,192.51275539398193,189.9186284413996,336.89647674560547,186.6358995437622,79.71030240461484,283.60363006591797,187.70503520965576,122.71465246337587,278.8299751281738,199.4671869277954,175.25160734356348,286.58226013183594,205.9984302520752,203.86487631538182,336.46411895751953,210.4507827758789,120.0325997633414,285.50500869750977,209.30521488189697,133.79350877682714,285.09273529052734,215.58367252349854,193.5048339707122,294.27818298339844,217.91321754455566,202.89564729096872,340.17242431640625,233.7952423095703,163.35053061000005,303.3865547180176,228.535737991333,133.1604119507743,300.7800102233887,226.9509744644165,147.09743366605275,305.85039138793945,224.80615139007568,146.8040823907611
518,20.72,417.2336959838867,224.91947650909424,122.70672120079887,390.57689666748047,190.85012912750244,55.31121432871541,356.4137649536133,177.93449878692627,62.28903118370581,328.9017105102539,180.88361263275146,58.996748618782235,310.26153564453125,190.5862855911255,94.43908669716954,338.43631744384766,169.15695190429688,107.96681135735373,291.2841033935547,178.0422306060791,209.50171245174252,281.8301773071289,192.74183750152588,232.08572306808026,282.73366928100586,201.28040313720703,225.12153228219125,335.3559875488281,190.37638664245605,101.1321867065662,285.3007507324219,195.61875343322754,202.3412258394942,279.9130439758301,207.64397621154785,206.2051786444332,286.727237701416,214.26079273223877,206.5908581128654,336.59019470214844,214.3636178970337,97.87164355268497,287.85003662109375,215.4904317855835,165.37091663144346,283.71450424194336,222.1662139892578,168.13196634586106,289.6413230895996,224.9463987350464,210.60345933322262,342.12108612060547,237.5752830505371,106.31906822894518,304.1795349121094,232.93779373168945,111.82271775400503,297.86169052124023,232.22228050231934,150.63046095739276,299.1353225708008,230.71485042572021,223.61360858735594
519,20.76,418.2489776611328,225.21552085876465,26.439070770398416,391.1018753051758,192.75731563568115,49.453026620062204,357.3090362548828,181.520733833313,92.40736074174906,330.6145477294922,185.0352430343628,112.27713016012923,313.824462890625,195.77895641326904,157.43705255612917,336.64588928222656,173.90599250793457,126.88336094846464,293.7534713745117,185.04212379455566,185.5671759691359,288.48072052001953,198.4774875640869,219.5555263860972,291.38805389404297,205.15284061431885,237.0313073263129,333.4781265258789,193.95310878753662,100.9928936999456,286.97410583496094,202.1131181716919,167.66203106137866,284.2367172241211,213.7348222732544,186.7360371376423,291.51416778564453,219.53487396240234,178.0635989851234,335.3208923339844,216.56996726989746,63.63522048050143,290.00572204589844,221.15305423736572,151.47663326843417,287.89573669433594,228.5300588607788,190.36351142243117,293.8183784484863,231.2221097946167,188.46806887112436,341.91978454589844,238.87597560882568,32.904439814092775,304.67275619506836,237.23193168640137,108.0592661692564,300.795955657959,238.4185266494751,171.39752442915002,303.9446830749512,238.16359519958496,221.66098433906205
520,20.8,417.33375549316406,224.6638011932373,26.716406547183496,390.2463912963867,194.39160346984863,46.11635836529186,356.42467498779297,183.94596576690674,64.53605960261496,329.75406646728516,189.25585269927979,107.68581019045675,314.00646209716797,201.27076148986816,137.37049972278925,335.77991485595703,176.34438514709473,64.6899836221926,295.2866554260254,188.74271392822266,100.14059077494926,291.9721221923828,201.37122631072998,113.36779076198324,295.262451171875,206.89767837524414,106.22915406805421,332.7082061767578,196.19208812713623,59.19145750837198,287.2842025756836,206.12106800079346,100.49820216427399,288.8389778137207,216.4495325088501,133.5815626261485,298.14952850341797,219.64390754699707,165.90641220568529,335.0286865234375,217.84050464630127,32.59265120924913,289.51940536499023,223.70285511016846,64.89408873828165,292.73258209228516,229.8159885406494,125.12166215636546,302.48571395874023,230.18670558929443,218.224034417195,341.9821548461914,239.07747745513916,5.27334384110162,306.6699981689453,239.3043565750122,71.95450134090622,307.12467193603516,239.65431690216064,161.20605462617348,314.10675048828125,238.07054042816162,254.06233647417827
521,20.84,414.83978271484375,224.43891048431396,62.60229653316832,386.9688034057617,196.5716314315796,98.40955331769266,354.5632553100586,189.53146934509277,147.1876638822564,328.97754669189453,196.60008430480957,184.6292244561301,313.80638122558594,208.93434047698975,191.6547599966938,334.22515869140625,179.54689979553223,88.99918119239013,293.41800689697266,190.27101516723633,60.35080779441601,285.44273376464844,204.45090293884277,180.48081853408922,285.572452545166,213.20950984954834,289.10993794061187,332.1820068359375,196.66972160339355,17.76618072211546,286.33655548095703,206.78393840789795,28.911850865589805,281.6929244995117,220.2101182937622,201.87880556041574,287.0759391784668,227.6185941696167,341.15612927465213,335.10520935058594,217.16583251953125,16.974948853295018,289.54750061035156,223.87667655944824,4.401934165912054,287.4883270263672,233.7112855911255,163.31631560382652,293.91624450683594,238.03281784057617,290.47082915806095,342.67101287841797,238.71996402740479,19.402661537361215,305.9695816040039,241.86015129089355,66.25080185444615,301.7747497558594,244.9716854095459,188.57371764324236,305.52045822143555,245.12569427490234,277.82594674192455
522,20.88,415.82958221435547,221.9735813140869,66.41512895608786,386.2273406982422,194.23683643341064,61.242523166694184,355.42579650878906,186.37661933898926,81.76588485012694,331.68697357177734,193.052716255188,111.59305001014718,317.7132225036621,205.84487915039062,124.51952673333875,336.89208984375,176.9011402130127,93.91673685982269,299.95248794555664,189.97591495513916,163.52852715482672,291.9245910644531,205.7896327972412,165.46652170605165,290.9017562866211,214.70184803009033,138.35766967761148,332.76378631591797,193.49867820739746,80.59925396140767,288.2955741882324,201.12038612365723,149.81984759158092,284.5817565917969,215.9106731414795,129.49560676646516,290.1182556152344,224.242844581604,113.60945873472106,334.656982421875,213.72117519378662,86.84242724407444,289.43111419677734,217.2339105606079,166.09463776830265,287.0685577392578,228.7855339050293,123.59013898638867,292.6471519470215,234.02897357940674,105.00406180559104,341.73030853271484,235.63133239746094,80.71775676514096,303.8220024108887,237.9027557373047,112.56408163315912,299.30126190185547,241.88467025756836,98.89326541922533,302.4287796020508,242.5847053527832,100.04718070707028
523,20.92,414.99610900878906,221.6055679321289,22.77761282621205,385.89061737060547,193.29647541046143,24.970751050689863,355.6898880004883,185.5023193359375,22.832882145660868,332.0180892944336,192.9624080657959,8.580253159925128,318.4609031677246,206.79868698120117,30.298264735051884,339.1421890258789,175.53091049194336,65.8619570480511,303.3849334716797,187.1470069885254,111.19915291205282,296.96834564208984,202.3853588104248,152.1277046118372,295.9695625305176,210.21610736846924,169.1976089683987,333.51551055908203,192.01754093170166,41.52451811291855,288.31066131591797,195.81456184387207,132.6461432472206,287.6514434814453,210.78796863555908,149.30061757963523,295.5811882019043,219.1759443283081,186.2745128556074,333.6840057373047,211.7579984664917,54.77651464878582,289.85107421875,212.22915172576904,125.55869497707279,290.3422164916992,223.4933567047119,155.57148908740348,297.7362823486328,228.54739665985107,186.99420741297382,339.1650390625,233.12865257263184,89.59636488309309,301.9404983520508,233.2335662841797,125.85057526834451,299.05920028686523,236.97039127349854,123.00592404108536,303.6635398864746,237.71870613098145,125.50543162191659
524,20.96,414.6416473388672,221.12634658813477,14.901681364517117,385.51109313964844,191.3537836074829,49.485415043496914,356.3057327270508,184.02471542358398,40.020135939902616,335.41141510009766,191.7171335220337,90.36512294826414,324.1762924194336,206.26280307769775,143.51142344902513,341.2458801269531,175.1173210144043,53.599046777145986,309.6126174926758,185.6398057937622,160.186812243677,306.04631423950195,199.7164249420166,236.55433024140663,306.7251396179199,206.1276340484619,287.66088169434204,333.5538101196289,191.9014549255371,3.056020407053087,290.43872833251953,189.79843139648438,159.53544823003435,291.84722900390625,203.70014190673828,205.91549220535742,301.5285110473633,212.47441291809082,223.99940327800988,332.6089859008789,211.80946826934814,26.9062816703065,289.4532775878906,208.97596836090088,81.93535624570912,293.26629638671875,219.29579257965088,127.8910371577521,303.1158447265625,224.15618419647217,173.6059443765009,337.66693115234375,233.4566831588745,38.34001969208741,302.48754501342773,231.37038230895996,48.54581969155051,303.39366912841797,234.0388298034668,130.81875054576025,310.44015884399414,234.2566680908203,190.24371193113032
525,21.0,414.9874496459961,220.45517921447754,18.87532912093213,385.8265686035156,191.11550331115723,9.883770406557684,357.1324920654297,184.2487335205078,21.414292997699288,336.7757034301758,192.59500980377197,40.55820981646309,326.01226806640625,207.63012886047363,57.22972551764693,341.9947052001953,175.21047592163086,18.86492822436248,312.2187805175781,186.78234100341797,71.14014521382806,309.15470123291016,200.7465648651123,81.86596500509579,309.5391273498535,206.9742250442505,73.4644610918396,334.16927337646484,191.22779846191406,22.8118397369684,292.7315902709961,191.72231197357178,74.82701861547345,295.39623260498047,205.48081398010254,99.26674793610754,305.10643005371094,213.16545009613037,91.10103181844548,332.97672271728516,210.4863166809082,34.33256919577008,290.2006149291992,208.93080711364746,18.71751586027914,294.6984100341797,219.57409858703613,36.47262443421257,304.6980667114258,224.30007934570312,39.71879453858164,337.64305114746094,231.70117378234863,43.891794689493814,303.968505859375,230.30373573303223,45.62743106651415,306.0795021057129,233.50051403045654,68.481213908435,313.80741119384766,234.21180725097656,84.18877924991514
526,21.04,415.30616760253906,218.28050136566162,54.947730173511,386.9791793823242,190.01566886901855,39.82891072716711,358.07262420654297,184.32291984558105,23.576365994122632,338.609619140625,194.06865119934082,58.815738729987075,328.3660125732422,209.7742223739624,79.59762165905528,344.2595672607422,174.3295955657959,60.75334535336595,315.82433700561523,186.088228225708,91.79402941030102,312.7326774597168,200.09100437164307,90.93841817471562,312.82371520996094,206.41496658325195,83.29648640910486,336.02611541748047,190.23659706115723,52.620947481405786,294.21228408813477,191.15487098693848,39.642491828718846,295.67663192749023,205.39484024047852,7.3320897417139435,304.9692153930664,213.66751670837402,13.011983568657293,334.40135955810547,209.36658382415771,45.300329736031514,291.4793014526367,208.20372104644775,36.77374551171509,294.34486389160156,219.53148365020752,8.90262980012011,303.4664535522461,224.9475860595703,34.78627529615356,338.33255767822266,230.06149291992188,44.46889774446024,305.31726837158203,229.60996627807617,37.91830338837897,305.439395904541,233.67266178131104,16.571262717860193,311.43789291381836,234.9129581451416,61.776965042509126
527,21.08,415.6791305541992,216.14916801452637,54.092994099123445,388.01116943359375,189.05224800109863,35.295035368508856,360.43323516845703,183.33470821380615,63.97776148145176,340.9180450439453,192.53966331481934,69.22171851257055,330.37731170654297,207.6056957244873,73.94183538895693,346.92901611328125,173.4114933013916,70.57296288339828,317.7044486999512,185.60863494873047,48.50792264221385,313.64240646362305,199.57138538360596,26.19173000773535,312.9491424560547,205.7125425338745,17.838363490074986,337.7381134033203,188.39295387268066,62.89851602947256,296.40512466430664,192.9120111465454,70.24996144576025,297.4211883544922,207.54469871520996,69.21600514137083,305.78386306762695,214.91372108459473,37.221265603302456,334.6791076660156,206.8914556503296,62.26658156831309,292.23453521728516,206.87446117401123,38.220657435925716,295.0360107421875,218.5649299621582,29.705954800306827,304.0336227416992,223.55496883392334,37.59208382952442,336.9284439086914,227.18267440795898,80.07469755877746,303.87760162353516,227.26218223571777,68.8509724649215,303.06270599365234,232.7752161026001,63.51212324606293,308.7652397155762,234.81050491333008,66.86540483867022
528,21.12,415.11741638183594,214.88415241241455,34.602991968001184,388.9181137084961,187.18687534332275,51.854140807147594,361.45076751708984,181.2374782562256,58.27598977863649,342.20142364501953,190.10381698608398,68.83135173609438,331.7795944213867,204.20185089111328,92.03449238613135,345.46199798583984,172.00937747955322,50.73257683734389,315.72811126708984,184.15788173675537,61.29128471174026,314.69579696655273,198.08814525604248,45.480990724676516,317.46341705322266,202.90486335754395,132.90442406066737,336.99459075927734,187.07053184509277,37.92777627654892,299.05662536621094,193.03905487060547,66.36356342160785,302.99646377563477,206.29220008850098,142.8558032412064,311.9085884094238,210.64231395721436,186.67682528953057,333.94283294677734,205.50397396087646,39.2683547907624,294.54933166503906,207.31304168701172,58.89946657715731,301.19163513183594,218.193097114563,154.1711129171607,311.66372299194336,221.01313591003418,201.05867371513506,335.86071014404297,225.74060440063477,44.85825800643063,303.97119522094727,226.17291927337646,27.33191315345835,307.41682052612305,231.93758010864258,110.84884815663898,316.03431701660156,233.432936668396,184.96144712772806
529,21.16,416.1323547363281,214.9629020690918,25.449722147870464,392.36083984375,187.48459339141846,86.38937752453356,364.48741912841797,180.3986406326294,78.75952945256134,344.5556640625,188.17896366119385,76.0242899738269,333.3485412597656,201.60415649414062,75.86834963327222,346.92832946777344,172.4399757385254,38.20620757432154,316.4014434814453,183.09747219085693,31.403071863288407,316.05274200439453,195.2241039276123,79.23080432618822,320.1240921020508,199.4897747039795,108.23014317636172,338.6092758178711,187.5266933441162,41.947073435142734,302.86794662475586,194.8262071609497,105.23807249731175,307.3015022277832,206.18419647216797,107.65982553748177,316.2781524658203,209.94390964508057,110.62565995893303,334.76062774658203,205.68307399749756,20.929422437463277,298.8473701477051,208.08513164520264,109.17090300881813,305.0665092468262,216.0655117034912,110.51376918858011,314.5979881286621,217.78591632843018,109.04373583696653,335.08251190185547,225.2863311767578,22.527159525715774,305.37803649902344,225.85902214050293,36.03586574273281,308.048152923584,229.69608306884766,58.217746303710804,315.36489486694336,229.8885726928711,90.17566885478206
530,21.2,414.5403289794922,212.500262260437,73.31072925227383,391.32747650146484,184.33536529541016,82.86086756525519,363.9292526245117,176.00322246551514,110.76791816079066,344.77848052978516,184.0735387802124,102.78667420766101,334.74674224853516,198.05615901947021,95.33904002710439,346.8828582763672,167.98381805419922,111.40974187887223,317.5951385498047,178.67548942565918,114.50665780843123,318.21367263793945,190.5830955505371,127.98579012695852,322.9441452026367,194.75964546203613,137.6744850535404,338.5334014892578,183.98135662078857,88.65371324540664,305.19025802612305,192.0479679107666,90.52535410099901,310.1202583312988,202.59743213653564,114.04567169140665,319.066104888916,205.390305519104,133.4821833840475,335.1455307006836,202.73991107940674,74.20561908685295,299.4717788696289,206.63095951080322,39.56405288009477,306.4336967468262,214.76205825805664,47.22414996966265,316.6506004333496,216.35523319244385,62.55033727402177,336.12071990966797,222.74682998657227,68.58818303122544,306.5879440307617,225.04291534423828,36.48549830297622,310.1601028442383,229.14909839630127,54.54083733401267,318.0282211303711,229.87390995025635,66.58416563589333
531,21.24,414.1422653198242,210.71760177612305,45.66407969812512,391.8836975097656,182.0811367034912,58.04593199947353,362.9934310913086,172.6274585723877,87.57690835827383,342.87635803222656,181.07896327972412,88.69030536029284,332.7388000488281,195.85558891296387,74.47457901447677,346.8359375,163.5153579711914,111.71766051269907,317.65804290771484,175.52039623260498,78.89300513631196,319.75696563720703,187.4071455001831,88.27659657268991,325.97740173339844,190.8318328857422,124.06741316694902,338.2841110229492,180.38536548614502,90.11554380705985,305.694580078125,188.53589057922363,88.702550396231,312.8631782531738,199.0817928314209,111.47681771753727,323.7325668334961,201.2807321548462,155.45188225868992,334.71439361572266,199.45794582366943,82.75406004350877,299.7220230102539,203.80661487579346,70.88522742444997,308.9731025695801,212.25003719329834,89.29876735720471,320.7608413696289,213.29885959625244,128.05150358781935,335.70701599121094,219.45508003234863,82.94112630835649,308.04248809814453,220.988187789917,107.6931810275459,314.06869888305664,225.49166679382324,133.8234119125638,323.57982635498047,226.27578735351562,165.39121574143212
532,21.28,413.0528259277344,206.8368101119995,100.77022789919093,391.95133209228516,178.20033073425293,97.03488228347341,363.5383987426758,167.7571964263916,122.51643540704842,341.771240234375,175.38514137268066,145.00192510846253,328.8227844238281,189.12659168243408,194.63841813687768,345.1882553100586,156.91706657409668,170.02261974518345,316.20532989501953,168.0567741394043,190.0921320165692,318.77979278564453,178.98493766784668,211.96764427752268,326.2805938720703,182.65095233917236,204.66242325808892,336.6653823852539,174.8906421661377,143.20498150799267,304.94396209716797,182.3555088043213,155.64492088741818,312.2241401672363,191.94714546203613,179.08022427243958,323.41548919677734,194.02328968048096,181.6091433140615,333.8581848144531,194.80791091918945,118.20511337356972,300.3423309326172,197.77158737182617,151.6705700115143,309.5771598815918,205.17478466033936,177.5247934116129,321.2487030029297,206.34235382080078,174.33979317904448,336.0134506225586,214.46345329284668,125.0255966037557,314.42541122436523,213.91031742095947,238.27237118869073,319.5379066467285,217.0553684234619,251.35055668822613,326.67259216308594,217.7080249786377,227.72207904614805
533,21.32,406.5524673461914,195.99416255950928,316.04753166668,387.7909469604492,166.75622463226318,304.42196138624803,361.09840393066406,153.5119342803955,361.31795925714215,338.62674713134766,158.42079162597656,431.3329624572863,325.34019470214844,170.21843433380127,480.6550513948426,341.8692398071289,143.88346195220947,336.2390456843605,309.04748916625977,151.415433883667,452.8858088728845,313.70208740234375,160.2578830718994,485.0809634736191,324.50199127197266,162.54873275756836,504.51874303395414,334.8302459716797,161.7626953125,331.3897952641665,299.9748992919922,165.49777507781982,439.3708367906647,307.9252243041992,173.00030708312988,485.7104089333137,320.0205993652344,174.3891477584839,498.1370330927002,332.48546600341797,181.39522075653076,337.068811904234,298.9995574951172,182.58135795593262,381.2365655107841,307.8549575805664,186.7258358001709,463.228949070252,318.94649505615234,185.96749305725098,512.6128610878328,334.04212951660156,201.51472091674805,327.44825645685665,308.83893966674805,198.4044313430786,412.03850512140036,315.5008125305176,199.3921709060669,452.96707623295765,324.89898681640625,198.9063835144043,472.1277618898243
534,21.36,404.84859466552734,181.48226737976074,365.28951174027884,385.88085174560547,151.6206407546997,381.39084533170205,359.07310485839844,138.70988845825195,373.49899334951147,336.95804595947266,142.22303867340088,407.08703331849944,323.1135940551758,152.89175033569336,436.7291271567736,341.8229675292969,126.87389373779297,425.2407788275543,307.471981048584,133.7144136428833,444.27493134424674,308.0307960510254,144.66713905334473,414.75508182814735,316.06197357177734,148.60882759094238,407.3963478865942,332.66807556152344,143.54514598846436,458.6352610300932,295.01142501831055,145.1927089691162,522.5728337659759,301.46053314208984,155.48194885253906,466.8277967548394,313.9857482910156,158.837628364563,417.03505768962117,328.7163543701172,162.6346492767334,478.3861180788417,292.7188491821289,163.1546115875244,510.42003008264027,301.4497184753418,169.9321746826172,449.34267389038257,313.20743560791016,170.4609489440918,413.3625177158434,329.52354431152344,183.0097246170044,476.2171906737232,302.66212463378906,178.92549991607666,510.87046639120786,309.49941635131836,181.60640716552734,469.2748048412028,319.7213935852051,181.80403232574463,446.7227103081039
535,21.4,400.4213333129883,169.83953475952148,311.401936761468,383.67584228515625,137.05256938934326,368.3500119000176,356.96598052978516,121.87411308288574,424.17810633183706,332.2388458251953,123.41015338897705,484.8939978440223,316.3787841796875,132.9805326461792,525.4844514458754,340.36739349365234,106.46364212036133,511.5522131587067,301.94433212280273,112.80208110809326,540.7636698990653,304.7332763671875,123.23337078094482,542.1485373148644,314.89599227905273,126.57082557678223,551.7206296844847,330.1029968261719,121.75091743469238,548.6164570835225,290.6491470336914,122.50732898712158,577.5248556028647,298.4368133544922,132.89935111999512,569.6032619858145,312.1363830566406,136.32269382476807,564.7689954205642,324.4773864746094,139.76599216461182,581.4552470584769,287.701416015625,137.93553829193115,642.8337136600912,296.7875289916992,145.03864288330078,633.1587163899767,308.9480781555176,145.78536987304688,626.0123443264929,323.1914520263672,159.6389865875244,605.3339929071786,294.49729919433594,152.6150608062744,688.705116780466,301.64363861083984,155.80920696258545,674.1702224857898,312.7287292480469,156.6483449935913,652.7374853670229
536,21.44,395.4368591308594,153.60506057739258,424.56090172856807,380.6752395629883,117.71267652511597,489.2820458948446,352.7060317993164,98.53346586227417,593.155215702046,326.84837341308594,99.74422931671143,606.8016330626272,309.66156005859375,109.71372127532959,605.4263019041317,340.0606918334961,84.27852630615234,554.6808933962662,297.9719352722168,84.99343872070312,702.2733300540363,299.58885192871094,96.0609483718872,691.3779910346851,310.7857322692871,100.84263324737549,651.3611315386142,329.41497802734375,101.70849323272705,501.3557480466506,286.4325714111328,97.66583204269409,629.9203721606186,293.44703674316406,108.1334638595581,631.5887914753324,308.0193519592285,112.95181274414062,593.2685034734948,322.76939392089844,120.99384784698486,471.2421357734696,285.17419815063477,115.78707933425903,557.3043739380731,294.1070556640625,122.60769367218018,564.7634569955173,307.4724578857422,125.07526874542236,519.0651114606228,319.26660537719727,140.83916187286377,480.12877863747764,293.2646179199219,131.42808437347412,530.5701376163229,301.4825630187988,134.76818561553955,526.0409470000842,312.9606628417969,137.42094039916992,480.7200852818915
537,21.48,389.481201171875,138.64954948425293,402.4434539328452,376.5028762817383,101.71734809875488,413.263798028782,351.56471252441406,81.72904014587402,421.0784764634692,325.863037109375,79.04090881347656,518.1688717801586,307.9072380065918,85.58918237686157,604.706035465703,340.0014114379883,66.70779705047607,439.2707313986227,301.39673233032227,63.360257148742676,547.5649389653574,291.80721282958984,71.1221694946289,653.1158965670617,292.09672927856445,76.97299718856812,757.8911359684012,328.73313903808594,81.77148342132568,498.7166433877975,288.2412338256836,75.26980876922607,561.723418482981,287.0512390136719,82.77168273925781,653.8951417231387,294.21142578125,87.2139573097229,730.19519124148,320.62599182128906,99.56847667694092,538.3079406429234,284.7142791748047,91.73678398132324,601.3673128940069,288.43679428100586,97.53466129302979,642.6550478474568,297.30384826660156,100.40149211883545,667.1749557861425,315.94953536987305,118.58488082885742,562.503321223034,290.7219696044922,107.62775659561157,598.3940292512394,294.44955825805664,110.22166013717651,638.3548528368391,302.2019958496094,112.99039363861084,667.3644667967462
538,21.52,380.7212829589844,125.98032474517822,385.0693302719293,370.38448333740234,88.9967393875122,352.8886316936999,346.5523147583008,68.23194980621338,359.9440746514468,322.4397277832031,64.67053413391113,369.3124652426372,304.55467224121094,69.76809024810791,404.3101017147256,337.0833969116211,51.35083079338074,390.7934408015751,297.57131576538086,46.923723220825195,421.8956176139059,286.8059730529785,56.11425518989563,395.4822144241895,286.7469787597656,61.722965240478516,404.0291643488915,325.11051177978516,65.00247716903687,428.8961113587745,284.41654205322266,54.82925891876221,519.882405780161,280.70953369140625,64.38284397125244,486.2912049573212,287.0542335510254,69.95222568511963,467.1675149907527,316.4240837097168,82.13644981384277,448.28255064040815,280.55139541625977,70.2015495300293,548.3474742689134,281.4479446411133,77.58838176727295,528.3808322416778,289.73974227905273,81.55895233154297,507.60282519072683,310.98623275756836,100.5656361579895,467.25765866510443,285.8877944946289,87.41430044174194,519.5870106856693,287.04822540283203,90.01173734664917,538.064068694951,293.87590408325195,93.03122520446777,540.6548163363443
539,21.56,369.5140838623047,116.46205186843872,367.5925309944872,362.1938705444336,79.72141027450562,309.3520123570103,340.1990509033203,58.84741544723511,283.3212032590451,316.71823501586914,53.50536346435547,313.64442005135487,300.14936447143555,58.657357692718506,298.8050309815681,330.9638214111328,41.23790502548218,295.50853614278543,294.7446060180664,37.97643184661865,234.57982507362146,284.95311737060547,49.36230540275574,175.03910296659524,284.40185546875,56.00586533546448,154.48469700502596,317.6518440246582,52.89332628250122,355.5482209509857,278.2672119140625,38.776949644088745,429.74621450496153,275.63880920410156,49.53136682510376,392.33166792326995,282.2794723510742,57.15149402618408,341.5562504191604,308.0011749267578,68.50400447845459,400.6158994195645,273.5946273803711,53.45673322677612,453.3110787133762,276.69214248657227,62.15214014053345,403.80627293002635,285.8567810058594,67.29586601257324,369.55464716965474,302.08927154541016,86.53487920761108,415.34478103381156,278.6964988708496,70.9223985671997,449.7899233170672,282.4016571044922,74.72156524658203,399.5152999266802,290.6413459777832,78.9922285079956,360.16992029909477
540,21.6,360.2732849121094,107.76703834533691,317.2101289020163,352.04837799072266,71.99950933456421,318.7463463356012,332.2524642944336,52.606966495513916,252.60077426095688,310.7429504394531,48.24529409408569,199.01688927890862,295.16796112060547,54.154179096221924,167.87829820960712,322.0680236816406,35.430471897125244,265.590729300243,290.0448989868164,33.7114155292511,158.6616099734593,281.1435127258301,44.77619647979736,149.05008093492572,280.2602195739746,50.193564891815186,178.42362569902582,308.3906936645508,46.68669819831848,278.71483877778616,271.6179084777832,34.094696044921875,203.31123762999854,270.5364990234375,46.148550510406494,153.04618461164372,277.40182876586914,53.074471950531006,158.92906426621352,298.958683013916,62.1533989906311,276.24360858645116,267.51115798950195,49.03158187866211,188.06675058898142,270.08811950683594,57.91665315628052,196.13845478172664,278.2403564453125,62.180256843566895,229.37330415793195,293.87739181518555,79.8571515083313,264.60703874968334,273.28868865966797,66.12344026565552,180.75261419292167,274.5803451538086,68.4360408782959,250.8494782910471,279.69350814819336,70.52375078201294,346.02227903205795
541,21.64,350.7930374145508,102.92896270751953,266.0851232362118,343.13175201416016,68.45186233520508,239.91146549035932,324.39430236816406,49.86274480819702,208.0887153484849,304.19933319091797,45.28308391571045,179.57174025336766,289.1535758972168,51.46820425987244,164.67257368187228,313.3978843688965,32.92145133018494,225.64698633557146,282.24939346313477,31.94262385368347,199.84139079734632,274.1843795776367,43.33648681640625,177.66242232311214,274.2224311828613,49.59280014038086,151.6900766003421,300.3500175476074,42.903757095336914,222.15298192660327,265.76040267944336,33.720338344573975,146.7364087943809,264.71200942993164,46.015169620513916,145.6504151355365,271.6681098937988,53.09117317199707,143.34357989358494,291.3812255859375,57.579524517059326,221.27215817407176,260.60333251953125,47.41853713989258,177.3414186901357,263.43387603759766,57.450528144836426,166.76373383134384,272.2904396057129,62.38685846328735,148.83756797979072,286.00364685058594,74.67118263244629,235.70390979628147,264.975643157959,64.25254583358765,213.02431124379112,267.4341011047363,68.5960865020752,178.70089991832666,274.27555084228516,71.75791025161743,138.91861593451605
542,21.68,342.6272964477539,99.51282978057861,221.28783534030214,335.27416229248047,66.26476049423218,203.9073482875147,315.8597946166992,48.54276895523071,215.89951194396497,296.2398910522461,44.811744689941406,199.33464297603615,282.12646484375,52.20486760139465,176.64045869452218,305.44416427612305,31.079167127609253,204.10731613119574,277.33299255371094,32.526758909225464,123.77452197770876,271.0602569580078,43.485950231552124,78.19239674891689,271.4831352233887,49.1233491897583,69.48078218392318,292.07942962646484,40.738070011138916,213.7358549530406,260.9654235839844,35.880775451660156,131.48030513056787,260.76683044433594,47.78072476387024,108.0556054556458,267.4391555786133,54.159332513809204,109.0441968292759,282.9439353942871,55.01725673675537,220.44427010599478,254.7719955444336,48.552002906799316,148.5118588739014,258.0090522766113,58.639057874679565,138.8373953508268,266.51891708374023,63.500239849090576,146.94831219660776,277.6169776916504,71.51977300643921,223.9804709850989,259.1239929199219,64.68154907226562,146.68387412884712,262.17227935791016,69.89779472351074,135.51109822890365,269.01268005371094,73.59442949295044,139.35254720719627
543,21.72,335.32005310058594,97.60296106338501,188.81770946412388,327.6385498046875,65.70903539657593,191.3952201073491,307.85871505737305,47.94137477874756,200.5912340279588,287.95623779296875,44.62371468544006,207.14467559312402,274.0235900878906,51.68212652206421,202.99297639506318,296.7308235168457,30.622687339782715,218.13224340978633,268.731689453125,33.901026248931885,217.75993913759285,264.664306640625,44.89595890045166,163.73817688004442,266.60512924194336,50.17824411392212,124.76915097501775,284.1688346862793,41.06072187423706,197.92930640201106,254.10648345947266,38.688762187957764,185.28668520508313,255.29247283935547,50.18402695655823,149.4666614511962,262.59180068969727,56.04594111442566,130.03879572799124,275.77674865722656,55.61926603317261,179.81063114577893,248.39204788208008,50.82348346710205,169.30622424730012,252.8101921081543,60.8354115486145,141.09419839281256,261.67253494262695,65.73868989944458,133.4589789168183,271.21923446655273,72.17544794082642,160.78134996375246,252.6009750366211,65.68068265914917,164.97732842405307,257.1525001525879,71.5444564819336,132.07402805064967,265.1183891296387,75.86144685745239,112.65231226062618
544,21.76,327.57843017578125,95.9274673461914,198.02147091006432,320.1241683959961,65.50547361373901,187.9284527332124,301.1190414428711,48.38065981864929,168.84936292501834,281.4965057373047,45.52347421646118,163.05234099177554,267.81078338623047,52.39619493484497,156.34269412560622,289.792423248291,30.780562162399292,173.50490401263875,261.4535713195801,34.00759935379028,181.97245909840757,257.0289611816406,45.11623978614807,190.96305916759874,259.0047836303711,50.97819685935974,191.05820090073172,277.8857421875,40.8895468711853,157.13559476986435,247.70124435424805,39.71016883850098,162.15416958266994,248.35041046142578,51.49320602416992,176.61076533251628,255.21535873413086,57.25531339645386,186.87308065967267,269.89356994628906,55.25645971298218,147.35887352565155,241.52528762817383,52.093749046325684,174.5815909295475,245.50060272216797,62.542784214019775,187.65863024768055,254.2793083190918,67.34806537628174,189.1591415521496,265.2577018737793,72.09460258483887,149.05201865935248,244.7435760498047,67.64216423034668,202.46315836494014,248.75587463378906,73.70525121688843,216.7549797431887,256.82430267333984,77.53302812576294,211.52135542470404
545,21.8,321.94190979003906,95.44909000396729,141.4196037958508,314.44711685180664,64.89721298217773,142.73860556820986,294.8150062561035,48.00464630126953,157.8809793033506,275.1700782775879,45.810019969940186,158.3228364606153,261.5746307373047,52.7379584312439,156.13776398619677,283.7198066711426,31.29746675491333,152.36441195949456,255.35335540771484,34.563210010528564,153.13665746085857,251.32856369018555,45.2830696105957,142.5709554724256,253.70691299438477,50.70192217826843,132.62673414289983,272.0701217651367,41.779704093933105,147.08377880101818,242.75213241577148,41.504037380218506,131.60469531074634,243.50114822387695,52.67278790473938,124.76667639409183,250.55248260498047,57.78136610984802,117.31140517088986,264.24869537353516,56.21065378189087,143.12384336489876,236.7091178894043,53.9569365978241,129.1001520252252,240.5268669128418,63.9018988609314,128.90219287414968,249.18004989624023,67.8988265991211,128.22288794226176,259.82322692871094,72.92925596237183,137.45491121910422,240.30229568481445,69.22966003417969,117.91181611599406,244.2083740234375,74.7768759727478,116.80149137136075,252.10689544677734,77.76282548904419,118.07502320927972
546,21.84,319.43359375,93.58267307281494,78.16313676219667,313.1909370422363,63.321053981781006,50.387652930205284,293.568115234375,46.31847381591797,52.42801535453068,273.1494903564453,44.73946809768677,57.16673452636476,259.4003486633301,52.39778280258179,55.01830374715644,281.3945198059082,30.42612075805664,62.079600372574504,252.4746322631836,33.29566240310669,78.63572613617174,251.90607070922852,43.49842071533203,46.894069697095894,257.44754791259766,48.26670169830322,111.58698506489104,269.70712661743164,41.76777362823486,59.075631630613564,240.477294921875,42.14200258255005,59.06503419443248,244.59232330322266,52.23516225814819,29.391530033534487,253.8718032836914,56.14927053451538,92.47170423681784,261.9938850402832,56.67505860328674,57.55346143519257,234.6309471130371,54.504185914993286,53.7254338680058,241.0696029663086,63.410539627075195,18.30294239371888,250.74209213256836,66.52204513549805,52.054677663545455,258.08828353881836,73.64828109741211,46.95094322103423,239.23851013183594,69.2426061630249,26.596608159898455,245.52248001098633,74.30388450622559,34.91593004914195,254.45451736450195,77.03450202941895,61.45010033770011
547,21.88,316.7192268371582,93.5020637512207,67.88908969901843,311.7837905883789,63.18058490753174,35.35350675166436,292.677059173584,45.42015194892883,31.632292441657313,272.23575592041016,44.45825815200806,23.9007015214134,258.4649658203125,52.58929967880249,23.869695443294088,281.46934509277344,29.862781763076782,14.207164715808482,253.32386016845703,32.15142846107483,35.62354689310921,253.80477905273438,42.09463834762573,59.03229153174275,260.37113189697266,46.784069538116455,81.9509816754583,269.4520568847656,41.737046241760254,6.422846954518723,241.83406829833984,41.701762676239014,35.66024721409473,246.54666900634766,51.2127685546875,55.140479755117425,256.0326385498047,55.16408443450928,59.370661414772506,261.3417625427246,56.700979471206665,16.315936289709597,235.71664810180664,53.89607906341553,31.11009261428428,242.72136688232422,62.09216594696045,52.83484405834001,252.3195457458496,65.43339729309082,47.91603350414127,257.03882217407227,73.55094909667969,26.349130375371377,239.94895935058594,68.31210851669312,29.26777197545409,246.66742324829102,73.03107261657715,42.800008200058826,255.30534744262695,76.14778518676758,30.722330853181973
548,21.92,316.4244079589844,92.91573286056519,16.406974208102916,312.0668029785156,63.232433795928955,7.193066114274798,292.9004669189453,44.89433169364929,14.282812256994282,272.1132278442383,43.54088544845581,23.137980231012197,258.1366539001465,51.32547855377197,32.64422377117906,283.05646896362305,29.333016872406006,41.83011042305581,254.7795295715332,31.075680255889893,45.25074317076703,255.22653579711914,40.77906131744385,48.42607228127321,261.70528411865234,45.49417734146118,46.393588118436504,270.72059631347656,40.66880464553833,41.460315288335025,242.96833038330078,40.11930227279663,48.674501832600725,247.7068328857422,49.751962423324585,46.63645824673583,257.45704650878906,53.96607041358948,46.53074002701372,262.03840255737305,55.38750886917114,37.16947951966886,236.66900634765625,52.36836075782776,45.006315179550825,243.81765365600586,60.83512544631958,41.69828766269026,253.61387252807617,64.329514503479,42.528218811088635,257.2028350830078,72.31563091278076,31.15396493394581,241.2931251525879,67.67930030822754,37.1418558702053,248.4298324584961,72.82529354095459,44.359548381519296,257.1009063720703,75.87579488754272,45.40106408428254
549,21.96,316.8497085571289,92.34941482543945,17.70587324326956,311.8837547302246,62.96844005584717,8.031164143695928,293.2061004638672,44.95405197143555,7.785337796154835,272.79842376708984,43.535120487213135,17.13050436119975,258.66512298583984,51.067049503326416,14.706825554988221,283.9667320251465,29.198209047317505,23.00478198765304,255.7076644897461,30.370134115219116,29.146502609891684,255.83967208862305,40.41955590248108,17.769008402038004,262.09821701049805,45.259283781051636,11.444737934311231,271.6044807434082,40.36291837692261,23.382927730547763,243.79905700683594,39.18282508850098,31.295928646515247,248.14695358276367,49.18549060821533,17.93384623518908,257.6445960998535,53.70483756065369,8.039646002834026,262.9419708251953,54.98634338378906,24.715498190370973,237.45826721191406,51.885552406311035,23.130561711500942,244.29676055908203,60.55901527404785,13.824350161200252,253.88580322265625,64.15695905685425,8.0514627869208,258.1869697570801,71.8013334274292,27.760391749647837,241.88312530517578,67.23343849182129,18.488052550613848,248.81586074829102,72.37622737884521,14.804523347478035,257.4237251281738,75.310800075531,16.267895663168503
550,22.0,316.7437744140625,93.41497421264648,26.77030596496141,312.27209091186523,63.74015808105469,21.597941169261574,293.7921905517578,45.45959830284119,19.350043351394287,273.42443466186523,43.711302280426025,16.258260681827156,259.5057487487793,50.50408601760864,25.293027195862738,284.0436553955078,29.765442609786987,14.310641130369698,255.59381484985352,30.559755563735962,5.529355423628536,255.74907302856445,40.952478647232056,13.514224949021662,262.1028518676758,45.95383286476135,17.364113704402413,271.6903877258301,40.712435245513916,8.997987659009736,243.9877700805664,39.25633907318115,5.063159225002116,248.10068130493164,49.65548515319824,11.806671737026948,257.4398994445801,54.088157415390015,10.86378248226683,263.20173263549805,55.08101463317871,6.911893895342233,237.2764015197754,51.66977405548096,7.054937396250695,243.72825622558594,61.117050647735596,19.91545655217729,253.2557487487793,64.75536346435547,21.723496423361087,258.6453628540039,71.58732891082764,12.647187543908887,240.95088958740234,67.48477935791016,24.138087958386148,247.53728866577148,73.19325685501099,37.93319567939509,256.25858306884766,76.2062931060791,36.73778526744506
551,22.04,318.0417060852051,94.38763618469238,40.54856605679156,313.3768081665039,65.38025379180908,49.43628571916689,294.8370170593262,47.12806820869446,49.21543366703884,275.1982116699219,44.57310676574707,49.30131745976622,260.937557220459,51.28277063369751,40.74635897006005,285.86597442626953,30.289814472198486,47.40656929665204,258.1573677062988,32.02519655227661,73.82123906219299,257.8716850280762,42.51052379608154,65.82641180751727,263.8183784484863,47.64465093612671,60.21781920621165,272.88244247436523,40.99336624145508,30.61777208568689,245.41746139526367,39.514689445495605,36.3211557686754,249.33277130126953,49.8485541343689,31.17813126381793,258.81370544433594,54.6873414516449,37.46969137072563,263.7531280517578,55.47163724899292,16.893470133786444,237.95024871826172,51.51963472366333,17.259270441318563,244.57721710205078,60.84665536880493,22.274539510334822,254.35359954833984,64.77269411087036,27.449689540643675,258.61522674560547,72.27686405181885,17.25483438943945,241.3637924194336,67.57097482681274,10.545093869863239,248.11500549316406,73.21407794952393,14.45229762505911,256.971492767334,76.44614696502686,18.804422881465886
552,22.08,319.5772171020508,96.12783908843994,58.01993315375523,314.4137954711914,66.97831392288208,47.62574705849829,295.93894958496094,48.66793870925903,47.338253886001176,275.9059715270996,46.046812534332275,40.871236124822225,261.5734100341797,52.51848220825195,34.742732119505554,287.03664779663086,31.134202480316162,36.08555154357218,258.26160430908203,32.886106967926025,21.679944838684296,258.664493560791,43.62091898918152,34.109409024536355,265.4644584655762,48.8789963722229,51.43678206226794,274.27881240844727,41.38863801956177,36.280924493594775,246.75994873046875,41.14979267120361,52.89042212387539,250.81968307495117,51.7203426361084,59.76254480210249,260.25569915771484,55.97864627838135,48.391722077342045,265.142879486084,55.403873920440674,34.78506250810227,239.6409034729004,52.9272186756134,54.99776177928592,246.15440368652344,62.666144371032715,60.19789111478687,255.6662368774414,66.20140314102173,48.50403495191756,259.75378036499023,71.87983989715576,30.14478109474432,242.11650848388672,68.21466207504272,24.76028507534401,248.95767211914062,74.47898626327515,37.99736902678001,257.8974151611328,77.64538049697876,37.877213990537825
553,22.12,319.8486518859863,97.58039474487305,36.94247874200805,315.33090591430664,68.04742097854614,35.2143566367265,297.58371353149414,49.55043911933899,46.66406147673207,277.7077293395996,46.84794902801514,49.29598675611975,263.2853889465332,52.95308232307434,44.15702843366755,288.74473571777344,32.40794777870178,53.268139114252946,260.82483291625977,33.45950961112976,65.66454277180026,261.00563049316406,44.27714824676514,60.78424433308061,267.57762908935547,49.8947274684906,58.61526968892665,275.64022064208984,41.910974979400635,36.45432311677446,248.1966209411621,41.16523504257202,35.91888002683986,252.0949363708496,51.91749930381775,32.260092609930645,261.5742492675781,56.483051776885986,35.29340677752525,266.17286682128906,55.43402910232544,25.760716770857734,240.20339965820312,52.97997236251831,14.124113024412122,246.6827392578125,63.06494951248169,16.548867346730198,256.2914848327637,66.68782711029053,19.804407393208702,260.48816680908203,71.74021482467651,18.688542782454796,242.4767303466797,68.96804809570312,20.876875463065435,249.4786262512207,75.38347005844116,26.09458927930782,258.5407066345215,78.31891536712646,23.28455954381914
554,22.16,319.8997116088867,98.38248252868652,20.092783347595834,315.2948760986328,69.07419204711914,25.68507561401205,297.1855354309082,50.85432171821594,34.08313027951239,277.19085693359375,48.4321403503418,41.65947693671706,262.7322196960449,54.51565861701965,41.44002363420564,288.80422592163086,33.63547325134277,30.724154487323634,259.9538993835449,34.48691725730896,33.67205527060459,259.37171936035156,45.42178988456726,49.874029244430886,265.6053924560547,51.259610652923584,59.96156813368836,276.06998443603516,42.98383712768555,28.893447654796944,247.41470336914062,41.96188688278198,27.906643966378,250.7291030883789,53.1170654296875,45.44543050350923,260.0769233703613,57.70529866218567,48.32101180581837,266.7095184326172,56.3986337184906,27.595935133958253,239.44210052490234,53.495049476623535,22.979349477295468,245.12662887573242,64.10423755645752,46.781400948777936,254.74607467651367,67.83220052719116,48.07470143140181,260.8738327026367,72.645742893219,24.60588426029446,241.80856704711914,69.7620964050293,25.944109548500947,247.94530868530273,76.27196073532104,44.30348773555444,256.95032119750977,79.21388626098633,45.62276528167762
555,22.2,320.0502014160156,102.10604667663574,93.16509923900716,315.2058982849121,72.80472993850708,93.28997136085853,296.68588638305664,54.18257474899292,84.13871510746075,277.1088409423828,51.635109186172485,80.10046810926306,262.93291091918945,57.7621865272522,81.3181269727349,287.6845169067383,35.628418922424316,57.148822854862736,258.2468795776367,37.59714603424072,88.69695479065687,258.93321990966797,48.53940010070801,78.7074298749607,266.412353515625,54.034459590911865,72.24512431782824,275.4174041748047,45.00242471694946,53.03628977453748,247.0638084411621,45.69870471954346,93.83141396815006,251.14007949829102,56.61101818084717,87.95100708931813,261.0446548461914,60.508575439453125,74.14034368715556,266.3590621948242,58.35719347000122,49.741681935559235,239.59007263183594,57.123849391937256,90.79539005991451,246.02558135986328,67.78432846069336,94.70739356091875,255.9944725036621,70.67050695419312,77.51806446076591,260.6499481201172,74.54501867294312,47.81064730878869,242.20684051513672,73.1786584854126,85.99243500317273,249.1170883178711,80.36497592926025,106.43613368212665,258.2271957397461,83.29783916473389,106.9727766672418
556,22.24,318.9872360229492,105.12374639511108,79.98596368169456,314.94873046875,75.95808506011963,79.09560594886767,295.8848571777344,56.91753387451172,71.2462683498133,275.66070556640625,54.196404218673706,73.55834551000233,261.1431884765625,60.45203447341919,80.77123712661184,286.6935157775879,38.74716639518738,81.81025698546046,258.32265853881836,40.2504301071167,66.35914981341637,259.3463325500488,50.552401542663574,51.37385557702012,266.7033386230469,55.7476544380188,43.44327419819343,274.2170715332031,48.1889533996582,85.12771102958955,246.6096305847168,48.17520260810852,62.94501229919093,251.17969512939453,58.600666522979736,49.75106734771255,261.0363578796387,62.5771164894104,51.71394223884602,264.9552917480469,61.63532495498657,89.15126716744457,239.36609268188477,59.71356511116028,64.98458723214175,245.96851348876953,69.47532176971436,42.29890005266797,255.69412231445312,72.42942810058594,44.60951296658674,258.85149002075195,77.80917406082153,93.1704148703738,241.88901901245117,75.4830551147461,58.155257355058176,248.64505767822266,81.93892478942871,41.080165067770984,257.3394775390625,84.90780115127563,45.962084931049205
557,22.28,318.65684509277344,106.07937812805176,25.27832786876949,313.6129379272461,76.68195247650146,37.982938196287385,294.2200469970703,57.622246742248535,45.19550007741753,274.2942428588867,55.16692399978638,41.90114091952476,260.03238677978516,61.42364501953125,36.89433783522549,283.5586738586426,39.84005928039551,82.99717131970252,256.17870330810547,40.83657145500183,55.565871444404635,257.32967376708984,50.81447124481201,50.8403947151634,264.2211723327637,55.8259391784668,62.085012247347635,271.3263702392578,49.89100098609924,83.86417574464853,244.81273651123047,49.31787729263306,53.23611172164728,249.46073532104492,59.657649993896484,50.448221478267584,259.00257110595703,63.81598949432373,59.53515223748782,262.66942977905273,64.0682601928711,83.45784419781185,238.0385971069336,60.88794708251953,44.3101111215642,244.70706939697266,70.41141986846924,39.270861074257,254.28491592407227,73.74230861663818,48.1502719366663,257.4984550476074,80.86740016937256,83.60416619992455,241.20901107788086,76.92219257354736,39.79264549200296,247.7480125427246,82.91322469711304,33.10919703453252,256.2668800354004,86.13641738891602,40.773484523153904
558,22.32,317.6641654968262,104.76091861724854,41.25945544536958,312.349853515625,74.54671382904053,62.02129832006813,294.10303115844727,55.98899245262146,40.93601929439629,274.1889190673828,52.510271072387695,66.4684976027777,259.8381805419922,58.22110891342163,80.21047926289565,282.90672302246094,39.7060489654541,16.639536075801427,254.0062141418457,36.987959146499634,110.48621486035788,250.7350730895996,47.08502769470215,189.4028565139177,254.2510223388672,53.19714546203613,257.77224358959234,271.23083114624023,50.08351922035217,5.373022241630365,242.3175048828125,47.54652142524719,76.50115394709627,244.61944580078125,58.41786503791809,124.93786194566181,252.78034210205078,63.03831338882446,156.76597586473576,262.8955078125,64.39828634262085,10.000891732929096,235.11632919311523,58.960973024368286,87.51028075646377,239.84458923339844,68.9893627166748,126.65395740985173,248.6634635925293,73.44839572906494,140.7282645324215,258.09295654296875,81.37447357177734,19.534512142187292,237.23941802978516,75.06229162216187,109.59271336536938,242.23125457763672,80.96225023269653,146.28935326555285,251.09954833984375,84.86546516418457,133.03344600478783
559,22.36,318.8565254211426,103.18872928619385,49.329893838561595,312.76832580566406,72.37795114517212,55.219169205939245,294.3557357788086,54.07196402549744,48.34031453891235,274.64237213134766,49.169450998306274,84.28633655805554,259.50265884399414,53.70393991470337,113.2403157360731,283.1665802001953,38.062294721603394,41.60418974542473,253.84096145629883,32.99148917198181,99.99712716905589,244.75650787353516,41.47988319396973,204.87936529337625,243.44282150268555,48.26592564582825,296.9997203186802,272.2090148925781,49.13782596588135,34.0145113623514,241.67964935302734,42.89170503616333,117.45790547298537,237.77990341186523,53.09341907501221,216.6925600096883,241.61958694458008,59.475624561309814,292.88991891868113,264.22698974609375,64.34230327606201,33.316458425490346,235.04985809326172,56.31629705429077,66.13777945424413,233.62560272216797,64.55848932266235,190.89989565973107,238.71559143066406,69.99489068984985,263.25707208532083,259.8931312561035,82.12575674057007,48.76637800217144,237.62413024902344,72.56024837493896,63.28617494467571,235.83505630493164,74.66475248336792,224.40174666008392,239.56321716308594,76.79027080535889,352.0437658806115
560,22.4,322.2283935546875,102.81572341918945,84.81092237602498,315.79524993896484,71.09152793884277,82.2236066108046,295.5410385131836,52.05512881278992,58.48379501694164,274.0741539001465,47.413973808288574,46.12870664606415,258.28330993652344,52.709784507751465,39.33157709876461,286.58891677856445,35.28984546661377,110.11034955652418,254.50990676879883,30.60389757156372,61.988312817330446,244.55577850341797,39.15251612663269,58.400180576308145,243.27125549316406,46.05320692062378,55.484001368038584,275.07543563842773,47.12043285369873,87.62934319235943,241.5639305114746,39.86855506896973,75.63409686788506,236.34578704833984,48.844406604766846,112.11265739322175,239.1714096069336,55.03477692604065,126.77415942395744,266.2606430053711,63.039114475250244,60.38442798815444,234.45781707763672,54.6896231174469,43.27658619991172,234.40765380859375,61.73542499542236,73.2346233754684,240.23443222045898,66.27909421920776,100.3556823129023,261.15428924560547,81.89500093460083,32.052376242576784,238.0899429321289,72.3494553565979,12.782193481638144,238.96018981933594,74.18285608291626,79.05173789843751,244.6036148071289,76.01280927658081,127.50013440876214
561,22.44,326.5805435180664,105.50714492797852,127.92810246802549,318.73409271240234,72.20574617385864,78.57432437757457,297.4840545654297,52.491281032562256,49.78415999403282,275.8776092529297,48.031368255615234,47.65518802470632,259.92053985595703,53.525129556655884,45.72546717818666,288.96480560302734,35.43453812599182,59.507266740529,255.5763053894043,34.50430870056152,101.08910980305681,242.90531158447266,42.78166651725769,99.67062508679031,239.0799331665039,49.09807205200195,129.51444541595188,277.9912567138672,48.3409059047699,79.02360016305198,242.5147247314453,42.24329710006714,63.95022167177354,231.9257354736328,49.54946279525757,111.89828013317329,230.09510040283203,55.67621111869812,227.47366137639,269.5747184753418,65.28073310852051,100.02484165722902,237.00275421142578,58.42554330825806,113.009415224598,232.83754348754883,63.91998052597046,67.25664133702736,235.85124969482422,67.89803266525269,116.81516047027112,264.6476173400879,84.81451034545898,113.8169483638902,240.85147857666016,75.75602531433105,109.63233439816777,239.23480987548828,76.63578987121582,61.70646413171978,243.0434799194336,77.92679071426392,61.73201059620301
562,22.48,334.2002868652344,110.81877708435059,232.20939478372253,323.4334945678711,77.10368871688843,169.6949817945499,299.2778968811035,56.39057993888855,107.30331487883853,275.1327896118164,55.48844933509827,187.35463452329506,258.2191276550293,64.21621799468994,270.64064673858957,290.2705383300781,40.59825897216797,133.15627785549012,253.7166976928711,43.898048400878906,239.40092724121348,245.22680282592773,55.65030097961426,326.90888878812984,245.73200225830078,61.954965591430664,361.89581951012076,278.86091232299805,54.2438006401062,149.16531754850433,240.51668167114258,51.48405075073242,236.35738842786847,237.0861053466797,63.35949897766113,368.56691775879165,243.21701049804688,70.37190914154053,492.5368418488328,270.7550239562988,71.83743953704834,166.5523945682623,235.2007293701172,67.25171327590942,225.20625244784532,236.87414169311523,76.8827748298645,339.4187690359891,245.8435821533203,81.14634990692139,414.85284868327915,266.03038787841797,91.36004447937012,167.24994667388802,240.68721771240234,85.19991874694824,236.13304618127464,244.7564697265625,89.95662689208984,360.49742236218975,253.61961364746094,92.3265266418457,446.6591257723887
563,22.52,343.17554473876953,118.1369161605835,289.51512637030504,329.9131393432617,84.6877670288086,249.37927973343244,304.3795967102051,65.9602403640747,271.11545257467003,281.09161376953125,66.23260259628296,307.1485945784138,264.89253997802734,75.1807951927185,320.8936595317346,291.2883758544922,48.04030179977417,187.783110718906,255.08604049682617,55.51516056060791,292.43844934283504,256.0240364074707,66.85611248016357,389.02961359021447,263.3645439147949,70.40410995483398,488.80886201921453,280.5868911743164,63.2374906539917,228.94522142461005,242.93519973754883,64.79759216308594,338.28576545576215,247.69586563110352,76.19327545166016,416.2877849798652,259.1636085510254,79.94751691818237,465.01764331806675,273.63136291503906,82.08229064941406,266.0243176385714,238.1399917602539,79.97986078262329,326.5779026039754,244.89896774291992,89.59713935852051,375.8763913319527,256.5541648864746,92.2994613647461,386.57832136127644,270.267391204834,102.57496118545532,299.71502497423427,244.78984832763672,97.05079078674316,313.52307138854576,251.38532638549805,101.85085773468018,340.41745322980034,261.4414405822754,103.64260911941528,343.9065091319752
564,22.56,348.9436721801758,127.52680778503418,275.50108767847104,336.3924026489258,93.44746112823486,272.38884625160426,310.18848419189453,75.43252229690552,277.7895997760281,287.3456382751465,75.99349021911621,289.8143260158295,271.4377784729004,85.24671077728271,300.16953908410306,292.65270233154297,56.49172782897949,214.02101045094705,260.9224319458008,66.64069175720215,314.0868804487617,262.25719451904297,78.12151193618774,321.87098050660063,268.8364791870117,82.12702989578247,323.4278586149641,281.680850982666,72.15751647949219,224.6714389807369,248.22616577148438,76.22250080108643,314.76465311296255,253.23108673095703,87.75487661361694,320.45796726367263,264.18649673461914,92.11891651153564,329.17735888686013,275.03162384033203,91.327064037323,233.7554353013684,242.8781509399414,90.74156284332275,293.9646913909475,249.64170455932617,100.90978145599365,306.6649471891278,260.943546295166,104.30834770202637,319.6482639291611,272.47777938842773,111.99296236038208,241.84778535926876,247.51893997192383,108.1872010231018,286.6482754999924,253.73334884643555,113.1679916381836,288.953639519921,263.5725212097168,115.1057767868042,291.489405479992
565,22.6,351.9810485839844,136.2287950515747,230.42113320701336,340.29300689697266,101.72952175140381,228.86573802358296,313.7822723388672,84.08683061599731,234.27063106483098,290.72265625,85.69932460784912,256.9137398816893,275.41357040405273,95.99322080612183,286.4594204243374,294.97798919677734,64.73522901535034,214.12944510174376,263.05233001708984,75.88764667510986,237.22700237312065,261.5251159667969,87.71151065826416,240.447518307122,265.58311462402344,91.70585632324219,252.90598142776867,283.73876571655273,80.12542247772217,205.7342628376733,249.3102264404297,85.04329919815063,222.17908302707735,253.30034255981445,96.70818328857422,223.83936314026803,263.62998962402344,100.9541130065918,221.31764117213422,277.3454475402832,99.39593553543091,209.85183369379024,243.9755630493164,100.2802848815918,240.0410530788984,249.92271423339844,110.07184267044067,229.1592406687387,260.4957962036133,112.61765956878662,208.03416763173823,275.24877548217773,120.51976203918457,224.14383232927136,248.86098861694336,117.16356039047241,226.9032311054935,253.76684188842773,120.83282947540283,191.62277535357322,262.32580184936523,121.39936923980713,160.3971927902162
566,22.64,351.1143112182617,142.5405979156494,159.27587909049805,341.1202621459961,108.4075927734375,168.2278659704653,315.7521438598633,91.61239385604858,194.47765920736632,292.6052665710449,91.42045497894287,150.5729772069763,277.2526550292969,100.5410885810852,122.64107579987153,296.83399200439453,70.39778709411621,148.9742226386823,264.57311630249023,78.81893634796143,82.55774521519822,262.5659370422363,90.72934627532959,79.80695584779728,266.53478622436523,95.2945876121521,92.81928375510836,285.2069664001465,84.7459602355957,121.20484318716431,250.27868270874023,88.80735397338867,97.16614602905125,253.5672378540039,100.86125135421753,104.04087975384586,263.78604888916016,105.15375137329102,105.06342401523203,278.47646713256836,103.36409568786621,103.15492085180742,244.73699569702148,103.96569013595581,94.08105403681526,249.46962356567383,114.52800750732422,111.97850297784973,259.36567306518555,117.85197973251343,133.8732746957145,276.27952575683594,124.05235290527344,91.99743323825146,251.73160552978516,121.68820381164551,133.96090742511961,255.22541046142578,126.04811668395996,135.38519802280172,262.46826171875,127.18216896057129,144.61385528549636
567,22.68,349.1655731201172,145.8386993408203,95.77008009379246,339.0208435058594,111.57882928848267,95.07989949546814,315.0950050354004,93.67057085037231,54.013447252628296,292.81665802001953,92.29434728622437,22.477406843113574,277.58256912231445,101.21377944946289,18.730928853942615,296.6358757019043,74.64381694793701,106.26623284482793,264.5775604248047,79.5693826675415,18.761486961233086,262.88259506225586,90.3324294090271,12.693878948091447,267.01122283935547,94.78868007659912,17.37336831605779,284.90869522094727,88.93164396286011,104.90744123102913,250.34183502197266,90.54167032241821,43.38664406515099,253.47068786621094,101.90676212310791,26.24898412330201,263.49905014038086,106.57226085662842,36.18129209376569,278.0114555358887,107.15765476226807,95.54882991180234,245.12508392333984,106.16629600524902,55.86411338783752,250.09376525878906,115.97779512405396,39.460716119861225,259.93030548095703,119.41291809082031,41.498029496695196,275.71306228637695,127.28223323822021,81.97944799049036,251.6094970703125,123.63048076629639,48.65278925998666,255.85546493530273,127.93466091156006,49.724351194507896,264.06925201416016,129.618501663208,72.88212642657422
568,22.72,346.19140625,147.26647853851318,82.47811076532355,335.76576232910156,113.46573114395142,94.06099111565337,313.37663650512695,94.83195304870605,51.85074141490532,291.9034004211426,93.09150695800781,30.30576455297316,276.62670135498047,101.61660432815552,25.93201534206542,296.5231132507324,76.4591646194458,45.47116214458533,264.97676849365234,80.27978897094727,20.37222677678661,264.5121383666992,90.47301292419434,40.889906347662375,270.0934028625488,94.86250162124634,77.07659873393122,284.46863174438477,91.07468605041504,54.69395106200087,250.3009033203125,90.71790933609009,4.523245111423834,255.3583526611328,101.12380027770996,51.09004079402612,266.51622772216797,105.48506498336792,80.1769738877432,277.43289947509766,109.27702903747559,54.92309642746742,245.5076026916504,106.31495475769043,10.25975245763918,253.2077980041504,114.78384733200073,83.37682257877252,264.1933822631836,117.66831636428833,115.15603228711457,275.02899169921875,129.35491561889648,54.566271744668526,252.75480270385742,123.43557357788086,29.044295979651718,259.9325942993164,127.1079969406128,104.0022751306577,269.36737060546875,128.82379531860352,133.93472939673916
569,22.76,344.03507232666016,149.19528007507324,72.3276025991402,333.9330291748047,114.83726263046265,57.22766722350453,312.0984649658203,95.89492321014404,41.56040820300772,290.8999252319336,94.3055534362793,39.37695476704459,275.66600799560547,102.42006540298462,31.309757160436007,298.443603515625,77.34885692596436,52.91405329532901,267.0308303833008,79.72164630889893,53.213564281725425,267.7854919433594,90.20480632781982,82.10807822685841,274.52478408813477,94.77060556411743,110.8083493351002,285.8595275878906,91.66851282119751,37.8089066985199,253.06245803833008,89.20254707336426,78.7500287614975,258.4309768676758,99.85535860061646,83.10371457861253,269.59869384765625,104.6268367767334,79.99278510218063,277.7852439880371,109.3815565109253,9.188057755325648,247.0633316040039,103.98192644119263,70.10400119783297,254.9872589111328,112.85639762878418,65.58174039847276,265.9930419921875,116.44172430038452,54.447814645253544,273.8800239562988,129.0201759338379,29.91840498572353,252.11294174194336,121.27278327941895,56.400617070816594,259.4590950012207,125.62786102294922,38.8507072012122,268.72949600219727,128.3012866973877,20.614001139147074
570,22.8,346.7767333984375,147.642502784729,78.77111917570141,336.86046600341797,113.04833650588989,85.7691052503037,314.2106246948242,93.19926738739014,85.6146126384571,292.4176025390625,91.66252613067627,76.19439672122078,277.3113822937012,99.9994683265686,73.17165941805821,301.56084060668945,76.36667490005493,81.70774371933602,268.84376525878906,77.71131992340088,67.676366992988,266.8079376220703,88.16972494125366,56.442275274273435,271.6359329223633,92.98837423324585,84.85947786900248,289.1548538208008,90.95898628234863,84.27115050032214,254.89383697509766,87.2302508354187,67.28624144397082,257.6283264160156,98.12101364135742,47.77682613763621,267.15049743652344,103.75466823577881,64.97280022879978,280.9206008911133,108.92231225967407,79.22029487438296,248.3443832397461,101.64600849151611,66.60333119042669,253.5183334350586,110.5738878250122,67.85827629412199,263.3177375793457,114.95738983154297,76.48734583560999,276.7316246032715,128.86666774749756,71.39323765721954,252.91240692138672,118.7032699584961,67.27528929491118,257.60393142700195,122.39992618560791,93.07656526091083,265.56835174560547,125.4882001876831,105.78955738299875
571,22.84,352.83180236816406,146.824951171875,152.75030864908604,343.24188232421875,111.33779525756836,165.16738786302514,318.7081527709961,90.52894592285156,130.76308615184973,293.8988494873047,89.11652326583862,73.6385730673737,276.4678764343262,96.93293809890747,79.51065090586683,306.4923858642578,73.83874654769897,138.54277404038905,270.9389877319336,75.0718903541565,84.24868568326261,267.9153823852539,84.69268798828125,91.22849019028556,272.0625877380371,89.06553268432617,98.64937959025707,294.7801971435547,89.52775955200195,145.11395834935817,256.67335510253906,85.36416292190552,64.46398639382184,258.9175224304199,95.28890132904053,77.79334207185113,268.5822296142578,100.85716724395752,80.79824033652191,286.91226959228516,108.6500358581543,149.94629926957853,250.10574340820312,99.96566534042358,60.858148326921636,255.0789451599121,108.09170007705688,73.30060100303484,265.38000106811523,112.75684118270874,75.3962244288384,283.0751037597656,129.67741012573242,159.87696639279673,256.2489318847656,117.7046012878418,87.0694333025267,260.7808494567871,120.88140964508057,88.02947181139511,269.3221092224121,124.32028770446777,98.28121248212945
572,22.88,365.9868621826172,147.34647274017334,329.1348350866631,352.4997329711914,111.73007011413574,231.65394201905323,326.7974853515625,90.66561698913574,202.2621760540209,301.99472427368164,90.86127519607544,207.04369685944192,284.11962509155273,101.23631000518799,219.4713353679885,312.1636962890625,73.6626648902893,141.85108098939196,274.0427780151367,77.96407699584961,106.06088373103863,270.66410064697266,87.4638032913208,97.57859686249762,274.7005081176758,91.94380760192871,97.60600145038771,300.82706451416016,90.71474075317383,154.05666443233744,260.11924743652344,88.20764064788818,111.6902512407972,263.68629455566406,97.95955896377563,136.64186717582766,274.2754554748535,103.62832546234131,158.29588310161392,293.616886138916,111.58387899398804,182.96058076645065,254.51812744140625,104.10420656204224,151.23792575670026,260.9390068054199,111.5996503829956,170.74476170238592,271.8490791320801,115.5818510055542,176.4753019136893,290.60184478759766,134.69248294830322,226.11223141912603,262.13924407958984,122.37474918365479,187.9262806283048,267.2387886047363,124.24305438995361,182.01241961289972,275.32318115234375,126.37073993682861,158.542617822084
573,22.92,379.6680450439453,150.64478874206543,351.82884060775547,358.99669647216797,117.40309953689575,215.62959787057645,329.42569732666016,100.4119062423706,252.36091762811665,305.60848236083984,103.03776741027832,317.5356379162864,289.23187255859375,113.79199504852295,338.91398343799244,312.6942443847656,80.2439832687378,165.06671545233996,275.18253326416016,92.49763011932373,364.4543939408956,280.3222846984863,103.43082189559937,466.5204994707433,290.9062385559082,106.24871492385864,540.4026696164036,303.8915252685547,97.3986268043518,183.82269388658844,265.5483818054199,105.03240823745728,441.9758933178282,272.71060943603516,116.60694122314453,517.9063164482025,285.539608001709,119.38260555267334,484.1735699318587,298.9515686035156,118.91233921051025,226.6125081268345,261.861515045166,121.54704093933105,473.1396547351144,270.22064208984375,131.11225605010986,540.191247079079,282.74330139160156,132.23703861236572,497.54356144584307,297.7429389953613,142.77276992797852,269.59027263384564,270.3900718688965,139.79470252990723,481.87844278563034,276.8016815185547,144.10603523254395,551.1277805749021,286.5776824951172,144.6759796142578,537.2066642146539
574,22.96,385.69740295410156,153.92648220062256,171.61488274021502,362.4509048461914,123.4660291671753,174.44675260823726,332.5892639160156,111.43874645233154,286.7919090792329,310.4821014404297,116.86514854431152,366.5281639577301,296.5010452270508,129.1961431503296,425.8290810482504,309.7591018676758,93.45283269882202,338.2757426108405,276.5646743774414,114.82139825820923,559.1628441114792,281.23998641967773,127.18914985656738,594.4011292626767,288.93558502197266,129.6683120727539,587.559042760468,302.79775619506836,109.31588172912598,299.1835721260542,267.77862548828125,128.75683307647705,595.7255664456796,276.6359519958496,141.3061809539795,625.2303363027236,288.54156494140625,142.17065334320068,574.6231741167177,301.17523193359375,129.90461826324463,280.3734979660135,265.6689262390137,143.67965698242188,561.4429361642183,276.0031509399414,154.13609504699707,593.4720774581784,287.5785827636719,153.43274116516113,543.5058375110083,304.34715270996094,152.73386478424072,298.78822927321676,279.2103958129883,158.38617324829102,514.4419901403127,286.04236602783203,163.08408737182617,527.7053588422431,294.2533493041992,162.42390632629395,483.41542922460155
575,23.0,383.41766357421875,162.57253646850586,223.5389591930391,361.026611328125,134.10361289978027,268.3127835355922,330.54771423339844,122.57218837738037,282.9768698642052,307.2504997253418,128.48264694213867,301.46467316718406,294.42312240600586,142.29113101959229,331.4706534392943,308.0807304382324,107.12581157684326,344.3901149622934,276.460018157959,127.97286987304688,328.7972005660905,281.1415100097656,140.24977684020996,326.5249557931616,289.1454887390137,141.8044137954712,303.44792036131287,301.1081886291504,122.60673522949219,334.94535499092865,265.2577209472656,140.31031608581543,295.6327212014764,274.16259765625,151.64902210235596,265.8616236759332,286.3206481933594,151.4479637145996,238.48605688936667,299.8814010620117,142.37764835357666,313.49888153567133,263.45651626586914,156.56776428222656,326.91557363919304,274.3330383300781,166.3593578338623,308.4208055627781,286.30054473876953,164.53722953796387,279.4448103101123,303.5113525390625,164.41547870635986,292.786895359835,273.92425537109375,174.15095329284668,415.6858569165042,282.26680755615234,178.8995361328125,406.49666456538745,292.64183044433594,176.8828296661377,363.7113013634349
576,23.04,377.19310760498047,167.29070663452148,195.26620728133528,352.6951217651367,139.0451145172119,242.16749959127227,324.23328399658203,129.01649951934814,225.55649972638685,301.88968658447266,132.60558128356934,169.07266395521992,288.59466552734375,144.84171867370605,159.05267792413392,304.1993713378906,115.3892183303833,228.2389641913947,272.9627799987793,131.10105514526367,117.30360672027685,265.5867385864258,145.92234134674072,413.92096325348035,264.06105041503906,155.1952028274536,710.8719456274926,298.7375068664551,130.69513320922852,210.71650667807634,262.19844818115234,141.17109775543213,79.45161633122434,256.70989990234375,155.68146228790283,447.812204458533,259.0793991088867,164.83184337615967,758.7876376486224,298.4475326538086,150.38353443145752,203.33191846100053,261.5662384033203,156.64990425109863,47.301541809758106,256.0929870605469,169.2127561569214,461.5472296425666,257.9550361633301,176.93840503692627,773.4892574223223,302.32614517211914,172.3843002319336,201.41194262180687,271.8216323852539,175.4647922515869,61.983849862714656,265.2119445800781,180.74199199676514,428.85238919067524,263.8460159301758,184.24489974975586,743.0507256616226
577,23.08,375.50086975097656,166.82634830474854,43.86981887466363,352.57041931152344,138.22583198547363,20.717965765680585,324.3218231201172,127.91253089904785,27.687834546557923,300.72750091552734,130.12673377990723,68.4441399770359,286.55561447143555,141.72357559204102,93.14151023555469,307.2715377807617,113.99243831634521,84.36972598450029,272.3810386657715,126.19794845581055,123.43742895362433,261.2069320678711,140.29266357421875,178.31849483859295,257.9928207397461,151.34259223937988,179.69769707665293,299.638671875,127.28699684143066,88.13161987239633,259.8606872558594,133.61291885375977,197.7864922926865,250.1982307434082,147.91462898254395,253.3840154151703,248.67347717285156,159.69519138336182,290.1167922513834,297.2589683532715,145.52757740020752,124.9825082407974,257.37436294555664,147.48374462127686,251.98003667549722,249.0375518798828,160.43415069580078,281.56158232987934,247.9704475402832,171.28643989562988,286.83261661845853,299.504337310791,168.17673683166504,126.65452363993136,267.9455375671387,173.1766176223755,112.52736937292916,258.71936798095703,181.1220932006836,162.5923349605446,254.27263259887695,188.6605739593506,263.56669831049203
578,23.12,376.1357879638672,166.7354393005371,16.034836764583428,355.3327941894531,135.74352264404297,92.84588922231221,326.9393539428711,120.9093189239502,186.9098137742805,302.88721084594727,121.61931037902832,219.43193692090554,288.2767868041992,129.36604499816895,311.9204591894736,312.40779876708984,105.8076024055481,241.57389631118892,275.41698455810547,112.41466999053955,352.84179591601566,265.3135299682617,126.21447086334229,366.62281052880826,264.08885955810547,134.69643115997314,443.1819377781687,304.16067123413086,119.13598537445068,233.03361632340062,260.54847717285156,119.32365417480469,357.64519781756934,253.62939834594727,132.51959323883057,394.3190623300234,256.43882751464844,140.67954540252686,513.5023478520385,300.3302574157715,137.71096229553223,209.9587581527472,256.0275650024414,134.6859884262085,321.7106894478232,250.60232162475586,147.0677661895752,336.4416174490173,253.20241928100586,154.4994020462036,439.586572854107,300.714111328125,160.9694766998291,182.70220267721217,264.4573211669922,160.23974418640137,334.97233836604306,258.7321472167969,165.69498538970947,385.677827597309,259.03663635253906,169.21746253967285,500.4562377489348
579,23.16,377.0094680786133,166.91259384155273,22.286496392227125,358.63243103027344,132.4389410018921,116.74722456802573,331.7181396484375,115.45422077178955,181.30583393370216,307.67751693725586,114.94144678115845,205.4581689179451,292.03834533691406,123.2658576965332,179.1675328255614,318.6614990234375,98.27741146087646,244.70970373007455,281.73940658569336,98.50376844406128,382.0063825798106,275.9151077270508,110.68380832672119,470.1030005501832,278.70574951171875,117.32304096221924,567.6091078371256,308.22315216064453,111.31717443466187,220.28044027791128,266.86811447143555,105.92024087905884,370.4636483197698,266.89992904663086,119.52793836593628,464.28041191058753,275.4011917114258,126.5934705734253,590.5446426934376,301.9799995422363,129.336576461792,213.38343887263994,261.94156646728516,122.33330726623535,342.3851496908576,264.81359481811523,135.18646717071533,463.0912114205035,273.74210357666016,141.06130599975586,613.6270530209608,299.56275939941406,151.17061614990234,246.65674446061843,269.47519302368164,145.22626876831055,395.74572178655114,271.03235244750977,152.46122360229492,451.68261794351406,277.5326919555664,156.88463687896729,555.7667348175609
580,23.2,374.28619384765625,164.7654104232788,86.69854082071217,359.01634216308594,127.84103393554688,115.34767322275252,336.56986236572266,110.05374670028687,181.49437581229904,316.16172790527344,104.39819812774658,338.3248512132061,301.6684150695801,108.77484798431396,434.9767274921458,320.3143310546875,92.96002149581909,139.2086782586193,285.7068634033203,90.37181854248047,226.20417049862658,280.6088638305664,101.78778648376465,251.4589317732248,283.9172554016113,108.91887903213501,247.22172662847376,309.99027252197266,105.03885269165039,163.05681195558628,272.7798271179199,98.95839214324951,228.33046806505752,272.0090866088867,112.25195646286011,222.26589320261243,279.6111488342285,119.59336996078491,204.21365582846943,303.3538055419922,122.82351493835449,166.40934719286204,266.58214569091797,113.42443943023682,251.1260909011917,267.5143814086914,126.61939144134521,224.56768851589965,275.1437568664551,134.19257640838623,175.25709355142683,299.96219635009766,144.52195644378662,166.51618871242334,271.0234069824219,135.92252254486084,235.79209625800758,271.4341926574707,142.26737022399902,255.04426362464042,277.4925994873047,147.2033929824829,242.03317281576724
581,23.24,368.01422119140625,164.2916965484619,157.24591774498813,356.8703079223633,126.8983268737793,58.59905911499629,336.35276794433594,107.22616910934448,70.89748329717337,316.1808204650879,101.13798379898071,81.50675583705682,301.4839553833008,105.9818172454834,69.97788080848599,320.1639938354492,90.2871322631836,66.92784421219561,286.3486671447754,85.42160511016846,124.79113817692547,283.44154357910156,95.61728954315186,169.74080802040694,288.0928421020508,102.30599641799927,195.52132358330127,309.5952606201172,103.29229831695557,44.766663003659204,274.06158447265625,96.93107843399048,59.9630239823379,274.7890853881836,108.77860307693481,111.22212278929385,283.11248779296875,115.28950452804565,138.70524541072703,302.3924446105957,121.15892887115479,48.05635764086594,268.0467987060547,111.36186361312866,63.242724166838215,270.64701080322266,122.38524913787842,131.67509248498826,279.23898696899414,128.8658094406128,167.9757347091097,298.4135627746582,141.73720836639404,79.65977578709362,271.7508316040039,132.24786758422852,93.64906453010992,274.2959976196289,137.2379207611084,144.666188044244,281.81915283203125,141.26008987426758,183.78301689915241
582,23.28,363.9984130859375,161.71056747436523,119.34441240872908,355.3602600097656,125.27240753173828,55.4744220630307,336.5958786010742,104.93555545806885,57.586965163730916,316.5833854675293,98.97794723510742,54.93073216822815,301.61815643310547,103.75994682312012,55.64799016778069,320.6388854980469,87.52407789230347,70.08919115867893,289.0490913391113,82.58490085601807,97.91316897789407,289.66808319091797,92.48794555664062,174.21715853252084,296.7951774597168,98.43828678131104,238.0780052196852,308.43875885009766,101.1285924911499,61.3347334544408,276.95520401000977,94.11197662353516,100.9961912792583,281.0478210449219,105.11018514633179,181.3647259917446,291.0624122619629,110.7900595664978,228.3723713925216,300.18808364868164,118.98620367050171,77.37870365919343,270.0336456298828,107.992844581604,97.78116489609793,275.9015083312988,117.66717910766602,176.54661049307038,285.8078956604004,123.1517744064331,217.6590765507285,295.3393363952637,139.10325050354004,101.20709540051911,271.7659378051758,126.62887573242188,140.47530394161652,277.40318298339844,131.58390998840332,161.28863626796658,286.4032554626465,136.05367183685303,173.42286777615485
583,23.32,361.73858642578125,160.66143035888672,62.287163710849825,354.2240524291992,125.42407035827637,28.657124758623382,335.3947448730469,105.03256559371948,30.126122375604318,315.2939796447754,99.58840370178223,35.66532343762605,300.15310287475586,104.27347898483276,38.81121946314393,320.3447723388672,87.21681118011475,10.633537241374642,289.20494079589844,83.74743461608887,29.32334603695909,289.1294860839844,93.41906547546387,26.891810403292837,295.4534912109375,99.0624475479126,36.994075984609616,308.1515693664551,100.36968469619751,20.285753017117603,276.89199447631836,94.05222415924072,2.174540488635269,280.61901092529297,104.61904048919678,16.299946183354855,290.27761459350586,110.3889012336731,22.03456642996253,299.8626518249512,117.82379150390625,30.177681290832385,270.0184631347656,107.52971649169922,11.5844220781843,275.89351654052734,116.90923690795898,18.949608287779796,285.6266212463379,122.16974258422852,24.965562694141425,295.10169982910156,137.8121566772461,32.8195293029895,272.0770454406738,125.62265396118164,26.330474428205576,277.998104095459,130.77213764190674,25.160801260491546,286.91070556640625,135.26883602142334,23.364942555394013
584,23.36,363.2617950439453,159.96737480163574,41.84702506600855,355.9818649291992,124.02143955230713,56.2209811981377,336.2471008300781,103.38223457336426,46.43613325198233,315.43724060058594,98.9499020576477,16.359401941663364,300.1010322570801,104.38684701919556,3.1188600121299115,324.3260192871094,85.98691463470459,104.17225150951779,292.406005859375,82.13592052459717,89.5956025974717,291.8691062927246,92.42746353149414,72.83883452279434,298.2809257507324,98.55179071426392,71.82947026890069,311.4314079284668,99.15867805480957,87.40665763524824,279.03324127197266,91.89560651779175,75.9767130907093,282.4785614013672,103.11253309249878,59.83045059464721,292.0584487915039,109.59066867828369,48.78873879571779,302.3392868041992,116.4689826965332,70.5745515614984,271.18330001831055,105.64931631088257,55.29890259581297,277.10262298583984,115.46483516693115,47.09189676566223,287.02415466308594,121.2771463394165,41.45651115310458,296.7744255065918,136.57795429229736,51.96914180037694,273.2756233215332,123.70641231536865,56.50537021842161,279.6057891845703,129.0148687362671,59.543289674818034,288.8254737854004,133.8760757446289,59.19310834615008
585,23.4,367.5395965576172,160.73155403137207,108.63803341122585,360.33885955810547,124.37408924102783,109.2810710944281,341.56280517578125,100.7184648513794,148.64467242111806,320.9060287475586,95.24976253509521,165.07323428334692,305.1070785522461,100.50672054290771,158.3427472710214,330.0480270385742,85.52823543548584,143.5090574572292,296.6186332702637,80.04733085632324,117.54902303239056,293.37738037109375,89.3150281906128,86.4658330160224,298.1660270690918,95.54697275161743,75.17534791940491,316.45275115966797,99.08351182937622,125.54764485787786,282.287654876709,89.87965106964111,95.70555195370436,284.5810317993164,100.39910316467285,85.8162417154897,293.934326171875,107.15144634246826,76.92821958540637,306.5156555175781,116.7336630821228,104.61868659746582,273.79833221435547,104.05172109603882,76.61063836391774,279.3200874328613,113.23820114135742,78.56147138406561,289.46617126464844,118.94263029098511,84.45934770161102,300.23670196533203,137.43896484375,89.19325032779804,275.62904357910156,122.5301456451416,65.77513867440797,281.90343856811523,127.31514930725098,71.45032726954099,291.6719055175781,132.35026359558105,80.73984580169493
586,23.44,378.7660217285156,162.77152061462402,285.25655752603507,368.55167388916016,127.80202388763428,222.48743669275763,344.8018264770508,105.5637001991272,145.7042478900807,322.1257781982422,102.6297926902771,187.00373294040963,305.3961944580078,109.45730924606323,223.88142249305153,333.0101013183594,88.10977935791016,98.22885606572885,296.88358306884766,85.50537586212158,136.61179872427266,298.20125579833984,96.18389368057251,209.8378648754024,306.90351486206055,101.03070259094238,257.89409876316086,319.84519958496094,103.64919662475586,142.20184591152807,283.42079162597656,94.62613105773926,121.99659618703727,289.0756607055664,105.91328859329224,177.84812682823022,300.8930015563965,112.05182075500488,212.77457626880155,310.49720764160156,123.25178146362305,190.94931354872506,275.9032440185547,111.31374835968018,189.02330160810794,283.9741897583008,120.94911575317383,225.16504031263474,295.4457092285156,126.19002342224121,234.8930361094001,305.1977729797363,145.30417442321777,232.4781539990829,280.1819610595703,131.30228519439697,247.0823368023908,287.4455451965332,136.2114143371582,262.0334870812133,297.3089790344238,140.51841259002686,248.11194024798203
587,23.48,392.8541564941406,167.83677577972412,374.2762608204541,373.6070251464844,134.7033977508545,213.87136544963874,345.0731658935547,116.89239263534546,283.29853665499394,321.0424041748047,118.65230798721313,401.4775022613413,303.8540267944336,128.55586051940918,479.0178375092088,330.8079147338867,100.39057731628418,311.9170805751455,292.5161933898926,105.54156303405762,512.6663687262271,297.46456146240234,116.69701337814331,513.1586001614594,310.0965118408203,121.28422737121582,512.5917574758683,320.5223083496094,115.30428886413574,291.86860419932214,283.60517501831055,114.66288328170776,500.94001444788495,291.02073669433594,126.61146640777588,519.7342382422906,304.33019638061523,131.5321397781372,494.53079877713844,314.2904472351074,134.4078254699707,294.58231498736683,279.0337562561035,129.9378490447998,472.1342719495406,287.8902244567871,139.28861618041992,468.8233967075906,300.53714752197266,142.08005905151367,417.14504086980116,311.8514633178711,156.37915134429932,323.00029887590347,286.2614440917969,146.8440055847168,417.2118666142642,293.8727569580078,152.17633724212646,430.2526978332165,305.0071716308594,155.2876853942871,416.37842494724424
588,23.52,397.00756072998047,173.7169075012207,179.97693568976192,374.2164611816406,143.32581996917725,216.0983242530655,344.3444061279297,131.4418888092041,364.19339789210994,320.6101989746094,138.05136680603027,485.09682306151706,306.00826263427734,152.20121383666992,593.5820633828574,324.3474578857422,115.11478185653687,401.9792454452214,288.76115798950195,128.44103336334229,580.132545318296,295.89521408081055,138.22112560272217,539.5311959588007,307.7498245239258,139.44867610931396,457.8851789219849,315.99727630615234,132.52573013305664,445.1502235012951,280.9617233276367,141.40986442565918,671.9323055355999,290.2559280395508,150.61177253723145,600.3122242768844,303.5330581665039,151.60410404205322,502.1946701381834,312.6239204406738,153.00395965576172,466.76648217585097,278.64879608154297,158.1816816329956,706.1613986927974,289.06835556030273,164.45085525512695,629.7451211352218,301.359920501709,163.49421501159668,535.7489097392912,313.9414405822754,174.79419708251953,463.3316269871326,288.9210510253906,173.34091186523438,665.751244591285,297.76147842407227,176.36459827423096,612.4714923967151,308.4426689147949,176.01335048675537,525.2117639064063
589,23.56,396.0862350463867,179.21284675598145,139.31571453731797,372.24822998046875,151.32946014404297,206.0524661797195,341.6529846191406,141.06398105621338,249.78541909498097,318.62979888916016,147.60413646697998,243.89725384576448,305.0050354003906,161.10604763031006,224.02919700226488,320.47985076904297,127.8915023803711,333.7317149984674,287.1866226196289,144.017915725708,391.40645894163015,287.2694778442383,157.91749477386475,537.5583015757754,292.6231002807617,162.91301250457764,697.9402144877913,314.19294357299805,144.42864418029785,300.97236109394686,277.68810272216797,157.60940551757812,413.1749958078599,281.9626045227051,169.86904621124268,524.1790034847543,291.86105728149414,172.87168979644775,606.4990769161328,313.9221382141113,164.85888004302979,298.14479156080046,276.39881134033203,174.76577281951904,418.40060932870193,283.5330009460449,184.88436698913574,529.2497948095139,293.9897918701172,185.99032402038574,591.815911296288,318.61305236816406,187.04053401947021,327.6781243188358,290.1342010498047,191.15017890930176,446.2634631222909,294.5954132080078,195.9481143951416,495.9448511492611,302.4812889099121,196.02709293365479,522.067966296918
590,23.6,390.7672882080078,183.4342861175537,169.76407480849088,366.01512908935547,157.05152034759521,211.53238477221632,336.8354034423828,146.9494915008545,190.14521028123286,313.69794845581055,150.82367420196533,147.24251238162617,300.9963607788086,162.76233673095703,108.43421336989827,318.3242607116699,135.42564868927002,195.91121889031274,282.0083999633789,149.2139768600464,183.39343157110795,279.0627861022949,163.61914157867432,249.82314448685057,282.9832458496094,169.97102737426758,298.68709312022065,314.50756072998047,151.35825634002686,173.41876455514367,272.6179313659668,161.6394567489624,161.91809370177094,274.8410987854004,175.13554573059082,221.4326381116809,284.66638565063477,179.4176959991455,243.1736738959038,315.4094696044922,171.2004518508911,162.84134851726438,273.8922119140625,178.04193019866943,103.1268874273833,278.0758285522461,189.61402416229248,180.53806300755704,288.237247467041,192.49900817871094,217.16171477466446,320.3175354003906,193.13671588897705,158.24959674761442,287.0541763305664,196.35449409484863,151.18583106071947,288.1107521057129,200.81422805786133,202.68493374897835,294.80743408203125,200.6618356704712,224.12174168833832
591,23.64,389.20894622802734,181.66985034942627,58.85184420653763,366.2982940673828,155.0301218032837,51.028389645654435,336.82369232177734,143.68700981140137,81.56256771783684,313.51890563964844,147.64258861541748,79.65300464735208,299.75425720214844,158.73963832855225,105.25244573126899,319.62879180908203,132.74707317352295,74.48392518555147,280.0270462036133,141.91231727600098,189.14279559802756,277.48056411743164,155.99345684051514,194.7024880028157,283.04922103881836,161.70477390289307,206.66291875086458,315.1595115661621,147.38385200500488,100.68803836305294,269.28955078125,152.44824886322021,244.3824100099692,272.818660736084,165.6670618057251,242.05170354022937,283.7204360961914,169.65906143188477,245.10937504623297,315.3629493713379,166.49919033050537,117.53729199479733,270.85424423217773,168.80385875701904,243.11932717959306,277.59307861328125,179.64823722839355,249.43681153179998,289.2995834350586,181.81052684783936,268.52861913273574,319.1245651245117,188.79857540130615,112.47955639220648,285.71327209472656,189.20465469360352,181.86228930376544,290.8477592468262,194.59582328796387,169.85244694437839,300.95062255859375,195.92257976531982,193.97053770012727
592,23.68,392.0840072631836,178.47238540649414,107.49929655919175,370.6645965576172,148.7147855758667,191.94411475341005,343.3308410644531,135.77078819274902,256.1854180507325,320.8477783203125,137.31502532958984,316.59411929171927,307.0274353027344,146.2896966934204,360.4685894785356,327.7014923095703,124.54702377319336,287.6731039070535,287.1237373352051,125.97056865692139,436.249909778744,286.37210845947266,137.06591606140137,522.7997709039142,294.7446632385254,141.60565853118896,581.354994265423,320.8946228027344,138.9578104019165,254.81571526403357,276.6996192932129,137.09466934204102,426.2052905182235,281.00879669189453,146.96009159088135,510.5322355112064,292.7654266357422,150.6086826324463,527.2148436967242,318.29076766967773,157.1888780593872,243.99543358153636,276.1693572998047,154.01827812194824,392.7975159336546,283.08990478515625,161.78256511688232,467.30432934534224,294.737548828125,164.24753665924072,459.6398671657244,319.1742706298828,177.99739837646484,270.0322848281571,286.6382598876953,174.18392658233643,376.2295471266101,291.4019203186035,177.60958671569824,424.88184194435723,300.9079933166504,179.47660446166992,411.15076381764385
593,23.72,395.9405517578125,172.7820110321045,171.8525821012062,375.33470153808594,141.40766143798828,216.8005184711346,347.2943115234375,125.78086853027344,268.686146998173,325.0424575805664,125.36418914794922,316.6403909966467,310.5247497558594,134.76768493652344,301.0273693018928,337.0560073852539,112.2015380859375,387.23214061095746,296.8650245666504,109.72855567932129,473.4815614744474,292.396240234375,122.5700855255127,392.44367953136805,298.24344635009766,128.95282745361328,328.19165279174945,328.36570739746094,125.0694751739502,394.25797425823436,282.23047256469727,116.15479946136475,541.449725580745,283.9495086669922,129.9049186706543,432.67099961989663,295.5833053588867,136.83820724487305,351.3958175068671,323.66275787353516,142.40089416503906,393.33728084959114,281.57114028930664,134.26905155181885,511.86619930406226,286.5600395202637,145.88660717010498,406.758000939681,298.13663482666016,150.49924850463867,354.05615092048674,322.38075256347656,163.00044536590576,383.3977422268064,292.14529037475586,156.67738437652588,458.80715229088923,296.28101348876953,162.8098440170288,389.581453381366,305.8578300476074,165.61280250549316,368.0233419424829
594,23.76,393.67733001708984,169.76599216461182,94.26870655455969,374.9634552001953,135.39251804351807,150.66472276929133,350.28564453125,116.68189287185669,239.45175818430667,329.4935607910156,112.87945032119751,331.36179562740875,314.3001365661621,118.42630863189697,419.2956333966638,340.90755462646484,101.4594841003418,285.29167090533434,301.8271064758301,96.77367925643921,346.81684648164287,295.4549026489258,106.94344282150269,398.0792775668049,298.35060119628906,112.46575355529785,412.18555279265325,332.3567199707031,115.29996871948242,263.83166712373713,288.2244873046875,105.37716150283813,308.30757032172215,289.08422470092773,117.04519271850586,346.1736019628689,299.022159576416,123.43603134155273,345.90825849580284,326.88533782958984,133.64466190338135,233.2603494398223,288.15114974975586,124.41614627838135,296.2012268152068,293.6412811279297,134.41625118255615,337.00245658158565,304.5488929748535,138.95277500152588,330.18754606015005,323.6842346191406,154.38965320587158,217.72231037026316,295.38949966430664,144.20698642730713,322.1371203834312,300.7914733886719,149.2243766784668,357.8662209155139,310.34982681274414,153.21082592010498,329.76038475167417
595,23.8,392.7292251586914,168.2085084915161,45.58411328576001,378.4142303466797,133.940691947937,93.5936967809678,355.9516143798828,115.71165561676025,143.7110265793678,336.1564254760742,110.7823133468628,174.62772778922223,321.2115478515625,115.99835157394409,183.1368706582987,340.7797622680664,98.85470867156982,65.1977085544387,305.9769058227539,92.6437783241272,146.36622802588602,305.1889419555664,102.51819133758545,267.3181296684911,312.2119331359863,108.59697818756104,359.7776622343294,331.1738586425781,112.79726028442383,69.20400292110581,295.82767486572266,105.91182231903076,190.54908041737485,300.41276931762695,116.3492202758789,283.747577933981,311.12674713134766,120.84167003631592,309.48722758087695,325.18310546875,131.05666637420654,77.44076715996864,292.17660903930664,122.39192962646484,112.64372914671821,300.0100517272949,131.72139644622803,172.88630837426285,311.2541198730469,136.1960792541504,181.24472268154085,322.31529235839844,151.40393257141113,82.11474677352737,299.42846298217773,143.5561466217041,102.27663814278918,306.25619888305664,148.0146360397339,139.92564351732656,315.61742782592773,151.18194580078125,141.12046045108036
596,23.84,389.26116943359375,167.84281253814697,87.18207973364278,376.6929244995117,133.6034345626831,43.85085776956749,354.9578857421875,114.83701229095459,33.095482629357576,335.8740997314453,110.09897232055664,18.48416187431506,321.75052642822266,115.63127517700195,16.302664415875217,340.17574310302734,97.20982074737549,43.80707302262128,309.049129486084,92.88195133209229,77.03604926935353,310.6610679626465,102.25892543792725,136.95661229949738,319.1280937194824,107.50130653381348,175.06029959261704,329.9407196044922,110.95295906066895,55.464396751403,299.2178726196289,105.67357778549194,84.96396761404255,304.9272918701172,115.57731628417969,114.50095427916781,315.84461212158203,119.51334714889526,122.53237265954644,323.2485580444336,128.48376274108887,80.47634296114362,293.8137626647949,120.14203548431396,69.56245235548352,301.5244674682617,129.17869091033936,73.9882020946875,312.19852447509766,133.21598052978516,78.15404843695715,319.82635498046875,147.8863763809204,107.72653695966443,298.2735252380371,138.9986515045166,117.53893752717795,305.5249214172363,144.27442073822021,95.27584043742931,315.0603675842285,147.93334007263184,82.40052825167133
597,23.88,385.2427291870117,166.4874029159546,106.02180571491517,374.9052429199219,132.2392702102661,56.218045425880106,353.9571762084961,112.74085521697998,58.06943069289269,334.3311309814453,107.87269592285156,67.71751602454522,319.5809555053711,112.57739067077637,93.65244446438543,342.07340240478516,95.18029689788818,69.46257032201639,310.11056900024414,91.76176071166992,38.580118489828955,311.1347198486328,101.82456493377686,16.066563817914425,319.03076171875,107.04105377197266,11.760796187670476,331.43714904785156,108.59214305877686,69.87825696229926,298.3824157714844,102.00053930282593,94.17138578231003,303.4575843811035,112.7313494682312,80.07639797695869,314.33584213256836,117.28052616119385,67.36967252994964,323.7939453125,125.4252576828003,77.66876972014609,293.0510711669922,116.19933128356934,100.39489135219333,299.97488021850586,125.53956985473633,98.88257778148795,310.48912048339844,129.70762252807617,97.56612461233881,319.0016174316406,144.1252899169922,96.26124419253293,297.41321563720703,134.6339750289917,111.21638072154909,304.4672393798828,140.12795448303223,106.98093783927402,313.88925552368164,143.85231971740723,106.14327168418384
598,23.92,384.05200958251953,166.56174659729004,29.82595513429262,375.443115234375,132.72860527038574,18.1788927694566,355.1585388183594,113.01391839981079,30.80011791977434,335.8338165283203,108.14753293991089,38.19030667863481,321.09649658203125,112.77689695358276,38.21540520460508,343.5967254638672,94.9340271949768,38.577534823578794,311.8923568725586,90.37930011749268,56.38021215583847,312.9897689819336,100.59183597564697,55.682290559768454,320.6767272949219,105.8824610710144,50.3210922766025,332.63397216796875,107.55927801132202,39.522112379503106,299.99279022216797,100.751051902771,50.95662760077509,305.10868072509766,111.50556564331055,51.40929586774609,315.7615661621094,116.28920316696167,43.4123419037153,324.69783782958984,124.05472755432129,41.04398947714276,293.4811592102051,114.5843768119812,41.78107877838667,300.5020332336426,124.08724308013916,38.62595760608683,310.79959869384766,128.35400104522705,34.719301530222374,319.95391845703125,142.73906707763672,42.04529554027695,297.4111747741699,132.5804328918457,51.338578781921406,304.2223358154297,137.79423236846924,58.66342910984977,313.54442596435547,141.6273021697998,56.289488984101354
599,23.96,384.3678283691406,165.59603691101074,25.400992895904658,375.21270751953125,132.57615566253662,6.906907683293842,354.83253479003906,113.30188035964966,10.874302184373501,335.63358306884766,108.7532901763916,15.94982891446524,320.88077545166016,113.50956916809082,19.09424291508965,343.4729766845703,95.09751319885254,5.126001965513832,312.07231521606445,90.70870399475098,9.383893107013694,313.69075775146484,101.35180234909058,25.847317846514056,321.92649841308594,107.05716133117676,42.87954457709521,332.18177795410156,107.79104948043823,12.703287491611434,299.6272850036621,100.61947345733643,9.711686003791844,304.9253273010254,111.83117866516113,9.342186511923153,315.8500862121582,117.03747510910034,18.837242013041394,324.1165542602539,124.23537254333496,15.21765422206387,293.352108001709,114.50100660324097,3.840963918706842,300.5529022216797,124.33367729187012,6.290740946789263,310.8683776855469,128.83453845977783,12.135865144333309,319.637393951416,142.85273551940918,8.407893512570043,297.8369140625,132.48878002166748,10.887326067488619,304.95189666748047,138.03369998931885,19.196415327484228,314.1869354248047,141.85724258422852,17.060389081040796
600,24.0,391.7097473144531,164.73668575286865,184.80100482096066,382.4259567260742,131.87411785125732,181.18330014821765,360.67413330078125,110.797598361969,158.8940320713242,339.82398986816406,105.98119497299194,125.60857096668543,323.63441467285156,110.37545442581177,104.29886198520609,349.03289794921875,94.53505039215088,139.70748207865557,314.70794677734375,89.36209201812744,73.99289468589826,315.800838470459,99.1602087020874,76.05722908711367,324.1343688964844,104.30490732192993,88.20995622263,338.28670501708984,109.75690841674805,160.34091766037895,303.46776962280273,101.89975261688232,101.2065858659383,308.8324165344238,111.44200086593628,98.16060066654636,319.69966888427734,116.25805377960205,98.19236336891488,330.43392181396484,128.47485065460205,190.20105721412358,298.1394958496094,117.55780220031738,142.0015002749313,305.8869743347168,124.59943771362305,133.5172130964077,316.4760971069336,128.37314128875732,140.66672593941576,326.0274124145508,149.20559406280518,225.26532638147327,303.7942123413086,136.91895961761475,185.60019873885392,311.5609359741211,140.01046657562256,172.45834042865184,321.0237503051758,143.5251760482788,175.93329657316582
601,24.04,401.8660354614258,168.95723819732666,274.9582375797706,388.0126190185547,136.46262645721436,180.7366986758031,360.4443359375,117.28472471237183,162.27987998027857,336.8780517578125,118.1617784500122,313.294156096432,320.2922821044922,126.67144775390625,415.8795263157561,349.8486328125,100.07347583770752,139.9544117363797,311.56532287597656,99.9343729019165,275.7367495356485,315.3696060180664,111.51214599609375,308.9865655888834,325.7132339477539,114.99728679656982,270.2080144072118,339.7026062011719,117.31410026550293,192.2172026672758,301.08863830566406,112.35136985778809,267.9745426045501,308.062686920166,123.72114658355713,307.5811917543398,320.8576202392578,128.25177669525146,301.2372826339261,333.0677032470703,137.9093599319458,244.88105523607834,297.09850311279297,131.1084508895874,339.7643905875436,305.57573318481445,139.38125610351562,369.6273680725283,317.51129150390625,142.38515853881836,351.25511994091596,329.9000930786133,159.98785972595215,286.41633634065136,304.5769500732422,150.16093254089355,331.627167593596,312.44985580444336,153.50435256958008,338.07833567335314,323.04866790771484,155.84734439849854,312.18596636082685
602,24.08,407.5742721557617,172.2989273071289,165.36106756340465,385.67005157470703,142.62332439422607,164.7760246897197,354.7488784790039,129.4385290145874,335.5528969831849,330.29293060302734,135.12516975402832,454.9178944850711,314.73812103271484,148.71173858642578,568.2336255852931,338.1981658935547,115.80670595169067,489.4307338946094,300.5883979797363,124.28880214691162,667.8468686884611,307.04490661621094,134.02264595031738,600.0120979615509,319.10486221313477,135.7580852508545,544.6795671782297,331.81251525878906,135.09716033935547,486.37097509856073,294.81653213500977,140.38171291351318,718.0874979927568,303.0426025390625,148.6730146408081,636.2963965106302,315.7895278930664,149.8403549194336,554.3872009768729,329.7728729248047,156.5859031677246,474.12364822535756,295.3999900817871,158.6138677597046,688.9452553157906,304.04537200927734,163.9375877380371,615.0992951712105,315.9132194519043,164.48503017425537,553.9393923222688,331.25938415527344,178.0843162536621,453.6858846509226,306.2990379333496,173.70532035827637,590.1820610483544,313.79831314086914,175.58153629302979,552.9581688219695,324.2955017089844,176.30813598632812,512.468649607336
603,24.12,404.58621978759766,179.85177040100098,203.0607910139564,382.0610046386719,152.03803539276123,252.06894266802732,350.1747131347656,141.41584396362305,320.5259954208309,326.86817169189453,145.8440923690796,281.31863121161336,313.07783126831055,158.3283805847168,243.9728025634726,329.1668701171875,131.2972927093506,448.27626909698245,292.9501152038574,142.7381944656372,499.201512852362,296.2959861755371,152.80776500701904,541.0753116563301,306.33676528930664,154.96740818023682,576.6402618084144,323.9772415161133,149.83285903930664,417.2321976417981,285.3469657897949,159.034423828125,522.9700703855482,292.5506591796875,166.47407054901123,516.5743332905406,305.09191513061523,166.8001413345337,501.29412153767817,324.59781646728516,170.9360933303833,381.37019993945916,286.7900085449219,178.24378967285156,535.8787271747032,296.5924644470215,182.5389575958252,500.97204994250785,308.61562728881836,181.1529779434204,454.88689130812173,330.00022888183594,192.59119033813477,364.0354272812691,301.45069122314453,193.49494457244873,509.37197383181666,309.9232292175293,194.67334270477295,487.0275579192133,321.12403869628906,193.6281967163086,440.2007222074281
604,24.16,397.6398468017578,181.7256259918213,179.86702107677718,372.40760803222656,155.24428367614746,254.2981691047527,342.3472595214844,145.0569248199463,215.8218302650842,319.31114196777344,148.3457851409912,199.00873877842116,305.7553482055664,158.8944911956787,183.60834578665413,324.3000030517578,134.7715187072754,149.4921430151531,285.1444625854492,144.71770763397217,201.31859884098256,281.9630813598633,156.4787721633911,369.8888802712419,286.93199157714844,161.4259386062622,511.28383633992985,321.27655029296875,152.510347366333,95.07456555295283,275.73352813720703,159.53129768371582,240.6567409306306,276.4990234375,170.01933574676514,410.9622209843901,285.0909423828125,173.5581922531128,527.7962219671383,322.9355239868164,173.2191038131714,70.601669399275,278.83045196533203,177.74176597595215,199.38431598288474,283.4387969970703,185.82382678985596,338.9407516493455,293.92541885375977,187.2639799118042,397.76451020284696,328.8964080810547,195.07000923156738,67.83695281093053,294.30627822875977,197.00101375579834,198.95847266572943,296.18032455444336,199.80111122131348,366.7095568514453,304.4052314758301,199.46475505828857,442.70752771596256
605,24.2,395.5329132080078,177.2695255279541,123.2274333107021,370.7121276855469,150.38608074188232,128.63900399101223,342.1125793457031,139.6177625656128,136.1055675153274,319.48841094970703,142.48779773712158,146.5167241218793,305.8720397949219,152.6975440979004,154.9511420167851,326.82300567626953,131.21601104736328,108.993052998192,288.4253120422363,137.91930198669434,188.71654091361364,274.1501998901367,149.60583686828613,260.142216430139,269.10770416259766,158.59389781951904,451.1967952389859,322.6087951660156,145.8936309814453,168.73761458215418,275.78821182250977,146.3805913925171,328.77049961068224,265.11634826660156,156.7679214477539,436.72450910887966,265.5166435241699,165.25038242340088,531.6089257939725,323.47095489501953,165.6071376800537,190.76935463601995,277.8423500061035,168.1838321685791,240.22182996653822,277.0947456359863,176.66686534881592,278.4970045897774,285.1635551452637,181.04201316833496,268.65768856843897,328.48472595214844,188.58967781066895,162.3348728322575,294.97814178466797,189.662446975708,184.2314492418487,294.07848358154297,192.0049810409546,201.8622383961175,300.1380920410156,192.46068477630615,205.03883697835445
606,24.24,395.733642578125,172.04731464385986,130.65168100234104,371.72607421875,142.9131317138672,188.53556486029865,342.4251937866211,133.15180778503418,161.83768684463973,319.1054153442383,136.9539213180542,138.67785028465795,305.30155181884766,148.86786460876465,96.79844239563032,330.2870178222656,120.35625457763672,284.9711506553957,287.657527923584,119.04958248138428,472.13332774091316,274.8787307739258,131.73683166503906,447.09625935187694,273.5470199584961,140.96118450164795,454.5740476574897,325.9866714477539,130.92455863952637,383.63652634389234,278.9923095703125,126.65768623352051,499.5368043799729,270.9566116333008,139.8935079574585,446.41244020655427,275.0946044921875,148.9251708984375,473.1872433559371,325.53905487060547,147.0912265777588,465.77623480668467,280.63671112060547,145.19741535186768,578.8910800562111,282.3828887939453,156.2098503112793,528.2364067732055,292.7533531188965,160.70106983184814,542.7700992931585,327.98946380615234,167.22856521606445,534.1713301183357,294.5509147644043,166.11544132232666,588.7720262160137,295.56835174560547,171.34138584136963,517.9309037643183,303.8142776489258,172.7725124359131,500.71103862958245
607,24.28,398.3772659301758,167.31521129608154,135.511868764241,378.8629913330078,132.71870613098145,311.10880217054023,352.58304595947266,116.03383541107178,497.62369000156957,330.30601501464844,111.47189140319824,695.8750253989604,314.76783752441406,116.82211875915527,835.3668326389488,340.62488555908203,101.34992122650146,540.897527724976,300.8915710449219,97.85380840301514,624.7002962014544,289.9159049987793,108.3907699584961,694.2420353676695,288.4999084472656,116.1434268951416,724.3574595688582,333.1913757324219,113.15872192382812,479.2785711608416,288.18960189819336,103.23861837387085,629.0086076415071,282.1734428405762,114.527428150177,693.3863042714181,286.8400573730469,123.51478099822998,699.8408650619511,329.29553985595703,130.48108577728271,425.74049964210275,287.2883987426758,120.75888633728027,633.1896677825066,289.11428451538086,131.18325233459473,647.9015620858007,298.7465286254883,137.42740631103516,600.823167794003,328.2228088378906,151.98493480682373,381.1354073336055,294.45573806762695,144.56972122192383,538.6482579386292,297.29955673217773,149.65965270996094,543.7684607711942,306.5157127380371,153.18212985992432,494.3940995136662
608,24.32,398.09459686279297,159.79040622711182,188.25281061588356,380.2196502685547,124.31164741516113,212.8954551514802,356.6126251220703,104.49196815490723,305.62661859138336,336.48075103759766,98.18243980407715,366.3475883284283,321.31893157958984,102.34838247299194,397.1821649139414,347.1556091308594,89.71803188323975,333.4958770967545,307.4194145202637,82.21296072006226,423.71043818265133,300.2975845336914,93.7108826637268,449.4985824176352,303.3246612548828,100.49330949783325,538.9222290579639,339.8847198486328,100.65004348754883,354.67228859915025,294.9089050292969,88.93672943115234,395.04197711881784,292.7929496765137,102.42034435272217,402.6128751023716,301.6818428039551,110.11109590530396,499.9608539972445,334.68860626220703,117.3434329032898,355.0379278152518,292.7650260925293,106.46714687347412,382.6284621131164,295.3419303894043,119.20366287231445,337.54086494917334,305.5642318725586,124.95663642883301,355.3177970317147,331.55452728271484,137.88458347320557,362.2156259804454,298.9109802246094,129.63242053985596,389.6890862789355,303.06875228881836,136.81810855865479,351.9489252369468,313.6078071594238,140.93663692474365,353.77420456717886
609,24.36,396.99459075927734,159.23555374145508,30.80051449053945,382.43408203125,124.89160537719727,57.227939359650705,358.9644241333008,104.49913501739502,58.79524828346319,337.39261627197266,99.44048881530762,38.844123753791045,320.8807373046875,104.82647180557251,62.91333802743455,346.44641876220703,88.62639427185059,32.54442784092115,307.9511260986328,81.59468650817871,20.38657958762365,301.64356231689453,93.19514036178589,36.03510714296299,305.5247497558594,99.71515417098999,58.34121144624014,338.93138885498047,100.06479978561401,27.965941050147624,296.35169982910156,88.11541557312012,41.5046178736417,295.0713920593262,101.35542869567871,62.87559665925942,304.1613006591797,108.35306167602539,75.98682290021613,334.26624298095703,117.16592073440552,11.453746970158575,292.3902893066406,104.30887699127197,54.764019569872744,295.96256256103516,117.35844612121582,48.66986459169466,306.96598052978516,123.26718807220459,54.88132109237471,332.35694885253906,138.2028293609619,21.58067452596462,300.0615119934082,129.84221935272217,29.237592377958286,304.7148323059082,136.5221071243286,41.81205172992629,315.54447174072266,140.08745670318604,52.866439904856044
610,24.4,395.29224395751953,154.63228225708008,122.6990550908886,383.13220977783203,119.40502882003784,138.27035263415803,361.81610107421875,99.66267585754395,140.36425511029915,342.259521484375,94.57305908203125,172.08035651057753,327.95440673828125,99.82564687728882,216.57136413186953,348.61446380615234,81.84791564941406,177.9188574663405,310.7649040222168,76.48924112319946,145.73717521246616,309.61559295654297,87.77951002120972,240.93869098961497,316.3332748413086,93.2430624961853,314.95256108049546,339.8515319824219,94.47065591812134,141.73282300067166,301.06605529785156,86.98393821716309,121.20589015384253,304.6421432495117,98.90759468078613,246.97060770072312,315.52331924438477,103.21788311004639,311.7145381144379,334.23473358154297,111.76443815231323,135.03936214789786,297.18658447265625,101.18127822875977,143.14835254643333,303.3363723754883,113.2137393951416,211.4705431982344,314.3510055541992,118.09203386306763,225.44513703389396,331.46217346191406,131.73236846923828,163.30088630920133,303.6982536315918,122.28538513183594,209.65989301851388,309.0534782409668,128.49799633026123,228.0490662462647,318.6604118347168,132.05924034118652,215.29244736003412
611,24.44,388.31520080566406,149.67917919158936,213.91055537336584,377.56526947021484,115.94035148620605,163.92607597660577,357.82726287841797,96.92105054855347,121.00449239381665,338.1104278564453,91.56216859817505,128.16112768479803,322.99522399902344,96.71386957168579,146.36566247121166,344.7657775878906,80.24791717529297,104.20047002001573,308.37730407714844,76.16319179534912,60.243991722629964,308.12557220458984,85.83427906036377,61.25808789603114,314.9961853027344,90.28169631958008,81.23075951458468,336.4448928833008,92.35471487045288,100.2571583132249,299.422550201416,86.81540250778198,41.30309679178282,303.87073516845703,97.46126174926758,40.979792095552504,314.85340118408203,100.87364673614502,60.95200152703154,330.7857131958008,108.76238822937012,114.31329035021463,296.1421775817871,100.52429437637329,30.846530761087198,303.15113067626953,110.9824275970459,55.97469756199296,313.9834213256836,113.9208984375,104.68252272788502,327.76817321777344,127.57816314697266,138.9763011794885,301.3395690917969,119.56571102142334,90.0000695316264,307.8582763671875,125.68203449249268,76.47772792966589,317.77488708496094,128.4704303741455,92.41114334173636
612,24.48,382.2224807739258,146.7406940460205,169.1078286476444,375.17627716064453,113.47875595092773,85.75669374197655,358.472900390625,94.09116268157959,72.56511359123802,339.4359588623047,87.5249433517456,106.23152821167854,325.21068572998047,91.68482780456543,137.38525161197302,347.87586212158203,76.45678997039795,122.5899447609836,313.8457489013672,72.9025411605835,159.16919330841458,311.5895652770996,83.08339834213257,110.58535372149156,316.55689239501953,88.33723783493042,62.33340510129396,338.62682342529297,86.92899227142334,146.2003903288612,303.3620262145996,81.4295768737793,166.8206166409171,305.1490020751953,92.8333854675293,120.02917656745483,313.9729309082031,97.2696590423584,92.7495121404679,331.58519744873047,101.98837995529175,170.5255903962158,297.9835510253906,92.5615668296814,204.32156968497935,302.0271873474121,104.00112390518188,176.77996536039726,311.29032135009766,108.87303829193115,143.03338667886976,326.6361618041992,119.91638660430908,193.62378087119762,301.57100677490234,110.46638488769531,227.55672299602998,305.55912017822266,117.12872743606567,221.42321014120685,313.6853790283203,121.30680084228516,206.2184282124635
613,24.52,384.01065826416016,144.53211307525635,71.04315871796906,378.7252426147461,113.72962474822998,88.94552738848854,361.74285888671875,93.85619401931763,81.95974178835026,342.59281158447266,87.7330756187439,79.09265986022803,327.75882720947266,91.9613528251648,64.07754621611865,349.3453598022461,75.38254022598267,45.50711446338199,316.6409492492676,72.85091400146484,69.89192705733764,313.5447883605957,82.88905620574951,49.12144498720686,317.14988708496094,87.72478580474854,21.31226453788723,340.0276184082031,85.83277702331543,44.46848922502984,305.8810043334961,80.74909687042236,65.23181642442553,307.33510971069336,91.89660787582397,59.45911857268028,315.8171844482422,96.38952255249023,51.08761689945071,333.20629119873047,100.9546422958374,48.066090534695114,299.96110916137695,91.99163675308228,51.451169042950326,304.6251678466797,103.05739402770996,69.10195708248695,314.2654800415039,107.20197916030884,85.30829334108024,328.97762298583984,119.30836200714111,60.477962804082516,304.333553314209,111.44302368164062,73.25250301045202,309.7064018249512,117.78725624084473,104.9809662629818,318.75797271728516,121.0376501083374,126.99323025980208
614,24.56,387.81909942626953,144.6179723739624,95.23522163708427,383.44860076904297,113.56457948684692,118.15602024460017,366.10008239746094,92.34169006347656,115.32323853744393,346.7456817626953,86.72001600265503,106.86621455972767,332.0034408569336,90.50600051879883,112.1795306413351,355.3858947753906,75.52019119262695,151.05257890549302,323.1808853149414,70.59004783630371,172.99255684832164,317.84912109375,79.58358764648438,135.67747296897215,320.20233154296875,85.52599668502808,94.04816173849332,344.8530960083008,86.85868978500366,123.33321496974925,311.46228790283203,79.24685955047607,144.49793088219877,310.67922592163086,89.23031330108643,106.9235708097432,317.3073196411133,94.86727237701416,53.254979167268424,337.0960998535156,102.71747589111328,106.76549552487332,303.87508392333984,90.70744514465332,102.98163223495796,306.8425750732422,100.58634996414185,83.00208420766772,315.18091201782227,106.17615222930908,34.37237804210049,332.3826599121094,121.68774604797363,103.8500869132627,308.0344009399414,111.15477561950684,92.80140116874983,311.29528045654297,115.5726671218872,68.14020597146585,318.2622528076172,118.96811485290527,53.201940767688086
615,24.6,397.0751190185547,146.6562795639038,236.94487082090095,389.46712493896484,116.76439762115479,170.4066263320239,369.03072357177734,94.47762250900269,90.66030382852881,347.20741271972656,89.0550971031189,59.50734840349834,330.68859100341797,93.10815095901489,72.88697179026029,359.5612335205078,77.0857286453247,111.47970990351827,323.92704010009766,73.62549304962158,78.14519581548961,319.7354316711426,82.38529443740845,84.43832267065258,323.70872497558594,87.42552995681763,99.6964817425133,349.96131896972656,90.97623109817505,164.02760493532546,312.5616455078125,82.0785140991211,75.93934514832554,312.9202461242676,91.63737773895264,82.21971614470772,320.9567642211914,97.8681206703186,118.11947400431531,342.63431549072266,108.77671480178833,205.22275796808427,307.16365814208984,96.39238357543945,164.18976322013856,310.31410217285156,104.35207843780518,128.0434773345587,318.84016036987305,109.27093505859375,119.81177754717389,337.6955032348633,129.19936180114746,230.01450415606945,311.61828994750977,116.99521780014038,171.30934242601313,315.639705657959,120.3546953201294,161.5197821078776,322.92064666748047,123.64183902740479,164.97032121891095
616,24.64,408.4564971923828,151.51366710662842,309.36425019294353,394.5267868041992,121.03846549987793,165.58199332664458,367.61878967285156,101.17730855941772,171.1712419425749,343.67652893066406,101.92395687103271,333.61157434404095,327.2715759277344,111.57716274261475,469.5612235708721,358.0741500854492,82.25760698318481,134.53564277834587,318.8543128967285,87.62324094772339,372.21424232105124,324.87804412841797,98.16767692565918,414.9774541248954,335.9832000732422,100.34422874450684,445.5021866458865,350.20263671875,98.42798709869385,186.39155987339808,309.9818420410156,98.9408826828003,426.4642864437393,317.9536247253418,109.20506000518799,456.86319092067373,330.24776458740234,111.66901588439941,415.9232174594927,344.61395263671875,118.43728065490723,246.53282721609102,306.5272521972656,115.02725601196289,466.1434082260178,316.71451568603516,123.78716468811035,511.54659532181455,329.08580780029297,125.39141178131104,477.5216363135681,341.24637603759766,140.80833435058594,303.4972624617218,315.53192138671875,135.58821201324463,475.01048991738924,324.2656707763672,139.6583604812622,528.5822800645183,334.4812774658203,140.82172393798828,517.6851299272188
617,24.68,414.09942626953125,159.07390594482422,235.84934261659959,393.20213317871094,131.25979900360107,257.67029056268365,361.6368865966797,119.24601316452026,475.82904658551496,337.12623596191406,125.58925151824951,613.8772824820343,321.1358642578125,138.23504447937012,683.8720715470342,346.83048248291016,101.34979248046875,553.9244128371022,308.7819290161133,114.14717674255371,709.3007503374181,315.6114196777344,123.1393575668335,665.8899884528633,325.8914566040039,122.42653369903564,606.9758429880678,342.3516845703125,118.99160385131836,550.2838946772582,302.84799575805664,129.01010513305664,772.5970414581783,311.3511657714844,137.31928825378418,721.9774469519184,323.7611389160156,136.60667896270752,644.1871585610352,341.32190704345703,139.71771240234375,538.3390773628516,303.5966491699219,144.01867389678955,728.4790427135342,312.91250228881836,149.88673210144043,659.3759952767737,324.63878631591797,148.7281894683838,593.9177094189637,343.36658477783203,161.22515201568604,513.1652564428622,317.6676940917969,158.5287380218506,575.9933043226735,325.7618713378906,160.65324783325195,526.2033299038512,335.9770202636719,160.2377700805664,486.8393564154708
618,24.72,409.50122833251953,167.87774562835693,248.30804638755194,386.87305450439453,140.6835651397705,283.7963674174016,355.7480239868164,129.3002414703369,291.29689500504736,331.5858459472656,137.29896068572998,323.85684559442336,317.6659965515137,152.65970706939697,370.90335056397754,339.7991943359375,114.82837200164795,380.058481449327,303.0685043334961,129.90636348724365,419.0727774339668,305.59295654296875,141.70208930969238,527.3427569783236,313.80945205688477,144.23812866210938,623.3580976803136,335.5735397338867,132.58252143859863,379.6843164786782,296.40209197998047,144.16651725769043,411.7542531716907,302.530517578125,153.311448097229,456.5858428387968,313.4018135070801,153.752703666687,500.8129554020722,335.79959869384766,153.10485363006592,362.0354262354238,297.58026123046875,160.96551418304443,449.57780161351695,306.2553405761719,167.17984199523926,463.25576889778796,317.4548530578613,166.47600173950195,478.6659439702343,339.3963623046875,174.48360443115234,346.0032757607273,312.66918182373047,176.0086727142334,454.51432990609504,320.01426696777344,177.87826538085938,453.9659854485065,329.7426986694336,177.11933612823486,449.8986260552051
619,24.76,402.52044677734375,171.63379669189453,198.17799876781277,380.61668395996094,145.37836074829102,195.54935149956353,350.79784393310547,133.94189357757568,169.64893318407525,327.0176696777344,136.53403759002686,115.79438072465051,312.891845703125,147.27184295654297,179.9680458125663,332.2880554199219,122.50202178955078,268.44704887913366,294.34017181396484,133.11427116394043,232.4791122790885,293.9214897155762,145.26879787445068,305.10709993464343,300.2521324157715,149.75252151489258,365.8973937340071,329.7256851196289,139.21196937561035,221.00195635311314,288.1111145019531,148.59025955200195,234.93323975604915,291.9927787780762,160.02661228179932,312.38734873929997,302.0824432373047,162.28760719299316,354.41212019662595,331.2143325805664,159.16893482208252,190.06207215172958,290.67907333374023,165.60739517211914,207.92644959018162,296.35568618774414,174.83416557312012,312.8416396969273,307.063045501709,175.9674310684204,351.84948396825024,336.0547637939453,180.19347667694092,165.39521167158426,303.4144973754883,183.22895050048828,293.4510133174078,306.1092758178711,186.34706497192383,407.02375958940956,314.2400360107422,185.44512748718262,439.9228279354189
620,24.8,402.17456817626953,171.65353775024414,8.661037613423595,380.28682708740234,145.50533294677734,8.836270974037488,350.8267593383789,134.30737495422363,9.165585678865783,326.8560791015625,137.80879497528076,32.123958208466995,312.09726333618164,148.55416774749756,37.713707781074476,332.18502044677734,122.71482467651367,5.910862584610381,293.5556411743164,132.63351917266846,23.00286397466565,290.9363555908203,145.16684532165527,74.67186579379911,296.38378143310547,150.56847095489502,98.83671134038906,329.5594024658203,139.7354793548584,13.732093324806652,287.698974609375,149.62692260742188,27.889621518663493,290.3860282897949,161.03053092956543,47.36493813284105,299.64494705200195,163.9171314239502,73.30048120852229,331.1135482788086,159.72025394439697,14.011384882266025,289.4831848144531,166.42112731933594,36.16204292812401,292.7263069152832,175.42033195495605,91.91023110406329,301.0734558105469,177.5907039642334,155.14146681890955,336.49303436279297,180.56383609771729,14.345016383657741,305.23292541503906,184.61892127990723,57.22051261710593,305.6157875061035,187.17138290405273,24.01862255470339,310.6532669067383,186.71748161315918,95.14396206317616
621,24.84,398.83392333984375,167.1591567993164,139.9985894018229,374.64393615722656,143.57653141021729,149.08574172539215,344.55810546875,134.73262310028076,157.07652856756337,321.03233337402344,139.78995323181152,153.7876017768693,307.17302322387695,152.55291938781738,158.58388033740803,326.8052673339844,123.11463832855225,134.86473434278986,287.3215103149414,134.7082757949829,164.25780539606282,282.92449951171875,149.40482139587402,226.59197778976977,287.63999938964844,156.42019271850586,263.0308584821826,325.5281066894531,138.31990242004395,106.81527189187008,280.7809829711914,148.54342460632324,175.0581621639699,281.20397567749023,162.1820068359375,231.34928535939804,290.51380157470703,167.38211631774902,244.16175227932607,329.0195083618164,157.38893508911133,78.34240063244414,284.8679542541504,164.77954387664795,122.46210976272324,287.81450271606445,175.55796146392822,122.8433005224615,297.5054168701172,178.4485673904419,91.74295456072086,336.13006591796875,177.82816886901855,68.99103781522234,304.3667221069336,183.7305450439453,31.019353914075925,304.43674087524414,188.124361038208,37.90051353477046,310.1133346557617,188.02974700927734,35.47505554518008
622,24.88,395.2190399169922,161.03447914123535,177.79738921066212,371.3147735595703,136.89817428588867,186.55390890052408,340.4631805419922,129.24938678741455,171.0889582543923,316.861629486084,135.89735984802246,142.62506391845994,304.07752990722656,149.57995891571045,107.29798705630944,328.057861328125,116.78689956665039,161.26311875517368,287.49433517456055,124.4227123260498,257.17538313565507,286.01043701171875,139.5614719390869,257.8935569938901,292.9807472229004,145.95213890075684,293.7938670965531,325.4580307006836,128.55156898498535,244.21461967740288,278.4712600708008,134.59636688232422,353.4254156052144,280.94505310058594,148.8506269454956,333.34735138826034,291.5619659423828,153.57427597045898,346.1891675785039,327.6131057739258,145.44060230255127,300.7704945402843,280.48662185668945,149.68647480010986,392.90330213535924,286.70934677124023,161.42735481262207,354.34394837177445,298.37337493896484,163.90860557556152,364.1461251917431,332.9612731933594,165.34937381744385,321.8710662582367,303.49220275878906,170.49708366394043,331.55814364372793,306.19083404541016,175.8348798751831,310.3507996062349,313.17529678344727,175.86024284362793,313.7200620269796
623,24.92,393.36734771728516,155.76440334320068,139.64791199541483,372.4535369873047,127.67261981964111,232.38927115139916,343.24108123779297,115.15815496444702,359.06088147097637,320.3947067260742,117.1105170249939,477.9043432273587,307.2615432739258,128.58386993408203,530.9035303398923,329.74544525146484,103.94981861114502,323.68830199409604,287.14086532592773,105.06156921386719,484.10923582926307,285.39730072021484,118.93484115600586,515.893541327512,293.35092544555664,125.20917892456055,518.6565701951836,325.2995300292969,116.09750032424927,311.3769306134033,278.33423614501953,114.72048282623291,496.90890926269196,280.36609649658203,128.62931728363037,505.7399005358165,291.9169235229492,134.28012371063232,482.4354272266495,324.5661926269531,132.69091129302979,327.7177716453097,278.3862113952637,131.03403568267822,469.25819727520536,283.9674949645996,142.33394622802734,482.2317924944484,296.3319396972656,145.6295871734619,459.8165201947047,327.19215393066406,152.28052139282227,357.1393642226199,293.6941146850586,152.3993682861328,514.4960105510498,297.928466796875,158.28525066375732,484.9331126610372,308.4565734863281,159.7228717803955,420.32806709999306
624,24.96,381.03954315185547,148.60171794891357,356.43971041832845,365.46722412109375,114.81760025024414,365.7698179816813,340.90442657470703,97.10940599441528,454.9844052257059,317.689151763916,93.98773670196533,582.0132072815744,302.2385787963867,100.5615234375,711.7241720450427,326.50699615478516,79.8222827911377,608.5975359882352,284.56823348999023,76.44973754882812,718.1814472122501,282.4859619140625,89.49129581451416,739.6782475850083,290.3617477416992,96.64775848388672,717.9353735426761,320.0675964355469,93.65620136260986,576.0778095313425,276.5229034423828,89.50757503509521,631.9472117214642,279.320011138916,102.65094995498657,649.9855112026877,290.3086471557617,107.72847175598145,665.0078826573081,316.6007614135742,111.78621053695679,559.271070298222,275.0199317932129,106.10433340072632,628.8987866828916,281.5374183654785,117.93178796768188,613.0714681220607,293.9137649536133,122.18396186828613,589.250007977056,316.08001708984375,132.59885787963867,565.0483739332071,284.201602935791,129.18434143066406,627.0193633424122,290.6075096130371,135.4672336578369,599.0921851904662,302.37401962280273,137.719087600708,570.725404490282
625,25.0,373.6171340942383,144.79163646697998,208.5798365098646,359.149169921875,110.82003593444824,186.9129632395624,336.2196731567383,93.52927207946777,147.40308985085605,315.23332595825195,90.3583574295044,109.55442223826084,300.175724029541,97.54916667938232,91.27452761886553,320.8721923828125,77.30257987976074,154.31282413947076,282.1952247619629,74.37131881713867,78.86299372777587,282.00809478759766,85.21435260772705,107.58891725172653,289.05113220214844,90.34271478652954,160.99551453009383,314.6633720397949,91.18628025054932,148.5474495309558,274.39178466796875,88.1666350364685,62.94733567920634,279.0450096130371,99.8932957649231,69.2833063912692,290.1004409790039,103.33429098129272,109.97776619811634,311.2080764770508,109.19724941253662,149.54884346001668,271.87217712402344,102.1748685836792,125.86960814126049,279.1335868835449,113.36564540863037,129.00596803810222,290.4997253417969,116.74030065536499,160.6415144664386,310.68973541259766,129.4631052017212,155.90077256287412,278.9584541320801,123.18843841552734,199.1253724804756,284.78893280029297,128.72597694396973,222.62689949788074,295.2767562866211,131.00420951843262,244.26002349306285
626,25.04,366.9630432128906,143.92447471618652,167.7589322496592,354.7795104980469,110.02279043197632,111.04482166973628,333.2648468017578,92.1729040145874,81.28165966069193,312.41798400878906,89.0123963356018,78.01346662077387,297.76201248168945,95.56864500045776,78.05634806392328,319.4556427001953,75.99626541137695,48.173323100236686,281.73763275146484,73.90278339385986,16.37291763360109,281.4485168457031,84.40695762634277,24.55878316686615,288.52184295654297,89.63311672210693,22.13137646173862,312.14996337890625,89.50492858886719,75.59830730112051,273.9175224304199,86.63158893585205,40.16599308636758,278.63697052001953,97.64803647994995,57.050882761513456,289.3366050720215,101.13013744354248,58.31883331508665,307.72350311279297,106.88027858734131,104.61418801870654,270.38307189941406,99.8992395401001,67.98861078307378,278.01902770996094,110.7954740524292,70.03580759001599,289.3187141418457,114.39252376556396,65.70218688661494,306.0015869140625,126.34281635284424,140.79004502437152,276.89125061035156,119.96114730834961,95.81472450358055,283.41718673706055,125.53331851959229,86.87187072328813,293.5516548156738,128.01920413970947,86.1910385280516
627,25.08,365.06744384765625,142.50051498413086,59.271400523318384,355.32562255859375,110.3290843963623,15.65356140176329,334.12940979003906,92.50192165374756,23.126307633087578,312.52309799194336,89.82783794403076,20.5547130576506,297.70580291748047,96.73060655593872,29.0830080494209,319.78641510009766,75.20617246627808,21.413448496683294,283.273983001709,74.27809238433838,39.538185101235015,284.0559387207031,85.34506559371948,69.27614755763784,291.84396743774414,90.38247585296631,85.13977542693571,311.94982528686523,88.32317590713501,29.964506677348822,275.30553817749023,86.03094577789307,37.81005089025684,280.45034408569336,97.1037769317627,47.33221778343484,291.28040313720703,100.3103756904602,52.73969241730796,307.0939064025879,105.28397798538208,42.8993562693286,271.0410690307617,99.07032251358032,26.458265033304468,278.9596366882324,109.69383716583252,36.21419852691889,290.2001190185547,112.50855445861816,51.998887645555826,305.18835067749023,124.62337017059326,47.55160584914352,277.60921478271484,119.1132402420044,27.77610198033824,284.7718048095703,124.7614574432373,38.97723408896805,294.8533630371094,126.88940048217773,43.09075160580421
628,25.12,366.0328674316406,141.21278285980225,40.23599694723867,357.0564651489258,109.49652671813965,48.016718182803245,335.9626007080078,91.27929925918579,55.087399088897016,314.0224075317383,89.28636074066162,39.85227924699325,298.83203506469727,96.32712364196777,29.908164764105845,322.7134323120117,73.82988452911377,80.86098504851225,286.24597549438477,72.86971092224121,82.22027471714382,286.0633087158203,84.36728239059448,55.82111097968537,292.9375648498535,89.6487021446228,32.92395741352813,314.6592140197754,86.7385983467102,78.46843852396296,277.2210693359375,84.1462755203247,67.18091990450633,280.99416732788086,95.9207010269165,32.55199989412093,291.2513732910156,100.07044315338135,6.04205854402051,309.3754005432129,103.6009955406189,70.87685369307489,272.56200790405273,96.88770532608032,66.50692089671078,278.9756393432617,108.08765172958374,40.15662881600051,289.74803924560547,111.81813955307007,20.631421165797136,306.8524360656738,122.98685073852539,58.349036146183956,279.2901420593262,117.81753301620483,53.05877474700327,285.55416107177734,123.72542381286621,32.456191669256896,295.21657943725586,126.10063076019287,21.709500046860956
629,25.16,369.60018157958984,142.21276760101318,92.6205286127668,361.71024322509766,110.44979095458984,118.7601655826591,341.5869903564453,90.10675191879272,143.63283525824136,320.02166748046875,86.11498832702637,169.64802334246377,304.4252395629883,90.62205076217651,199.73700383791024,329.4804000854492,73.28939437866211,169.7129607040166,293.051815032959,69.3704080581665,191.31873333416277,290.2906799316406,79.93250370025635,153.17051247838006,295.65881729125977,85.84386348724365,116.9455323498568,320.66585540771484,86.61213397979736,150.1993134126407,283.19271087646484,80.30405759811401,177.52313449644538,285.79017639160156,90.89215278625488,173.72391953173903,295.1981544494629,95.67344427108765,147.71315251943207,314.5053291320801,104.04879570007324,128.73590289252118,277.8012466430664,93.53499412536621,155.50380815227533,283.64770889282227,103.52703809738159,163.2242142310673,293.8738822937012,108.09001922607422,139.01767430366382,311.04074478149414,124.35842514038086,110.1792466813782,282.3952865600586,114.13324356079102,120.45723089986716,288.4943199157715,119.28995132446289,133.03653216151687,298.1581687927246,123.11938762664795,104.7042219704983
630,25.2,370.281982421875,142.47044563293457,18.221730788327086,362.70790100097656,110.63660860061646,25.37496146103687,343.14537048339844,90.40879726409912,39.684537375277685,321.3832473754883,86.07984066009521,34.050836709728046,305.51647186279297,90.58286905288696,27.29838752655409,330.0630569458008,73.95028352737427,22.026454035435172,294.4887351989746,69.43717002868652,35.96175680679831,287.8864097595215,78.89279365539551,65.48622010548446,289.3349075317383,84.88087892532349,159.92024166961255,321.3546371459961,87.0439624786377,20.323879664701614,283.70447158813477,80.20091772079468,13.051265750453874,284.6025085449219,90.59882640838623,30.583852745263197,292.84801483154297,95.95810890197754,59.18292709787847,315.33674240112305,104.32731628417969,21.920620139946305,278.43334197998047,93.62352848052979,15.956637470672119,282.8272247314453,103.16843032836914,22.385734730327282,292.55971908569336,107.79069900512695,33.69548868125102,312.0085144042969,124.18111324310303,24.596970745093937,283.5384750366211,114.62907314300537,31.15211537303839,288.1451225280762,118.9415717124939,12.331544145222075,297.0991516113281,122.35118865966797,32.707482356508116
631,25.24,378.95843505859375,144.95367050170898,225.6203061923442,371.2013626098633,112.91064262390137,219.81543513918945,351.02344512939453,90.68109512329102,197.06947736142286,328.5992431640625,84.68579292297363,183.7354829539171,311.77663803100586,88.11380624771118,168.23709383920763,338.02093505859375,73.978271484375,198.9481832409611,299.4529342651367,68.5053563117981,126.27239695264507,295.65956115722656,78.84050130844116,194.33318222384594,300.5675506591797,85.11779308319092,280.8785324061972,329.5272445678711,88.52932691574097,207.66231540516907,289.3305969238281,79.74125146865845,141.12179880400228,289.80953216552734,90.01353979110718,130.9953611056257,298.1996726989746,96.02147340774536,133.80082443373195,323.0814743041992,107.32523202896118,207.617995160786,285.31044006347656,94.16283130645752,172.45529418533243,288.7945365905762,103.28139781951904,149.20952650170435,297.9783821105957,108.94617319107056,138.51225029718907,319.3407440185547,128.995943069458,219.29457553277052,288.47570419311523,115.78351736068726,126.7600419973576,292.4527359008789,119.4839859008789,108.54073578992795,301.1550521850586,123.5945177078247,106.0548106699358
632,25.28,395.23303985595703,148.8283109664917,418.23707394976026,381.9750213623047,116.71410083770752,285.6330877391339,356.57833099365234,96.80195331573486,206.642296579346,333.10028076171875,94.07287359237671,260.2602338878772,315.8057403564453,101.0186219215393,337.9792274722125,343.0002212524414,79.17076349258423,179.85282916797308,303.3999252319336,77.69368171691895,250.0050767514099,302.4313735961914,88.86217832565308,302.3775102684479,309.4951629638672,93.39455366134644,304.35077124400897,334.88208770751953,94.05083656311035,192.29114292563165,294.5160675048828,89.71716642379761,281.07826349963545,296.8438148498535,102.04751014709473,348.4766629666523,306.91566467285156,107.33435869216919,357.02756331551336,329.67811584472656,113.79501342773438,230.9947929095516,290.40029525756836,105.33353090286255,306.8908146331798,295.7479667663574,116.50558948516846,373.5216161911656,306.9129753112793,121.39530658721924,383.08605265071145,327.4494934082031,136.71687126159668,279.91577841857816,297.332706451416,129.67992782592773,411.9744476466276,302.96844482421875,134.66208457946777,461.6240445815934,313.0491828918457,137.3765230178833,455.1195005412173
633,25.32,406.6753387451172,153.08451175689697,305.2063329097242,385.77720642089844,122.84225463867188,180.29642298876078,356.79203033447266,106.42982482910156,240.75607116717356,333.52874755859375,107.57351875305176,337.6860631104752,317.4666213989258,117.37210035324097,410.9400675991288,342.56839752197266,87.5665283203125,210.17156500213562,302.8388977050781,96.35129928588867,466.6512651567397,308.26799392700195,108.2450795173645,506.06508690439165,320.1853561401367,111.41236066818237,523.7613957480698,336.59229278564453,104.65021848678589,268.4116458133666,294.79833602905273,108.35573673248291,466.01768922404005,302.1084403991699,120.77752590179443,486.3960399881294,315.6865882873535,124.19115543365479,475.0530874512786,333.82511138916016,126.27399444580078,328.7500373524824,293.4803009033203,126.15262985229492,526.1423974577368,302.49523162841797,136.72216415405273,532.820017959495,316.0252380371094,139.34793949127197,503.3204497212916,333.9981460571289,150.47733306884766,380.9815945891411,303.4527778625488,147.56272315979004,472.52621820789784,310.68065643310547,152.63208389282227,488.87567643919454,321.8149185180664,154.24520015716553,475.25676579753815
634,25.36,411.4185333251953,157.0565128326416,154.6663493018904,385.45055389404297,132.1996021270752,234.0761813652088,353.85066986083984,122.93588161468506,419.15205478200005,329.19105529785156,129.63983058929443,562.2153125155912,314.08103942871094,143.78601551055908,665.7500841227151,334.1942596435547,109.26253080368042,581.400630463335,296.63841247558594,123.86080741882324,704.9907157177427,301.63434982299805,134.86986637115479,685.9685256574959,311.4737892150879,136.47432804107666,663.3219461965766,331.50352478027344,124.39187049865723,509.67415078797654,292.2840118408203,138.7228488922119,761.7756096142632,300.13545989990234,148.7285327911377,700.5138463025752,311.5182685852051,148.75436782836914,622.8594806852344,333.0532455444336,143.5834264755249,433.165827133425,294.03215408325195,154.87229347229004,718.124127666081,303.0400085449219,162.9250431060791,655.2135373598165,314.68387603759766,162.1076488494873,569.9800556182694,337.84984588623047,164.82192993164062,371.3177974538378,307.40474700927734,173.3111572265625,651.2487605686971,312.5666046142578,176.87190055847168,607.8268218242177,321.6961669921875,175.6018352508545,533.9241311096348
635,25.4,408.60950469970703,162.12032318115234,144.76881800066846,380.42850494384766,138.34590911865234,198.42830142911188,347.27928161621094,130.7841682434082,255.9037251441466,323.1791687011719,138.43680381774902,266.37557887487975,310.3972816467285,153.61181259155273,262.3408561313642,327.9325866699219,119.7067666053772,304.4365799207697,292.80529022216797,138.58481884002686,380.3693423350048,297.83897399902344,150.9512758255005,413.0803551395375,306.82363510131836,152.20981121063232,410.20525644271765,326.2199020385742,135.09070873260498,298.3096219039702,287.81423568725586,153.71448040008545,391.0945490949407,296.2818908691406,163.86135578155518,390.394292618176,308.4015464782715,162.89252758026123,361.9405319436727,329.6718978881836,154.02482986450195,274.3815963942471,290.9116744995117,171.4098072052002,420.73355085101934,301.34876251220703,179.1463279724121,407.7302998443778,313.34463119506836,176.4488983154297,360.09114557344543,336.9767379760742,174.58511352539062,245.0536565071599,306.68188095092773,188.59082221984863,382.4188620195855,314.34595108032227,191.86550617218018,377.47043190967867,324.7080993652344,188.68020057678223,335.5176748494748
636,25.44,396.1045837402344,157.01117992401123,337.70955811230107,366.89300537109375,140.34147262573242,342.04533909520944,336.75182342529297,137.4607801437378,311.6533755925288,314.76343154907227,145.27074337005615,271.0250929547592,303.9386558532715,160.18129348754883,230.314901795843,316.9059753417969,126.96859359741211,330.0760221560533,280.6719970703125,147.46426105499268,375.88337349982964,280.37452697753906,166.07378482818604,577.5471778903326,286.82241439819336,174.10885334014893,741.4583922098475,316.8189239501953,137.52525329589844,242.77741380846422,276.2971305847168,158.4067726135254,310.9072572320004,279.51210021972656,176.27733707427979,521.6455153445098,289.43376541137695,182.11699962615967,675.1652779343982,322.0490264892578,153.26584339141846,191.51408047269726,280.24417877197266,171.8964958190918,266.9648044498983,286.6888427734375,186.3229751586914,408.0575262627616,298.32359313964844,188.8429069519043,486.8540812857718,330.7564926147461,172.61522769927979,163.11786866219708,303.3083724975586,191.6469383239746,113.79917872850397,307.3649787902832,198.56635093688965,241.9133298764089,315.65359115600586,196.84468746185303,304.7980530280251
637,25.48,385.45433044433594,150.17859935760498,316.33847819940814,357.91351318359375,130.3994607925415,334.9205868902748,329.6575164794922,129.3306827545166,269.7541410704598,309.7665023803711,140.99700450897217,164.3816918214967,301.1660385131836,157.75139808654785,92.16764133347502,311.6878890991211,118.44815254211426,249.78283044077438,275.47380447387695,137.00107097625732,292.08255777838656,281.6032409667969,152.63837814331055,337.2868686809817,291.35807037353516,154.86903190612793,494.1804477741831,310.5314636230469,128.2941484451294,279.2237612240375,269.2647171020508,146.0628890991211,355.1639582717088,277.42435455322266,161.32827758789062,377.3534993010595,289.7361755371094,162.2814130783081,495.9472915425686,315.2453422546387,143.00966262817383,307.69238190597343,275.40842056274414,161.35354042053223,289.97679432384905,285.80942153930664,172.44329452514648,347.6878235179532,298.0443000793457,169.59335803985596,481.2893736691022,323.26904296875,160.84233283996582,348.8041674509031,299.0693473815918,177.7069616317749,364.25633497654195,306.13330841064453,182.1369981765747,411.8863951738904,314.80945587158203,176.5975856781006,506.6172711105745
638,25.52,378.66947174072266,142.56308555603027,254.98818366001265,353.60645294189453,118.51214647293091,316.08840699522386,325.6965637207031,112.00507164001465,444.31544766100035,303.7787055969238,117.69275665283203,601.5301730068667,292.0878601074219,130.4641342163086,718.9437098492583,310.2423095703125,97.68066644668579,520.4434280603447,274.37734603881836,110.62463521957397,659.9803900146651,278.413028717041,126.33852481842041,662.315889091653,289.22075271606445,131.3198947906494,591.1482394736873,306.16455078125,109.11540269851685,491.7406685572814,265.2661323547363,120.65664768218994,642.9744274254049,273.1070327758789,136.1394739151001,638.9029160382626,286.4984893798828,138.9931583404541,587.8059949868004,306.74713134765625,125.21541595458984,492.9850424327736,263.64803314208984,133.6173391342163,753.161492509623,273.2848358154297,146.79006099700928,713.684821018654,287.3345184326172,148.47641944885254,591.9377703656929,311.0778999328613,144.9336576461792,501.06755716101964,280.3411865234375,156.66006088256836,704.3241619967389,288.4238815307617,163.2066249847412,648.06579025397,300.1871871948242,161.3221836090088,528.6472415678688
639,25.56,367.3939514160156,137.3671531677246,310.3778664554759,347.82981872558594,110.1746678352356,253.57820896995085,318.75078201293945,99.00369644165039,368.51021066293544,294.4139862060547,101.5472960472107,466.61940288458794,280.6605339050293,112.1656322479248,539.339270788129,305.05184173583984,83.4007215499878,379.8501206013913,265.3171157836914,88.91987800598145,587.9967357354731,267.4990653991699,102.90884971618652,646.1734822689232,277.4961853027344,108.03243398666382,651.8106088652626,300.10101318359375,96.80449962615967,343.07872880649086,255.8316993713379,100.45952081680298,557.2995487924179,262.32751846313477,114.48294639587402,604.7742931301169,275.21419525146484,118.31439971923828,588.9324834452353,299.52686309814453,114.74262714385986,318.012950865466,254.5543098449707,116.3489556312561,487.9119235386365,263.26555252075195,128.9882755279541,510.6916900300956,276.5555763244629,132.1515655517578,489.0593316079033,302.5435447692871,135.87590217590332,311.1251277795424,270.53600311279297,140.02447128295898,482.7554136432666,276.5754508972168,146.16097927093506,518.9769661787287,287.08934783935547,146.19097709655762,500.31665367052216
640,25.6,355.848388671875,133.95860195159912,300.95498051186837,338.9556121826172,105.1459264755249,254.9997321446318,313.04115295410156,92.88387537002563,209.24279249568616,290.2923393249512,92.12516784667969,257.104639251891,275.7990837097168,100.80867290496826,308.84282361651196,296.8115234375,77.94319868087769,247.0923429671768,255.77642440795898,76.60076379776001,389.5392846060092,251.7937469482422,90.03389596939087,507.70406096168523,258.06833267211914,97.75762796401978,549.438973317252,292.1342468261719,90.28985738754272,257.28137526223236,248.6269760131836,91.12755060195923,294.7389806658014,249.68671798706055,106.35913610458374,375.6545373784204,260.17255783081055,111.82162284851074,409.578295161226,290.58881759643555,107.53193378448486,287.10054435854323,248.18317413330078,107.53147602081299,271.95969018530104,252.36103057861328,120.76682567596436,341.41327271300355,263.8519287109375,124.39297199249268,372.1377741395818,292.26722717285156,127.57557392120361,330.24437209301647,259.65484619140625,130.08795261383057,368.3866677909399,262.3719024658203,137.08947658538818,421.33192750558146,272.3648452758789,137.7586555480957,424.2014722087275
641,25.64,356.380615234375,133.97579669952393,13.312606177669625,338.4959411621094,104.41444873809814,21.597990755010965,311.73316955566406,91.09715938568115,55.357782759632045,288.79167556762695,90.65968036651611,52.43832846224353,273.66254806518555,99.36279773712158,64.49486201119157,296.14574432373047,77.66958475112915,17.995249562109766,256.0182762145996,76.40628576278687,7.758624332893602,251.60858154296875,88.86513233184814,29.583511748017866,256.5956115722656,96.05350255966187,56.30803024287344,290.8698081970215,90.65711975097656,32.91738418452634,248.75879287719727,91.55221939086914,11.116408646473081,250.86542129516602,105.07503747940063,43.576446962033835,260.93753814697266,109.81709003448486,53.63852793597847,289.4730567932129,108.33361387252808,34.34760848273356,248.4711456298828,108.02211999893188,14.222761161867247,254.10228729248047,119.57897901535034,52.69579343220517,265.05550384521484,122.93336391448975,47.29593564212291,291.91267013549805,128.4376859664917,23.304343363519557,260.59003829956055,130.99664211273193,32.598896497501414,264.66461181640625,136.4690637588501,59.37922743685902,274.1006088256836,136.94121837615967,47.965343158455
642,25.68,348.02196502685547,133.4267807006836,209.4165285063612,331.5340805053711,101.58851623535156,187.83869129175693,307.37518310546875,88.00453662872314,133.59538122849835,286.6399383544922,86.11843585968018,125.63059615708802,272.9074478149414,94.23123836517334,129.67044279573844,291.7007064819336,74.65780735015869,134.23199257256678,252.84513473510742,73.0929708480835,114.69220378056887,249.42806243896484,83.66716861724854,140.9199470027668,254.81586456298828,89.34619188308716,173.48543874257268,286.25659942626953,87.63779640197754,137.835972827201,245.91041564941406,88.27084064483643,108.6298166557793,248.58795166015625,99.94796991348267,140.25354220990178,258.3550262451172,103.21585893630981,177.210361813895,283.5628890991211,105.1152491569519,168.24081255515864,245.36359786987305,103.8622498512268,129.81085453100016,250.15457153320312,114.20668601989746,166.6695678300308,259.45457458496094,117.14621543884277,201.3415879443928,284.1677665710449,124.76048469543457,214.33813882878917,253.18731307983398,123.86773109436035,256.93106199260365,256.7998504638672,128.9353609085083,272.2718652487346,265.7451057434082,130.17568588256836,268.77832604182555
643,25.72,341.62269592285156,133.7378168106079,160.17058977683723,329.16500091552734,101.20214939117432,60.00946509350481,306.97811126708984,85.14483690261841,72.17837526017188,285.4443359375,81.90421342849731,109.51351468826331,271.07799530029297,88.40173959732056,152.74560629472828,289.6418571472168,71.0674524307251,103.46952761128759,251.82910919189453,69.83551025390625,85.3059106505765,251.16540908813477,80.37896633148193,92.9739467925782,258.71646881103516,85.69883108139038,133.50551092940762,282.4575424194336,84.87805366516113,117.39094437657911,244.78212356567383,86.01626873016357,63.0284536175056,249.99191284179688,96.50663137435913,92.91769859804242,260.86828231811523,98.87200355529785,125.46298174065167,278.59729766845703,102.41108179092407,141.3542080196374,243.73289108276367,101.2097954750061,77.84085866150622,251.3178253173828,109.96959686279297,109.84672244672579,261.63402557373047,111.68053865432739,147.10461695091118,278.2811164855957,122.01878070831299,162.34529170397442,250.0379180908203,119.48413610458374,134.94117660859453,256.6739845275879,123.88538360595703,126.2886401022437,266.9136047363281,125.16345977783203,128.66575015678993
644,25.76,339.3855667114258,132.25371837615967,67.11601556142477,327.8031539916992,101.13616704940796,34.08611074694775,305.70194244384766,84.75114583969116,33.38786754238108,283.9533805847168,81.1869478225708,41.36285934747209,269.1979789733887,87.07537651062012,57.52010750157419,287.2667694091797,69.02295112609863,78.34629597176863,250.45276641845703,68.56673240661621,46.79821481482744,251.00393295288086,79.39708471298218,24.87677198467777,259.23566818237305,84.70252990722656,28.086740831283098,279.78878021240234,83.06581735610962,80.64773771440741,243.4817123413086,84.66200351715088,46.938148262044066,249.37862396240234,94.94105100631714,42.03543994645693,260.4812240600586,96.90178871154785,50.19686634680669,275.8787536621094,100.56079387664795,82.21179538304195,241.61785125732422,99.44547414779663,68.85774833325381,249.71406936645508,108.21666240692139,59.397034630936766,260.37633895874023,109.89461660385132,54.60822506673251,275.52045822143555,120.05859375,84.64472430036652,248.30228805541992,117.33616590499878,69.03888215205716,255.42932510375977,121.38632297515869,69.79649488750472,265.56116104125977,122.48096466064453,75.10361177260775
645,25.8,337.9598617553711,134.17774200439453,59.867048238810725,328.9446258544922,102.29933738708496,40.742508881999406,308.37427139282227,84.90281581878662,66.91573896553858,288.0855369567871,80.30151844024658,105.64889219226441,274.07142639160156,85.35015106201172,129.24514639487418,288.66674423217773,68.34401607513428,38.897961936137996,252.48878479003906,66.12833976745605,79.41634542133777,250.33706665039062,76.85335636138916,65.74222668924025,256.74543380737305,82.8323221206665,77.8578207670138,280.676326751709,81.70302629470825,40.6581659730756,244.60941314697266,80.81447839736938,100.23459561961683,248.7451934814453,91.86227560043335,78.58153478267154,259.0602111816406,95.16942501068115,56.01540855375357,275.98886489868164,99.06864881515503,37.40505788791456,242.65657424926758,95.54867506027222,100.8215892756943,249.49132919311523,105.22608518600464,74.97151667085642,259.4817352294922,108.42525243759155,43.006880884580326,274.5928382873535,118.79446506500244,39.19901205977652,247.78606414794922,113.51563453674316,96.38123215410458,253.52798461914062,117.92188167572021,98.79729612857172,262.9451560974121,119.97971534729004,90.48387285102142
646,25.84,343.2880401611328,133.9070463180542,133.37625650352078,332.1688461303711,100.95994234085083,87.28393135790078,309.08390045166016,82.71577835083008,57.48209660077278,287.4719047546387,79.47219371795654,25.791519615405946,272.15187072753906,84.85635995864868,49.55125882101099,294.9836540222168,66.42966270446777,165.01533664191936,257.9524230957031,63.75585079193115,148.91282574485246,258.68228912353516,76.19842529296875,209.2720610094949,267.2580337524414,81.58857107162476,264.64796697339716,286.6527557373047,80.5720853805542,152.06234488519848,249.38962936401367,77.99015522003174,138.80577368149295,253.3876609802246,89.63322401046753,128.74678507624776,263.80109786987305,92.9082727432251,131.31264259221444,281.116943359375,98.48452806472778,129.03096951436422,246.47014617919922,92.7743911743164,117.89821336813328,252.67955780029297,102.78249979019165,100.42382448358866,263.0311584472656,106.08093738555908,106.34324802865704,278.85175704956055,118.28308582305908,107.23775498911763,251.19300842285156,111.29354238510132,101.68874944738893,256.46480560302734,115.54999351501465,94.37548323814224,265.87881088256836,117.68242120742798,93.15273333186045
647,25.88,355.0226593017578,135.80461978912354,297.17636961662674,344.6420669555664,101.9660997390747,312.8434017844298,320.98976135253906,83.56687545776367,298.4060677965805,299.12403106689453,78.89235019683838,291.6636184307061,283.1148147583008,83.02044153213501,277.8901967171863,304.30002212524414,66.6502332687378,232.9744701744803,266.577091217041,62.001943588256836,220.02995631607004,267.00902938842773,74.23087120056152,213.90107606311227,275.67935943603516,79.76740837097168,215.39986050860986,295.06935119628906,81.24515533447266,211.08662659419028,256.4695358276367,76.2857437133789,182.05441171127586,259.59529876708984,87.55358219146729,163.66825629198027,269.58574295043945,91.20921850204468,150.7251306654648,289.0992546081543,100.12862205505371,203.7466839015643,254.05925750732422,92.76457071304321,189.72794205146553,259.6541404724121,102.04099416732788,175.34721632906516,269.59815979003906,105.1581859588623,165.7878479251779,287.40550994873047,121.4289379119873,227.847363965265,257.62306213378906,112.96248435974121,166.07783950653985,262.35809326171875,116.87183618545532,150.99277191616278,272.2453308105469,119.35824394226074,164.5846245703292
648,25.92,385.1417541503906,135.5042266845703,753.0148199563384,364.40990447998047,106.43524646759033,506.6684522894598,334.28272247314453,94.15695905685425,424.89166706765957,310.36754608154297,99.04403686523438,576.9028869022465,295.0215530395508,111.46523237228394,770.9071533094973,319.42737579345703,79.32731866836548,493.4225643608171,280.17234802246094,82.29866981506348,610.7311720037186,284.6535873413086,94.23941373825073,666.9296251456605,296.8534851074219,98.46439361572266,706.1873225241452,313.92093658447266,97.00438499450684,614.2757885946254,272.94965744018555,98.8994836807251,699.5425485965585,279.9110412597656,110.27993202209473,762.0762632656804,293.34707260131836,112.16297149658203,792.0150532557052,312.1817970275879,118.83745193481445,742.8088919831515,271.5869903564453,118.48176956176758,778.0567682755338,279.74491119384766,128.30379009246826,826.6549756348102,292.5748634338379,129.78924751281738,842.1023184602044,314.12221908569336,142.55501747131348,851.5037377545884,284.52564239501953,140.7607126235962,967.1124286120169,290.75448989868164,144.56298351287842,991.5754454001371,301.1481475830078,144.62759971618652,959.7894165556855
649,25.96,398.2709503173828,145.53043842315674,412.992670802348,374.86011505126953,117.51888513565063,380.83292523461256,343.8671112060547,106.91551208496094,398.9370115965564,320.93994140625,111.6947865486145,412.1718470897708,307.7210235595703,124.69759941101074,458.51123823224657,323.7922668457031,93.50513935089111,370.8629069513336,286.16708755493164,107.14106798171997,638.8865552334316,290.9612846374512,120.0882625579834,665.1832597511941,301.0926055908203,124.14829730987549,650.7846472928303,319.7365188598633,109.14485692977905,336.5375684943751,280.6711959838867,122.52880096435547,621.4734471260296,287.77687072753906,136.2956428527832,679.4706042400283,299.84140396118164,139.5436191558838,703.5073764958556,320.4074478149414,129.01445388793945,327.13978246060924,280.063533782959,138.01159858703613,532.2511215451983,287.8478813171387,149.9838924407959,578.621725878028,300.11497497558594,152.5166416168213,598.6378938999319,325.35438537597656,150.86802005767822,349.34543396676276,295.3364944458008,156.22969150543213,471.80758108481535,299.5454406738281,161.84208869934082,484.6701788174359,308.5907554626465,162.4068260192871,481.85403650050193
650,26.0,404.67273712158203,148.712739944458,178.72800084712458,375.9402847290039,124.4953966140747,176.4909327367833,344.83455657958984,118.90172481536865,300.62980367197724,322.5864791870117,128.15786361694336,413.6302645639666,310.2503204345703,144.2607307434082,493.1489697663095,326.3859558105469,108.16827535629272,372.26903910281857,289.12376403808594,125.77856540679932,471.76414002117946,288.6350631713867,142.45380878448486,562.154874300086,294.9665641784668,150.2900791168213,671.2493665862154,323.54671478271484,123.06478500366211,360.79945135125996,283.4482192993164,139.19756412506104,422.46266388443655,286.9045829772949,153.82596015930176,438.800147266989,296.84295654296875,158.4043264389038,477.4391100807724,326.21673583984375,142.18324184417725,359.83051877987236,284.70325469970703,154.69482421875,432.9095082000278,290.39608001708984,167.07010746002197,431.87965648550426,301.62635803222656,170.49365043640137,451.0107571078268,333.2352066040039,163.39932918548584,370.085337865472,301.4808464050293,174.07376289367676,471.8076572526973,302.5674819946289,179.67909336090088,452.27996655911494,309.17510986328125,180.07754802703857,442.0095349231544
651,26.04,405.223388671875,151.68979167938232,75.68873001583498,374.97291564941406,130.6712007522583,156.27771692037564,343.2490921020508,127.56913661956787,220.2806803164859,320.2998733520508,136.9978666305542,228.2737111522127,308.14334869384766,151.7369842529297,194.18692099179236,323.9970397949219,118.29278469085693,260.0632242784764,288.5322952270508,138.21508884429932,311.2645082621794,285.55137634277344,155.8846664428711,344.5078572188114,289.8568344116211,164.76945877075195,383.8633981093163,323.97125244140625,133.19369316101074,253.4450293994376,284.12742614746094,152.31189250946045,328.297626891772,283.9184379577637,168.71310710906982,379.5920560134754,292.1902275085449,175.61516761779785,445.71637671343575,329.1379165649414,152.10774421691895,258.6371060183043,286.9433403015137,167.34984397888184,321.2937797335453,288.44709396362305,181.2667179107666,358.2442383755108,297.6634407043457,186.8020534515381,419.57472714325485,338.4798812866211,173.0031394958496,273.56418922706143,303.5234069824219,184.2938232421875,260.55432163888565,301.46484375,191.37537002563477,293.7033994063109,306.57798767089844,193.690767288208,346.4685973638536
652,26.08,404.1614532470703,152.2408390045166,29.909864603847197,373.5084533691406,131.40060424804688,40.90139996085303,341.2064743041992,130.10075569152832,81.3225929309233,318.32523345947266,142.60128021240234,148.5291353459844,306.7061996459961,159.21778678894043,190.43995767781607,323.7819290161133,118.42052936553955,6.254565785758405,288.11742782592773,137.37698078155518,23.379211991523146,284.477596282959,154.4893455505371,44.016502654110006,289.01866912841797,163.15180778503418,45.54747354108032,323.9155578613281,133.66510391235352,11.86723384817511,283.2595634460449,150.8536720275879,42.42340629197033,283.82984161376953,165.9103488922119,70.10395376837556,292.68030166625977,171.96159839630127,92.15727296423441,329.1273880004883,152.6132583618164,12.640594363024796,286.8051528930664,166.35503768920898,25.10895400332863,288.20539474487305,178.23443412780762,76.04753222796093,296.9439125061035,182.26645946502686,114.80781125031979,337.9117202758789,173.5437297821045,19.60619786765017,305.272159576416,184.35944080352783,43.74958070768713,303.7267303466797,190.4465675354004,61.12898781523784,308.6653518676758,191.89647674560547,68.81391502296628
653,26.12,399.43187713623047,150.87551593780518,123.06755579945012,366.3020324707031,134.2606258392334,193.8301860964415,337.90218353271484,133.73087882995605,122.71952651948168,318.0531692504883,142.36608982086182,8.990740169866447,308.7203788757324,156.55025482177734,83.56376594156328,318.65800857543945,126.05245113372803,229.81077890041433,286.19701385498047,147.87837982177734,266.88875447200434,285.68092346191406,166.48690223693848,301.4437786957816,290.50472259521484,175.21166324615479,303.7767155425382,319.13440704345703,138.97653579711914,178.65943826477223,278.7896919250488,160.34547328948975,262.2904432704964,280.992488861084,178.58270645141602,324.6529076870882,290.8299255371094,185.22394180297852,334.7701118453948,325.7836151123047,156.6407346725464,130.8658248007354,282.8461265563965,174.4498586654663,225.27762895494865,286.9427490234375,190.63902854919434,311.7172566775839,297.235107421875,195.89760303497314,340.85633841790593,337.39696502685547,176.6817283630371,79.49845934172365,303.22866439819336,192.5577735900879,211.22933778035673,302.464656829834,201.95749282836914,289.4976583046819,308.7582015991211,204.8558521270752,323.9926999085715
654,26.16,392.8750228881836,148.4771490097046,174.54315646842363,360.50811767578125,133.1903600692749,147.29841621084952,332.0644760131836,134.5748805999756,147.4600964485558,311.99256896972656,145.60253620147705,171.7655759635907,302.88673400878906,161.31447315216064,188.2969541926642,314.4103240966797,126.23562812805176,106.29080758215316,280.37864685058594,147.66916751861572,145.55317839543468,277.6175117492676,166.53247833251953,201.58851286118232,282.04593658447266,176.5214967727661,213.9899598155291,314.83226776123047,137.86840438842773,111.06405140336048,274.9580764770508,158.2155990600586,109.59482530704922,275.0677490234375,176.78160667419434,154.81138231591547,283.8020896911621,185.34926891326904,175.72383084359083,320.9444046020508,153.9628028869629,138.26893408045035,279.46311950683594,171.33782386779785,114.91708227912558,281.5194892883301,187.05931663513184,162.4540003010822,290.4412841796875,193.13587188720703,183.34256389786546,331.01245880126953,172.9635715484619,184.70687900413583,301.4583206176758,188.90690803527832,101.43636059283753,300.8970642089844,197.8889036178589,109.00333936634293,305.89908599853516,200.43957710266113,131.52477691669287
655,26.2,381.70520782470703,139.78518962860107,353.83163937371165,352.13844299316406,123.27072143554688,324.47138251758116,323.8018035888672,122.59593486785889,363.8053191994961,304.2882537841797,133.90454292297363,350.1780968505163,296.2287139892578,150.09881973266602,326.07525224890617,306.4616394042969,114.4456958770752,355.47863052996775,269.8162841796875,135.30896186828613,406.46201306981646,270.83984375,152.6720666885376,385.71993924423793,278.1947326660156,158.7876033782959,453.68129407380593,307.50267028808594,125.99066734313965,348.93018323453305,266.4719581604004,147.47777938842773,342.1576531591942,271.0685157775879,164.27146911621094,328.34567177212,282.19738006591797,168.3692979812622,426.3907435037933,313.5637664794922,141.73429012298584,357.08047369860736,274.6233940124512,164.09570217132568,217.76028897550225,281.03918075561523,177.38958835601807,242.04124297122797,291.5301513671875,178.2200574874878,373.8876426806638,322.5458526611328,159.67244625091553,393.9681389459672,293.78047943115234,178.02250385284424,332.9972782284265,296.4405632019043,185.77603340148926,322.6666489047948,303.0564880371094,185.48200607299805,380.6321175670467
656,26.24,374.9527359008789,133.89997959136963,223.9301987568013,350.41820526123047,111.84765815734863,288.7966331522162,320.22438049316406,107.05063819885254,398.7905187353145,298.6825180053711,113.7631344795227,522.6737795387596,287.9095649719238,126.3561487197876,628.9488588104691,303.16009521484375,97.01186656951904,443.59229476507727,265.7638931274414,108.12747716903687,687.0475709948357,267.94076919555664,121.08228206634521,793.0633351712536,278.0714416503906,125.35431861877441,835.8378021803128,301.32665634155273,110.06242275238037,427.0920012207739,261.6011619567871,122.47160911560059,636.903253725967,268.4464454650879,134.07245635986328,757.8157857379252,281.10509872436523,135.48751831054688,822.4979152111011,303.3184814453125,125.90779781341553,471.33038058276765,264.11598205566406,137.76896953582764,708.6530168613157,273.3773422241211,146.255521774292,801.5741823117654,286.0809898376465,145.7197093963623,823.849951227222,308.7632942199707,143.55880737304688,530.0992095061127,279.0266799926758,152.84050941467285,729.6435095968467,286.5740203857422,156.82661533355713,764.6148841144947,298.1608581542969,154.99693393707275,771.8916759664432
657,26.28,367.37789154052734,126.17268562316895,270.51956855574764,346.73328399658203,99.21131372451782,329.06671564421447,316.1549377441406,90.31361103057861,430.61615935708835,291.6813278198242,95.35876750946045,492.2762103121811,277.97143936157227,107.72401571273804,527.9220592565673,300.8038520812988,76.31067752838135,520.87133093338,262.22280502319336,83.93254280090332,611.3173040861926,266.73994064331055,94.81184005737305,657.4468194075944,278.7845230102539,97.54205703735352,695.5350365452329,296.6090965270996,91.04164123535156,489.9269716763202,255.54767608642578,97.40289688110352,644.7310603454588,264.6676254272461,107.3435926437378,674.8664851442859,278.6696243286133,108.23875665664673,683.9346401536766,295.8854293823242,108.95507097244263,462.76695695277965,255.80198287963867,114.11396741867065,626.8381506924516,266.61998748779297,121.85507297515869,632.9710423035272,280.39241790771484,121.6904067993164,617.3366352234426,298.00575256347656,129.4522762298584,443.50797863803496,267.46774673461914,132.24713802337646,590.3896400493028,276.70433044433594,136.56047344207764,563.5419719867122,289.3989562988281,136.392560005188,514.1094566835088
658,26.32,357.55218505859375,119.78517293930054,292.98552241929514,337.3813247680664,91.90361022949219,296.7128997269798,309.54837799072266,81.90995693206787,267.24056810168537,285.6276321411133,85.21106958389282,295.40544654657793,270.26472091674805,95.52773952484131,360.6787542599808,296.72712326049805,65.43296813964844,290.4137989835321,259.39491271972656,66.2020754814148,448.86415417658475,255.1917839050293,79.96800899505615,470.1723385223461,259.9695014953613,88.6527943611145,520.2307333848647,290.57580947875977,77.5563097000122,369.3361605855188,249.78364944458008,78.77005577087402,487.6004838536908,249.48017120361328,93.27306747436523,517.5896325377427,257.7186584472656,100.2911639213562,560.1937174135817,288.15521240234375,93.81654739379883,424.9493724983106,247.60841369628906,93.74921321868896,548.781485194704,248.78684997558594,105.938401222229,597.5790916375606,257.33009338378906,111.32079362869263,632.1588456211197,289.0524101257324,112.33945369720459,482.83734052060305,258.4619140625,111.66676998138428,561.614063916484,257.6188659667969,117.50440120697021,674.253681558839,263.58556747436523,119.68453645706177,768.7201593751648
659,26.36,344.53182220458984,118.02635908126831,328.4654424718175,330.6087875366211,86.7657995223999,212.5211157350386,307.2743225097656,73.31547975540161,222.25599861239397,285.5991554260254,70.64323425292969,364.1965790899882,271.7822265625,77.58273124694824,450.22643294689766,293.16274642944336,58.14043164253235,202.92527989929206,258.33545684814453,52.8197979927063,335.6037446981036,251.761474609375,64.22320604324341,402.8537590237178,254.33191299438477,72.83346176147461,419.846465988143,285.6131362915039,69.26432132720947,241.5900405881366,247.41241455078125,64.43841218948364,363.16212173901863,244.19857025146484,77.32573986053467,419.9795877782173,250.4264259338379,84.71985340118408,429.856346895038,281.1415100097656,85.22798538208008,277.2131610791533,243.37541580200195,79.91638898849487,361.65012214542725,241.76753997802734,91.6503381729126,397.9788456556665,248.38520050048828,98.52903127670288,390.22452892814414,279.54294204711914,103.99908542633057,316.2195894785449,249.80453491210938,99.53021764755249,372.69803150930386,248.71374130249023,105.35060405731201,376.6762788206558,255.19617080688477,109.34032201766968,332.9646648036209
660,26.4,331.11278533935547,114.96992826461792,344.06787096397255,319.4152069091797,82.89289712905884,296.11613031395564,297.85688400268555,67.67253398895264,274.46651088716527,276.6254997253418,64.86531972885132,266.82249821038204,262.3285484313965,71.75604343414307,277.6264588822511,286.7722702026367,51.68390393257141,227.10809165856776,255.39005279541016,52.42180824279785,74.30427677334708,247.97767639160156,63.772501945495605,95.26365760532745,247.1397590637207,70.92457294464111,186.0291218421838,276.17298126220703,61.89813852310181,299.3505220480359,240.79465866088867,57.159236669540405,245.94345039605753,237.54798889160156,69.43517446517944,257.9864999890235,242.04389572143555,77.09954738616943,283.2135639896006,269.1020393371582,76.60889625549316,370.16681328205175,235.5055809020996,70.93422889709473,298.5522371161184,234.31324005126953,81.6262149810791,312.29956888690594,239.56274032592773,87.72218942642212,348.76893703844837,265.3885269165039,94.03761863708496,432.7082506457387,241.04347229003906,89.92940425872803,324.9344510771255,241.33892059326172,95.23720264434814,312.9185882871587,246.51203155517578,98.66950750350952,343.9481764549382
661,26.44,327.1934127807617,112.43309497833252,116.7181551202064,317.1807098388672,80.31445741653442,85.2984778159835,296.051025390625,64.99166965484619,80.80902991249353,275.19420623779297,62.763447761535645,63.5731213568633,260.9558296203613,70.0705075263977,54.34489528964952,286.1962127685547,48.77910017967224,74.03431218959506,255.5997085571289,49.6511971950531,69.46330468450202,249.04470443725586,60.76954364776611,79.67240499427656,249.1379165649414,66.71801090240479,116.42539890115266,274.87064361572266,59.23715114593506,74.06474012178143,240.22308349609375,53.62504005432129,89.502946473973,239.59266662597656,65.69171190261841,106.63670508654874,246.47100448608398,71.82527303695679,172.15048272657688,267.13428497314453,73.81025075912476,85.52950460015985,235.96189498901367,67.96016693115234,75.22161891363615,238.05578231811523,78.47125053405762,122.37346342522588,245.73223114013672,82.97359943389893,194.63382899643315,262.61266708374023,91.02799415588379,102.35733159194125,240.78203201293945,85.28687238693237,116.24718598510348,243.2911491394043,90.96623182296753,117.3999256107584,249.7536277770996,94.16107892990112,138.82064478428518
662,26.48,327.0055389404297,112.3970890045166,4.782324881238344,317.51306533813477,80.67517518997192,12.262174816460696,296.2164878845215,64.78025436401367,6.711662521510735,276.0809898376465,63.235130310058594,25.11062498662499,261.9023895263672,70.77805995941162,29.544522558353915,285.9447479248047,47.90963530540466,22.627468583937798,255.82988739013672,50.24629354476929,15.951527368295492,250.3538703918457,61.90042734146118,43.2493744558992,251.21545791625977,67.64014720916748,56.82491440098952,274.0756607055664,58.45221519470215,27.929848224820496,240.4653549194336,53.69379758834839,6.295982898473912,240.6807518005371,65.9180474281311,27.78440566675356,248.09537887573242,72.63213872909546,45.34330437683269,266.37535095214844,73.33165884017944,22.430880961091564,234.75900650024414,67.01117277145386,38.30413352005958,238.4027862548828,78.15282583236694,11.77407169321089,246.91617965698242,83.43148469924927,31.735163923143805,262.66456604003906,90.87871313095093,3.9511332290490753,240.23130416870117,84.54817056655884,23.03504853807724,243.91843795776367,90.67615985870361,17.277749529572482,251.02005004882812,94.28285121917725,31.8065820700445
663,26.52,326.7017364501953,111.57038927078247,22.018861273188755,317.3163604736328,79.7826075553894,22.849641490937085,295.29876708984375,64.00239944458008,30.07563104773297,274.59598541259766,63.03149700164795,37.47252882703596,260.1905632019043,71.10380172729492,43.56358186940575,285.5884552001953,46.28006100654602,41.70174532551222,254.4346046447754,48.62699747085571,53.437660610840275,247.97035217285156,59.85870122909546,78.46099595576554,248.1702423095703,65.66082000732422,90.79879632731128,274.45322036743164,56.84650897979736,41.237450718761416,240.1273536682129,53.496294021606445,9.786869542355912,240.03026962280273,65.44906854629517,20.047884164515672,247.18128204345703,71.57587766647339,34.92188113478611,267.1012878417969,71.85244560241699,41.19356875262905,234.80417251586914,67.31260299682617,7.619881467887231,238.69050979614258,77.75758981704712,12.221813081560168,247.4802017211914,82.07613229751587,36.700655833709696,263.37921142578125,89.41779613494873,40.65861299105858,241.9610595703125,84.69308853149414,43.395384014061314,246.26182556152344,90.33322334289551,59.20869296041724,253.89989852905273,93.24769020080566,76.50606839904958
664,26.56,330.1160430908203,109.56390380859375,99.00591442620568,319.57958221435547,78.14759731292725,69.80074829754628,297.69126892089844,61.52754306793213,86.05586520044352,276.66664123535156,59.82076406478882,95.51315854417886,261.5963554382324,66.90329790115356,110.73753938126801,288.0017852783203,44.58566665649414,73.71878271288189,254.722900390625,46.73736333847046,47.787495692848054,247.93312072753906,58.184165954589844,41.87372808578529,248.59525680541992,64.37306642532349,33.90194140493667,277.77578353881836,55.91297149658203,86.28049555238204,242.1981430053711,53.25905084609985,52.108377464740265,241.73255920410156,65.2692461013794,42.79402652746953,248.99065017700195,71.57333850860596,45.234247879859446,270.911808013916,71.47442579269409,95.73062127223785,238.21460723876953,67.19738960266113,85.30950681694162,241.19455337524414,77.60468244552612,62.717695421154986,249.96816635131836,82.53933906555176,63.26792488455841,266.99438095092773,89.36650514602661,90.38833394405935,243.66710662841797,84.70722913742065,42.65264148624249,247.12539672851562,90.06286382675171,22.62257484833675,254.5797348022461,93.16222429275513,17.129685121674353
665,26.6,337.9158020019531,107.67472743988037,200.63216719892648,326.4323043823242,78.06398391723633,171.3308063208958,303.8453483581543,59.88980054855347,159.2068118043245,281.8942070007324,57.99643635749817,138.41878353155852,266.51512145996094,65.15559196472168,130.5008027196342,295.56331634521484,43.38550686836243,191.40457085820128,260.51746368408203,44.44056987762451,155.828880433924,249.9187469482422,56.25213146209717,69.26159094569121,248.40211868286133,64.33294773101807,4.931521318152627,286.37407302856445,55.961058139801025,214.96059882385163,249.80520248413086,51.893638372421265,193.2157232484359,245.21406173706055,63.91900062561035,93.35424043607564,249.65089797973633,72.20197677612305,22.791352971061997,280.0130844116211,72.88522481918335,230.24930233413107,247.01059341430664,67.38917112350464,219.95191655219926,246.7678451538086,76.91255807876587,140.40258497459504,253.53530883789062,82.74861574172974,89.3319030592552,276.0270881652832,91.92610502243042,234.7090634535069,252.15118408203125,86.2035584449768,215.37550295292505,253.00420761108398,90.30637264251709,147.09629910444644,258.28229904174805,93.1459093093872,92.56500461270775
666,26.64,353.28338623046875,107.2890043258667,384.3106062656274,339.82643127441406,77.3719310760498,335.2998400092806,316.2191390991211,59.883835315704346,309.3448044711178,295.16551971435547,57.39797115325928,332.11999125265083,279.2810249328613,64.56579923629761,319.4880151722363,305.7608413696289,44.09466862678528,255.5538434253636,270.2929878234863,45.53865909576416,245.9251310499176,261.38038635253906,57.05853223800659,287.2493037910603,261.5722846984863,63.57768774032593,329.7950978758098,296.9745635986328,56.72024846076965,265.6910450475804,259.07772064208984,53.53729248046875,235.42672933497332,255.47979354858398,65.27449607849121,258.8708866753185,261.3632583618164,72.17740774154663,292.809653782516,291.5248680114746,74.0409779548645,289.2413859569689,256.4421272277832,69.0593934059143,239.45703235054708,257.0998954772949,78.34461450576782,260.7705522786885,264.87329483032227,82.97166109085083,283.50449246037164,289.1526794433594,93.83171081542969,331.580005275331,262.19812393188477,87.10772752761841,252.18857289310753,262.90008544921875,90.48899173736572,247.43906815755943,268.76453399658203,92.53170490264893,262.50535316160716
667,26.68,372.2710418701172,111.49576663970947,486.2020643820844,356.0014343261719,83.55043172836304,432.871656812826,328.7085723876953,68.13689231872559,374.2483247832111,304.82831954956055,69.03877973556519,378.217963865684,288.55968475341797,76.86572313308716,385.1798735107622,314.66474533081055,50.17542600631714,269.55416438384566,275.89366912841797,56.98575139045715,318.594131579105,274.09481048583984,69.5332932472229,445.3062452392488,279.603214263916,74.42682266235352,526.0811187152159,308.20119857788086,64.6612000465393,343.7804941427136,268.2790756225586,67.53490447998047,418.77654778941445,269.17728424072266,80.1303219795227,505.171267036601,277.6371192932129,85.14454364776611,520.2073884668495,304.93518829345703,83.4072732925415,408.9347276903881,265.5314826965332,81.77331447601318,390.720625746517,267.7693176269531,92.72189140319824,447.5926300729573,277.02051162719727,97.11502075195312,466.0938065545241,304.4060516357422,104.38283443450928,463.6752452312774,274.21539306640625,101.6337776184082,471.31523997456907,274.6142387390137,105.65378665924072,479.05662003523844,280.3916931152344,107.0051908493042,464.1340220093276
668,26.72,388.2474899291992,116.99684143066406,422.4250794817216,365.0007629394531,91.2282657623291,295.73747959861953,336.40052795410156,80.98790645599365,374.4285185384453,312.5219917297363,87.55720138549805,501.3260740405844,297.5827217102051,101.38092756271362,653.0746722953677,319.6788024902344,64.63645935058594,382.6407049880666,282.1077346801758,78.68139982223511,564.2006356102701,276.5484619140625,95.61276197433472,654.8659664482985,278.4280586242676,104.44155693054199,750.9432668182086,316.5937042236328,78.7315320968628,409.57935359062196,276.3859558105469,90.22108554840088,602.2791700343131,273.0983543395996,105.80883979797363,649.4040864866076,278.12089920043945,114.04056787490845,722.5018421837383,316.9572639465332,96.78623914718628,449.67142889839414,278.0232620239258,104.64909553527832,651.6066249258953,276.64794921875,116.94919109344482,645.0737114973158,282.56542205810547,122.81003952026367,657.16247096448,320.23563385009766,116.54953479766846,499.12690696351,289.63693618774414,120.73489665985107,613.736884217626,289.3255043029785,126.65287971496582,640.9871506397866,294.53969955444336,129.54967975616455,665.4040437374537
669,26.76,397.20958709716797,122.35018730163574,260.9807196690531,370.36373138427734,100.2070140838623,261.4614598291874,338.32263946533203,95.4883360862732,365.6817025470149,316.15421295166016,108.34809064865112,527.6445935462191,303.9320755004883,125.9805965423584,635.1466402838998,320.77110290527344,83.02122116088867,460.429546061515,284.29931640625,103.259596824646,616.8928180564383,285.27997970581055,117.70517349243164,593.8823797860537,292.07937240600586,122.17884063720703,559.5587554371539,318.96942138671875,100.15075922012329,538.7643980656104,279.3913269042969,117.0561933517456,675.0718786860223,282.1531677246094,130.91325759887695,667.1869296529944,291.0110092163086,135.14235019683838,618.1828983921973,321.9638442993164,120.00603675842285,593.8354401345453,281.66873931884766,132.45128631591797,701.0043317050879,285.28778076171875,143.00946235656738,686.3783702332161,293.8115119934082,145.27796745300293,628.1333081160412,328.5958480834961,140.35117149353027,630.6797381744724,298.9142036437988,146.38813018798828,681.9806090994791,300.83499908447266,150.39655208587646,659.6544776350657,307.1061325073242,149.9610471725464,599.2386612224007
670,26.8,394.7212219238281,130.56811809539795,214.66012054955007,365.1532745361328,112.42157936096191,331.98688365930184,334.5079803466797,110.71764707565308,392.4948545863088,313.98218154907227,121.89105033874512,342.9007487427473,303.92833709716797,138.28867435455322,307.70195949845476,315.8526611328125,99.6049976348877,432.4441521808424,284.3074607849121,121.90069198608398,466.0274235148953,281.8904685974121,138.95699501037598,538.0106315077091,284.2254066467285,146.84597969055176,647.1826090954476,315.06187438964844,111.68171882629395,304.3763634193822,278.2704162597656,133.73348236083984,417.87289437540016,279.6562957763672,150.29990673065186,488.6694524960529,286.8414878845215,157.00188159942627,556.3407348901356,319.33841705322266,128.2493019104004,216.28148411031788,281.1439514160156,147.9396629333496,387.43161701967,283.2489776611328,163.00339221954346,502.44026351930967,290.5180549621582,169.08870220184326,600.9357018934734,327.1733856201172,147.31500148773193,177.69061534002134,297.44699478149414,162.05310344696045,393.33834755361903,296.5635871887207,170.8010959625244,521.1707795898233,300.4302978515625,174.801607131958,643.0494671136278
671,26.84,385.6962585449219,135.65857887268066,259.0400004290513,356.2129592895508,118.61688137054443,271.92715442077076,328.20491790771484,117.3975419998169,229.6050852923327,309.2127799987793,127.07010269165039,176.0145136453075,300.5591583251953,141.93430423736572,124.10172954064404,308.1553840637207,110.50741910934448,333.6454595497507,279.7237205505371,134.98350620269775,346.56411957480856,279.6534538269043,152.53831386566162,344.10795629097953,283.02806854248047,160.2671241760254,336.8611897316197,308.19679260253906,123.44012260437012,340.39444706837617,271.688175201416,147.64429092407227,384.7373229174711,274.9874687194824,164.34465408325195,370.0108733921433,283.89659881591797,169.46216583251953,320.0889083479903,313.810977935791,140.24667263031006,330.23617248480224,276.8414115905762,162.56685733795166,381.17143870861617,281.42045974731445,176.71279907226562,345.77025791576926,290.40748596191406,179.9235963821411,270.8864584586908,323.56311798095703,158.50929737091064,294.05175219096094,296.0989570617676,176.29554748535156,357.6524306855996,297.449951171875,183.47345352172852,317.5829490256743,302.56404876708984,183.90506744384766,233.75452217505836
672,26.88,376.1899948120117,130.60260772705078,269.1791856564658,347.5019073486328,118.02175998687744,218.28392545413823,320.6638717651367,120.51187992095947,203.9707050221292,301.07982635498047,131.73163890838623,234.3539722195366,292.54404067993164,147.14404106140137,238.98675256581961,301.76259994506836,112.75815010070801,169.43560499341973,269.6792984008789,135.02923965454102,251.11315660121463,265.911808013916,154.10220623016357,345.75875709930136,269.6731185913086,164.87467288970947,353.18567474070693,303.0716133117676,121.83334350585938,134.278632500586,263.19305419921875,142.82296657562256,244.19798488486637,259.605770111084,162.04025745391846,388.8339104817843,266.38511657714844,172.77990818023682,445.57506696724045,310.0249481201172,135.67256927490234,148.44284100101314,268.26759338378906,154.40829277038574,295.8806077269345,267.20048904418945,170.80967903137207,384.9142704997215,274.7973823547363,178.50959300994873,391.8503701696883,321.4817428588867,152.96125888824463,148.1402490123722,290.67874908447266,171.2488031387329,185.14906666193804,288.2597541809082,180.3537654876709,242.63163200958755,292.1765327453613,183.54074478149414,259.84757563806875
673,26.92,377.30045318603516,131.4277982711792,34.587364334371905,348.1978225708008,118.9664626121521,29.33386531218998,321.7125701904297,122.05304145812988,46.60302612804112,303.5945510864258,135.21244525909424,107.35412581170291,295.1320266723633,151.16211891174316,119.48488688017656,303.3664131164551,113.51504802703857,44.33615313430054,272.77587890625,135.0695514678955,77.42107218217558,268.4430503845215,153.9928436279297,63.34009451719622,270.944881439209,165.46626091003418,35.06562710735595,303.5536575317383,123.0034589767456,31.637960241757728,264.64542388916016,142.9839849472046,36.531703972777414,261.00074768066406,161.54083728790283,37.0420615808453,267.1202278137207,172.66546726226807,18.599147390410394,309.71473693847656,136.50140762329102,22.12470317561535,268.4755516052246,154.79716300964355,11.024594234116519,268.0096626281738,170.22704601287842,24.927684449938674,275.75565338134766,177.4523162841797,35.673146722146235,320.27931213378906,153.1747341156006,30.530838112406457,290.0937080383301,170.35603523254395,26.684587780128705,289.4262886047363,178.11344146728516,63.14593355025598,295.1518249511719,180.0703239440918,114.28086152827979
674,26.96,375.211181640625,119.77415084838867,295.98622628972623,346.27647399902344,111.42657995223999,194.5209032140154,317.4435806274414,117.21061706542969,161.38723983001398,301.3515853881836,135.97572326660156,59.23200380830564,294.930477142334,154.9290418624878,94.30777648841337,303.719425201416,101.18043422698975,308.49160759298167,268.0482482910156,120.7155990600586,377.8114947964697,266.7978096008301,139.87380981445312,355.36419088592766,272.3224639892578,148.85699272155762,416.657475811171,304.3391418457031,109.81116771697998,330.3913723619812,262.3265075683594,128.06721210479736,377.3985666166258,262.0362854003906,146.41289234161377,379.0836456731295,269.7841453552246,154.83678817749023,450.664963259797,310.52879333496094,123.85125160217285,316.90804578703234,264.5499801635742,138.60929489135742,416.42615293600204,266.0571098327637,153.4341287612915,422.6512541664148,275.13383865356445,159.88207340240479,439.5310629525018,319.7398567199707,141.5028476715088,292.10865412898136,290.19323348999023,155.2145004272461,378.54654731582747,289.9016761779785,164.89651679992676,330.6367824057655,295.6794738769531,169.70945835113525,259.35731773967365
675,27.0,375.73158264160156,112.71807432174683,176.88102136684185,348.4560012817383,95.78475952148438,394.823445957258,320.89115142822266,94.67339515686035,569.9847123950437,300.0956344604492,103.37027549743652,815.7407051878627,290.6502914428711,116.80187702178955,959.1665289496341,306.92909240722656,83.0441665649414,460.45233757246524,270.4063415527344,97.72325992584229,577.8236445349146,268.4300231933594,114.95357036590576,624.340880141096,274.804630279541,123.25225353240967,643.1192630632883,305.19874572753906,93.0620527267456,419.27897320113823,262.90658950805664,106.68105125427246,534.8506631418759,262.6637649536133,124.17237281799316,556.2342353216976,271.67001724243164,132.40698337554932,562.7236534415281,308.523006439209,108.31856489181519,391.5414549518447,264.97852325439453,120.45916557312012,453.87969458424993,268.32056045532227,134.5165729522705,476.3120868376275,278.9432907104492,139.42960739135742,520.1053324248074,315.65174102783203,127.78554439544678,357.8382133378959,284.7571563720703,140.51117420196533,391.9014038305757,287.9981231689453,147.3343276977539,441.62625609691037,296.86864852905273,147.73356914520264,550.2010102820502
676,27.04,375.6514358520508,109.00794982910156,92.77475161244563,351.69471740722656,85.528085231781,268.8966456031015,322.7311325073242,79.49604034423828,382.212007169838,301.4093017578125,86.40150547027588,425.48860002562583,290.1471710205078,98.74767780303955,451.53020357842075,306.30151748657227,67.61009216308594,386.1707061998655,269.6287727355957,80.11209726333618,440.7079982756692,266.2660789489746,97.32958316802979,443.908478351466,271.8831443786621,105.76535940170288,443.2314196666777,304.40237045288086,78.66886138916016,360.38015558090854,262.13417053222656,87.61126041412354,477.13569464124294,261.4658737182617,103.84119272232056,509.1609688340259,270.3293228149414,112.22162961959839,505.745716616059,306.7396926879883,94.1305160522461,357.4920784168604,266.04042053222656,102.73923397064209,443.79302736830954,268.78902435302734,115.48200845718384,476.0082089241392,278.4805679321289,120.3567123413086,476.9626806416262,312.1350860595703,112.02853202819824,403.61669696277363,279.9902153015137,118.6388111114502,559.6449735845309,280.13248443603516,124.82211112976074,596.1691074481732,286.34395599365234,126.50619506835938,592.3314966949198
677,27.08,368.5899353027344,106.55545234680176,186.8815365222759,347.7184295654297,79.34561491012573,183.76922395862752,321.2668228149414,70.0825023651123,238.16866418524373,299.27331924438477,72.92628765106201,341.08642285801994,286.7371368408203,82.71383285522461,409.8113261895708,309.2017364501953,56.06509566307068,297.5926475720663,272.3150444030762,63.17223072052002,428.7883612284231,266.1582946777344,79.02388572692871,457.6503689050335,269.5847702026367,88.1420373916626,444.3140798766332,304.15571212768555,66.72055721282959,298.77124717280213,262.6322555541992,68.72766494750977,472.25408047193565,259.04090881347656,84.35819149017334,490.8333422617152,265.1223373413086,93.0262541770935,497.2267692545718,302.3339080810547,82.33105659484863,314.8791251113864,261.9888687133789,82.7764892578125,509.24346375924,261.9102478027344,95.99559545516968,516.6223587604435,269.52545166015625,102.55058526992798,498.2797085515217,303.21386337280273,101.3303804397583,348.2444019974842,272.7145767211914,102.44933366775513,443.7299971909897,272.8025817871094,108.96143674850464,436.812649106401,278.79472732543945,111.66287899017334,416.31935284248993
678,27.12,362.2567367553711,103.88617515563965,171.8182989446676,345.5791473388672,74.38551664352417,135.04421326742872,321.3829803466797,62.32219219207764,194.02948640909725,299.6363067626953,61.96612358093262,274.15433197220847,285.6637763977051,69.36171770095825,334.8797188297929,308.1092834472656,49.0620231628418,177.1942401840987,274.04401779174805,51.11690640449524,304.4669453972732,268.1101417541504,63.53635311126709,390.2510198023961,271.080322265625,71.04642391204834,429.0226365075894,301.337890625,60.8134388923645,163.6195374813383,263.7133026123047,60.887746810913086,197.85250050602096,261.8627738952637,73.1852388381958,288.09481241331525,268.1413269042969,78.84081602096558,362.57839985198575,297.94490814208984,76.54179811477661,181.62260702711131,262.1173286437988,75.08980751037598,192.19387711386858,262.01595306396484,85.93460083007812,251.5387475722837,268.5244560241699,90.83064794540405,294.06517469987915,297.23907470703125,94.4701623916626,227.43225813971702,270.9893035888672,92.9354739189148,241.72568996401176,270.3615188598633,98.2651948928833,274.28130866038003,274.70251083374023,100.96725225448608,286.29384717026653
679,27.16,356.65531158447266,102.43020057678223,144.688946363081,341.9010925292969,72.77378797531128,100.39221982474105,319.4467353820801,59.10828709602356,93.80242044245084,299.94863510131836,56.87851667404175,127.42962035509717,287.05480575561523,63.68782997131348,146.04786168235543,306.18648529052734,45.68739652633667,97.09936176208252,275.1168632507324,44.362757205963135,170.9706275484463,274.3461036682129,55.2152681350708,259.9611463453693,280.88356018066406,60.34393787384033,362.8418052479076,298.7687683105469,57.02946424484253,114.34283318082845,265.21629333496094,56.02022409439087,127.35717124550392,267.8332710266113,67.10316896438599,213.0704254837698,276.7729187011719,70.25552988052368,304.3553793071755,294.2669868469238,72.09234237670898,144.31900736402196,262.73908615112305,70.09220838546753,125.90318555143796,267.393741607666,79.46918964385986,210.24115829750102,276.13908767700195,81.79463624954224,295.41509204852645,292.9867935180664,89.02057886123657,172.80743611950493,267.90721893310547,86.56978368759155,176.81427039842893,271.512393951416,91.45555973052979,172.655083404598,279.5947456359863,93.10697078704834,231.46002099127875
680,27.2,351.5604019165039,100.16912698745728,139.3524270983113,338.6138916015625,72.20365762710571,83.40690376567584,317.1320915222168,58.69718313217163,58.771712302228984,297.6829147338867,56.46901488304138,57.560731515868724,284.79747772216797,63.740880489349365,56.448783246689516,305.1680564880371,44.63141441345215,36.67675906205583,276.00955963134766,46.97964549064636,69.1240330966547,273.43523025512695,57.93908715248108,71.80216054493381,277.69798278808594,62.85065174102783,101.33952133809568,296.86840057373047,56.32962942123413,50.62834134323697,264.3275260925293,55.957674980163574,22.27413863247805,265.32814025878906,66.97384357452393,62.711667676122815,273.1471252441406,71.02066040039062,92.64111838663516,291.96054458618164,71.48954629898071,59.59781357913917,261.0867500305176,70.38795232772827,41.964859814801116,264.25464630126953,79.51790571212769,78.48683248620398,272.35774993896484,82.22193717956543,95.13510515939387,290.37654876708984,88.03331851959229,69.76774255603505,267.437801361084,86.45037174224854,12.10919252089991,270.21350860595703,91.40619993209839,32.49557210557014,277.2142791748047,93.11825752258301,59.5123304618971
681,27.24,347.43335723876953,98.621506690979,110.19195284277548,334.9657440185547,71.49754285812378,92.89637659234937,314.4921875,58.365933895111084,66.5151265858452,294.8689842224121,58.24295997619629,83.16056050247064,282.0149803161621,66.74610614776611,102.38918727225214,304.2021942138672,43.975456953048706,29.1887191664394,275.1789665222168,49.71304893493652,71.42031968474109,269.80236053466797,61.72910213470459,131.24870468719496,271.0910987854004,67.66550302505493,204.37971571354566,295.400390625,55.283074378967285,45.07168364162937,262.0030403137207,54.917049407958984,63.6697323960212,262.6524543762207,66.6152286529541,67.49027524460539,270.37689208984375,71.95650815963745,73.10096937478376,290.29911041259766,70.02021074295044,55.448796703397285,259.22985076904297,68.90350341796875,59.433068620040885,262.5531768798828,78.39785814285278,50.92583301572415,270.89420318603516,81.74890279769897,38.4523294518584,288.5721015930176,86.80579662322998,54.55982731178164,266.79676055908203,83.7876033782959,68.47111010262972,269.40479278564453,88.4521222114563,76.56939849581589,275.80095291137695,90.52393198013306,73.85804013064029
682,27.28,346.09928131103516,99.24169063568115,36.77963691217814,334.5433807373047,72.31118202209473,22.918325507326127,314.4935989379883,58.00373196601868,9.055116978656873,294.82561111450195,57.147531509399414,27.407170051360858,281.63990020751953,65.35630702972412,35.98807681380067,304.0546226501465,42.756385803222656,30.699265410156606,274.595947265625,48.791502714157104,27.262140536255597,269.006290435791,60.62060594558716,34.11828142299439,270.0547218322754,66.63901805877686,36.46701056231819,295.0359535217285,53.69404435157776,40.75713764319746,261.86885833740234,54.222378730773926,17.68778096083297,262.0294761657715,65.68980932235718,27.889321300196713,269.3731498718262,71.26082181930542,30.53151982332584,289.7821044921875,68.49746704101562,40.202950012415876,259.0283393859863,68.01878929138184,22.684327233850336,262.43364334106445,77.49860286712646,22.679124732670697,270.8897590637207,81.04268789291382,17.655722195011116,287.64705657958984,85.71659803390503,35.7251823285671,265.1613998413086,83.47099542617798,41.64316625045426,268.62218856811523,88.15534114837646,20.924691764417933,275.74750900268555,89.99509334564209,13.288306718372873
683,27.32,349.01214599609375,98.26223373413086,76.82820321769864,336.79039001464844,72.09333658218384,56.43861337860172,315.62530517578125,57.649126052856445,29.649034157004333,295.8732795715332,56.71480894088745,28.33789442996152,282.23228454589844,64.42548751831055,27.58333019217426,305.48688888549805,42.201619148254395,38.398833074658754,274.9944305419922,48.63276958465576,10.723371902811703,268.8230895996094,60.29747486114502,9.28628841728508,269.2281150817871,66.0295557975769,25.674926579492798,297.17350006103516,54.53075408935547,57.38678197652444,263.5204315185547,55.31898021697998,49.56201161329991,263.24256896972656,66.01708173751831,31.41159603487415,270.03225326538086,71.12942218780518,16.801844142714387,292.3336410522461,70.50445318222046,81.15699364620367,261.5469551086426,69.43638324737549,72.25388303787295,265.0511360168457,77.97033548355103,66.49153879050725,273.4743309020996,81.30444288253784,64.94481918489723,290.5655097961426,88.36000442504883,98.44086589784145,268.3750534057617,85.12840032577515,90.39690340911496,272.1274948120117,88.86146306991577,89.3930227687613,279.17802810668945,90.48784732818604,86.64319004633559
684,27.36,358.64810943603516,99.33428764343262,242.38539946789365,345.1491928100586,72.26642847061157,209.01486934904315,321.9146728515625,56.41746640205383,160.22080712367162,301.1395072937012,55.05429983139038,138.0453841234224,287.09739685058594,62.429444789886475,131.4664983724854,312.884578704834,41.25903010368347,186.4374707007213,280.8660697937012,45.590107440948486,165.32910440799398,273.3429145812988,57.32399940490723,135.25525441261195,273.25307846069336,63.329222202301025,121.17170597779823,303.9426803588867,53.68988513946533,170.5301705265653,268.12999725341797,52.60379076004028,133.74497666057908,266.9810485839844,64.62632417678833,99.71972102770359,273.92648696899414,71.3840103149414,97.5636691244375,298.5158157348633,70.29637813568115,154.64188273108869,266.2487030029297,68.40487718582153,120.33920292358964,268.9365577697754,77.57218837738037,97.64419886855565,277.1914482116699,81.40532970428467,92.96215373711703,296.4232063293457,89.070725440979,147.5163826444048,272.3950004577637,85.28883934020996,100.57868492582067,275.70030212402344,89.72691535949707,91.90334513194391,283.0499458312988,91.98268175125122,103.76137533580616
685,27.4,374.1507339477539,102.27177858352661,394.4618325757871,358.4482955932617,73.85810852050781,334.8503212439093,331.84757232666016,57.971709966659546,251.34409312796865,308.97192001342773,57.92692422866821,208.56452829395852,293.23333740234375,66.38784170150757,182.54909025491847,320.1639938354492,43.17088007926941,188.15727293440247,282.4958801269531,49.368284940719604,102.86795827100264,275.87696075439453,60.834646224975586,108.24171764688586,277.56519317626953,66.35572671890259,131.7053124149189,313.4754943847656,57.95591354370117,261.09569797028036,272.301025390625,58.56832265853882,181.95658220022452,271.9481086730957,69.78542804718018,179.0391693777069,279.8021697998047,75.35284996032715,177.26275846019425,310.15485763549805,76.57320499420166,330.5921314253564,272.3516082763672,74.1545820236206,209.61953406463772,275.33946990966797,81.94159269332886,193.79270166116456,284.4944381713867,85.2139663696289,205.91165520728913,309.90495681762695,96.95376634597778,390.43239662756895,281.39892578125,91.74279928207397,276.9524667723955,284.12919998168945,93.83786201477051,234.44909028597047,291.4214897155762,94.86027717590332,221.3076230532402
686,27.44,390.6319808959961,106.30866050720215,424.2109709762944,370.20103454589844,80.94855308532715,343.14836169614784,340.68885803222656,67.49946355819702,324.9484780589341,316.1556625366211,71.87190771102905,392.16444331655464,300.44994354248047,82.54554033279419,442.4015633740887,325.0868225097656,51.99154615402222,252.53513636592103,283.5555076599121,63.357346057891846,350.7283862269571,287.3005676269531,74.4847583770752,444.98901372931766,297.4568748474121,76.69853210449219,560.4978941476112,321.3031768798828,67.43079900741577,307.25200141219,277.15003967285156,75.40584325790405,438.0461158965499,284.3660545349121,85.98426818847656,510.2743143093957,296.6266632080078,87.15856790542603,513.8327516334352,321.0999298095703,86.38502597808838,367.4799619668829,276.94738388061523,90.02867460250854,413.149464939526,285.766544342041,98.71543407440186,493.76464275480265,298.53981018066406,99.3068790435791,497.4200077114017,323.6829376220703,107.62421607971191,435.66848962812054,290.54975509643555,107.41933107376099,453.79739846890425,297.35456466674805,111.06737852096558,543.0046673890355,308.4320831298828,111.4377236366272,593.8076390260038
687,27.48,402.3830795288086,113.22218656539917,340.8492717054867,378.3992004394531,90.0765323638916,306.7265982599012,345.58521270751953,84.92795705795288,452.58056933082065,322.2785186767578,100.4944896697998,731.7537005797096,309.92652893066406,118.92781734466553,939.9054976392828,327.7891540527344,69.36578750610352,439.57853275075865,287.15579986572266,87.44457721710205,608.8702698874198,296.3350296020508,97.10981369018555,609.0538928846878,307.83519744873047,96.27455949783325,553.9237473029767,326.6035461425781,84.96565103530884,457.960799332917,283.1603813171387,100.50248622894287,645.1577787142674,293.9298439025879,108.24819087982178,605.7785902639391,306.3037109375,106.09120845794678,531.5602805949101,329.40540313720703,103.79164695739746,482.16396401626696,284.31623458862305,114.3907356262207,636.3027866511264,296.3975143432617,119.99246835708618,594.6268320517177,308.8294982910156,117.10408687591553,513.9420492840653,335.0991439819336,123.8181209564209,495.3359483767569,303.7871551513672,128.33684921264648,618.8554583386717,311.3690376281738,129.94052410125732,587.686713139652,321.5062713623047,127.79914855957031,523.5877573565765
688,27.52,404.2816925048828,119.98464345932007,175.59818207176804,375.9518051147461,100.25173902511597,261.63497290359345,344.6577835083008,97.25443840026855,309.0330354529471,323.2482147216797,108.07815313339233,191.1351974855844,311.883544921875,125.24136543273926,165.24754357152102,325.13275146484375,88.66185665130615,486.9514600844429,289.7567367553711,108.18044185638428,522.4587035370411,288.54711532592773,122.75090217590332,669.9426409704088,293.9034080505371,128.47788333892822,877.1932591546064,325.8509826660156,103.64107847213745,467.2646076732827,285.4304504394531,122.1046257019043,543.0271883325478,287.1084976196289,135.9037685394287,712.1103060615804,295.70898056030273,140.696439743042,904.768735665515,331.65611267089844,122.11386680603027,461.4985330330718,290.8702850341797,138.5107183456421,624.8645571382287,293.49403381347656,148.97323608398438,728.146232405992,301.8625831604004,151.53708457946777,878.2686225217594,340.62023162841797,141.6527223587036,466.74097204610376,310.6138610839844,152.0511817932129,616.9347025983301,310.4127502441406,155.46687126159668,638.6063365402753,314.9254608154297,154.59294319152832,689.7528987948343
689,27.56,398.53260040283203,130.39814472198486,297.3771474758358,368.2875061035156,113.79768133163452,389.0967362888996,338.0669403076172,112.17471599578857,407.7789671067019,317.4016571044922,122.15831279754639,381.1439460190565,306.82315826416016,137.34317779541016,327.93041905531635,318.7985610961914,104.3104362487793,422.04858358130764,288.3854675292969,126.69432163238525,464.1148319991752,286.98184967041016,143.79279613494873,527.5008044757222,290.26073455810547,151.45872116088867,581.6936356298907,319.364070892334,115.85771083831787,345.8017231105281,281.58050537109375,138.87936115264893,430.27159044597437,283.2636260986328,155.6125545501709,502.0080197505525,291.54258728027344,161.85799598693848,539.1951731675342,325.12096405029297,131.83751106262207,292.8922851516324,286.4449882507324,153.81528854370117,398.2878360627736,289.20766830444336,167.79175758361816,482.51274640495814,297.64347076416016,171.6216230392456,513.0726036308134,334.3120574951172,150.18088817596436,265.19176210661647,304.4213104248047,167.03767776489258,405.3877350571906,304.3890571594238,174.74470138549805,504.9254973909913,309.4756507873535,176.49945259094238,564.355596792005
690,27.6,391.7039108276367,134.735369682312,202.2413806427637,360.4013442993164,119.86215591430664,248.70841356632724,331.77730560302734,120.12609958648682,253.4561176560035,311.96523666381836,130.8914852142334,257.17572745517685,302.5560760498047,146.57489776611328,254.2546020251498,314.9809455871582,110.80971479415894,188.4389983941138,280.42301177978516,133.52129459381104,262.21205800240546,278.5609436035156,153.35527896881104,318.54428355349233,283.7939643859863,163.35607051849365,338.5317915239955,315.7875442504883,122.0372486114502,178.49760136588898,273.32815170288086,145.0079584121704,256.97889679247135,273.7454605102539,164.9229383468628,332.8651403060098,283.1447982788086,173.43206405639648,357.4929298160763,321.79134368896484,137.92432308197021,173.44965463617223,279.1908836364746,159.47060108184814,229.95188852605511,280.7537269592285,176.4732027053833,302.94039602551425,289.7281837463379,182.5283718109131,336.9059005705226,331.77162170410156,156.2477445602417,164.43190154992726,299.25968170166016,172.81083583831787,193.6035982625747,296.37054443359375,181.6329002380371,264.27238524676034,299.7707939147949,183.6764430999756,301.7588437846524
691,27.64,389.80396270751953,136.1053991317749,58.55971072083405,360.4279327392578,119.14888858795166,17.84406806168544,332.269287109375,118.46208572387695,43.38049631996147,311.53209686279297,128.35940837860107,64.22140992680187,301.10301971435547,142.50779628753662,107.9718920339617,312.45813369750977,111.22096538543701,63.902791798256395,279.0154266357422,130.7715368270874,77.22719612200827,271.5276908874512,148.1228256225586,219.15350183823264,271.7344665527344,159.46301937103271,316.80764592548456,313.6214065551758,122.53522396087646,55.5660190881642,271.57684326171875,139.19766426086426,151.71230870628983,264.54044342041016,157.30801105499268,298.6631226030256,268.14334869384766,168.8192653656006,392.36574249347785,320.3230285644531,138.1926441192627,37.31575977321426,279.17394638061523,154.71300601959229,118.9406302715702,278.25769424438477,170.43245315551758,163.4029422122143,285.2742004394531,177.7859115600586,162.65165332879153,331.04000091552734,156.76287174224854,22.36941259728708,300.6382942199707,170.6006956100464,65.12148409063285,299.3538475036621,178.1791591644287,114.09542226632328,303.92324447631836,180.6073808670044,129.08812071543034
692,27.68,392.5478744506836,129.99680042266846,167.41421281355298,363.42323303222656,112.07763433456421,191.9870773012939,336.1923599243164,111.1525011062622,207.39534649040826,315.51443099975586,120.03850936889648,230.61920115761555,304.36235427856445,133.39226245880127,242.01784384661852,320.3221130371094,102.18326568603516,299.5018644664607,282.9094696044922,116.33923530578613,373.7101967469464,273.1121063232422,133.60136032104492,365.19115437692216,272.8496742248535,144.77545738220215,368.2459820959472,320.54515838623047,112.44474649429321,305.93716156432504,275.21976470947266,124.19583320617676,385.94511564785,268.1632995605469,141.45506858825684,406.54095078614387,272.8369903564453,151.56590938568115,447.0099024537196,325.94268798828125,128.0169439315796,290.60867841204674,281.35541915893555,141.31246089935303,339.4236226698511,279.62738037109375,156.1483669281006,358.7401213256461,287.5180435180664,162.88978099822998,376.6045152713961,335.1226806640625,146.91186904907227,266.58784667308214,302.5560188293457,156.00302696228027,368.07743549029215,297.8909111022949,162.5410509109497,392.65969097137196,300.3443908691406,165.16096115112305,396.39001877946635
693,27.72,397.9294204711914,124.1561508178711,198.54820790059884,371.97689056396484,102.84095764160156,314.72334428488773,341.99161529541016,96.78729057312012,387.2907794221418,318.6211585998535,102.0421314239502,456.56419011908787,305.39228439331055,113.82574081420898,489.8402324416345,325.39806365966797,87.13199615478516,397.1035674299807,285.61622619628906,100.81982374191284,393.84218487241174,277.44213104248047,118.3012318611145,397.52597789294487,279.9176788330078,128.04931640625,453.9551747476808,324.97249603271484,97.75203466415405,383.6315774603032,279.5296096801758,107.9779314994812,419.51988886071723,274.2024612426758,125.88558197021484,417.4928048573732,280.809268951416,136.32144927978516,430.0805083906403,329.12574768066406,113.57277631759644,369.76837941652065,285.7659149169922,123.71100425720215,453.64065401300354,283.56801986694336,138.6000680923462,449.632788829666,290.75435638427734,145.65170288085938,438.4810843615248,336.5673065185547,132.901611328125,352.11349845152006,303.0866050720215,142.33620643615723,341.9279027205288,301.6328811645508,149.19878482818604,346.4267636980479,307.3048400878906,151.18606567382812,390.3088175791987
694,27.76,401.38450622558594,120.8085823059082,120.27009320822827,378.40282440185547,93.6892032623291,279.56130131363904,347.6726531982422,84.23858642578125,344.3691400870346,324.1279983520508,87.40735530853271,390.91395792806344,310.1353073120117,97.59132385253906,422.8272109360104,331.1228561401367,71.09625577926636,425.67462510663245,292.1697235107422,81.04013442993164,520.9273199839445,287.23339080810547,97.14245796203613,582.8606612595473,291.94515228271484,105.63202857971191,636.0006442023371,328.8523483276367,82.79006481170654,386.42091339622675,285.5482482910156,90.37687540054321,465.0411181590924,284.54626083374023,105.44549703598022,572.7080746870686,292.9566192626953,112.60906219482422,666.0684184319766,330.37132263183594,99.19435501098633,360.80678367147414,289.22698974609375,105.99117279052734,451.36699742282815,290.6393623352051,118.37786436080933,535.5729455821267,299.48328018188477,123.51153373718262,594.9691170425642,334.4138717651367,118.51996421813965,363.54939041464706,302.7827262878418,124.87548351287842,436.5841752450126,304.14539337158203,129.9164915084839,486.1324107544615,311.08631134033203,130.76528549194336,519.1987745976356
695,27.8,399.7342300415039,120.42257308959961,42.370498277276646,378.6006164550781,90.09174585342407,90.07226787836711,350.4726791381836,76.72150611877441,200.54089608845177,327.8726577758789,76.4142894744873,290.3338279379029,312.81700134277344,83.98578643798828,346.68260990184183,337.9502487182617,61.70335292816162,290.30147410292267,299.3998718261719,64.44720983505249,452.4932259675664,290.1007080078125,78.5319185256958,470.75317712371475,290.9431838989258,87.89247751235962,444.19563026421196,333.1757354736328,71.82362079620361,294.6974834038758,290.21345138549805,71.73598766326904,480.3948997611411,285.54922103881836,86.03156089782715,485.99565684096933,291.0541534423828,94.82908487319946,447.0367502754583,331.32762908935547,87.55837440490723,291.88029085755187,289.84493255615234,87.06627130508423,473.3746861302301,288.2119369506836,99.92513179779053,465.29273919740143,294.59728240966797,106.7773175239563,435.82319128655405,331.7074966430664,107.13937997817993,292.4488886371649,299.2147445678711,107.438063621521,444.9677699153843,296.3587760925293,113.73506784439087,448.93615946988507,299.64197158813477,116.99941635131836,447.5433397731821
696,27.84,391.99180603027344,121.0383653640747,194.1718467218235,377.53162384033203,90.487060546875,28.493627766132768,353.61793518066406,75.72943210601807,82.45016077738411,331.84024810791016,71.08850955963135,166.0303148981967,318.1592559814453,76.92512512207031,221.3490214041385,337.0436096191406,57.93330430984497,96.93832137152467,300.2445602416992,55.183342695236206,232.55742960542838,296.93944931030273,66.2669849395752,351.0671040505781,302.283992767334,72.51490831375122,477.6790111098115,330.0218963623047,68.770272731781,109.7429825280877,292.14805603027344,67.09747552871704,125.64456303888731,294.4584083557129,78.99812936782837,283.77233142817954,303.8580513000488,82.85616874694824,438.24259899326233,326.1509704589844,84.7198748588562,147.59504193977733,291.4917182922363,81.0110592842102,156.87872680494905,296.04047775268555,92.21870183944702,274.63056297445263,305.05224227905273,96.42771005630493,367.7809815339413,324.7981262207031,103.43696594238281,195.97077161833352,297.8537178039551,99.75224018096924,195.1350106519691,301.92752838134766,106.40655040740967,230.1061845626346,310.49312591552734,110.05948305130005,322.01535720908726
697,27.88,385.66356658935547,119.6629285812378,161.89973896900383,371.0330581665039,88.68239879608154,168.61227685846697,348.7120056152344,74.25209283828735,128.0885343545048,329.4790267944336,69.67966318130493,68.73960925541512,315.7280158996582,74.89824056625366,79.13275766827007,333.89583587646484,57.61231541633606,79.10243914078745,300.3209686279297,53.56842756271362,40.418043052707105,292.42834091186523,64.31645393371582,122.86850233906605,293.33255767822266,72.64527797698975,223.80960994177963,327.6593017578125,67.82968997955322,63.57352622635064,292.73279190063477,68.29867601394653,33.39908909501489,292.2928810119629,79.5470380783081,55.850299064605835,299.63483810424805,84.53847885131836,113.64884783966038,323.8349151611328,83.0389666557312,71.54353801200011,292.0833969116211,82.75541067123413,46.049194822285955,296.1636734008789,92.45866298675537,6.7434468166936625,304.6018409729004,96.59832000732422,12.040792435782125,322.69397735595703,100.38203716278076,92.73629377653724,298.4063148498535,99.41319465637207,16.207933298331266,302.8164482116699,104.95471000671387,42.558922491593265,310.91869354248047,107.65952825546265,60.93485674869035
698,27.92,381.363525390625,119.64395999908447,107.50207590405022,367.24498748779297,90.71464776992798,107.4695170694039,346.22779846191406,76.37293338775635,81.65954405671052,327.3975372314453,71.32809162139893,66.37919065367862,313.7933540344238,76.44047498703003,61.85367582761133,331.04766845703125,60.07004499435425,94.04949603728772,298.83350372314453,55.621497631073,63.38201908152206,291.8046760559082,65.6751036643982,37.37384566143138,293.15425872802734,73.6479663848877,25.460441853167957,324.46971893310547,68.28609466552734,80.5517839383664,291.44824981689453,70.34658908843994,60.43589747400105,293.44852447509766,82.24953174591064,73.48037083686847,302.1536445617676,87.13982105255127,90.5240548775482,320.59288024902344,81.47213459014893,90.01997380121003,291.0314750671387,85.03941535949707,62.865019003548326,297.16556549072266,95.74474811553955,85.88561882421008,306.68603897094727,99.72777128219604,93.9991574990818,319.0439224243164,97.15940952301025,121.72774413780655,296.66147232055664,100.67415475845337,53.81969801501582,303.29233169555664,108.40078353881836,86.96941947786623,313.0890083312988,111.52337551116943,110.79141973207061
699,27.96,375.03055572509766,119.21736001968384,158.68304164062818,362.8963088989258,90.15697717666626,109.6072589973538,343.8505172729492,76.26415729522705,59.494212374566544,326.1531448364258,70.71712017059326,34.65723721751727,312.9494857788086,74.78851318359375,46.3754476585371,329.3063735961914,60.73575496673584,46.60524085145595,298.79690170288086,53.772422075271606,46.23594461394192,291.1570930480957,63.77652883529663,50.14946493798259,291.80416107177734,72.57590532302856,43.09929380052437,322.8428649902344,68.05970191955566,41.063269984134095,290.56217193603516,67.999427318573,62.72112076920921,290.2244567871094,80.16688585281372,95.95580484252758,297.4776077270508,85.79241514205933,121.6573650854545,318.5434341430664,80.32517910003662,58.71401151727539,288.9092254638672,81.92800283432007,94.15688795971826,292.9212951660156,92.93668985366821,127.22770382087731,301.53934478759766,97.48295545578003,140.37374022465107,316.26380920410156,95.23107290267944,84.58542885199776,293.8116264343262,98.00764560699463,97.57014345484335,298.4215545654297,105.66691160202026,139.6391009401108,307.25053787231445,108.70996713638306,162.02431141604828
700,28.0,369.7389221191406,118.47298622131348,133.5933161019717,360.49915313720703,88.88356447219849,67.8598540276269,343.074951171875,73.62078666687012,68.86994562214528,324.47147369384766,66.74865961074829,107.75173156040543,310.53531646728516,69.67382669448853,141.39534855003427,330.7372283935547,58.45659255981445,67.2770704264332,300.39661407470703,53.3889377117157,41.12587331645369,296.35244369506836,64.33422803878784,130.62995623749057,300.51177978515625,71.51493072509766,219.30043712200106,322.7045440673828,65.88189840316772,54.55479374955389,291.2383270263672,65.96268653869629,53.65106424034558,292.92760848999023,77.62452363967896,92.77201474435593,301.6197395324707,81.47432327270508,149.58938232218924,316.9692039489746,78.1783390045166,66.55412787593787,288.0473327636719,79.44999933242798,65.5903974585811,293.2849884033203,90.2135181427002,68.68377236599288,302.4242401123047,92.879798412323,117.18600199686936,313.7501525878906,93.22880744934082,80.34121190994672,291.4904022216797,95.5475378036499,84.5584570336326,297.32177734375,102.81947135925293,76.31114709470853,306.7501449584961,104.6262788772583,102.85579366859035
701,28.04,369.57271575927734,116.70783519744873,44.32396848143905,363.8132095336914,89.02541399002075,82.92726890469069,346.6262435913086,72.70159006118774,91.70809754400271,327.6291275024414,66.09440803527832,80.6180140342853,313.3169174194336,69.56294059753418,69.59525658895001,333.22826385498047,56.164315938949585,84.63077815075765,303.24657440185547,50.66274404525757,98.59768561354663,298.7503242492676,61.05257034301758,101.60926503158727,302.75279998779297,67.89391279220581,106.45991739544,324.6613311767578,64.28462505340576,63.14812915516564,293.3657646179199,62.45337724685669,102.5952070388264,294.577579498291,73.80258321762085,104.07218924259614,302.8805160522461,77.56118774414062,102.7806739425339,318.37921142578125,76.9458818435669,46.81794353014425,289.8285675048828,75.76478004455566,102.32802158684018,294.3614387512207,85.875084400177,111.74958805785,303.2234001159668,88.76505374908447,104.79080456766934,314.35251235961914,92.63847827911377,21.085033551932455,292.1074867248535,92.11385250091553,87.21735794221006,297.29442596435547,98.66792678833008,103.79086671738567,306.7005920410156,101.22523784637451,85.03505007269757
702,28.08,376.8183135986328,112.52796649932861,209.12016638645377,369.4974899291992,85.15193939208984,171.9644750296745,349.5336151123047,66.05983257293701,181.25560628197445,329.59320068359375,59.8927116394043,162.6319111665949,315.01935958862305,63.58004808425903,155.5098714005768,339.22054290771484,50.96989631652832,198.25709864282643,308.1793975830078,42.78013229370117,232.47084839056828,305.51761627197266,54.438843727111816,236.56080226670593,311.8467903137207,61.89488410949707,272.3612091323182,331.5496063232422,60.24174213409424,199.676671135074,298.4294891357422,55.21006464958191,220.94524685744238,300.22377014160156,66.73989772796631,226.0544667585452,309.3882369995117,71.28294467926025,226.06244699916198,325.73246002197266,73.96930932998657,198.32147016585338,293.90161514282227,68.98849725723267,197.6545684310985,298.7457847595215,79.71740484237671,188.97669740118522,308.23644638061523,83.69170188903809,178.30719970626149,322.3868942260742,90.75955867767334,206.2789840917805,297.2233581542969,86.44532918930054,190.89312621352656,302.5986671447754,93.25146675109863,189.527395504891,312.16785430908203,96.75801515579224,176.5060821811032
703,28.12,387.3682403564453,111.19543075561523,265.8437112565881,378.86058807373047,83.16867113113403,239.27097590785957,357.7372360229492,63.57179403305054,214.31538066236143,337.9707717895508,55.90388059616089,231.9677654423514,321.91734313964844,57.86914587020874,223.88135972075335,349.31575775146484,46.66925668716431,274.327432053293,314.9629592895508,34.82893466949463,261.29276334896826,310.2339172363281,47.078611850738525,218.54134056906975,315.12948989868164,55.27080059051514,184.8218720679975,342.0493698120117,57.489720582962036,271.36075611857757,305.49158096313477,48.97146463394165,235.5754538540567,305.1631736755371,61.52454614639282,179.57867250608442,313.60816955566406,66.90781831741333,151.96537734917277,335.47168731689453,73.46341609954834,243.80893680138462,300.7524871826172,64.11913633346558,210.12663371101027,304.2744827270508,75.11660814285278,179.81558519513962,313.45985412597656,80.5245852470398,152.7142271906977,331.3205337524414,92.40389585494995,227.09271226148496,304.3575668334961,82.87418603897095,199.45237037715827,307.5440216064453,89.06151294708252,162.0421311560432,316.2660789489746,93.81926536560059,126.07461959186641
704,28.16,400.9479522705078,114.67108726501465,350.4361245650389,389.5199203491211,84.98794555664062,270.3367390779583,367.53490447998047,64.51989412307739,246.08586023811645,346.2392807006836,56.978445053100586,208.45102600131406,328.4727096557617,58.84795904159546,165.7009832972094,356.737060546875,46.318888664245605,185.7392206371721,317.635555267334,35.4063355922699,68.35642382982692,311.6789245605469,48.92834186553955,58.6810621852444,317.01255798339844,58.07891249656677,84.52602368719033,350.3213119506836,58.51184606552124,208.37131407602678,308.89610290527344,50.14601469039917,90.03588690637486,307.4706840515137,64.09518241882324,86.35962229383613,316.4990425109863,70.24869203567505,110.44960288856171,344.90028381347656,76.64325714111328,248.75919699704042,307.18265533447266,67.05194234848022,176.68547899948243,309.4068908691406,78.64343404769897,155.68420420053113,318.9697456359863,83.6510181427002,158.37749031811853,341.90216064453125,98.15690517425537,301.11038664355925,310.5668830871582,88.64855289459229,211.98307851290087,313.2060241699219,94.48685646057129,196.04308402136033,322.5613784790039,98.2513689994812,192.47457428554824
705,28.2,413.9247131347656,123.9955472946167,399.4855108228109,398.32653045654297,94.82947826385498,330.1629783259654,370.82244873046875,74.47965145111084,262.20782934562914,345.38536071777344,71.05128049850464,352.46797444114867,326.47411346435547,77.0477557182312,457.7301236858796,360.2264404296875,57.35586762428284,289.38585458138874,316.6552734375,50.76188921928406,384.6702968598648,316.6530990600586,64.20222759246826,401.58591636073754,327.32105255126953,70.98019123077393,412.84686418932444,354.80236053466797,71.59327268600464,345.69090134750445,310.7156181335449,68.62014770507812,464.08796735503364,315.3515815734863,81.08649015426636,468.25012300609956,327.1849060058594,83.85396480560303,432.5008134206254,350.74344635009766,90.13649225234985,367.60197751481127,309.9910545349121,86.61121845245361,493.99670278536104,317.21033096313477,97.01942682266235,499.10594301589765,329.26673889160156,99.30867433547974,468.5017793172409,348.1460189819336,110.96887350082397,356.3112222293752,316.85203552246094,105.91458320617676,459.3602506853592,323.9545440673828,112.05185651779175,514.8178725264574,335.2543258666992,114.4735836982727,514.9460913050076
706,28.24,419.66392517089844,137.96457767486572,377.5516227617191,400.97747802734375,107.41294384002686,321.4917659616622,370.00938415527344,89.72861766815186,381.76567149553244,344.9039077758789,89.77038860321045,468.1324633389849,326.7823791503906,99.00145769119263,548.8966535530602,353.6408996582031,73.46957445144653,435.18738418400363,308.0546188354492,75.23300886154175,648.4630657029875,316.5085029602051,86.80236339569092,565.0149590697796,331.52530670166016,89.73253011703491,480.4463853193278,349.38880920410156,88.99242639541626,455.54712147346066,304.93114471435547,93.54990720748901,639.8012589787919,316.3411521911621,103.07862281799316,550.3596262367491,330.63961029052734,102.79269933700562,481.28126349454175,347.3729705810547,108.3147382736206,462.201752024719,306.983642578125,111.32341861724854,622.3631193195799,319.17821884155273,118.49076747894287,539.0333085023997,333.19263458251953,117.78707027435303,472.2709586731813,347.4715042114258,129.45093154907227,462.35905952142093,317.80189514160156,129.1581916809082,581.5752145158663,327.7914047241211,132.88155555725098,529.5032234165783,340.4214096069336,133.14159393310547,484.24771586091094
707,28.28,420.1481246948242,147.4971055984497,238.62043315807838,396.1385726928711,118.44429016113281,301.14947128893266,363.7771224975586,102.55252361297607,356.4527046572242,339.27207946777344,100.43572425842285,301.5241229262626,320.2393341064453,107.41526126861572,266.46239074041364,349.53182220458984,86.6708493232727,345.64990937480917,304.0597152709961,85.70209264755249,280.1349784119627,295.7151412963867,102.19664812088013,646.7939642394558,300.74602127075195,113.02694320678711,965.011040362148,347.56526947021484,102.70774126052856,345.90023761396344,298.6833953857422,107.01455354690552,371.0888309410817,297.67791748046875,123.08783054351807,684.0525946837142,307.43980407714844,128.8414192199707,872.0546198058337,348.41064453125,123.98600578308105,392.6396189414543,304.0013885498047,128.56847763061523,437.52564172281143,308.02589416503906,140.07877349853516,607.4621128063916,319.99507904052734,143.27762603759766,717.6105774561213,352.09228515625,147.17273712158203,457.8577899372037,318.6602020263672,150.32246589660645,529.5417793867316,320.8175277709961,155.5912971496582,593.9104114633151,330.11669158935547,156.51214599609375,638.5383294831666
708,28.32,424.6307373046875,158.22921752929688,290.7662745943224,399.6428680419922,127.26297855377197,237.23584106899352,369.6222686767578,112.27859258651733,283.6835291463548,343.98799896240234,109.59553241729736,257.56307745288944,323.1719207763672,113.86479377746582,177.12378115197737,356.1786651611328,95.89407920837402,284.218765656812,310.39018630981445,87.38317251205444,163.74693333798632,291.5384864807129,96.87420129776001,169.13915431205012,284.869384765625,107.14306354522705,423.2963106587172,357.22057342529297,111.36785745620728,324.25154875073844,302.67627716064453,112.0648741722107,160.9519402001925,290.76908111572266,128.7736701965332,223.69174168182496,294.809513092041,140.17626285552979,424.2662273053472,359.01805877685547,132.91979312896729,346.70754365115744,310.1017379760742,137.31738567352295,266.6430843208791,305.5245590209961,149.12477016448975,234.63633188309467,313.4228324890137,154.55151557922363,326.2428257167762,362.8330993652344,157.10949897766113,365.80760487614015,324.7084045410156,160.02732753753662,285.8814145845678,319.95641708374023,162.91451454162598,184.341775965402,324.89051818847656,162.2614574432373,194.2412651387285
709,28.36,437.18616485595703,165.47118186950684,362.3575655516684,414.57305908203125,133.5272455215454,404.7774428124053,384.4744873046875,114.8177719116211,376.6927045159423,357.4589538574219,107.77649402618408,339.8304048087761,334.7565460205078,108.6912202835083,317.1842965301877,373.26786041259766,98.13594818115234,430.89048117952393,326.1973571777344,86.13731861114502,396.40478269537465,304.83530044555664,93.2996678352356,344.2224490521814,295.0648880004883,101.3294506072998,293.4135111111777,374.87369537353516,114.11395311355591,446.6358667015692,320.3251266479492,109.30994510650635,446.5643307398425,306.93376541137695,121.4038896560669,444.1358770078199,308.9232635498047,130.2121925354004,431.9148131637967,376.05640411376953,136.3216495513916,434.3658012973704,324.3817901611328,135.6615114212036,359.39342122134315,317.6867485046387,145.56049346923828,316.84274628388096,324.46075439453125,151.0704803466797,289.34551824172627,378.0912399291992,160.84230422973633,392.7027251303058,336.76727294921875,159.28185939788818,302.0472128177877,329.52919006347656,162.59708404541016,239.45086218457453,332.9873275756836,164.38902854919434,209.29178355776884
710,28.4,450.7217025756836,175.87039947509766,426.7277441256974,434.67639923095703,139.9109172821045,527.31368172202,407.72388458251953,116.63440704345703,583.0065592387684,379.93091583251953,108.06860446929932,561.8465112472956,356.02176666259766,109.86626386642456,532.441508746804,399.99828338623047,98.12354564666748,668.2606462733022,349.3180465698242,82.84297943115234,583.8551557312453,329.7425079345703,89.2842149734497,630.7202463186449,324.0233612060547,97.3776125907898,730.6718629565537,398.38253021240234,116.26383304595947,590.1733321686557,342.0697021484375,105.99584341049194,549.8919403778123,331.43798828125,116.9984221458435,622.4272459693799,335.1667785644531,124.65315341949463,670.6456759236991,395.51586151123047,139.54258918762207,493.10555053142383,343.1660461425781,129.83429431915283,491.68379824518394,338.3152770996094,138.87120723724365,542.1500843211436,345.4252243041992,144.93666172027588,546.0842022613087,393.0348587036133,164.5411491394043,384.8645831172286,350.31726837158203,154.37965393066406,360.2377638353487,346.4181900024414,155.92177391052246,454.0085932111369,352.4874496459961,157.56657600402832,516.4788351714733
711,28.44,460.14034271240234,190.886492729187,443.13784441223623,451.3499069213867,151.59328937530518,508.971804490934,429.25315856933594,121.74240589141846,553.1733965438553,402.3788070678711,106.2237024307251,563.089404782951,378.0622863769531,101.9689393043518,585.3162844339,427.1310043334961,103.44256639480591,691.2292165597612,379.0420150756836,82.48568773269653,743.1528952271133,363.7512969970703,88.4418511390686,850.4804929887769,361.4072036743164,94.9148941040039,936.6218086950054,421.5703582763672,121.23284339904785,592.8566617515438,366.83040618896484,103.88624668121338,621.2602428445194,362.9158020019531,113.77657413482666,791.0566751351397,372.1048355102539,120.76805591583252,928.5452444362171,414.48131561279297,143.39734554290771,483.83080451556674,365.1243591308594,126.44505500793457,555.4583987572946,368.50025177001953,136.31823062896729,757.3186191325406,381.1598587036133,143.06003093719482,894.5969199714312,407.64530181884766,166.56919956207275,368.7631663245948,367.6552963256836,149.8894500732422,447.75072865547463,370.9841537475586,154.06635761260986,615.8982994197235,382.21839904785156,159.14289951324463,744.3177027240275
712,28.48,461.2004852294922,201.06420993804932,255.81955278588643,457.6258087158203,162.5671148300171,316.0417184129513,443.16680908203125,131.72000885009766,428.0349221956592,420.44002532958984,115.59996128082275,508.7495915977952,398.5418701171875,111.1548900604248,561.1344766777559,442.05055236816406,111.63499116897583,425.5208112119767,395.60237884521484,86.7244005203247,427.35548308405225,384.48829650878906,97.81834602355957,568.958371207809,388.0917739868164,106.73784255981445,729.6610527119378,436.00597381591797,129.2891263961792,413.2876508374552,384.9037170410156,106.37141704559326,456.08431025335693,382.4604797363281,120.28056621551514,514.9613703511121,394.07772064208984,128.1952428817749,579.8549318816309,427.3659133911133,150.4321002960205,366.9984965445531,380.20843505859375,128.29276084899902,379.92052085663204,383.3991241455078,141.08423709869385,391.0652245234828,396.7555618286133,148.81339073181152,415.57723777404385,417.9737854003906,172.52052783966064,298.0099425373882,380.9006881713867,151.6805076599121,334.1484442064884,385.3466796875,158.92470359802246,379.04953262194545,397.65621185302734,166.14051818847656,423.7427959060219
713,28.52,458.25042724609375,213.89355182647705,329.103759659833,456.92630767822266,175.71969509124756,329.2792026055828,441.9515609741211,141.17679119110107,238.36364053806176,419.8053741455078,117.00823545455933,38.61685410761528,404.21764373779297,101.16557121276855,287.22910850105933,446.16172790527344,127.18754768371582,402.1689464959874,402.4855422973633,104.17569637298584,468.9920482042444,402.19425201416016,118.91931295394897,688.6361819547606,413.41320037841797,128.06841373443604,827.7106609275118,438.0229187011719,143.55550289154053,360.2061605677626,391.61205291748047,120.97360610961914,401.7350617112464,395.1237487792969,135.61205863952637,497.1248854677542,408.90037536621094,143.63518238067627,535.0834191975607,427.65777587890625,161.70119762420654,281.8219055360033,386.8027114868164,141.93773746490479,378.8715716278638,393.55857849121094,154.79374408721924,426.5890106932935,407.59521484375,161.5183925628662,417.51882368917325,416.5637969970703,180.43644905090332,201.01286637939913,386.5582275390625,163.42413425445557,325.88391078042423,393.7804412841797,172.83037662506104,406.58338397902565,405.7668685913086,179.7006368637085,395.01548325081586
714,28.56,450.6655502319336,228.23138236999512,405.5118247463435,450.2915573120117,191.48812294006348,427.68506903828313,436.99867248535156,159.66077327728271,478.40143848058557,417.08141326904297,138.4160041809082,539.5093399894436,400.52982330322266,126.29714012145996,635.0176057450784,437.37903594970703,147.77372360229492,559.5345816709281,400.98106384277344,123.08318138122559,474.18116577233417,400.57018280029297,135.8303689956665,424.7215391123505,410.15663146972656,145.87238788604736,452.48393386416205,426.44725799560547,162.51003742218018,555.242233198496,390.8095932006836,142.62056350708008,541.5456502944664,394.23702239990234,154.62548732757568,475.8523629679239,405.8902359008789,162.33717441558838,473.5672112241998,414.6884536743164,178.77276420593262,535.9814035957623,385.3499984741211,160.18827438354492,457.7065605521053,390.6791687011719,170.08606910705566,389.02619228280116,401.47579193115234,177.56023406982422,429.2347956812113,402.6606750488281,194.970703125,502.830327619373,382.43621826171875,177.0851755142212,356.7343276020745,388.43006134033203,184.7878932952881,327.4988267748881,396.93172454833984,192.2765350341797,384.2305501372734
715,28.6,440.72601318359375,244.43215370178223,475.17061967267045,439.7409439086914,207.15009212493896,472.1048095592172,428.54984283447266,182.2276496887207,602.4152603471955,411.9502258300781,168.61392974853516,765.7691366861687,395.5870819091797,165.72253704071045,993.3505847411175,422.0446014404297,165.9643793106079,594.7924201022234,392.14038848876953,147.93049335479736,659.3303672225402,391.6033172607422,160.85238933563232,664.5045990708259,399.8777389526367,170.45478343963623,666.122080839443,409.96795654296875,176.80538177490234,545.3922020721534,382.51033782958984,168.9466381072998,690.0814460857875,385.78685760498047,180.7951784133911,687.5036438941363,396.5250778198242,186.29334926605225,643.0418431900163,398.30650329589844,191.30128383636475,515.5895304958392,377.11021423339844,185.0480031967163,654.7423925665752,381.5525436401367,194.41359043121338,649.578506986484,390.96229553222656,199.51695442199707,608.6004308830974,387.5373840332031,206.46763801574707,474.9298915533226,373.9722442626953,198.81834983825684,583.0789623064932,379.2131805419922,206.09564781188965,580.3938825221196,387.3421096801758,211.55126094818115,538.2121865372852
716,28.64,441.2953567504883,240.57392120361328,97.5003529067048,439.8600387573242,204.7601079940796,59.82373968966309,428.9356231689453,180.4867172241211,44.579089217666734,414.70836639404297,168.59893798828125,68.95453268034586,401.0520935058594,168.78278732299805,156.58760236303192,425.15682220458984,162.21153259277344,121.8856445926637,396.8482971191406,151.37266159057617,145.80150426891868,394.77699279785156,162.07866668701172,85.05870236692623,401.94644927978516,171.1496114730835,54.55701383481086,415.02357482910156,168.4265899658203,244.6469758077706,387.46849060058594,162.93200969696045,194.87020330048787,387.9519271850586,174.11926746368408,175.45532425484754,396.69090270996094,181.05734825134277,130.9656551357728,404.910888671875,179.15930271148682,345.5481260180203,381.38729095458984,175.2759075164795,266.67775411376704,383.72875213623047,185.7102870941162,224.28131386162855,391.82350158691406,191.14126682281494,210.4961677616182,395.46119689941406,192.4004316329956,403.63435321591925,378.6043930053711,189.52181339263916,259.6661219948736,382.5830841064453,197.97483444213867,219.80653399643302,389.7052764892578,203.39055061340332,212.3996094271607
717,28.68,441.92222595214844,229.02329921722412,289.19050086885494,441.4534378051758,196.32027626037598,214.72319422183529,431.2642288208008,174.66203212738037,156.8226720655505,417.4330520629883,164.4657325744629,123.76211806166033,403.89984130859375,164.60742473602295,126.35099989881817,426.22352600097656,155.0011396408081,182.22174594257606,400.6155014038086,145.39358139038086,176.67276983661827,399.13330078125,155.01832008361816,207.40346158856636,404.8348617553711,162.14890480041504,236.3202901209222,415.38692474365234,161.613507270813,170.5691189983776,391.4199447631836,157.17960834503174,174.47082727633438,392.8959274291992,168.0070924758911,196.53533635116443,401.2472152709961,173.78439903259277,214.55735610257426,405.20851135253906,172.824125289917,158.55411580674465,385.99517822265625,169.0684461593628,193.26989156246245,389.2455291748047,178.82205963134766,220.62766495866208,397.3654556274414,183.46132278442383,236.76834012930308,396.0213088989258,185.91256141662598,162.80007946184546,383.54591369628906,182.37151622772217,217.2921079523345,387.96573638916016,190.17502784729004,236.92025097284787,394.8304748535156,194.78399276733398,250.42525859865927
718,28.72,439.4626235961914,224.31437015533447,132.81485388346604,439.3488311767578,194.01183128356934,78.09564356977867,429.35447692871094,171.713604927063,87.82217560542489,416.00059509277344,161.2867784500122,87.16967038798208,402.8726577758789,161.55020713806152,80.62911017106964,422.8009033203125,151.9813585281372,114.10911439998983,398.1326675415039,145.16298294067383,62.337988181435655,398.760986328125,154.91626739501953,9.651191741696246,405.4787063598633,161.05353355407715,31.7645049744751,412.0561218261719,158.91859531402588,107.11208653185027,389.07470703125,156.1497402191162,64.0349922701535,391.50604248046875,166.01027011871338,60.822897090817804,399.9686050415039,171.16185665130615,72.94078360477836,401.8911361694336,169.99760627746582,108.95580478235199,383.15757751464844,167.5462245941162,80.50285814719636,386.9667053222656,176.64469242095947,78.79548733816628,395.00999450683594,180.61457633972168,92.37208185887489,392.93148040771484,182.85545825958252,108.66496623194597,380.48011779785156,180.28932094573975,92.6506937480302,385.2508544921875,187.9956579208374,87.03532684647374,392.2395706176758,192.22429275512695,91.05235071026969
719,28.76,435.6847381591797,221.94554328918457,111.47802220891678,435.6198501586914,192.7763843536377,98.20777893634842,425.25257110595703,171.04039192199707,103.91958167536414,410.83812713623047,161.37845993041992,129.08204972076553,397.40379333496094,161.76655769348145,136.82855567270926,419.16961669921875,150.93894481658936,94.44862648074029,393.85963439941406,144.74538803100586,107.33475014521976,394.12670135498047,154.7929573059082,115.8981303515879,400.9495162963867,161.02665424346924,113.23174557195077,409.00089263916016,157.34245777130127,85.94560394064034,385.1231384277344,155.431866645813,100.40616544670439,387.38121032714844,165.71496963500977,103.3847264733187,395.93868255615234,170.68376541137695,101.45456640671465,399.3787384033203,167.85345554351807,82.57392485320236,379.66552734375,166.895170211792,88.80556783225705,383.4309768676758,176.5414810180664,88.43086387923138,391.62609100341797,180.08896350860596,85.61203102031676,390.88504791259766,180.37736892700195,80.34617561418665,377.7769470214844,179.44647789001465,70.78804923321098,382.5944137573242,187.63466835021973,67.02140911648915,389.67735290527344,191.61306381225586,65.85286832378495
720,28.8,432.07088470458984,220.43606758117676,97.9108449825549,432.4649429321289,191.0818576812744,89.52953511120947,421.93992614746094,169.10718441009521,95.88700350257116,407.1458053588867,160.21645545959473,96.77129771290869,393.5762023925781,161.36950492858887,96.20324617807793,416.1642074584961,150.5088758468628,75.90060944642836,392.42786407470703,143.83978843688965,42.35325317770114,393.00426483154297,153.28444004058838,47.00723407701775,399.4660186767578,159.34463024139404,56.06898614096794,405.1866912841797,157.86983013153076,96.26218618527237,383.2649612426758,154.36459064483643,53.57180061219711,385.84068298339844,164.13491249084473,55.16908710766163,393.9411926269531,169.08408164978027,63.977311185140096,395.0923538208008,169.06442642211914,111.35400547937475,377.5707244873047,166.40592098236084,53.77943273147282,381.6636657714844,175.43798446655273,52.08822533646541,389.5100402832031,179.1543674468994,57.831330441850135,386.4834976196289,182.22041130065918,119.29598215318632,375.5349349975586,179.9675416946411,57.54414285963203,380.5816650390625,187.44210720062256,50.548474254906886,387.1726989746094,191.5415382385254,62.64187507215326
721,28.84,430.2484893798828,220.60994625091553,45.766790029071366,431.9528579711914,192.3041009902954,33.129572454841565,421.6679382324219,170.3402853012085,31.56852896469505,407.53971099853516,161.4717435836792,32.891012520656375,393.8636779785156,162.92205333709717,39.473478226460536,414.0738296508789,150.99872589111328,53.675136495114316,392.6841735839844,144.32157039642334,13.64295654078773,392.9246520996094,153.61111164093018,8.405820957668297,398.73992919921875,160.2872371673584,29.745942436205908,402.0748519897461,158.77036571502686,80.98807061661773,382.8630828857422,156.2817621231079,48.97099071688586,385.14259338378906,165.35732746124268,35.192572449096026,392.6866912841797,170.19142627716064,41.83289482279862,391.37664794921875,170.62140941619873,100.71825234274267,376.23809814453125,168.54683876037598,63.04473561326799,380.0570297241211,176.86293125152588,53.68747950344434,387.42103576660156,180.8186960220337,66.77354208624767,382.5264358520508,184.21404361724854,110.77259263401405,373.0992126464844,182.25125312805176,83.4718563447174,378.17230224609375,189.27844047546387,75.73452384989119,384.65171813964844,193.46234321594238,79.23397366151656
722,28.88,429.35203552246094,221.85032844543457,38.260435724832284,431.8700408935547,193.71263980865479,35.274284818879664,421.8409729003906,172.05297946929932,43.035322045757965,407.6486587524414,163.23513507843018,44.16884632323798,394.01397705078125,164.40725326538086,37.319638245984095,413.49552154541016,152.56113052368164,41.649943732869595,392.49195098876953,145.37737369537354,26.82897375256419,393.2284927368164,154.57862377166748,25.35250056629294,399.4956588745117,161.3375473022461,32.34848065951306,400.80570220947266,160.9934949874878,63.997289624448214,382.9134750366211,157.34694957733154,26.659469254676026,385.6205749511719,166.25145435333252,25.346711792607007,393.17066192626953,171.35806560516357,31.57604812242959,389.67830657958984,173.36554527282715,80.6793228134801,375.66905975341797,169.960355758667,38.093921718386014,379.50756072998047,178.30398559570312,38.55640185489648,386.60179138183594,182.9436206817627,56.93453571589057,380.55633544921875,187.33619213104248,92.29405093038457,371.9091796875,184.16858196258545,56.41546941666039,377.0793914794922,191.2436056137085,56.21570045550913,383.4276580810547,195.6727123260498,63.16671705673809
723,28.92,428.812255859375,223.41862678527832,41.464757380800435,431.63700103759766,194.83792304992676,28.72901350934311,421.56917572021484,173.3013153076172,31.939552990573926,407.41329193115234,164.58984375,34.37507386710423,393.81988525390625,165.95044612884521,38.8837678172194,412.8936004638672,154.09472465515137,41.187224570279696,392.00096130371094,146.88589096069336,39.660238358161834,392.89276123046875,156.23820304870605,42.32994670687012,399.2013931274414,162.7732515335083,36.638768483355285,400.12367248535156,162.75265216827393,47.16857091390483,382.2731399536133,158.93892288208008,42.89819359223208,384.9361038208008,168.05487155914307,48.22353125371603,392.34729766845703,173.3594512939453,54.1033350191065,388.9316940307617,175.32670497894287,52.461758041927176,375.20557403564453,171.95647716522217,51.23060413639349,378.8642883300781,180.20745277404785,50.2306348227339,385.7476806640625,185.02013683319092,56.132791471194295,379.77569580078125,189.2164421081543,50.89657550575978,370.56148529052734,185.10598182678223,41.0411279467593,375.40504455566406,192.2486114501953,48.820297729948294,381.6717529296875,197.22312927246094,58.56084233682013
724,28.96,427.8630828857422,224.44383144378662,34.928265109561316,431.87877655029297,195.3911590576172,15.093986359315553,423.2079315185547,173.99691581726074,44.506885953249075,409.5719909667969,165.1549243927002,55.78584979212412,396.20677947998047,166.5992832183838,61.83775957711504,413.00689697265625,155.61322689056396,38.06807338388074,392.5266647338867,147.99578189849854,30.70242244433486,393.9992904663086,157.14779376983643,35.809934286231744,400.79166412353516,164.24128532409668,54.10686792893239,399.8877716064453,164.11213874816895,34.49504480341523,382.9723358154297,159.70569133758545,25.94234855332203,385.96813201904297,168.5663938522339,28.79602032286652,393.4281539916992,174.40217971801758,37.546079671026,388.67252349853516,176.52238368988037,30.58611760835871,375.7178497314453,172.40758895874023,17.064734080100347,379.4524383544922,180.5059576034546,16.489117327752272,386.2124252319336,185.8560848236084,23.911249392920606,379.6487808227539,190.29622077941895,27.18029376411487,370.5154800415039,185.2275037765503,3.2484676400132257,375.4639434814453,192.19645500183105,1.9668150911052058,381.8010711669922,197.63078212738037,10.691820957616278
725,29.0,426.27185821533203,224.97981548309326,41.97674089684498,430.49766540527344,197.14536666870117,55.81617338237491,421.4624786376953,175.48710823059082,57.376384449782634,407.3678207397461,166.6856575012207,67.0890743682324,394.1486358642578,168.30571174621582,66.83867454334973,412.735595703125,156.37598991394043,20.239376977189686,392.1040725708008,148.9534091949463,26.168136339872937,393.43017578125,157.95985221862793,24.790754942657127,400.05931854248047,164.6469211578369,20.929501900792797,399.64874267578125,164.72734451293945,16.500245503879455,382.3246765136719,160.29045581817627,21.814732248443782,385.25768280029297,169.29792881011963,25.49364488249204,392.8324508666992,174.98888969421387,20.902912615575488,388.4180450439453,176.79754257202148,9.36988841554364,374.8122024536133,172.42677211761475,22.646260527802557,378.5647201538086,180.95536708831787,24.874842825005913,385.4149627685547,186.25579833984375,22.300746562048964,379.4379425048828,190.37305355072021,5.610039607065263,370.71163177490234,185.29458045959473,5.182590081432202,375.6219482421875,192.53336906433105,9.303110700440802,381.8472671508789,197.88084983825684,6.357472421797104
726,29.04,427.109375,225.52705764770508,25.01135181434621,430.8978271484375,198.4141731262207,33.26032966740712,421.3473129272461,177.64389038085938,53.99636784416803,407.1603775024414,168.63238334655762,48.94368073105922,394.1841506958008,169.58988189697266,32.116528837912654,411.79187774658203,156.71783924102783,25.0931333228304,391.92638397216797,149.8011302947998,21.653583727944245,393.3012008666992,159.05402183532715,27.54362084370781,399.58106994628906,165.47985076904297,24.011630736256233,398.6082077026367,165.2265214920044,28.851892125618157,382.0395278930664,161.70142650604248,35.98739378111148,384.8711395263672,170.65629959106445,35.307460978009956,392.2554016113281,175.98880290985107,28.861872361411706,387.4273681640625,177.68298625946045,33.21757068894277,374.7377014160156,174.33011054992676,47.61989862782596,378.3605194091797,182.56266117095947,40.50534079138289,385.09246826171875,187.46044635772705,31.176709595561075,378.57479095458984,191.56102180480957,36.7108564621665,370.2046203613281,187.467041015625,55.77099067280572,374.9930191040039,194.6444320678711,55.06892763716582,381.26129150390625,199.60992336273193,45.64169360276412
727,29.08,427.4005126953125,225.1504611968994,11.900263767856604,430.1582336425781,197.94299125671387,21.92331675496032,420.44525146484375,177.4995231628418,22.83851975815188,406.01436614990234,168.31161975860596,29.751379164502968,393.3403015136719,168.959641456604,26.33064344608408,411.69097900390625,156.76908016204834,2.8291107547893297,391.22032165527344,150.36712646484375,22.62293719661099,393.0972671508789,159.83216285705566,20.11051357724639,399.74342346191406,166.27432823181152,20.27241202476529,398.52535247802734,165.623459815979,10.137338817610182,381.712646484375,162.2876787185669,16.780627074804315,384.9239730834961,171.38840675354004,18.350277281742695,392.40604400634766,176.80495262145996,20.748395765343062,387.4002456665039,178.2864475250244,15.101761671032746,374.41917419433594,174.41486835479736,8.240277469443322,378.6427688598633,182.8902769088745,10.810782353188124,385.5586242675781,188.02893161773682,18.379283729363895,378.55812072753906,192.4577522277832,22.422133985701425,370.0716781616211,187.2696304321289,5.950029776144632,375.3672409057617,194.66362953186035,9.367847255856143,381.72611236572266,199.96790885925293,14.667396865564003
728,29.12,426.55967712402344,225.34064769744873,21.551904830782927,429.5956039428711,197.881178855896,14.150374374183826,420.21251678466797,176.94600105285645,15.011498875844287,405.8492660522461,167.4585199356079,21.72322130586015,393.1534194946289,168.08903217315674,22.261028354870223,412.2825622558594,156.75868034362793,14.791866435109958,391.2022399902344,150.43922424316406,1.8582646893859367,392.95127868652344,159.872088432312,3.7837385021644145,399.49031829833984,166.02730751037598,8.841714364536088,399.1282272338867,165.72142124176025,15.26954510196678,381.80999755859375,162.17441082000732,3.73386934824701,384.77928161621094,171.34610652923584,3.768697527107095,392.18589782714844,176.88194274902344,5.830513482868326,387.7701950073242,178.32218170166016,9.291778831082956,374.4317626953125,174.11285877227783,7.556795711909681,378.402099609375,182.6845121383667,7.915997604247514,385.2467346191406,187.9620122909546,7.974700194186525,378.68350982666016,192.33322620391846,4.417943299627864,370.0497817993164,186.57973766326904,17.256004085667307,375.17391204833984,194.1830348968506,12.95056104750431,381.4386749267578,199.76632118225098,8.77702515226942
729,29.16,426.58329010009766,225.0058937072754,8.389644158725316,429.61902618408203,197.66276836395264,5.491569924341057,420.0337600708008,176.4291000366211,13.673437372734195,405.7413101196289,167.21513271331787,6.656379616639758,392.8639221191406,168.2092523574829,7.8366775140210745,412.65830993652344,156.8648099899292,9.761205783241346,391.2491226196289,150.23207187652588,5.309783655123425,392.7144241333008,159.80120658874512,6.180833030918334,399.2147445678711,166.2301254272461,8.554092161357518,399.4927215576172,165.65488815307617,9.262922187462486,381.65138244628906,161.92455768585205,7.398705228730974,384.5993423461914,171.18324279785156,6.067471461385903,392.10399627685547,176.73585891723633,4.186910395058342,388.0763244628906,178.08531761169434,9.67664200151325,374.1625213623047,173.75673294067383,11.161219224827859,378.18309783935547,182.4818515777588,7.459602791771158,385.1617431640625,187.73868083953857,5.9739269239274835,378.9426803588867,192.0856761932373,8.959993462708214,370.1532745361328,186.70087337493896,3.983136893166645,375.33077239990234,194.48076725006104,8.413149084934798,381.66316986083984,199.96317386627197,7.464455549249963
730,29.2,426.33182525634766,224.99085903167725,6.297847306448914,429.51053619384766,197.27643013000488,10.032052039305201,419.8106384277344,176.02888584136963,11.455202684954727,405.3250503540039,166.8567180633545,13.732562893232808,392.50972747802734,167.77414798736572,14.026084108912059,412.8618621826172,156.74604892730713,5.89160986514583,391.14158630371094,150.45679092407227,6.228097099604561,392.83267974853516,159.85686779022217,3.2675066836512925,399.4203186035156,166.1167860031128,5.868693913153039,399.6321105957031,165.54890155792236,4.377675060093275,381.57642364501953,161.6751766204834,6.510075731710477,384.64000701904297,170.8040714263916,9.533642553903265,392.1049118041992,176.40099048614502,8.371742065270512,388.153076171875,177.95876026153564,3.7003030037427185,374.08241271972656,173.25103282928467,12.800146417002395,378.19568634033203,181.90343856811523,14.463749515637184,385.08800506591797,187.30067253112793,11.104294927941362,379.0434265136719,191.96308135986328,3.9669951532929204,370.27820587158203,186.3109302520752,10.236682740452167,375.4700469970703,194.02387619018555,11.941180165985662,381.65454864501953,199.59540367126465,9.196780744435308
731,29.24,426.26434326171875,225.31818866729736,8.355331754121677,430.2361297607422,197.29848861694336,18.148219629703753,420.39146423339844,176.32925033569336,16.347351581671752,405.94432830810547,167.385892868042,20.364355476424223,393.3058547973633,168.0756711959839,21.282841591414943,412.69107818603516,156.82321071624756,4.685157091884612,391.4802932739258,150.51336765289307,8.584991915989987,393.2457733154297,159.65306282043457,11.515825000834996,399.7297668457031,165.81358909606934,10.830702280832611,399.4241714477539,165.6977891921997,6.3936597936232475,381.9868850708008,161.49134159088135,11.243717694871975,385.0263977050781,170.48240661621094,12.568960089325243,392.20428466796875,176.1948537826538,5.720976019219821,388.04420471191406,178.23503494262695,7.4238085831217,374.48665618896484,173.11311721801758,10.678058644159535,378.5203552246094,181.6365623474121,10.506926334407886,385.118408203125,187.08191871643066,5.521411855032823,379.09461975097656,192.39140510559082,10.784305109156419,370.24169921875,185.9735870361328,8.482820176809847,375.44647216796875,193.44553470611572,14.470544322071447,381.5571594238281,199.05548572540283,13.715776697564195
732,29.28,427.1293640136719,224.8205852508545,24.94832235548574,430.2510452270508,197.0177936553955,7.027274212557129,420.574951171875,176.34073734283447,4.5961538217134486,405.7007598876953,167.5045108795166,6.772915180485854,392.3501205444336,168.60287189483643,27.287457502184882,412.9087829589844,156.6161584854126,7.511074925510197,391.3524627685547,150.52598476409912,3.2112915624611986,392.994384765625,159.82220649719238,7.57486742293451,399.34749603271484,166.06261253356934,11.405690654423287,399.8914337158203,165.55036067962646,12.249214094129691,382.04883575439453,161.8337345123291,8.698807384322171,384.8881149291992,170.77069759368896,7.993505715579846,392.1595764160156,176.33155345916748,3.595624889331359,388.5762023925781,178.2360076904297,13.299964249722382,374.56188201904297,173.39083671569824,7.19318448702239,378.3983612060547,182.06984996795654,11.25335235274856,385.1771926879883,187.48705387115479,10.234442744172092,379.3760299682617,192.74040699005127,11.208089315016622,370.1518249511719,186.63238048553467,16.622390640103102,375.4416275024414,194.36100482940674,22.887073554499864,381.6019058227539,199.92376327514648,21.73574451804081
733,29.32,427.17201232910156,225.04228591918945,5.644137730267047,430.3803253173828,197.34426498413086,8.778413518486845,420.3989791870117,176.94660186767578,15.772562448717462,405.1980209350586,168.7135648727417,32.735283077207185,391.76631927490234,169.91060256958008,35.803137432107356,412.7669906616211,156.67669773101807,3.8543851528191597,391.23722076416016,150.76179027557373,6.5614860558923365,393.0194091796875,160.11075496673584,7.240789001165671,399.4280242919922,166.28826141357422,5.989689974744994,399.5381164550781,165.80117225646973,10.832230085979706,381.96533203125,161.83343410491943,2.0876065876396446,384.91668701171875,170.8143711090088,1.304736525101386,392.13050842285156,176.460599899292,3.3069937193200083,388.19236755371094,178.56648445129395,12.662544990036848,374.52152252197266,173.57510089874268,4.715809723472808,378.41156005859375,182.26934909820557,4.998381780540624,385.09010314941406,187.74929523468018,6.908107577003561,379.1105651855469,193.0449628829956,10.100304537146423,370.35682678222656,187.3031187057495,17.534172185919395,375.65895080566406,194.93235111236572,15.28205633199142,381.6526412963867,200.36547660827637,11.115438502074959
734,29.36,427.2195816040039,225.46481609344482,10.629986596622812,430.743408203125,197.99335956573486,18.593563365223854,420.9549331665039,177.34079360961914,17.03804486893852,405.6980895996094,168.91797065734863,13.505794914738868,392.14576721191406,170.12585163116455,10.906216559130549,412.9789733886719,156.66569709777832,5.306699215352788,391.3642120361328,150.93947410583496,5.459986646820606,393.1003952026367,160.29380321502686,5.004085650467319,399.49474334716797,166.5173578262329,5.9653477799197905,399.6525573730469,165.48770427703857,8.342620160738603,382.0820999145508,161.93311214447021,3.8381677056923906,385.1023864746094,170.96730709075928,6.014238575655915,392.33123779296875,176.54581546783447,5.4517183730029695,388.3197784423828,178.11743259429932,11.669434027151917,374.59815979003906,173.5484218597412,2.0287067892385124,378.59344482421875,182.3362398147583,4.844870736627,385.34900665283203,187.7380084991455,6.478735142811813,379.2060089111328,192.54894733428955,12.627869211388463,370.57586669921875,187.26917266845703,5.541368213481151,375.9944152832031,194.96475219726562,8.425639663893731,382.0941162109375,200.3439474105835,11.049988872475119
735,29.4,427.15240478515625,225.38756847381592,2.5592869769751068,430.3245544433594,197.74828433990479,12.132094274729107,420.2342987060547,177.2847318649292,18.070295805627683,404.97447967529297,168.99755001068115,18.19931654015504,391.3986587524414,169.87086296081543,19.735600323748997,413.1361389160156,156.49247646331787,5.84734935612494,391.0601043701172,150.90228080749512,7.659341272706956,392.779541015625,160.4897403717041,9.398762507961974,399.39441680908203,166.7437505722046,6.190672907331367,399.8454284667969,165.30232429504395,6.687908703803185,381.7293167114258,162.03413486480713,9.174065975325682,384.6809387207031,171.34869575500488,14.20993320022279,392.0908737182617,176.82050228118896,9.125093624198225,388.40919494628906,177.84914016723633,7.070013153725623,374.2539596557617,173.8719606399536,11.809717257884254,378.1390380859375,182.8137445449829,16.479082407371045,385.0962448120117,188.00936222076416,9.270969151441438,379.1271209716797,192.05366134643555,12.538229459229791,370.1906967163086,187.3124885559082,9.68994910463584,375.5006408691406,195.21085739135742,13.792682356546129,381.7338180541992,200.5325174331665,10.166532569107547
736,29.44,427.5128173828125,225.62098503112793,10.734888500140489,430.36399841308594,198.08581352233887,8.495652408085334,420.2679443359375,177.44451999664307,4.0822998608948495,405.1871109008789,168.54296207427979,12.546469374285921,391.8795394897461,169.1743040084839,21.16070440675234,413.06236267089844,156.45538330078125,2.0644062479559833,390.57273864746094,150.85787773132324,12.234607186015776,392.27725982666016,160.55409908294678,12.659690865616428,398.77193450927734,166.60330295562744,15.953247055308491,400.05741119384766,165.27482986450195,5.3439580531846,381.4204406738281,162.2073268890381,8.85296150517036,384.3973159790039,171.6626501083374,10.57736958042447,391.97601318359375,177.16143608093262,8.994053529688953,388.7723159790039,177.87744998931885,9.105572827472146,374.2755889892578,174.35450077056885,12.075616074388625,378.2246398925781,183.27198028564453,11.654067512027813,385.2389144897461,188.3909797668457,10.185362917629917,379.5988082885742,192.20582485198975,12.390587590528767,370.45284271240234,187.54979610443115,8.840086108671267,375.72723388671875,195.5683135986328,10.580623083462154,382.00504302978516,200.9655475616455,12.773950043744668
737,29.48,428.3702087402344,225.89215278625488,22.48126846958258,431.0359573364258,198.33598136901855,17.92541398002417,420.6835174560547,177.64224529266357,11.505333297278153,405.6911087036133,169.0986728668213,18.755470370470988,392.17578887939453,169.4314670562744,9.807412184668824,413.35105895996094,156.59937858581543,8.065365360235285,390.9074401855469,150.6725263595581,9.564918014948894,392.1958541870117,160.365629196167,5.132480905307655,398.99425506591797,166.8999195098877,9.267139869123033,400.5598449707031,165.24169921875,12.588122869723081,381.4246368408203,161.9807767868042,5.664723991489504,384.26490783691406,171.54407501220703,4.443532485113265,392.0577621459961,176.77100658416748,9.972402067648298,389.4350051879883,177.61775493621826,17.7939334519741,374.17484283447266,174.07427787780762,7.444572575518806,377.9791259765625,183.08499813079834,7.715220718985154,385.27793884277344,187.81253814697266,14.49391268193645,380.2989959716797,191.7255449295044,21.22692269729558,370.2003860473633,187.27951526641846,9.246151196561812,375.4249572753906,195.31768798828125,9.81657865297616,382.04681396484375,200.60490131378174,9.07642988438615
738,29.52,429.06944274902344,225.9452247619629,17.531130055788868,430.53714752197266,197.3466968536377,27.698094286510745,420.02140045166016,176.84070110321045,25.991248709354736,405.3120803833008,169.1920280456543,9.758895205588654,392.32669830322266,170.29775619506836,21.983381879736054,413.8544464111328,156.62645816802979,12.602882353112246,390.7655334472656,151.4736270904541,20.339307747126657,391.51416778564453,161.79511070251465,39.59256343367172,398.20789337158203,168.49260807037354,44.40595093158505,401.44683837890625,164.53272342681885,28.387981388919236,381.2739562988281,161.94758892059326,3.857303154301466,383.7430953979492,172.15909481048584,20.163977375094944,391.6131591796875,177.42419242858887,19.75353678779576,390.6526565551758,176.47088527679443,41.81794521883305,373.7660598754883,173.42016220092773,19.28358800729341,377.37987518310547,183.35137367248535,16.394691264780086,384.8305892944336,187.7981185913086,11.189547074876712,381.7924118041992,190.61342239379883,46.55042550318541,369.74098205566406,186.92574977874756,14.495733162214588,374.8114776611328,195.30658721923828,15.33950097345208,381.6413879394531,200.32567977905273,12.30688139620625
739,29.56,429.2279815673828,225.0880765914917,21.792165207203734,430.5918502807617,197.04757690429688,7.6020201226709005,419.9593734741211,176.62519454956055,5.606381442644712,404.9381637573242,168.9089298248291,11.72492659401562,391.9021224975586,169.98347282409668,13.206027317682686,414.1269302368164,156.73354625701904,7.319293599049463,390.51517486572266,151.81486129760742,10.580648712501116,391.3056945800781,161.94153785705566,6.368967195811242,398.12267303466797,168.26614379882812,6.049203052383201,402.2827911376953,164.8190689086914,22.09087410442195,381.0673522949219,161.77029132843018,6.806231088904936,383.54339599609375,171.86944484710693,8.795487208891336,391.53663635253906,177.07337379455566,8.976687064965565,391.8743133544922,176.70142650604248,31.080486178018578,373.9778137207031,173.25862884521484,6.658299143321966,377.6407241821289,182.93689727783203,12.243183869411386,385.2190399169922,187.14141368865967,19.07477416854021,383.31024169921875,190.71497440338135,38.03058309493533,370.6587600708008,187.19462871551514,23.908842084383217,375.73787689208984,195.26179790496826,23.187033253935237,382.47406005859375,199.86938953399658,23.737413055758925
740,29.6,429.0717315673828,224.5684003829956,13.566443532132775,430.1167297363281,196.1947202682495,24.40676101760662,419.5645523071289,175.74821949005127,24.043827286155658,404.8678970336914,168.118314743042,19.843286333155095,391.878662109375,169.16255950927734,20.53121191414116,413.93775939941406,157.11891174316406,10.7323157925984,390.6642150878906,151.605806350708,6.418574542246233,391.08848571777344,161.35215282440186,15.70339148440608,397.6765441894531,167.6269769668579,19.486616972033186,402.3668670654297,165.14822959899902,8.493215000376143,381.33819580078125,161.84576511383057,7.029068970570601,383.59790802001953,171.54925346374512,8.119963159231336,391.4027404785156,176.39196395874023,17.36101000493835,392.0949935913086,176.90069675445557,7.433387469046251,374.3724060058594,173.22881698608398,9.892921031275012,377.7652359008789,182.4880886077881,11.644000343865239,385.08846282958984,186.51606559753418,15.970883875602567,383.4911346435547,190.7746410369873,4.761982549080274,370.8653259277344,186.5288257598877,17.427762137121668,375.70262908935547,194.3177318572998,23.6180956836853,382.2768783569336,199.01488780975342,21.923928425982066
741,29.64,429.6549606323242,224.45094108581543,14.87348371865364,430.13660430908203,196.41743659973145,5.590033706904237,419.2801284790039,175.74241161346436,7.112077994322773,404.25628662109375,168.28631401062012,15.856604513275016,391.1470413208008,169.52234745025635,20.382534507941365,414.10221099853516,157.05548286437988,4.406497412720723,390.5522918701172,151.95236206054688,9.104520398498533,391.04583740234375,161.6845464706421,8.377962717371547,397.50194549560547,167.65130996704102,4.407153190497424,402.6780700683594,165.20580768585205,7.912116701541924,381.17652893066406,161.89764976501465,4.244716857605275,383.62171173095703,171.57335758209229,0.8469154236442152,391.51893615722656,176.67333126068115,7.610395618519411,392.4307632446289,176.9837236404419,8.647063225722562,374.23133850097656,173.36631774902344,4.924841415136762,377.85667419433594,182.60923862457275,3.794592211066584,385.2414321899414,186.82717323303223,8.667020323889858,383.9046859741211,190.99448204040527,11.708831330374746,371.0441589355469,186.5758752822876,4.622965920361935,375.9617614746094,194.37516689300537,6.635528257695397,382.61791229248047,199.2044162750244,9.754011493437241
742,29.68,430.21678924560547,224.15220737457275,15.907805099509225,430.5510711669922,196.34943008422852,10.500228046832122,419.68116760253906,175.67919731140137,10.149766825867141,404.45674896240234,168.42058181762695,6.031842291194502,391.1555862426758,169.8566436767578,8.36013541842208,413.6396026611328,157.013840675354,11.611969733345946,389.9327087402344,152.3085880279541,17.867221991166474,390.46878814697266,161.8962049484253,15.366057446972134,396.94164276123047,167.68475532531738,14.032501250185591,402.31666564941406,165.16598224639893,9.089802653964547,380.7892608642578,162.7062177658081,22.41314858466403,383.60862731933594,172.22505569458008,16.295736245403702,391.6619110107422,176.95538520812988,7.9055454432800545,392.26749420166016,176.98858737945557,4.08353679035746,373.9926528930664,174.31630611419678,24.48786323605221,377.96043395996094,183.4649419784546,21.549279553026498,385.45337677001953,187.34228610992432,13.925286823000677,383.95896911621094,191.05286121368408,1.992923008401122,371.0624694824219,187.44648456573486,21.770045368456156,376.3273239135742,195.19317626953125,22.399431310668668,383.1293487548828,199.66907501220703,17.274891409115437
743,29.72,430.6169128417969,223.86044025421143,12.38009856465926,430.43148040771484,195.9299612045288,10.904588791566686,419.2653274536133,175.3140163421631,13.835646211697759,403.8850402832031,168.07525634765625,16.697688726329055,390.60874938964844,169.5111894607544,16.17036562634301,414.2527770996094,156.91321849822998,15.534391574226245,389.5669937133789,151.8445873260498,14.769989256842242,389.871826171875,161.71892166137695,15.568256236231925,396.52740478515625,167.87946224212646,11.442898569510367,402.9705047607422,165.08058071136475,16.484822672850974,380.5699157714844,162.31922149658203,11.120880757574016,383.2059097290039,172.14380264282227,10.270817761466084,391.3718032836914,176.98306560516357,7.285632165198217,392.7772903442383,176.789231300354,13.684730387878592,373.6875915527344,173.61883163452148,19.03176737660444,377.5749206542969,183.0806064605713,13.609149017082633,385.2286148071289,187.12905406951904,7.74539552806387,384.2491149902344,190.75279712677002,10.43500971694548,370.7768249511719,186.81198120117188,17.395892436771977,376.05506896972656,194.82780933380127,11.391217894012863,382.9860305786133,199.4289779663086,6.990470795052936
744,29.76,431.02909088134766,223.40073108673096,15.435819846899756,430.60890197753906,195.54325103759766,10.636704337070583,419.5677947998047,175.56070804595947,9.757794712242752,404.1945266723633,168.16696643829346,8.069718311381616,391.05602264404297,169.5221757888794,11.185204052182767,413.89732360839844,156.45654201507568,14.467649141278551,389.38243865966797,151.43767833709717,11.170146964697466,390.1816940307617,161.3818645477295,11.446221751941687,396.80877685546875,167.15413570404053,19.44975624531824,402.7536392211914,165.01972675323486,5.631044888868594,380.6674575805664,161.86869621276855,11.524089873885082,383.4425354003906,171.61678791046143,14.44247720451254,391.54537200927734,176.26224517822266,18.53557711532092,392.6731491088867,176.987042427063,5.588752026974996,374.0280532836914,173.23485374450684,12.829487769060563,377.94193267822266,182.6175355911255,14.771857868836863,385.5924606323242,186.6930913925171,14.19610950777464,384.28863525390625,190.9749698638916,5.641507797166802,371.0825729370117,186.54603481292725,10.130687053005222,376.26087188720703,194.31129455566406,13.90014291467899,383.15521240234375,198.79228591918945,16.469654905794346
745,29.8,431.3851547241211,222.78236389160156,17.838852403931106,430.23738861083984,194.74775791168213,21.949252478943407,418.79207611083984,174.86701011657715,26.016296595099053,403.565673828125,167.71924495697021,19.298808650808834,390.42652130126953,169.43870544433594,15.87528029224532,413.23970794677734,156.2226104736328,17.449611823963064,388.6930465698242,151.33289337158203,17.43275190799529,389.4291305541992,161.25359058380127,19.085432862488595,396.11114501953125,166.9679832458496,18.05101998856381,402.4632263183594,164.88319873809814,8.022606849105335,379.93202209472656,161.94953441619873,18.496624167775614,382.6614761352539,171.65661334991455,19.551848398609685,390.7598876953125,176.2867784500122,19.646683704087334,392.7678680419922,176.94574356079102,2.583272227716785,373.74603271484375,173.849515914917,16.90682526722713,377.7443313598633,183.07820320129395,12.531483553326812,385.32848358154297,187.03601360321045,10.818951136951407,384.8057556152344,191.01157665252686,12.960360842640453,371.32667541503906,187.43948936462402,23.15500830985031,376.5859603881836,194.98045921325684,18.598788139930686,383.4933090209961,199.23804759979248,13.986886703225448
746,29.84,431.5467071533203,222.4982213973999,8.171449702749701,430.19683837890625,194.45092678070068,7.489702999351517,418.4554672241211,174.49732303619385,12.49935198371213,402.6576232910156,167.29515552520752,25.055034724549753,389.4199752807617,168.79254341125488,29.902552821577327,413.10985565185547,156.14810943603516,3.742661410981913,388.04931640625,151.18592262268066,16.50736435140236,388.9238739013672,161.1522388458252,12.883042634161548,395.81146240234375,166.68880462646484,10.239335078690825,402.6076126098633,164.9607753753662,4.097677377496316,379.5413589477539,162.02736854553223,9.958534219818779,382.40455627441406,171.7919683456421,7.259854929781947,390.6768798828125,176.08221530914307,5.519079154299827,393.04473876953125,177.04350471496582,7.340582531107448,373.54461669921875,174.0267276763916,6.706918990638701,377.6607131958008,183.35060119628906,7.123581658764739,385.3861999511719,186.90995693206787,3.466037332340837,385.0518035888672,191.0423469543457,6.199113686792057,371.01463317871094,187.37205505371094,7.981139624960372,376.38126373291016,195.08182525634766,5.710505416118094,383.38184356689453,199.1949462890625,2.987711336113927
747,29.88,432.4126434326172,222.21901416778564,22.745910578488942,431.14063262939453,194.45827960968018,23.59557229848349,418.98834228515625,174.66240406036377,13.946495420315541,402.75768280029297,167.6033592224121,8.100980818988885,389.3545150756836,169.07946109771729,7.35725820422457,412.8293228149414,155.94164371490479,8.707997997133731,387.40360260009766,151.65517330169678,19.955301914729798,388.4330749511719,161.5533971786499,15.847153086349596,395.5297088623047,166.82637691497803,7.838653897963692,402.61837005615234,164.99417781829834,0.8772990669151088,378.9228057861328,162.28636264801025,16.764656998986176,381.8965530395508,172.02611446380615,13.984180599941698,390.3832244873047,176.11085414886475,7.376214919059683,393.2898712158203,177.27288722991943,8.39293804301065,373.09967041015625,174.55598831176758,17.286085811807432,377.19356536865234,183.8001537322998,16.2081109140454,385.0616455078125,187.0883560180664,9.25884106507891,385.48606872558594,191.40087604522705,14.078559007795336,370.8052062988281,187.95743465423584,15.542862001738616,376.17069244384766,195.47832012176514,11.223536822228457,383.3203887939453,199.2857837677002,2.7418215482017816
748,29.92,432.9909133911133,221.73226833343506,18.89638940639061,431.6135025024414,194.13288116455078,14.35030628871722,419.0858840942383,174.2755365371704,9.974369811570801,402.37903594970703,167.73387908935547,10.012769132636382,388.8284683227539,169.33520793914795,14.623004846166813,413.2318115234375,155.9550905227661,10.067831727478396,387.3682403564453,151.78587913513184,3.385123997920996,388.38844299316406,161.67988300323486,3.353233094394558,395.6380844116211,166.73874378204346,3.484324331699842,403.32122802734375,165.02736568450928,17.591026869737714,379.01309967041016,162.26451873779297,2.322463932910364,381.95430755615234,172.029390335083,1.4461836675589232,390.5908966064453,175.82676887512207,8.797448203378671,394.17930603027344,177.22033023834229,22.27465665454949,373.2486343383789,174.2950201034546,7.512267370009533,377.32723236083984,183.6096954345703,5.817066914179617,385.38047790527344,186.66890144348145,13.171850615302215,386.4955139160156,191.25675201416016,25.49204935872898,371.3631820678711,187.8154706954956,14.393807792334941,376.53358459472656,195.3088617324829,10.012706267152675,383.6832809448242,199.05245304107666,10.785810735527306
749,29.96,433.3768081665039,221.4116907119751,12.542049001626163,432.02903747558594,194.25414562225342,10.821690677989649,419.15245056152344,174.10792350769043,4.508687601334407,401.7566680908203,167.40437507629395,17.60530187185964,387.8104019165039,168.76184463500977,29.21049347053047,413.6119079589844,156.06200695037842,9.871183528610466,387.39734649658203,151.9694423675537,4.646411766811677,388.6219024658203,161.7037868499756,5.867000898134535,396.06353759765625,166.38635158538818,13.811016295221412,403.78841400146484,165.35199165344238,14.222446038771619,379.09984588623047,162.3214817047119,2.5944273885764626,382.29820251464844,172.01836109161377,8.6017943873115,391.13380432128906,175.71975231170654,13.833865414313259,394.7251510620117,177.57798671722412,16.31458234907345,373.44615936279297,174.65078830718994,10.173100254434935,377.8424072265625,183.90841484069824,14.88788152050561,386.0599136352539,186.80232524871826,17.310308037733694,387.1341323852539,191.60523891448975,18.18785083774281,372.04498291015625,188.31749439239502,21.167194263607886,377.45975494384766,195.8532428741455,26.85775426889041,384.64393615722656,199.47566986083984,26.2437005970749
750,30.0,433.5934829711914,221.3875436782837,5.450404240883204,431.79290771484375,193.88671875,10.919013530365627,418.8467788696289,173.7841558456421,11.131618318272315,401.5372848510742,167.46229648590088,5.672515732258166,387.70275115966797,169.61570262908936,21.51543282595326,413.2681655883789,156.12234592437744,8.72495018369454,386.45912170410156,152.5149965286255,27.132718992571377,387.92205810546875,162.27240085601807,22.54307011843614,395.42430877685547,166.72850131988525,18.125946977999057,403.8719177246094,165.56612491607666,5.745972825890697,378.80382537841797,162.99466609954834,18.384867597035733,382.0841979980469,172.62406826019287,16.06002621405824,390.81993103027344,176.19112014770508,14.157685183914273,395.1054000854492,178.02383422851562,14.649430943512792,373.5789108276367,175.28812408447266,16.275361832051612,378.0616760253906,184.47938919067383,15.29073482679895,386.2580871582031,187.44576930999756,16.831759511294788,387.63500213623047,192.34761714935303,22.38855666185916,372.27779388427734,188.72657775878906,11.767278528070314,377.87853240966797,196.078462600708,11.887453762049146,385.155029296875,199.84402656555176,15.750056732078727
751,30.04,434.0200424194336,221.23676776885986,11.31056855741738,432.10060119628906,193.74343872070312,8.485445087002295,419.2408752441406,173.659086227417,10.33665691260515,401.8197250366211,167.10983276367188,11.29167652242343,388.01849365234375,169.16582107543945,13.740604380711519,413.6353302001953,156.15124225616455,9.207498647876733,386.4599609375,152.49654293060303,0.46181678771972656,387.8495407104492,162.47235774993896,5.317514222295988,395.2800750732422,166.90409660339355,5.6809475908714155,404.2574691772461,165.72930335998535,10.466527814500672,378.85459899902344,163.10936450958252,3.135849746655292,381.9559097290039,172.86339282989502,6.788507275036595,390.6072235107422,176.53522968292236,10.113600406525398,395.51048278808594,178.1193208694458,10.404617201379775,373.85902404785156,175.476336479187,8.436798921363847,378.2831573486328,184.6358871459961,6.779822387291951,386.35704040527344,187.5437593460083,3.4815399128066216,388.0982971191406,192.3900604248047,11.630876816173068,372.56866455078125,188.66023063659668,7.4585389510797295,378.1587219238281,196.13027572631836,7.123498255370148,385.39215087890625,199.88858699798584,6.031805119723449
752,30.08,433.65028381347656,221.02635383605957,10.635890001422462,431.8560791015625,193.92484188079834,7.611593184987463,418.7628173828125,173.62136363983154,11.988596466845136,401.0400390625,167.17025756835938,19.550597421541262,387.05787658691406,169.2377471923828,24.08265081824069,413.41365814208984,156.0383176803589,6.2194483861916705,386.0554885864258,152.31548309326172,11.078711214576337,387.3579788208008,162.36050605773926,12.603171535438031,394.9555969238281,166.8923807144165,8.117239813419385,404.1675567626953,165.72906017303467,2.2478185856298163,378.55396270751953,163.1641960144043,7.639890120702092,381.7435836791992,172.91002750396729,5.434677097784253,390.57735443115234,176.50408744812012,1.0787726544616132,395.51876068115234,178.27029705047607,3.780073639503002,373.6602020263672,175.7254457473755,7.968124925465982,378.1449890136719,184.8127269744873,5.61041518777124,386.41624450683594,187.64711380004883,2.9777580505136636,388.18511962890625,192.59333610534668,5.526026516732667,372.6106262207031,189.3077516555786,16.22198068528536,378.23631286621094,196.59263134002686,11.720523342293983,385.58502197265625,200.18850803375244,8.914590796120159
753,30.12,434.1168975830078,219.75919246673584,33.75857618649069,431.64295196533203,192.68032550811768,31.565845645135564,418.27335357666016,172.8132677078247,23.619296306980868,400.50628662109375,166.55279159545898,20.404593484019692,386.4731216430664,168.57467651367188,22.102051224383832,413.56204986572266,155.39875030517578,16.41391427724745,386.3042449951172,151.93163394927979,11.435140909732736,387.53814697265625,162.0627737045288,8.700040125311453,395.04695892333984,166.46183967590332,11.003198421333849,404.5396423339844,164.99513626098633,20.571399761529467,378.5672378540039,163.0697250366211,2.3849784010416206,381.62757873535156,172.90128707885742,2.9083438186748793,390.4598617553711,176.1198091506958,10.04596743516924,396.0508728027344,177.5025987625122,23.351980259674757,373.6367416381836,175.57275295257568,3.8621140096374162,377.97237396240234,184.7608995437622,4.5056935162877325,386.2786865234375,187.2059154510498,11.553629893785246,388.8026428222656,191.79771423339844,25.17872437022953,372.9188537597656,188.9964723587036,10.951569993028379,378.32408905029297,196.32821559906006,6.96510689809491,385.62660217285156,199.66418266296387,13.149287231178592
754,30.16,434.2124557495117,218.8582992553711,22.64867465036135,431.3109588623047,191.83108806610107,22.795608861420895,417.84191131591797,171.98358535766602,23.378879711707466,399.47608947753906,165.94270706176758,29.932312106209924,385.2285385131836,168.23155403137207,32.27537959738504,413.70372772216797,154.4935941696167,22.904424309879385,385.4884338378906,151.65730476379395,21.51749791252266,387.0536804199219,161.84585094451904,13.270345806736334,394.7793960571289,166.0479211807251,12.321688399566442,404.7918701171875,164.17191982269287,21.52475549942623,378.1940460205078,162.89381504058838,10.314324726212263,381.52538299560547,172.6791000366211,6.114074488423165,390.39867401123047,175.6045961380005,12.97084202364092,396.28971099853516,176.60931587219238,23.116525554128906,373.52638244628906,175.11147022247314,11.857511024833212,378.04527282714844,184.29116249084473,11.884000361959066,386.39171600341797,186.52313232421875,17.301886848510325,388.8436508178711,190.8338212966919,24.11912168198116,372.7537155151367,188.2001495361328,20.331636025942483,378.30474853515625,195.63250064849854,17.399593169823266,385.62477111816406,198.8631820678711,20.025067198705067
755,30.2,434.6623992919922,217.31446266174316,40.201683882989926,432.3643493652344,189.90357398986816,54.91437690702266,419.30931091308594,169.74968433380127,66.81866955702144,401.9009780883789,163.12384128570557,92.95862331715948,388.0000686645508,164.99623775482178,106.5030832571547,415.8163833618164,152.2719955444336,76.6437142854594,387.86083221435547,148.96094799041748,89.78660084467701,389.0708923339844,159.10594940185547,85.059554025863,396.6908645629883,163.6349630355835,76.95810085323,406.5303039550781,161.35663032531738,82.71943227998129,380.0352096557617,160.0496006011963,84.70330317137815,383.0192565917969,170.0039577484131,76.59979023941833,391.8778991699219,173.033766746521,74.15048394228639,397.57129669189453,173.27901363372803,89.20963684260843,375.28968811035156,172.24751472473145,84.0813889854638,379.4915008544922,181.29981994628906,83.06513154576109,387.89306640625,183.38197231292725,87.03784826377526,389.6042251586914,186.89332008361816,100.33077524540326,373.92154693603516,185.10784149169922,82.63700468504705,379.2334747314453,192.63434886932373,78.4675348418161,386.5229034423828,195.76676845550537,80.60094187822156
756,30.24,436.8262481689453,213.98809432983398,99.20612456465187,434.6283721923828,187.05307960510254,91.00521138727977,421.7460632324219,166.5252685546875,101.04027347544063,405.37059783935547,160.75891971588135,104.97355395463455,391.8031311035156,163.96825790405273,98.48866206400476,417.5345993041992,147.80027389526367,119.76163965433962,390.6549835205078,145.79306602478027,105.60172131019665,392.5094223022461,155.31362056732178,127.97765022619576,400.887451171875,160.09629249572754,137.23503642367484,407.88902282714844,156.71730995178223,120.85479536829105,383.4856414794922,156.10899925231934,130.94325765618584,386.66114807128906,165.61108589172363,142.65495237129878,395.5235290527344,169.0680742263794,134.6693506490121,398.5014343261719,168.3170986175537,126.20854925092044,378.33179473876953,168.19275856018066,126.72672442264079,382.5185012817383,176.95871829986572,132.30621463844648,390.89710235595703,179.29884910583496,126.72836874450167,390.0457000732422,181.37773990631104,138.33050276529974,376.3106155395508,180.9246826171875,120.43272749161211,381.7296600341797,188.4628200531006,121.53341549283671,388.9100646972656,191.3578462600708,125.34236559871046
757,30.28,440.41744232177734,205.18275260925293,237.73766826528075,438.18172454833984,177.03503608703613,265.7389566090397,425.67535400390625,156.816143989563,261.8520882435069,409.9761199951172,150.62902450561523,278.19239217017645,396.78253173828125,152.86382675170898,304.2437570216588,420.90892791748047,139.7915267944336,217.26441798454763,396.38694763183594,136.64674758911133,269.85013607117565,398.4134292602539,145.95145225524902,276.7077583658704,406.92317962646484,151.86226844787598,255.2317206948219,410.82984924316406,147.86504745483398,233.19923258344411,389.02427673339844,145.5975866317749,297.03353741113347,391.7900085449219,155.04727363586426,293.57637329900814,400.2429962158203,159.84349250793457,259.0442507851131,401.3597869873047,158.6022663116455,253.16514702280153,383.43936920166016,156.66345119476318,315.250143953419,386.9300842285156,165.3677272796631,310.0535608232822,394.82120513916016,169.08996105194092,273.42729603827394,392.9799270629883,170.7566213607788,275.4744171261678,380.42285919189453,168.48441123962402,327.55810534513046,385.22815704345703,176.3230276107788,315.84612735730934,391.8514633178711,180.6453037261963,277.72557654248635
758,30.32,445.6617736816406,195.76478004455566,269.49167269304894,443.21903228759766,167.74005889892578,264.3045948657988,431.50917053222656,147.6185417175293,272.29269963660266,416.61190032958984,141.4650821685791,282.8553294131751,404.24983978271484,142.70869731903076,315.1263072413486,425.7255172729492,129.27347660064697,289.21111763103704,401.7116165161133,129.28082942962646,227.22352576733252,404.3534851074219,138.6681318283081,234.96145948454134,412.9418182373047,144.52999591827393,237.15268180047138,416.21543884277344,135.90632915496826,327.88671701420367,394.82032775878906,136.95477962493896,260.1589903865808,398.29933166503906,146.48790836334229,268.83315149752656,406.95789337158203,151.4587926864624,268.55287527395353,406.97872161865234,145.47592163085938,356.9605642348329,388.92269134521484,146.92580223083496,279.3839529602246,392.95886993408203,155.6046724319458,286.861788413839,401.16695404052734,159.10048484802246,295.86542965917795,398.31615447998047,156.70267581939697,375.8230204547627,384.4059753417969,156.85837268829346,307.23564516979206,389.7846221923828,164.92834568023682,306.79813288993,396.9539260864258,169.00184154510498,317.81022036251284
759,30.36,449.4517135620117,184.11312103271484,306.31356689779375,447.7618408203125,155.81886291503906,318.93575278880974,436.7831039428711,136.61252975463867,305.1092764764825,422.1613311767578,131.075177192688,294.47655693572017,410.2613830566406,132.21904277801514,302.2535203725219,432.6898956298828,118.30285549163818,324.8625607621959,409.9393081665039,119.79202508926392,313.97881865620207,413.17432403564453,128.9986753463745,327.20940165822697,421.9080352783203,134.7009515762329,332.6063370416365,422.4684143066406,124.4126558303833,327.1125844453261,403.19610595703125,127.04495429992676,324.3823923997749,406.5888214111328,136.06281280517578,332.977343117644,414.86778259277344,140.8659267425537,330.50638836218104,412.61356353759766,133.60921382904053,328.41494095242115,396.5366744995117,136.04364395141602,332.03360926667017,400.3590393066406,144.4468116760254,334.7203715333359,408.173828125,148.0039358139038,328.09076954999637,403.4690856933594,144.33674812316895,334.91497790311837,391.17977142333984,145.37228107452393,333.3678654225629,396.2721252441406,153.64374160766602,325.41318439144453,403.0045700073242,157.75251388549805,319.33296166648574
