frame,time_s,WRIST_x,WRIST_y,WRIST_speed_px_s,THUMB_CMC_x,THUMB_CMC_y,THUMB_CMC_speed_px_s,THUMB_MCP_x,THUMB_MCP_y,THUMB_MCP_speed_px_s,THUMB_IP_x,THUMB_IP_y,THUMB_IP_speed_px_s,THUMB_TIP_x,THUMB_TIP_y,THUMB_TIP_speed_px_s,INDEX_FINGER_MCP_x,INDEX_FINGER_MCP_y,INDEX_FINGER_MCP_speed_px_s,INDEX_FINGER_PIP_x,INDEX_FINGER_PIP_y,INDEX_FINGER_PIP_speed_px_s,INDEX_FINGER_DIP_x,INDEX_FINGER_DIP_y,INDEX_FINGER_DIP_speed_px_s,INDEX_FINGER_TIP_x,INDEX_FINGER_TIP_y,INDEX_FINGER_TIP_speed_px_s,MIDDLE_FINGER_MCP_x,MIDDLE_FINGER_MCP_y,MIDDLE_FINGER_MCP_speed_px_s,MIDDLE_FINGER_PIP_x,MIDDLE_FINGER_PIP_y,MIDDLE_FINGER_PIP_speed_px_s,MIDDLE_FINGER_DIP_x,MIDDLE_FINGER_DIP_y,MIDDLE_FINGER_DIP_speed_px_s,MIDDLE_FINGER_TIP_x,MIDDLE_FINGER_TIP_y,MIDDLE_FINGER_TIP_speed_px_s,RING_FINGER_MCP_x,RING_FINGER_MCP_y,RING_FINGER_MCP_speed_px_s,RING_FINGER_PIP_x,RING_FINGER_PIP_y,RING_FINGER_PIP_speed_px_s,RING_FINGER_DIP_x,RING_FINGER_DIP_y,RING_FINGER_DIP_speed_px_s,RING_FINGER_TIP_x,RING_FINGER_TIP_y,RING_FINGER_TIP_speed_px_s,PINKY_MCP_x,PINKY_MCP_y,PINKY_MCP_speed_px_s,PINKY_PIP_x,PINKY_PIP_y,PINKY_PIP_speed_px_s,PINKY_DIP_x,PINKY_DIP_y,PINKY_DIP_speed_px_s,PINKY_TIP_x,PINKY_TIP_y,PINKY_TIP_speed_px_s
0,0.0,390.5672073364258,198.2922077178955,,377.0697021484375,172.55488872528076,,349.91554260253906,161.71467304229736,,327.23419189453125,168.72977256774902,,312.8184127807617,178.94926071166992,,342.08675384521484,155.0681734085083,,307.99205780029297,162.21402168273926,,297.31353759765625,171.83941841125488,,296.85253143310547,178.52441310882568,,338.86356353759766,173.82267951965332,,297.7275085449219,176.11986637115479,,291.1246871948242,181.59337520599365,,295.4228210449219,186.9426155090332,,338.5057830810547,194.3353271484375,,301.11583709716797,197.16748237609863,,304.0096664428711,198.38112831115723,,313.9311981201172,198.98584842681885,,340.94215393066406,214.60604667663574,,310.46802520751953,212.36068725585938,,311.9190979003906,210.11019229888916,,319.6183967590332,208.44951152801514,
1,0.04,396.46156311035156,198.84311199188232,148.00110960037838,379.70447540283203,172.5811529159546,65.87260389278165,353.9194107055664,161.7152452468872,100.09670359787664,332.0994186401367,165.7335090637207,142.84612847336564,317.45092391967773,174.7231149673462,156.76508560670993,342.2822570800781,156.34155750274658,32.207613291552036,308.3152198791504,163.3161735534668,28.71380847431755,295.80400466918945,173.6284589767456,58.520059632877754,292.2993469238281,180.3927183151245,123.03976369299905,337.735595703125,174.99393939971924,40.65219199392084,296.7880630493164,175.33786296844482,30.558214536595578,287.73265838623047,181.60160064697266,84.8009695412191,290.0922203063965,187.018404006958,133.27848694084395,337.16392517089844,195.5958652496338,46.026751430665605,300.61365127563477,197.4622678756714,14.557839170601012,302.0953559875488,199.60978031158447,56.867006347650815,311.27710342407227,200.00425815582275,71.06940723556619,340.67333221435547,216.42339706420898,45.928120106121476,310.4335021972656,213.72264862060547,34.05997098224353,311.58891677856445,211.70587062835693,40.73702941077882,319.4399833679199,209.4431447982788,25.23809637610645
2,0.08,400.1693344116211,201.71921253204346,117.31240966867358,382.18639373779297,173.53328704833984,66.45711976280407,356.5660858154297,162.6193141937256,69.92062373598753,334.0786361694336,165.62685012817383,49.55223353195103,319.48740005493164,173.8818883895874,55.08457817635106,342.55126953125,156.69679641723633,11.140084864279356,307.9144096374512,164.7500467300415,37.2209713766264,296.3238525390625,175.75861930847168,54.816881789913054,293.4170150756836,182.58991241455078,61.628138907004335,338.3876419067383,175.07497787475586,16.426569294947775,296.06922149658203,175.39136409759521,18.020744101554428,287.0931053161621,183.11674118041992,41.11477050228367,289.48822021484375,189.128737449646,54.87669900515068,338.2155227661133,195.29382705688477,27.35284002782822,300.4636573791504,197.16912746429443,8.23215759099698,300.36367416381836,200.1578664779663,45.408702252553006,308.37059020996094,200.3792953491211,73.26523715310377,342.7219772338867,215.69210529327393,54.38137359362768,311.20540618896484,213.12631130218506,24.38562550128191,309.87077713012695,211.3627052307129,43.80187168998268,315.76467514038086,208.56794357299805,94.45193139948645
3,0.12,402.9156494140625,202.13553428649902,69.4422867201053,382.9181671142578,173.3102560043335,19.1251653766268,356.7976760864258,162.7705192565918,6.914523874444417,334.3593215942383,166.53608322143555,23.789298087323598,319.6596336364746,175.25945663452148,34.70733600463565,343.0532455444336,156.09588146209717,19.574835585541877,306.6865921020508,164.932279586792,31.031684557039174,295.1019096374512,175.8521318435669,30.63789574426422,291.97998046875,182.10166454315186,37.94283896081686,339.0555953979492,174.27201747894287,26.111626525183073,295.85662841796875,176.72302722930908,33.71315130479737,287.7869415283203,184.60068225860596,40.953401971249406,289.60269927978516,189.3838119506836,6.989655633033635,338.9939880371094,194.25546169281006,32.44428693407574,299.2823028564453,196.5496015548706,33.348639971923554,298.3095932006836,200.07413864135742,51.39466748686002,305.1124954223633,200.23723125457764,81.52976393597567,343.0301284790039,214.58875179290771,28.639419257354486,310.2054786682129,212.07305431365967,36.30775855993732,307.8123664855957,210.64168453216553,54.52594124160813,312.719783782959,208.1268310546875,76.9169342225458
4,0.16,402.4630355834961,203.28725337982178,30.93658988099874,383.15479278564453,173.76936435699463,12.912498495702588,357.8429412841797,162.99802780151367,26.743450969910153,335.11993408203125,165.8142328262329,26.21544570526138,320.15735626220703,173.42987537384033,47.40184201063295,342.3776626586914,156.55104160308838,20.365150831980113,305.0370407104492,164.8431158065796,41.29898586252162,293.4497833251953,175.7257890701294,41.423754115603955,290.54027557373047,181.75286293029785,37.03387596067243,338.21075439453125,173.9578914642334,22.533745169377863,293.86526107788086,177.79003143310547,56.48031656077121,287.18297958374023,185.87685585021973,35.29685774287615,290.1557731628418,190.080885887146,22.245825352953023,338.22948455810547,193.28033924102783,30.977102081404993,297.332820892334,196.51063442230225,48.746784290196786,296.22108459472656,200.1019048690796,52.217329262889955,302.5976753234863,199.96360301971436,63.24156337325697,342.5967788696289,213.07996273040771,39.24471556038703,308.6442756652832,210.91947555541992,48.52897824894568,304.3147659301758,208.94328117370605,97.20398530056575,307.5401306152344,205.52588939666748,144.90019074854487
5,0.2,402.31346130371094,204.82312202453613,38.57836957893276,383.3512496948242,174.48556423187256,18.56639400131993,357.2591018676758,163.26903820037842,16.09182829413058,333.89095306396484,165.8979320526123,30.79569676984158,318.3594512939453,172.97338485717773,46.37379288660149,340.9440612792969,156.70586585998535,36.048435000059314,302.8953552246094,164.6537160873413,53.75109867426309,291.5120315551758,175.58140754699707,48.57808113256839,289.15271759033203,181.42011165618896,35.67247334880413,337.06539154052734,173.97996425628662,28.63938803772916,292.5470733642578,178.3723783493042,36.027305435885424,287.3542022705078,187.21548557281494,33.73839376992526,292.0606994628906,191.44748210906982,58.61062959477892,337.4070358276367,193.25544834136963,20.570632451620398,296.0915184020996,196.89698696136475,32.500963030944376,294.6167755126953,201.1564064025879,47.99597063074221,300.78683853149414,201.0840082168579,53.23554788049783,341.9198226928711,213.09927463531494,16.93078953640564,308.2770347595215,211.39828205108643,15.085621116586594,304.0080451965332,209.92130756378174,25.624856440216337,307.1660041809082,206.6132926940918,28.7490925955813
6,0.24,401.5040588378906,205.21023273468018,22.430267686546724,381.58390045166016,174.817214012146,44.95494219262775,355.0192642211914,163.67048263549805,56.88821449286081,331.6018295288086,166.16087436676025,57.604390130959885,315.82019805908203,173.24368000030518,63.83996815848361,339.5987319946289,156.6057586669922,33.72621693758988,301.64485931396484,164.28211212158203,32.61354712679531,291.3920593261719,175.2407741546631,9.028581135245028,290.3776741027832,181.26893520355225,30.856247110880563,335.98087310791016,174.32330131530762,28.43919573827234,292.24878311157227,179.16970252990723,21.282371282083094,287.1070098876953,188.16142559051514,24.44261891664802,291.62071228027344,192.6366376876831,31.69857756089477,336.38011932373047,194.05351638793945,32.514132628662516,295.2565383911133,197.71292209625244,29.186274204355573,293.9223289489746,201.7924976348877,23.543418476192247,299.96177673339844,201.75599098205566,26.60225328096915,340.7548141479492,214.14138793945312,39.077207618402596,306.9240951538086,212.55592346191406,44.51530082995026,303.45617294311523,210.90622901916504,28.224914275412182,307.3986053466797,207.73109436035156,28.543649331017594
7,0.28,400.2021026611328,206.79076194763184,51.19303223579001,381.8833541870117,176.93135261535645,53.38102760579264,354.48638916015625,164.41606521606445,22.910821885045983,329.50653076171875,167.02709197998047,56.682282708208,313.2849884033203,174.59908962249756,71.86977477788885,338.7377166748047,156.90204620361328,22.764194546054632,298.99768829345703,163.19502353668213,71.54227772459113,295.29834747314453,174.05322074890137,102.07035006159761,300.74384689331055,178.8602113723755,266.0586035279026,335.57472229003906,175.32917976379395,27.119526406108907,291.46976470947266,179.50261116027832,21.179262070852857,292.1527862548828,188.26048851013184,126.16871791798985,301.28644943237305,191.38469696044922,243.6619459902202,336.10530853271484,195.58825492858887,38.97870699989071,294.0313529968262,197.66618728637695,30.651910552490016,296.5842628479004,201.64767265319824,66.64676641429969,305.46152114868164,201.32463455200195,137.9158643049891,340.4598617553711,216.08578205108643,49.165952238578,306.1227798461914,213.4200096130371,29.46132102842926,305.8843803405762,211.74838542938232,64.25252224793438,312.8027534484863,209.07284259796143,139.20556975070514
8,0.32,399.0679931640625,206.5325403213501,29.078372113400953,381.0200881958008,176.70681953430176,22.299709584282052,353.3989715576172,164.90867614746094,29.84483384988006,328.5496139526367,167.80993938446045,30.908532784297392,312.2163963317871,174.91443157196045,27.853742572079504,337.3085403442383,157.84890174865723,42.859366005516556,296.75037384033203,162.94438362121582,56.531200558018604,296.36463165283203,173.4481430053711,30.650051259821858,304.6043014526367,177.3237705230713,103.87420242784309,334.17274475097656,176.5400218963623,46.3119833981878,291.4358901977539,180.32032012939453,20.46025782946784,294.2021369934082,188.12998294830322,51.337548095684596,304.4388198852539,190.0352382659912,85.7265938910025,334.66861724853516,196.8876314163208,48.42817557288097,293.52216720581055,198.29451084136963,20.21850420300117,297.48958587646484,201.78099632263184,22.877185508716316,307.03786849975586,201.39259815216064,39.445294571922936,339.02088165283203,217.24318027496338,46.167049830864606,305.3975486755371,214.59763526916504,34.575663739646224,305.6463813781738,212.64161109924316,23.109732844125144,312.3640823364258,210.02766609191895,26.269281599066453
9,0.36,397.8650665283203,206.36298179626465,30.370448058177896,379.8292922973633,176.23487949371338,32.02267042313669,352.347412109375,164.00549411773682,34.65468088877025,327.4560546875,166.6896915435791,39.13779416502099,311.5272331237793,174.23423767089844,24.207561710052207,335.7498550415039,156.68219089508057,48.67439065369572,294.1362190246582,162.4156093597412,66.67743068267498,295.53476333618164,173.38469982147217,20.807247243499468,305.6607437133789,176.8071699142456,29.39968579042482,332.9111099243164,174.94465827941895,50.848472851382176,289.2559051513672,180.30532836914062,54.50091487388775,293.3951187133789,188.39178085327148,21.210502223945802,304.6925354003906,189.53860759735107,13.94214796164493,333.5486602783203,195.17834186553955,51.08800240481357,291.9135284423828,197.65721797943115,43.25694209517159,297.2909164428711,201.3432741165161,12.017442364415478,307.8442573547363,200.3580093383789,32.79326339965854,338.09349060058594,215.59212684631348,47.34205046812714,304.10377502441406,213.68545532226562,39.575264653771406,305.7032012939453,212.1346664428711,12.752974835613722,313.83750915527344,209.4114589691162,39.9272604924595
10,0.4,396.74583435058594,204.25106048583984,59.75414362777727,376.6790771484375,173.7440299987793,100.39978427185132,349.18914794921875,162.45419025421143,87.96723886736282,325.71815490722656,164.7456693649292,65.18971294113999,309.8849105834961,172.0571994781494,68.17586916850698,333.9033508300781,155.2778434753418,57.996602692205634,293.0941963195801,159.96445655822754,66.5862287482679,291.0586166381836,170.98570346832275,126.96227974388448,298.5638618469238,175.9768009185791,178.632382449584,331.46240234375,173.7167501449585,47.47704735359439,288.23896408081055,178.3081340789795,56.029870234752444,289.97806549072266,186.3451623916626,99.57691704740044,299.8234558105469,188.4270429611206,124.85870011925269,332.0615768432617,194.02337551116943,47.07284529423961,291.0691452026367,195.94744205474854,47.67282223780919,295.9116744995117,199.17237281799316,64.29969277847665,306.3620948791504,198.66218090057373,56.306303457649044,336.5233612060547,214.3893527984619,49.446762569431066,302.54886627197266,211.57012939453125,65.63319000782009,304.1939926147461,209.8341178894043,68.78514776201882,312.9263687133789,207.67094135284424,49.11452482087677
11,0.44,395.7460021972656,202.19770431518555,57.0960588524791,375.4340362548828,172.24212169647217,48.77150407232266,348.31478118896484,160.5871868133545,51.540148668347264,324.98741149902344,162.4321746826172,60.65395480571668,308.7400436401367,169.00983810424805,81.38308969444707,332.90287017822266,153.6313819885254,48.16506100319787,292.0005798339844,158.86187553405762,38.823977227564306,289.52789306640625,170.41484355926514,40.84265301865854,296.4824867248535,175.8421754837036,52.1431108014797,331.063232421875,171.82990550994873,48.21513833327421,287.23440170288086,176.66594982147217,48.126881175938394,289.33876037597656,185.76613426208496,21.5636355437617,299.6530342102051,188.2767105102539,5.681294287321754,332.1708679199219,192.0457935333252,49.51499153370034,290.41027069091797,194.264817237854,45.175642611796185,294.8606872558594,198.57134342193604,30.267665515826746,305.39318084716797,198.46478462219238,24.72043299695669,336.90643310546875,212.51606941223145,47.80124687997028,302.008056640625,210.6219720840454,27.288703509718648,302.81991958618164,209.4603681564331,35.5999082752007,311.21191024780273,207.33378410339355,43.682396633562185
12,0.48,395.3025817871094,200.1562786102295,52.22571546301724,374.5088577270508,170.2869415283203,54.07566919544179,347.63282775878906,159.39252376556396,34.39004469578247,324.91695404052734,161.81466579437256,15.537886771510435,309.91174697875977,169.13918495178223,29.470528930477997,332.0428466796875,152.0101261138916,45.88103522335796,292.0025444030762,157.96573162078857,22.403651666927964,288.4221076965332,169.9022912979126,30.469976050643616,294.2253875732422,175.14105319976807,59.08716568149326,330.2098846435547,169.27488327026367,67.34399136174596,286.61388397216797,174.20554161071777,63.43624170021383,287.09850311279297,184.60607528686523,63.0698493301013,295.88186264038086,187.58967876434326,95.83106108192261,331.35005950927734,189.00054931640625,78.8481086792158,289.9109649658203,191.6925287246704,65.50751103008895,293.33534240722656,197.28338241577148,49.90942083321457,302.74267196655273,197.02508926391602,75.4068964471368,336.5252685546875,209.61002826690674,73.27329643657882,302.21248626708984,208.97140502929688,41.57946514204615,303.4623146057129,208.7307643890381,24.302687846660614,312.42191314697266,206.33554458618164,39.21566292410383
13,0.52,395.1071548461914,197.84829139709473,57.906156112876594,374.32579040527344,168.62667560577393,41.75820711153328,347.08812713623047,157.56696224212646,47.62728763581313,324.19898986816406,160.1703643798828,44.8553208555732,309.2969512939453,167.60034084320068,41.42776035298218,331.9968032836914,150.3940200805664,40.419044902008686,292.744140625,156.846284866333,33.570131743418855,290.0090217590332,168.4244441986084,54.21213131464494,296.23565673828125,173.23857307434082,69.19452987570857,330.3003692626953,167.8866147994995,34.78035376849699,286.5470314025879,172.94360160827637,31.592738839617834,288.25836181640625,182.64859199523926,56.88262613345984,298.2657241821289,185.2626085281372,83.28434627250444,331.6070556640625,187.73064136505127,32.39129154272178,289.8685073852539,190.47722339630127,30.401168638207576,294.2441749572754,195.4059076309204,52.146956837023595,304.5734977722168,194.78211879730225,72.38283482975719,336.8274688720703,208.3164882659912,33.20928678279254,302.31849670410156,207.1717071533203,45.07043555335059,304.1743469238281,206.52530193328857,57.938839875344094,313.72119903564453,204.1071081161499,64.48872440914273
14,0.56,395.75958251953125,195.50402641296387,60.83399637929489,375.16239166259766,166.62835121154785,54.15949852239373,347.88963317871094,155.92971324920654,45.572717996557444,325.2967834472656,158.71353149414062,45.603678574872994,310.4857063293457,166.07816219329834,48.284096608046745,332.1102523803711,149.15742874145508,31.044613436780228,293.54318618774414,156.2936496734619,24.28836485517257,290.03034591674805,167.69209384918213,18.316518398822186,295.18457412719727,172.88633823394775,27.713309506781385,330.13816833496094,166.8757152557373,25.59573973995148,286.86458587646484,172.45582580566406,14.550903698167394,289.6493911743164,181.37228965759277,47.19580444574644,300.0763511657715,183.95729541778564,55.80217508053724,331.5697479248047,186.8510913848877,22.00852157424302,290.6499481201172,190.26060104370117,20.272747497405014,296.9327735900879,194.48023796081543,71.08721292589084,308.19149017333984,193.79376411437988,93.7640455939758,336.97261810302734,207.25645065307617,26.748224707936597,303.23984146118164,205.7230567932129,42.92044986977589,306.2013244628906,204.8780107498169,65.298383340475,316.15217208862305,202.77827739715576,69.26137570848095
15,0.6,395.589599609375,194.3124532699585,30.090911676917564,375.93360900878906,165.80689430236816,28.16877314405041,349.3843078613281,155.0465440750122,43.40247830700379,326.7091751098633,157.28239059448242,50.268121628236365,312.1486282348633,164.42766666412354,58.57391033811593,332.8331756591797,148.6283254623413,22.396544753213487,294.70508575439453,156.44082069396973,29.279578124732225,293.2891082763672,167.442626953125,81.7074271742588,300.21533966064453,171.50510787963867,130.4233470860033,330.26206970214844,166.26784801483154,15.509153171541055,287.45941162109375,172.35893726348877,15.066624042859317,291.69572830200195,180.82141399383545,52.979710957736025,302.79748916625977,182.6817512512207,75.13157183634259,331.45275115966797,186.2253999710083,15.913398216103394,291.0354232788086,190.12593269348145,10.20804408662195,298.1195068359375,194.0921115875244,31.21475891354106,309.3365287780762,193.25491905212402,31.637274371519013,336.95995330810547,206.9692325592041,7.187429585651542,304.0478324890137,205.88589191436768,20.605896876539916,307.68972396850586,205.0202465057373,37.37950724141776,317.4670219421387,202.96799182891846,33.21164802171354
16,0.64,396.57081604003906,195.84646224975586,45.524507368999,377.728271484375,166.91096305847168,52.67697089027739,350.5352783203125,155.49033164978027,30.83910270433084,326.9366455078125,158.32770824432373,26.74452947582146,312.74139404296875,166.4355182647705,52.33807978828333,334.28680419921875,148.9596176147461,37.27256382599918,296.53039932250977,157.28081703186035,50.23297889344727,294.7906303405762,168.77550601959229,50.194217266117356,301.22425079345703,172.9572343826294,44.20529560047831,330.7175064086914,166.78081512451172,17.149304819735764,288.529109954834,172.29796886444092,26.78585996950037,292.39734649658203,181.15196228027344,19.389595480451923,303.4920310974121,183.58221530914307,28.430001909721582,331.38816833496094,186.6648817062378,11.105042121922159,291.6062927246094,190.24094581604004,14.558501436222093,298.55512619018555,194.29149627685547,11.977021649160283,309.8093032836914,193.4465503692627,12.7533891296596,336.4453125,207.2118902206421,14.224492566125232,304.41917419433594,205.8425760269165,9.346487582821252,308.31226348876953,205.2477264404297,16.569976142442343,318.01897048950195,203.2664966583252,15.68742195429953
17,0.68,396.4092254638672,196.69727325439453,21.650503457221046,377.3208999633789,167.1626329421997,11.971040224599053,350.8238220214844,156.32494926452637,22.077194544518434,327.6094055175781,159.46263313293457,32.98352366644757,312.9429244995117,167.00969696044922,15.21298169914685,334.5476531982422,149.27301406860352,10.193733908078546,296.61888122558594,157.10915565490723,4.828086804666002,294.9367332458496,168.11997413635254,16.79040106863865,301.4834976196289,172.33009815216064,16.965199093415162,330.98682403564453,166.8215847015381,6.8096504406692695,288.87887954711914,172.64289379119873,12.280878754852163,292.2991180419922,181.45029544830322,7.852209419878149,302.92919158935547,184.05461311340332,18.370288465674513,331.6203308105469,186.67407989501953,5.808615462561599,291.7195701599121,191.01691246032715,19.60478274546422,298.9885711669922,195.32672882080078,28.057763720163003,310.2754211425781,194.89809036254883,38.11359838104247,337.0051574707031,207.34529972076416,14.388026400978426,305.3390693664551,206.9205665588379,35.42836711768073,309.5528793334961,206.34953498840332,41.48124388333816,319.2793846130371,204.38966274261475,42.20593719864258
18,0.72,396.47754669189453,196.89589977264404,5.251207239238416,377.60242462158203,167.54945755004883,11.960597038139774,350.6065368652344,156.76026821136475,12.16335234945177,327.41783142089844,159.92956638336182,12.617628909416567,312.88896560668945,167.69697189331055,17.234746797062105,334.5541763305664,150.03088474273682,18.947468662835,296.3482475280762,157.37574577331543,9.497134089447297,295.63732147216797,167.86635875701904,18.62700699740799,303.0316352844238,171.7582082748413,41.25975839829439,330.6410598754883,167.9048252105713,28.427131130082735,289.06503677368164,173.02379608154297,10.598970108898799,293.26255798339844,180.79092979431152,29.186679178616526,304.36498641967773,183.22218418121338,41.49129970493083,330.948486328125,187.79763221740723,32.727519285223686,291.7458724975586,191.10541820526123,2.308283974623581,299.354190826416,194.3822193145752,25.320149371445467,310.7539176940918,194.03769493103027,24.61248728273511,335.85411071777344,208.29942226409912,37.376951914999964,304.69852447509766,206.819486618042,16.211780290027406,309.3342590332031,205.6283140182495,18.84068940302127,319.1397476196289,203.8571834564209,13.76210104220991
19,0.76,395.14842987060547,198.01458835601807,43.43109248571898,377.38475799560547,168.21229934692383,17.441652870150012,350.75687408447266,156.6023826599121,5.450293962588293,327.6245880126953,158.9670181274414,24.612591203829023,313.31865310668945,166.3736629486084,34.78305901211971,334.09618377685547,150.4372215270996,15.30659093293149,295.8740425109863,157.34403133392334,11.881608789930699,296.7349624633789,167.44447231292725,29.398170832712427,305.3972816467285,170.81007957458496,63.714356426432616,330.12928009033203,168.2689619064331,15.702588993692615,288.4687614440918,173.0476999282837,14.918856829665284,294.91294860839844,180.4527711868286,42.11695367443104,307.5726318359375,182.17074394226074,84.38940874208187,330.70491790771484,187.90818214416504,6.687061281275596,291.2406539916992,190.54345607757568,18.891915791146722,299.99826431274414,193.47232818603516,27.869478394683085,311.9575500488281,192.47327327728271,49.34664347806725,335.9688186645508,208.2467794418335,3.1552713621379014,305.38122177124023,206.06386184692383,25.45884415198092,310.9543800354004,204.64682579040527,47.35577580373311,321.3541793823242,202.7232313156128,62.197043183725555
20,0.8,395.36399841308594,198.43078136444092,11.717679398221769,378.3214569091797,168.069748878479,23.6870942016027,351.6826629638672,155.7667636871338,31.17835904996522,328.59241485595703,157.51768112182617,43.56938829602498,314.59585189819336,165.14824390411377,44.24991940408739,333.88927459716797,149.96259212493896,12.94421873932348,296.76334381103516,156.52540683746338,30.217987901174652,299.76245880126953,165.4289960861206,90.92537632848942,309.59680557250977,167.79414653778076,129.25714024207753,329.51725006103516,167.85043716430664,18.53617605746189,289.1918182373047,172.4279022216797,23.808616131073375,297.218017578125,179.01351928710938,67.93742058892191,310.4587745666504,180.0730562210083,89.19821199840598,329.7854995727539,187.5122880935669,25.025763898947083,290.99966049194336,189.47815418243408,27.30551678137663,300.3778266906738,192.1620798110962,34.10295444285067,312.28811264038086,190.93573093414307,39.316886352124676,334.8133850097656,207.78562545776367,31.10154666203973,304.3990707397461,205.34956455230713,30.360760795821427,310.6274604797363,203.7495517730713,23.874372479426754,321.1241912841797,201.60929203033447,28.435840683177823
21,0.84,394.0461730957031,197.9324769973755,35.22224802390164,376.8062210083008,168.05182456970215,37.88354784861628,350.21228790283203,155.45958995819092,37.5529502824579,327.31117248535156,156.4381456375122,41.88510231967707,313.03497314453125,163.23494911193848,61.73045968866827,333.5477066040039,149.56021785736084,13.195021437154752,295.4709815979004,155.58922290802002,39.89549191079267,297.9768753051758,164.18965816497803,54.33844693391817,307.88856506347656,166.857647895813,48.702639450479865,330.06290435791016,167.60594844818115,14.948104896834755,289.0554428100586,171.86236381530762,14.543726014987001,297.06214904785156,178.01005840301514,25.387358377704345,310.45202255249023,179.0879201889038,24.6289792653619,330.8502197265625,187.32376098632812,27.03205823751234,291.2459373474121,188.6249828338623,22.200135691637122,300.5756378173828,191.1288070678711,26.300924457870728,312.60873794555664,190.24136066436768,19.120516759933093,335.99613189697266,207.66919612884521,29.711592727316937,304.83089447021484,204.93739128112793,14.923943423038978,310.87013244628906,203.05526733398438,18.386825543524402,321.2020492553711,201.18568897247314,10.767468780646334
22,0.88,393.48995208740234,198.48844528198242,19.660915282037262,376.46209716796875,168.13672542572021,8.8610585159684,350.0039291381836,155.3666353225708,5.703833091060987,327.5496292114258,156.7987060546875,10.806983408994629,313.6492919921875,164.5607328414917,36.52986914955482,333.42761993408203,148.5263729095459,26.01989844829583,296.148738861084,154.6567440032959,28.81917564263432,299.5043754577637,163.71374130249023,39.99807476738923,309.82086181640625,165.9991979598999,52.86011630858726,329.1658020019531,166.68595790863037,32.12451585166882,289.7570991516113,170.62581539154053,35.54375495394762,297.81057357788086,177.42878437042236,23.690963178449483,311.11948013305664,178.92271041870117,17.19000236376454,329.0895462036133,186.72994136810303,46.45288603388528,291.8954849243164,187.4298906326294,34.005122997406275,302.13706970214844,190.70367336273193,40.45683037207749,314.52125549316406,190.52809238433838,48.347301173020924,333.3442687988281,207.27882385253906,67.01104575650737,303.91427993774414,203.49178791046143,42.79275133140865,311.39225006103516,202.84006118774414,14.118261423766992,322.47947692871094,202.24524021148682,41.491492265808645
23,0.92,393.0936050415039,198.94180297851562,15.054571186983168,376.63299560546875,167.8226137161255,8.939814107563397,349.98844146728516,154.87918853759766,12.192319204383177,327.1769332885742,156.4775276184082,12.299843465492563,313.08006286621094,164.36857223510742,15.019726539330168,333.6422348022461,148.1987428665161,9.791609505489152,296.78638458251953,154.0887451171875,21.348518694007794,299.7668266296387,162.96742916107178,19.777866891540082,309.9150848388672,165.5802583694458,10.735116394674206,328.8261413574219,166.5735626220703,8.944343669475623,289.8822593688965,170.14171600341797,12.500432431807686,297.8618812561035,176.61555290222168,20.371209750473202,311.0160446166992,178.17594051361084,18.847483207194237,328.3475875854492,186.5725564956665,18.96168157659985,291.203670501709,186.90367698669434,21.72999074573991,301.29878997802734,189.73669052124023,31.993834480371934,313.5540199279785,189.5760726928711,33.92902639611536,332.2532653808594,206.8382978439331,29.414618201221298,303.2108688354492,201.77683353424072,46.34015329165341,310.8700752258301,200.92145919799805,49.70978370489003,321.98780059814453,200.50771236419678,45.143857791977105
24,0.96,393.41129302978516,198.81597518920898,8.542478067720747,378.1356430053711,168.19195747375488,38.68433161285292,352.2940444946289,154.8054027557373,57.66958503677117,329.1201400756836,155.58241367340088,53.48645618293543,315.4289436340332,162.98131942749023,68.19875005126141,334.0071105957031,148.3817195892334,10.204619839417598,298.2541275024414,154.75809574127197,40.32911120505156,301.3920593261719,164.58251953125,57.281640938235036,311.3445854187012,167.12214946746826,52.564841302829315,329.03099060058594,166.22234344482422,10.164832846950565,290.4205513000488,169.86389636993408,15.143933436628195,297.8327751159668,177.19781398773193,14.574702807716989,310.596923828125,178.9420223236084,21.830935261461693,328.8741683959961,186.02625846862793,18.96920010804427,291.96937561035156,186.82488441467285,19.24370973212908,301.2747001647949,190.39682865142822,16.514438191126622,313.0346488952637,190.14593124389648,19.275713958892045,333.48182678222656,206.38957500457764,32.69857893976951,304.36208724975586,202.7169942855835,37.158495628558015,311.058406829834,201.7561912536621,21.392849240748586,321.71566009521484,200.42731761932373,7.094177557072136
25,1.0,393.08982849121094,198.3350658416748,14.46144119085486,378.1649398803711,167.94919967651367,6.112980809626068,352.2752380371094,154.07732963562012,18.207899231542516,329.1648864746094,154.55909729003906,25.607355640927825,315.9195137023926,161.51982307434082,38.540811017666385,334.16175842285156,148.47999572753906,4.5808125508750495,299.0595817565918,155.24386882781982,23.51504899983185,300.9248733520508,165.14612674713135,18.301568037483143,309.8451805114746,168.04654598236084,44.036376955312754,329.3301010131836,166.47984981536865,9.867135152721232,290.7165336608887,170.12410640716553,9.852500361720294,297.49298095703125,177.45240211486816,10.614706335005492,309.69371795654297,179.42832469940186,25.645063452380768,329.4245910644531,186.16155624389648,14.17018441005575,292.3586845397949,187.0627784729004,11.406002407841626,301.3294982910156,190.56718826293945,4.473898738206245,312.7915382385254,190.25220394134521,6.633093058801255,334.1991424560547,206.28084182739258,18.137748615461042,305.3787422180176,202.65094757080078,25.469951573187494,312.0069122314453,201.61205291748047,23.984869668750004,322.4363708496094,200.18328666687012,19.022603286211776
26,1.04,393.0611038208008,197.95778274536133,9.459375027388706,378.16993713378906,167.58845329284668,9.019524858277462,352.3867416381836,153.93799781799316,4.461390510238164,329.3982696533203,155.2439546585083,18.088278719446873,316.42988204956055,163.35941791534424,47.72699071828588,334.78431701660156,148.1166172027588,18.021222817199885,299.66012954711914,155.6354856491089,17.923821150633305,301.3176918029785,165.8664321899414,20.511372856464586,309.94028091430664,168.9712429046631,23.239358918842576,329.5442581176758,166.21501922607422,8.514638366899188,291.04549407958984,170.174560546875,8.3201779310103,297.8509712219238,177.8479242324829,13.336856246889464,310.10631561279297,180.12428283691406,20.226754483734737,329.3793487548828,186.0437250137329,3.1554581063132887,292.4936103820801,187.35124111175537,7.961457032617276,301.85558319091797,191.03676795959473,17.62935076470695,313.6490249633789,190.78793048858643,25.27704512891833,333.9829635620117,206.3852834701538,6.002154351371764,305.72689056396484,202.9213285446167,11.02024108707079,312.75516510009766,202.11673736572266,22.56364259910153,323.2952117919922,200.86897373199463,27.47469876531934
27,1.08,393.84849548339844,197.09592819213867,29.184530376114132,378.321533203125,167.41902351379395,5.68373877104481,352.0374298095703,154.2760992050171,12.153479479059094,328.9714050292969,156.99103832244873,44.961891753254406,315.8675003051758,166.01544857025146,67.87291463750546,335.43373107910156,148.08817863464355,16.25091106540643,300.05895614624023,156.7904233932495,30.546520352234204,300.96349716186523,167.04630374908447,30.797227349512085,309.05359268188477,170.20209789276123,37.92443163088862,330.32726287841797,166.40666484832764,20.152923173106768,290.9305191040039,170.62329769134521,11.58081036235886,297.2006034851074,178.4095859527588,21.48316319113287,309.36588287353516,180.92053413391113,27.182907880393614,330.20313262939453,186.4256715774536,22.700537568574124,292.2633743286133,187.75187015533447,11.55184700802948,301.407470703125,191.53082370758057,16.675129006881985,313.32977294921875,191.34684562683105,16.091690019702895,334.67357635498047,206.88823699951172,21.35866748104964,305.57390213012695,202.74836540222168,5.772873500006867,312.42664337158203,201.96051120758057,9.094405512275502,322.93670654296875,200.85777282714844,8.967004580918116
28,1.12,395.45642852783203,196.52177810668945,42.684137832475535,379.5087432861328,167.19955444335938,30.183133266702445,353.541259765625,154.00384426116943,38.20689802883223,330.5706024169922,156.29390716552734,43.61353097636431,317.4871253967285,164.94498252868652,48.53531564316672,336.20426177978516,148.55830192565918,22.565646864361543,301.3895606994629,157.0235538482666,33.77182892324367,301.8736457824707,167.1266269683838,22.842153072070552,309.24049377441406,169.86056327819824,9.733252004511831,331.29871368408203,166.32923126220703,24.36330011622057,291.3723945617676,170.8729362487793,12.687920671144859,297.3666000366211,178.42180252075195,4.161137137847862,309.3326950073242,180.2478790283203,16.83683323737411,331.29554748535156,185.88571071624756,30.464404937873862,292.65783309936523,187.4006223678589,13.204467284541346,300.4257011413574,190.77993392944336,30.90011055122059,311.4164161682129,189.96055126190186,59.069589456290636,335.95001220703125,205.9508228302002,39.59193264753106,305.66017150878906,202.65380859375,3.1999409880394993,310.9564971923828,201.28061771392822,40.493710552726974,320.69530487060547,199.31499481201172,68.02593926612714
29,1.16,396.4183044433594,196.08901977539062,26.3686017142087,379.9751663208008,166.6664743423462,17.70813445434582,353.97586822509766,153.39234352111816,18.75529372151443,331.19384765625,155.36476135253906,27.970370149177302,317.8358840942383,163.58293533325195,35.14972609850508,336.95323944091797,148.2850742340088,19.931459247264407,302.2633934020996,156.94912433624268,21.92491939063733,300.71739196777344,166.4901065826416,32.99697983781396,306.23767852783203,169.7438907623291,75.12702526831116,332.49088287353516,166.13951683044434,30.17924516431329,292.58691787719727,170.60744762420654,31.08004880043479,297.08606719970703,177.45327472686768,25.20844055214192,307.9884147644043,179.50903415679932,38.348574905706414,332.9081344604492,185.6044864654541,40.923127870198215,293.89881134033203,186.6170597076416,36.69125778915049,300.5767822265625,189.41104888916016,34.42992655214619,311.1770248413086,188.71923923492432,31.604625410255288,337.6565170288086,205.49943923950195,44.12982163954553,307.115535736084,202.04874515533447,39.40325810289174,311.4236831665039,200.00279903411865,34.013630658216904,320.4804229736328,197.9538345336914,34.45043117403973
30,1.2,397.12902069091797,195.34948825836182,25.642060774520193,381.1517333984375,166.330304145813,30.59126191839531,354.9347686767578,153.55937004089355,24.333463770370972,331.26712799072266,157.29919910430908,48.39563140727085,317.7437973022461,166.68381214141846,77.55609645880642,338.1168746948242,146.85782432556152,46.0372763726322,303.56943130493164,156.22235298156738,37.365856788069664,302.8655242919922,165.52363872528076,58.888308483439125,309.0014457702637,168.74982833862305,73.4275555929216,333.29479217529297,164.5006227493286,45.63608751969818,293.5472106933594,169.72698211669922,32.57090153306596,299.12742614746094,176.26670837402344,59.029050386637024,310.36609649658203,177.8766632080078,72.10238091591613,333.5649108886719,183.70794296264648,50.17614307810222,293.9035415649414,185.07635593414307,38.5177758695375,301.4890670776367,187.71617889404297,48.119953955246345,312.4549865722656,186.76071166992188,58.46482066521437,338.09703826904297,203.60589981079102,48.60266537946103,307.9258155822754,200.446515083313,44.886625463730425,312.5103950500488,198.2554292678833,51.44319572226692,321.22852325439453,195.94006061553955,53.706025171206576
31,1.24,396.9542694091797,195.5115795135498,5.9587952577256385,381.5079116821289,166.50559902191162,9.924441525842616,355.80116271972656,153.3323621749878,22.391002781178994,332.3765563964844,156.4255428314209,35.3032104654437,318.35742950439453,164.980788230896,45.25507512509478,339.51026916503906,145.63021659851074,46.42580694734941,304.07413482666016,154.88738536834717,35.6796876141738,302.9329299926758,164.48847770690918,25.933832420709834,308.9694023132324,167.94533729553223,20.128223678951866,334.73236083984375,163.2070827484131,48.346725582419616,294.1703414916992,168.03138256072998,45.161860610217396,299.6978187561035,174.90092754364014,37.00257596300378,310.99470138549805,176.8943166732788,29.156354588914212,334.69120025634766,182.58244514465332,39.806352178757884,294.36506271362305,183.3153533935547,45.51189211787911,302.14508056640625,186.51214599609375,34.278718952065994,313.26250076293945,186.21079444885254,24.4244769412805,338.71273040771484,202.87349224090576,23.92041045383067,308.1254196166992,198.84070873260498,40.45410830907998,313.11105728149414,197.3036527633667,28.136649041271582,322.1519088745117,195.9124517440796,23.094956879458763
32,1.28,398.07640075683594,195.3257131576538,28.435508871467473,382.8779983520508,166.6457462310791,34.43089749170654,356.65367126464844,153.30532550811768,21.323429023615347,332.9646301269531,156.53035640716553,14.933531860543889,319.16893005371094,165.66354274749756,26.51281378268655,340.30006408691406,144.84950065612793,27.76343595124508,305.5208206176758,154.68096256256104,36.53346199612012,304.6344757080078,163.8645315170288,45.30843374328218,310.52587509155273,166.7680549621582,48.789094594275994,335.4903793334961,162.4243927001953,27.23962816718169,295.0802803039551,167.22534656524658,30.38999288483502,300.7923889160156,173.80813121795654,38.66755458712756,312.2030830383301,175.6767225265503,42.885907687204,335.3342819213867,181.74395084381104,26.417639945385048,295.45867919921875,182.47889041900635,34.42080879857555,303.3410835266113,185.45392513275146,39.92379049852513,314.50389862060547,184.97436046600342,43.802380321749595,339.07020568847656,201.90799713134766,25.738703625769112,308.58314514160156,197.51824378967285,34.98594522654423,313.7759590148926,196.1657953262329,32.94705850221042,323.0160903930664,195.05324363708496,30.465639129771873
33,1.32,397.28519439697266,195.22364616394043,19.944065143135173,382.32810974121094,167.13232040405273,18.3564006230856,356.5431594848633,154.14175987243652,21.092583105275974,332.3106002807617,157.29286193847656,25.114359998179808,317.96390533447266,166.27597332000732,33.7930815785563,340.42015075683594,144.73154067993164,4.2082778750008325,305.46056747436523,154.38539028167725,7.541278675796913,306.21524810791016,164.5638084411621,43.21334860982155,312.9847526550293,167.27412700653076,62.760396480702,335.7527160644531,161.7449140548706,18.20906007083975,295.2531051635742,167.14262008666992,4.790100622642902,300.85676193237305,175.3211545944214,37.85980407176612,312.18814849853516,177.32316970825195,41.16287285446244,335.73638916015625,180.92628479003906,22.779760849297332,294.5706558227539,182.11571216583252,23.98546383654086,302.2103500366211,186.94054126739502,46.69439043643277,313.70187759399414,186.79145336151123,49.65546494364728,339.6025085449219,201.04944705963135,25.254387695803448,307.82068252563477,197.57575035095215,19.115704364100424,312.9996681213379,197.4873161315918,38.31648462486753,322.9868698120117,196.31042003631592,31.437898517757272
34,1.36,397.366943359375,195.66111087799072,11.125934480217953,382.92591094970703,167.00268745422363,15.292379363607559,357.4691390991211,153.7596845626831,25.04271086993451,333.890380859375,156.66094779968262,42.53691158402464,320.04955291748047,166.16719722747803,52.21205607192337,340.6543731689453,143.98680210113525,19.517551221304565,306.8137741088867,153.79541873931885,36.90557729281671,306.68495178222656,164.00671005249023,18.21709630277168,312.83437728881836,167.1638059616089,4.662582687988488,335.33668518066406,160.96372604370117,22.126573461863163,295.5396270751953,166.71212196350098,12.928250072297834,300.84239959716797,175.15342712402344,4.208531587638226,311.7002296447754,177.24609375,12.349228498035322,334.8351287841797,180.23151397705078,28.449261280895023,293.6691093444824,181.6874885559082,24.951972774967228,301.2583541870117,186.94726467132568,23.80048977744327,312.6597213745117,187.00873374938965,26.614145120152855,338.39298248291016,200.8416223526001,30.681268751656532,306.4863967895508,197.462739944458,33.47657555565114,311.79372787475586,197.73974418640137,30.801905391360062,322.0112991333008,196.83237075805664,27.66056200945423
35,1.4,398.1959915161133,194.41546440124512,37.407853380171744,382.7231216430664,166.51179313659668,13.278288998545177,357.10487365722656,153.7492561340332,9.110367181222864,333.77452850341797,156.64702892303467,2.9171372426506927,319.5429992675781,165.60906887054443,18.843166252032514,340.2830505371094,144.3307113647461,12.65291662302899,306.6169738769531,154.4811773300171,17.83597446184178,303.0944633483887,164.8762321472168,92.35690237720912,306.5930366516113,169.05195236206055,163.01731077402184,335.6852340698242,161.47642135620117,15.49884696506186,295.9322738647461,167.23743438720703,16.39597213960766,298.1590461730957,175.74877738952637,68.71511631873096,306.8203544616699,178.78111839294434,127.89029101424933,335.76061248779297,180.9697151184082,29.595829633953034,294.6556854248047,182.16326236724854,27.382625442757398,299.4179153442383,186.92180156707764,46.01537449366228,308.95641326904297,187.2485589981079,92.77663725971547,339.7399139404297,201.67795658111572,39.63646752867328,308.3947944641113,197.7670669555664,48.31276108569993,311.6114044189453,197.27316856384277,12.523344553888144,320.125732421875,196.16239070892334,50.02646230667385
36,1.44,397.57999420166016,194.5252561569214,15.642628476137327,382.4540710449219,166.87196731567383,11.239263310928898,357.5284194946289,153.40003967285156,13.723684206989592,334.06028747558594,155.76772212982178,23.11437089189363,319.9313735961914,164.07723426818848,39.50752988435282,340.5569839477539,144.80106353759766,13.607688083706842,305.5897521972656,154.79693412780762,26.866414146789957,304.1296577453613,165.12112140655518,26.594151011816503,309.18285369873047,168.51871490478516,66.10358596263154,336.4705276489258,161.77893161773682,21.03863208053975,295.4219436645508,167.69910335540771,17.204199150041674,299.4490432739258,176.09822273254395,33.41224109427075,309.46733474731445,178.52901935577393,66.4739542844275,336.89014434814453,181.15671157836914,28.62265164589036,295.4139518737793,182.9348373413086,27.045054402750146,300.8822250366211,188.33045482635498,50.79681879851662,310.77098846435547,188.87559413909912,60.92991101187334,341.1133575439453,201.68859958648682,34.33712099901245,308.1238555908203,198.0353021621704,9.531461034453798,310.98405838012695,198.40766429901123,32.409909996177326,319.29548263549805,197.9090166091919,48.347807236134784
37,1.48,398.99295806884766,193.036150932312,51.319472790162656,382.969970703125,165.8044195175171,29.641722692467216,357.4169921875,153.25326919555664,4.606898209436772,334.1508102416992,156.57169818878174,20.22640407001437,320.2648162841797,165.7157850265503,41.80335373732691,341.1734390258789,144.41556930541992,18.176610423639236,306.0771942138672,155.42773246765137,19.929661705267183,304.989013671875,165.51788806915283,23.663215031233786,310.86978912353516,168.72615337371826,42.49104204016332,337.24517822265625,161.8022632598877,19.37504640166058,296.2461853027344,168.49645614624023,28.669951072115364,300.7176208496094,176.35385513305664,32.35194149621421,311.2693214416504,178.52972030639648,45.04967076666276,337.55165100097656,181.46344184875488,18.22900351280803,296.7217826843262,183.9357089996338,41.171633935380214,302.49013900756836,188.45539569854736,40.31902125169643,312.47264862060547,188.62654209136963,42.994725038711344,341.51611328125,202.06332206726074,13.752934267121136,309.12973403930664,198.20464611053467,25.500843441649867,312.3581314086914,197.91542530059814,36.489518352766446,320.53672790527344,197.2618532180786,34.99562717805812
38,1.52,400.1806640625,192.5551414489746,32.035289627399735,384.1917419433594,165.49464225769043,31.51078103373468,358.3298110961914,153.06581497192383,23.29669297913266,334.6195602416992,157.08356380462646,17.351746511232328,320.70079803466797,166.7374849319458,27.770834334828866,341.7292022705078,144.02296543121338,17.01122030680112,307.29007720947266,155.23138046264648,30.716844634686325,305.9413719177246,165.24888038635254,24.74054569228577,311.46244049072266,168.4676456451416,16.16442638873781,337.69962310791016,161.23809814453125,18.11081222499745,297.2234344482422,168.660306930542,24.772249745330598,302.1221160888672,176.10324382781982,35.666974424970164,312.6076126098633,177.7108383178711,39.223645308409964,338.062744140625,180.57447910308838,25.635314516534446,297.6080513000488,184.08243656158447,22.458309106137992,303.92311096191406,187.9599952697754,37.90473425880333,313.84233474731445,187.4055290222168,45.872874615214315,342.1929931640625,200.8766269683838,34.15416915852702,310.72214126586914,197.9291582107544,40.40153430048959,314.4164276123047,197.29116439819336,53.772000939615886,322.55069732666016,196.20264530181885,56.88801631356615
39,1.56,400.0894546508789,193.0905532836914,13.578130153004148,384.0541076660156,165.72768688201904,6.7663224515057285,358.72303009033203,152.58586406707764,15.511569239112358,335.44677734375,156.02276802062988,33.63011884150701,321.9499969482422,166.04312896728516,35.7301354893074,342.8236389160156,143.24224948883057,33.60904783054219,308.079776763916,155.1911973953247,19.768030775525965,306.0435676574707,165.92917442321777,17.19818205902604,310.8361625671387,169.4801902770996,29.764394304223256,338.7172317504883,160.52287101745605,31.09538945681831,298.46446990966797,168.74125957489014,31.091823152792706,303.17148208618164,177.0765495300293,35.781393438780015,313.52237701416016,178.90005111694336,37.508507342051,338.8836669921875,179.92292404174805,26.201602123912554,298.9151954650879,184.55167293548584,34.72038884779888,305.7349395751953,189.4980525970459,59.41560856519078,316.1831474304199,189.29745197296143,75.24450340781415,342.69832611083984,200.25917530059814,19.94692879163901,311.8704414367676,198.15741062164307,29.269143794722968,316.03418350219727,198.37913990020752,48.73926043412725,324.6474075317383,197.57183074951172,62.604225467678496
40,1.6,401.1637878417969,192.29631900787354,33.40097201048125,385.2204895019531,165.00773906707764,34.267070959631184,359.65259552001953,152.5534200668335,23.253286074525416,335.6653594970703,156.26632690429688,8.181499234677897,321.2574768066406,165.73262214660645,18.973643433257774,343.38802337646484,142.1127462387085,31.56647164351042,308.9494514465332,154.34147357940674,30.397004549415513,305.6116485595703,165.9287166595459,10.797983511941782,309.6347427368164,170.44382572174072,38.50326998175169,339.3547821044922,159.1130018234253,38.68301951573403,299.3650436401367,168.1908416748047,26.386465620949455,302.25927352905273,177.92552947998047,31.153765895135933,311.5401077270508,180.46955108642578,63.20958036970361,339.59686279296875,178.49960803985596,39.800099650425594,299.5452690124512,184.7486972808838,16.50400079841323,305.35146713256836,190.76946258544922,33.19953381511942,315.4472351074219,190.66187381744385,38.755756966233385,343.8373565673828,198.96466255187988,43.1070878563389,313.66830825805664,198.72173309326172,47.108816578387305,317.2293472290039,199.09250736236572,34.79681621517597,325.5226516723633,197.43103981018066,22.162389231196897
41,1.64,401.8729019165039,191.55484199523926,25.649450910456412,385.4621124267578,164.35206413269043,17.46946009066322,359.9103546142578,152.26375579833984,9.693591281888962,336.4814758300781,155.83834648132324,23.0381899171084,322.2087860107422,165.21048545837402,27.129503347447564,343.46351623535156,142.0269012451172,2.857942295995259,309.74998474121094,154.60082530975342,21.03742017099241,304.4643974304199,166.83830738067627,36.60208697348516,306.7825508117676,172.36588954925537,85.98447583122926,339.84840393066406,158.99422645568848,12.69276603163867,300.2589416503906,168.3773946762085,22.828924567703883,300.84585189819336,178.83793830871582,42.05837147149922,308.7217903137207,182.7278995513916,90.28791042926588,340.5224609375,178.55667114257812,23.18388614496033,301.12781524658203,185.43664455413818,43.14020770942638,304.73987579345703,191.80206298828125,30.00320355817088,313.6672592163086,192.67114162445068,67.10752236718037,345.0697708129883,199.11432266235352,31.036702279703025,315.4688835144043,198.89581203460693,45.22426569049587,317.14399337768555,199.03382778167725,2.5894706414453745,323.93096923828125,197.54642486572266,39.89648075024701
42,1.68,401.5424346923828,192.2472381591797,19.18041048273152,386.35066986083984,165.31582832336426,32.771707775988176,360.6252670288086,152.74646759033203,21.565458994175398,336.45618438720703,156.64574146270752,20.19477520682979,322.18597412109375,166.36027336120605,28.750354387035532,343.77708435058594,141.967134475708,7.980328534012883,309.18983459472656,154.81587409973145,15.00029517787651,306.7207145690918,166.61031246185303,56.69517568361556,311.38532638549805,170.58510303497314,123.38137924637192,340.1655578613281,158.94453048706055,8.0255959682729,299.81897354125977,168.69840145111084,13.615645563683984,303.4333801269531,178.6295986175537,64.89755273478237,313.4115791320801,181.06909275054932,124.3627736787853,340.91556549072266,178.48875045776367,9.973226947371662,301.0845947265625,185.56706428527832,3.4348689586926247,307.75142669677734,191.6173553466797,75.4302482270682,318.35620880126953,191.28486156463623,122.23957167828394,345.5466079711914,199.17677879333496,12.022750406531452,315.6097602844238,199.4939947128296,15.36369057340972,320.1814651489258,199.95440483093262,79.34771918861709,329.0864944458008,198.2880449295044,130.21482366740386
43,1.72,400.9452438354492,191.99293613433838,16.22703067884474,385.1640319824219,164.37459468841553,37.86514071391306,359.32987213134766,151.98403358459473,37.57786543858353,336.18175506591797,156.18669033050537,13.370662716355206,322.5768280029297,166.69189453125,12.814526848647601,343.7661361694336,141.78414344787598,4.582956124160459,309.3678283691406,153.97330284118652,21.52916785224376,308.3063507080078,164.76186275482178,60.88415374945891,314.0387535095215,167.93014526367188,93.8398778168705,339.6077346801758,159.3874454498291,17.806957307383936,299.36351776123047,168.62012386322021,11.553336864518563,304.72564697265625,177.3535680770874,45.40241968156986,315.815486907959,179.06031131744385,78.31816296731688,339.8911666870117,179.21605110168457,31.40819096680985,300.21448135375977,185.61738967895508,21.78918778286135,308.3539390563965,190.762939453125,26.137229944237106,319.67824935913086,190.37275314331055,40.15386818915709,343.95809173583984,199.84871864318848,43.11965178283466,314.43347930908203,199.58375930786133,29.492526759675293,320.4438781738281,199.59890842437744,11.04644430099684,330.0776672363281,198.26828956604004,24.78424115072129
44,1.76,400.2186965942383,192.67221450805664,24.86576465133023,384.85767364501953,165.41898250579834,27.20984821706981,359.4952392578125,152.30848789215088,9.104150296944999,335.9851837158203,155.8964967727661,8.762583688351546,322.3872375488281,166.33822917938232,10.031940284602339,343.0727005004883,142.32370376586914,21.965574823438455,308.54991912841797,154.9015474319458,30.929491855805786,306.7287254333496,166.1534070968628,52.59097571771899,311.96664810180664,169.71045970916748,68.29687193386597,339.2327880859375,159.63694095611572,11.259244984347966,298.88160705566406,169.14669513702393,17.845083961254815,303.1985855102539,178.26716423034668,44.48717962236799,313.8019561767578,180.36828517913818,60.026565100207506,339.79705810546875,179.3117094039917,3.3547481202312026,300.0608825683594,186.11402034759521,12.99602362047774,307.3409843444824,191.61629676818848,33.11245947110814,318.3353614807129,191.35665893554688,41.618944469421834,344.12837982177734,200.02740383148193,6.170819877036478,314.3385887145996,200.42651653289795,21.202063066961394,319.9644660949707,200.71429252624512,30.35125240469449,329.49851989746094,199.2808198928833,29.161503978857418
45,1.8,400.5860137939453,191.58428192138672,28.70669824207978,384.34818267822266,164.84320163726807,19.220832672732506,358.5749053955078,152.48291015625,23.417909069744663,335.63636779785156,156.33853912353516,14.077330724026735,322.2000503540039,166.58387660980225,7.720982206707511,342.5128173828125,142.92048454284668,20.457523084862142,308.17468643188477,154.98571872711182,9.613934661388107,305.5856513977051,165.9916591644287,28.86152980841642,310.1916313171387,169.74439144134521,44.38352698567901,338.743896484375,160.44472217559814,23.605156966048423,298.55459213256836,169.113507270813,8.217367065814168,302.0492744445801,178.01781177520752,29.401239053016937,312.1990966796875,180.39381980895996,40.076571902021435,339.36206817626953,180.14435291290283,23.485520159193104,299.8080253601074,186.13995552062988,6.354594841791143,306.2153434753418,191.3759708404541,28.77524888924779,316.6949462890625,191.31714820861816,41.022273664283766,343.88477325439453,200.74055671691895,18.8403025068464,314.1123390197754,200.5839443206787,6.890774302173734,318.9004135131836,200.385103225708,27.845258712165933,327.86842346191406,198.80342960357666,42.46407214860364
46,1.84,399.36439514160156,193.3859395980835,54.419220615023676,383.66092681884766,165.93717098236084,32.298312110000246,358.2303237915039,152.96001434326172,14.713193209710163,334.85313415527344,156.48220539093018,19.907519547482167,321.3106918334961,166.6986894607544,22.418471300799112,341.9791793823242,142.76455879211426,13.898793906905201,307.15065002441406,155.4625654220581,28.24041136282702,305.5442237854004,167.04099655151367,26.25387113117274,310.8240509033203,170.73331832885742,29.346325598688022,338.04759979248047,160.0334358215332,20.217343238283377,297.56847381591797,169.4491481781006,26.041843169674088,301.8744468688965,179.02359008789062,25.52149456197508,312.67900466918945,181.2887477874756,25.38710013370311,338.5315704345703,179.6916389465332,23.64683427958201,298.7080192565918,186.3779354095459,28.136362763558598,305.7301712036133,192.42656707763672,28.930353727059778,316.64695739746094,192.42692470550537,27.770339469031384,342.9619598388672,200.49014568328857,23.904631947086543,313.24737548828125,200.7832431793213,22.190678587402548,318.6727523803711,201.33928298950195,24.524077620617817,328.20545196533203,200.07163524627686,32.80561846213209
47,1.88,400.53104400634766,192.39286422729492,38.301992977521856,384.1548156738281,164.9463129043579,27.678126876398025,358.24207305908203,152.73845672607422,5.546723302005945,335.60558319091797,156.1663055419922,20.401780954757186,322.0616912841797,166.26886367797852,21.63259084208877,341.5261459350586,143.08281898498535,13.841262015883018,308.02934646606445,155.37564754486084,22.074619956319992,304.8770523071289,166.3037109375,24.85844748333143,308.60403060913086,170.37242889404297,56.22905882845254,337.6316833496094,160.78855991363525,21.552245850541457,298.42687606811523,169.88749980926514,24.09624684367309,301.7925453186035,178.67793560028076,8.880628100859084,311.49131774902344,181.1295461654663,29.957734568720106,338.27484130859375,180.71730136871338,26.43261773355501,299.09236907958984,186.8802309036255,15.811893265262569,305.5143356323242,192.00684070587158,11.799237819367873,315.9988021850586,192.05045700073242,18.738881905368242,342.9679489135742,201.45750045776367,24.18433285098554,313.4260559082031,200.9518003463745,6.140959362574466,318.1660461425781,200.62793254852295,21.83418565717714,327.17151641845703,199.17019844055176,34.29295690997983
48,1.92,397.55104064941406,193.82419109344482,82.64803614234427,382.11814880371094,166.2794065475464,60.85408060137826,357.74375915527344,152.52256393432617,13.57678266972992,334.36485290527344,155.17029762268066,39.77627604055298,320.51395416259766,164.17985916137695,64.99725988409415,341.8212127685547,143.40170860290527,10.86148656511061,306.24887466430664,154.98197078704834,45.586876034230464,303.1435012817383,167.13722705841064,48.08812406308609,307.5869941711426,171.74410343170166,42.68968078951484,338.0004119873047,160.55946350097656,10.852591123486434,296.5962028503418,168.708758354187,54.43342176567999,299.1240882873535,178.86104106903076,66.86829658138508,309.105167388916,182.40593433380127,67.65205234001708,338.3563232421875,180.30444145202637,10.520593385979428,297.8750228881836,185.92623710632324,38.6655201295552,302.71318435668945,192.12286949157715,70.08883268798328,312.59016036987305,192.63763904571533,86.47117214056706,342.59166717529297,201.26209259033203,10.599887417389771,311.6423797607422,200.75323104858398,44.86737654637077,314.95250701904297,200.9236764907837,80.67797940684862,323.3692932128906,199.0792179107666,95.08278880056207
49,1.96,398.56075286865234,192.18957424163818,48.03313321219888,381.6278839111328,164.89378452301025,36.744966149921915,356.7695999145508,152.20401763916016,25.6229629489026,334.3507385253906,155.1665210723877,0.3652722029456804,320.743408203125,164.79183197021484,16.339367251198507,341.41048431396484,143.00907611846924,14.205151601711584,307.0465278625488,154.81069564819336,20.395860454020188,301.6223335266113,167.06448554992676,38.072649847811405,304.1734313964844,172.54262924194336,87.64293427793528,337.581787109375,160.4227352142334,11.009694955395185,297.0280075073242,168.1852626800537,16.965092517946704,298.01769256591797,178.55649948120117,28.68859824835308,307.105712890625,182.86515712738037,51.28781449378821,338.0546569824219,180.4336166381836,8.203991444707558,298.40070724487305,186.08252048492432,13.71059210279982,302.82371520996094,192.11822032928467,2.765714671986274,312.66462326049805,192.72059440612793,2.7868344386389694,342.51537322998047,201.6264009475708,9.305285636580349,311.8719673156738,200.9571647644043,7.677052080216447,315.0352668762207,201.19530200958252,7.098838656023758,323.4000015258789,199.7319746017456,16.336965333723338
50,2.0,399.00970458984375,193.00091743469238,23.18182780859975,382.69947052001953,165.60972690582275,32.21869949901549,357.6509094238281,152.71958827972412,25.525961497001067,334.5975112915039,155.4801321029663,9.97649351587834,320.6041717529297,164.22522068023682,14.586705055322552,342.0339584350586,142.89944171905518,15.826000782109054,307.54810333251953,154.7208023071289,12.739180822468086,301.7236328125,166.74156188964844,8.4609853034791,303.62422943115234,172.06109046936035,18.260311953546196,337.92537689208984,160.11428833007812,11.543218223569907,297.13226318359375,167.643141746521,13.801366612785115,297.8582191467285,177.52756118774414,26.030580371582225,306.34593963623047,181.409010887146,41.061061778785344,338.04779052734375,179.70149517059326,18.303841664934055,298.1818962097168,184.850492477417,31.28269569974566,301.5335273742676,190.6321907043457,49.19901356713971,310.3228759765625,191.37142181396484,67.56500122689063,342.17723846435547,200.50682544708252,29.23807899189278,311.72956466674805,199.773588180542,29.802810734562463,314.1106414794922,199.72107410430908,43.50488507744183,321.79534912109375,198.16264629364014,56.112056852805466
51,2.04,401.2356185913086,192.66973972320557,56.260398030624515,384.2272186279297,165.07179737091064,40.49214789432808,358.13507080078125,152.76766777038574,12.16356948934571,334.7645950317383,156.47905826568604,25.32008164008197,320.49007415771484,166.16425037384033,48.55959234480579,342.42088317871094,142.94104099273682,9.72886352629612,307.4740409851074,155.5411434173584,20.591939691854368,302.84292221069336,167.934308052063,40.892023709266105,306.0550117492676,173.1156349182129,66.24182342309963,338.78170013427734,160.639386177063,25.112462593534246,298.04718017578125,169.44329738616943,50.48287723049951,299.96021270751953,179.41463470458984,70.619682930767,309.43201065063477,182.87960529327393,85.46374309203115,339.42989349365234,180.64589023590088,41.84861593332861,299.2530632019043,186.3066816329956,45.19323498860733,303.79302978515625,192.03742504119873,66.52083642684113,313.6925506591797,192.37931728363037,87.92951987402871,343.98265838623047,201.47254943847656,51.18693633302088,313.3042526245117,200.18085479736328,40.66254619965852,315.8095932006836,200.03597259521484,43.19720774044579,323.5694885253906,198.3676815032959,44.64869863079335
52,2.08,400.2603530883789,192.6155662536621,24.419223549376422,383.58123779296875,165.23727893829346,16.67099630121694,358.1709289550781,152.6923942565918,2.084452732203613,334.1853332519531,156.24037742614746,15.662709549330566,319.70264434814453,165.49982070922852,25.7574319883615,342.0819091796875,142.6550531387329,11.087504922538393,306.971435546875,155.9605836868286,16.365786839357344,300.59038162231445,168.9366102218628,61.63678255453367,302.0863342285156,175.01539707183838,109.99857244548001,338.8502883911133,159.57115173339844,26.760852653726126,297.5602722167969,169.29147720336914,12.750704108691513,297.39261627197266,180.06308555603027,66.2053621438949,305.19323348999023,184.4417667388916,112.93687451342016,339.83665466308594,179.06633377075195,40.77723994117884,299.28333282470703,185.8608627319336,11.17113307281203,301.4752197265625,192.64901161193848,59.92850741314377,309.64759826660156,193.94011974334717,108.39091341206115,344.5793914794922,199.7446060180664,45.702016153095265,313.9118003845215,200.00667572021484,15.800566279590367,314.08870697021484,200.36553382873535,43.80396689268352,319.68379974365234,198.85332584381104,97.89799453385496
53,2.12,400.5318069458008,190.09617805480957,63.34925065276353,382.3216247558594,163.3936357498169,55.8213960417057,357.1155548095703,151.80438995361328,34.481573241322536,333.5375213623047,155.48563957214355,24.865757989606674,318.72474670410156,164.7081756591797,31.454189779459433,342.08534240722656,141.74534797668457,22.74279101315309,307.22612380981445,155.03132343292236,24.088258690296403,300.3541946411133,168.5075569152832,12.244157534713297,301.6068649291992,175.010347366333,11.987397249628891,339.23309326171875,158.50032806396484,28.429769828237443,297.58495330810547,167.77449131011963,37.929666461312,296.6322708129883,179.58025932312012,22.517304292815172,303.9867973327637,184.486985206604,30.182081928748023,340.0910949707031,177.9638385772705,28.286873300503924,299.84771728515625,184.71017360687256,32.0411384173757,300.26411056518555,192.06653594970703,33.59746361207148,306.950626373291,193.66257190704346,67.78039076100822,344.6463394165039,198.61823558807373,28.208956598835883,313.8673210144043,198.39922428131104,40.2016677421468,312.5783920288086,199.04385566711426,50.17397473504739,316.8457221984863,197.57901191711426,77.7759608432649
54,2.16,400.9709930419922,190.18811702728271,11.217653546621971,382.61966705322266,163.0928134918213,10.586643764761957,358.32775115966797,151.3806438446045,32.10316141062053,335.1325225830078,154.55416202545166,46.176829376563475,320.4380416870117,162.93219566345215,61.69220292959183,343.3918762207031,141.13042831420898,36.10018002947403,308.4617042541504,153.5624599456787,47.985798540967934,300.251407623291,167.44072437286377,26.79431894774883,300.7789421081543,175.06084442138672,20.736534036816508,340.2516174316406,157.04448223114014,44.419017419823334,299.09473419189453,166.0955572128296,56.44830610887497,295.49625396728516,178.7295627593994,35.480795133137605,300.7847213745117,185.1619577407837,81.81105657363845,340.74684143066406,175.93880653381348,53.21394434720014,300.84421157836914,183.33938598632812,42.367879763475656,299.1990089416504,191.54069423675537,29.695864353655814,304.5641899108887,194.01875495910645,60.32176926523043,344.8794174194336,196.4016580581665,55.7199543562454,313.7691879272461,196.7182159423828,42.096757137140486,310.703182220459,197.87014961242676,55.30595429144969,313.75797271728516,196.5754508972168,81.16854216426667
55,2.2,401.79168701171875,188.3582639694214,50.136693182924894,383.07811737060547,161.94780349731445,30.834483344837988,358.74744415283203,150.81802368164062,17.547856996733575,336.07959747314453,154.27690029144287,24.670641923562687,321.2026596069336,162.11204051971436,28.032291906670046,344.20188903808594,140.77351570129395,22.128988024510434,309.2598533630371,151.80816650390625,48.18316277408615,301.16161346435547,165.8639144897461,45.51650854776091,302.1664237976074,173.77831935882568,47.23595012451378,341.28570556640625,156.55689239501953,28.58192303221531,299.49878692626953,164.19148921966553,48.66167341160119,295.71014404296875,177.40609645843506,33.51596647741386,301.39198303222656,184.52476501464844,22.00541540124636,341.85428619384766,175.3798770904541,31.012457438068203,301.32171630859375,181.68135166168213,43.13560441424217,299.2059326171875,190.77600002288818,19.11813893277957,304.5658874511719,194.0851879119873,1.661365942433285,345.9891891479492,195.69075107574463,32.94865349172799,313.700008392334,195.08706092834473,40.81553386788114,309.5269012451172,196.93214893341064,37.612183920122035,312.1525764465332,196.53450965881348,40.14795582550153
56,2.24,403.1153106689453,187.2070598602295,43.855234058990355,383.37635040283203,160.71543216705322,31.698600493169298,359.1490173339844,150.3592586517334,15.242341775597335,336.6282272338867,154.50111865997314,14.816976984999492,321.95037841796875,163.35814476013184,36.330593154756066,344.9236297607422,140.7048511505127,18.1249912288661,309.5512390136719,152.16273307800293,11.473421810386983,301.7719268798828,167.2734832763672,38.40057477913835,303.2364273071289,175.78601360321045,56.875652135404174,342.33673095703125,155.65991878509521,34.543595902850555,299.9015426635742,163.8301134109497,13.527856885350865,296.0475730895996,178.44165802001953,27.228731486031926,301.81995391845703,186.07021808624268,40.0904000039361,343.2121276855469,173.8236665725708,51.63286678893694,302.0172882080078,180.4747438430786,34.81848193820365,300.6222724914551,191.0052251815796,35.86923135517229,306.8871879577637,194.68206882476807,59.920274458782565,347.8423309326172,193.61712455749512,69.52545132571046,315.0118637084961,194.13637161254883,40.50288991009825,311.97195053100586,197.2102689743042,61.520407018582745,316.2579345703125,197.2948408126831,104.37932262912932
57,2.28,402.4730682373047,186.6060733795166,21.98948741727693,382.3523712158203,160.1594638824463,29.12938924996923,359.19864654541016,149.90817546844482,11.34512827363849,337.53257751464844,154.07780170440674,24.96305614282597,323.43162536621094,163.46418857574463,37.12594958807884,345.64849853515625,139.92998600006104,26.526528484531042,310.0857162475586,152.69275188446045,18.81797426567635,302.2658348083496,167.97317504882812,21.41135239557352,303.1330108642578,176.23723983764648,11.573139032351863,343.61053466796875,154.2491340637207,47.51900556660135,300.4161834716797,163.35371017456055,17.532384410882266,296.82003021240234,178.4121322631836,19.325530019986086,302.6119804382324,185.7921552658081,20.985485164387214,344.7642135620117,171.88538074493408,62.07818919283871,302.5708198547363,179.19111728668213,34.94723183079276,301.4219665527344,190.6682538986206,21.694760847731185,307.98641204833984,194.38120365142822,28.491374284946165,349.5758819580078,191.3703203201294,70.94596728619187,315.3554153442383,192.98868656158447,29.950049067449246,312.8756904602051,197.03385829925537,23.019917814527922,318.43719482421875,197.31821537017822,54.48464017611767
58,2.32,402.91282653808594,186.32603645324707,13.033803243405664,382.88394927978516,159.78212356567383,16.297257298978117,359.6147918701172,149.4305419921875,15.837271484483534,337.88150787353516,153.55144500732422,15.787727985614996,323.74523162841797,162.58931636810303,23.234541465767553,345.8561325073242,139.6669864654541,8.377075175803922,310.6047058105469,152.26791858673096,16.76740695051121,302.7931785583496,167.67708778381348,15.119505183039166,304.1416358947754,176.05064392089844,25.643499277760796,344.10552978515625,154.1165256500244,12.811253778966,300.8424377441406,163.08066844940186,12.655149358779747,297.19383239746094,178.41050148010254,9.345143558556117,303.0367851257324,185.8912181854248,10.905058590080948,345.3048324584961,171.90243244171143,13.522193599758737,303.2930564880371,179.0738010406494,18.292567754160018,302.0849609375,190.83518028259277,17.092139492628863,308.7029266357422,194.72159385681152,19.831456166297343,350.01007080078125,191.56843185424805,11.931264893646617,315.8113670349121,192.81164646148682,12.227917373548081,312.94477462768555,196.84773445129395,4.963284508294217,318.22038650512695,197.31967449188232,5.420330724662806
59,2.36,403.1026077270508,185.6199073791504,18.279687650667473,383.11756134033203,159.76239681243896,5.861086696709172,360.0212860107422,149.62949752807617,11.314282777290998,338.28807830810547,153.92868518829346,13.865642619537969,324.25384521484375,163.31205368041992,22.094074473033828,346.7692184448242,139.62849140167236,22.847425992819932,310.8456611633301,151.88628673553467,11.283349233560497,302.89466857910156,167.3583984375,8.36148625267747,304.25418853759766,175.80612659454346,6.729451142834038,344.9556350708008,153.7254524230957,23.393605770343594,301.1907768249512,162.24439144134521,22.648114565898517,297.17329025268555,177.8034782409668,15.184268021599312,303.0705261230469,185.46409606933594,10.711318690759022,346.097412109375,171.26213550567627,25.472566975122202,303.7925720214844,178.05481910705566,28.370759034893254,302.2091293334961,190.099196434021,18.65961575037733,308.82205963134766,194.08109664916992,16.287060501334746,350.72330474853516,190.8587408065796,25.15407580504318,316.3755989074707,192.45903968811035,16.63372219772868,313.7254524230957,196.7593002319336,19.64176722255944,319.4959831237793,197.14619636535645,32.18347201884282
60,2.4,404.16500091552734,185.64395427703857,26.56663250465047,383.9731979370117,159.2570400238037,24.84325196855948,361.4488983154297,149.04138565063477,38.600133361839006,340.45875549316406,152.12961673736572,70.48265182323865,326.1262893676758,159.74796295166016,100.65035341563072,347.19058990478516,139.49438095092773,11.054962694095225,312.6145553588867,149.96047496795654,65.37267031803292,304.45606231689453,164.21902656555176,87.65559792020883,304.96734619140625,172.29043006896973,89.68248121538626,344.7970962524414,153.21413040161133,13.383403121535798,303.0208969116211,160.4847764968872,63.47038819595659,299.2736053466797,174.80391025543213,91.54483735410793,305.09151458740234,182.20823764801025,95.80255878881592,345.5759811401367,170.43657302856445,24.411109910445642,305.15445709228516,176.86320304870605,45.24019076403959,302.96287536621094,188.11981201171875,52.95101375968974,308.7217330932617,192.3144006729126,44.23855845560613,350.02628326416016,189.73979473114014,32.95716224720435,316.79975509643555,190.90292930603027,40.32204727142605,313.25002670288086,194.5898151397705,55.52417930820588,317.7181816101074,194.82168674468994,73.16045379243977
61,2.44,405.0802230834961,185.46981811523438,23.29102589503784,384.88677978515625,159.15829181671143,22.97257878513966,362.1289825439453,149.08392906188965,17.03534010001149,341.2400817871094,152.3162841796875,20.082883128943273,326.9843292236328,160.03613948822021,22.628495733180564,347.9278564453125,139.43647384643555,18.488428552269973,312.9643440246582,149.58011627197266,12.918611775089214,305.3791809082031,164.50515747070312,24.16116238540562,306.8103790283203,172.96515941619873,49.066471049202576,345.7880401611328,152.9637908935547,25.551904276719807,303.919677734375,160.58717250823975,22.61487218749945,299.76842880249023,175.74377059936523,26.554045342922183,305.8203125,183.69807243347168,41.46349362223347,346.69708251953125,170.26236534118652,28.36389233274727,306.676025390625,177.2512722015381,39.256908260621614,304.42453384399414,189.41396713256836,48.806268696351765,310.5309295654297,194.03406143188477,62.402048247902876,351.1525344848633,189.6895694732666,28.184264100998607,318.2054901123047,191.84374809265137,42.2879335929574,314.9696350097656,196.23029708862305,59.41503257603517,319.9395751953125,196.8620252609253,75.4054487471883
62,2.48,405.90057373046875,185.27316570281982,21.08979841204211,385.69740295410156,159.3763303756714,20.985869281856615,363.0496597290039,149.63101387023926,26.773917655695545,342.47406005859375,152.8824234008789,33.94127273934694,328.38966369628906,160.48254489898682,36.86328433209084,348.3438491821289,140.12539386749268,20.11934318785902,313.06901931762695,149.68481540679932,3.701251966526395,305.68952560424805,164.78602409362793,10.464221490285343,307.58678436279297,173.49050045013428,23.43592921848399,346.2997817993164,153.50709915161133,18.659169453705754,304.604434967041,160.8380126953125,18.231382063956268,300.7223701477051,176.47440433502197,30.03986669608849,306.9542694091797,184.6539831161499,37.07781938988841,347.36900329589844,170.73354721069336,20.516607356386938,307.4190139770508,177.4345064163208,19.13123782302812,304.9737739562988,190.43416500091553,28.96623456225122,311.0292434692383,195.80595016479492,46.01566600451768,351.79283142089844,189.99834537506104,17.7715137900689,318.8607978820801,192.80871391296387,29.161053945067,314.81204986572266,197.9688835144043,43.642839028398065,318.92892837524414,199.3411159515381,66.92952285425552
63,2.52,405.73963165283203,185.2633237838745,4.031068075162408,385.51795959472656,158.91290187835693,12.42391573103357,363.27091217041016,149.00110244750977,16.690960190199498,342.95291900634766,151.9996976852417,25.10615687549567,329.00707244873047,159.72849369049072,24.364251381707703,348.47965240478516,139.85169410705566,7.638474739235438,313.1027603149414,148.86653423309326,20.47441290583097,305.7823944091797,163.75259399414062,25.93986297014418,307.7107810974121,172.57548809051514,23.084394193534692,346.6368103027344,153.33825588226318,9.423914450757904,304.68732833862305,161.06183052062988,5.966873657014576,301.40960693359375,176.68932437896729,18.0014760708679,307.85186767578125,184.56782341003418,22.54309959782701,347.9920196533203,170.5768632888794,16.060417821663027,307.26585388183594,177.80649662017822,10.057171773543814,305.7999801635742,190.68978309631348,21.62113126716634,312.43682861328125,195.51770210266113,35.91990119570165,353.04786682128906,189.67700958251953,32.38798530900321,319.36065673828125,192.9587745666504,13.04743930594167,315.77930450439453,198.12530994415283,24.49554505359256,320.55858612060547,199.04208183288574,41.42165625562273
64,2.56,405.4458236694336,185.6655979156494,12.453604101923368,385.6251907348633,158.75616073608398,4.7477825808508705,363.24222564697266,148.75614166259766,6.165868895160222,342.8627395629883,151.5433645248413,11.6289586078681,328.63319396972656,158.79651546478271,25.104388688236874,348.5854721069336,139.31233406066895,13.741066848162378,313.14462661743164,147.9797601699829,22.194045179527404,305.8174514770508,163.16187858581543,14.793868908278371,307.93251037597656,172.15789318084717,11.820252259187193,347.05204010009766,152.56606578826904,21.918789398040317,304.6771430969238,160.21435260772705,21.188477883135736,301.38221740722656,176.3702630996704,8.005868398445969,308.1271743774414,184.38526153564453,8.25842819335405,348.3850860595703,169.7319746017456,23.296165099766792,307.7759552001953,177.41344928741455,16.099098592479663,306.0592269897461,190.6169843673706,6.731853933719149,312.5189399719238,195.35502433776855,4.555651051755323,353.4428405761719,188.89323234558105,21.941841083150088,319.80661392211914,192.59206295013428,14.434230571468017,315.7773971557617,197.97832489013672,3.674935720775163,320.40443420410156,198.6924934387207,9.551664079386835
65,2.6,405.8755111694336,185.74115753173828,10.907010453137095,385.8667755126953,158.6776828765869,6.3502942506328885,363.4406280517578,148.25300216674805,13.521114656998792,343.34861755371094,150.68854808807373,24.581351702519132,329.0277862548828,157.87811279296875,24.989579567039797,349.02210235595703,139.13818359375,11.751977479619008,312.86970138549805,146.55263900756836,36.33402929215599,304.56836700439453,161.3920497894287,54.15548211140888,306.0940170288086,170.7566499710083,57.790247450913014,347.8321838378906,152.34426498413086,20.276523499079072,305.40882110595703,159.31045532226562,29.073000915446944,300.28202056884766,175.38953304290771,36.84651041327303,306.0477638244629,184.11396503448486,52.42584071440757,349.1570281982422,169.56875324249268,19.725235701596862,309.08777236938477,176.9361448287964,34.89881652360335,306.1130714416504,190.42668342590332,4.944294269926778,312.07000732421875,196.0332155227661,20.33291367438341,353.8718795776367,188.71172904968262,11.646295312242696,320.58441162109375,192.2827434539795,20.926176956620136,315.6443786621094,197.6372194290161,9.15310245421735,319.5648956298828,198.98643493652344,22.237730068115184
66,2.64,405.3974151611328,184.87465381622314,24.74121665049384,385.4364776611328,158.09316158294678,18.145615582318403,362.6776885986328,147.77207851409912,22.546676152094165,342.4320983886719,150.33113479614258,24.593592167637937,327.9264450073242,157.35228538513184,30.510725638765212,348.555908203125,138.9734172821045,12.36135423376116,312.2056007385254,144.88652229309082,44.83981612062912,303.73680114746094,159.4075870513916,53.791229147251805,305.40552139282227,168.8774013519287,50.03499783329642,347.5114059448242,152.33924388885498,8.020429698506348,304.84975814819336,158.58012199401855,22.99372415861429,299.8473358154297,174.3264627456665,28.712685477530624,306.1293411254883,183.01526069641113,27.543216934308678,349.0043640136719,169.6675443649292,4.546017427566862,309.2640686035156,176.51414394378662,11.433643041419153,305.90694427490234,189.6666383743286,19.687510147533516,311.6313934326172,195.33166408538818,20.684483393248343,353.68885040283203,188.79321098327637,5.0086789882576035,321.0486602783203,191.6302728652954,20.019438753908958,315.7183074951172,196.63055419921875,25.23440554620907,319.14037704467773,198.09144973754883,24.764068420396697
67,2.68,405.5696487426758,184.61262702941895,7.839102452371849,385.45459747314453,158.12039852142334,0.8178395338161079,362.291259765625,148.04720878601074,11.859171279592601,341.695556640625,150.04476070404053,19.756389270993132,326.6896057128906,156.48003101348877,37.83681349811178,348.4737014770508,138.82919311523438,4.1501924745441805,312.63208389282227,144.8153829574585,10.809390766054433,302.11498260498047,158.07230472564697,52.519486110987046,301.06483459472656,167.20537662506104,116.28958618041443,347.77721405029297,151.65116786956787,18.44082694137658,306.0476875305176,158.2234811782837,31.24727464599626,299.69676971435547,173.31263065338135,25.623788534045726,304.448299407959,182.32011795043945,45.47749919844218,349.2789077758789,168.75977039337158,23.7095426569699,309.97060775756836,176.4169406890869,17.82985643754896,306.0829162597656,189.24569606781006,11.40609937911192,311.34057998657227,195.2845859527588,7.36498519059923,353.6484909057617,188.04705619812012,18.6811377533486,322.1177291870117,191.27211570739746,28.186708761446532,317.73054122924805,195.50890445709229,57.593308773603354,321.5511703491211,196.56041622161865,71.39672604385673
68,2.72,405.6528854370117,184.09449577331543,13.119364167028568,385.5571746826172,158.0632495880127,2.935566863185401,362.38964080810547,148.00503730773926,2.675965141209111,342.0464324951172,150.1704454421997,9.317675362978294,327.36324310302734,156.91492080688477,20.045517980807798,348.3436965942383,138.62884998321533,5.970690920147534,312.4955749511719,144.66134548187256,5.145522023772105,302.3649787902832,158.26911449432373,7.954251131962314,301.85277938842773,167.5237226486206,21.245605260808833,347.6734924316406,151.30803108215332,8.961760048012362,305.5841064453125,158.0764102935791,12.158774292864306,299.83755111694336,173.57528686523438,7.450154735792242,305.2500915527344,182.40713596343994,20.16250818366347,349.31026458740234,168.35144519805908,10.238185714395021,309.77840423583984,176.37605667114258,4.912592027644162,306.5926170349121,189.79290962219238,18.695546834150505,312.564640045166,195.77799797058105,32.994113550525704,353.8753128051758,187.5695514678955,13.215969067776493,321.67686462402344,191.18617057800293,11.229095248657918,317.27155685424805,196.0902214050293,18.51681753253213,321.3111114501953,197.55785465240479,25.647998193847428
69,2.76,405.2798843383789,184.38564777374268,11.82949985560654,385.41748046875,158.02541255950928,3.618193101703181,362.51258850097656,147.75684356689453,6.9244254354072625,341.97593688964844,149.74173545837402,10.861683819228476,327.227783203125,156.32885456085205,15.037931814673511,349.0016555786133,138.53113174438477,16.629395646714155,312.9781723022461,143.77874851226807,25.14803190633024,302.1688461303711,156.9603681564331,33.08403124267735,301.2778663635254,166.36021614074707,32.44487998963041,347.9336166381836,151.261568069458,6.60603012303597,305.7355308532715,157.36059665679932,18.291366028908815,299.5206642150879,172.3671054840088,31.226186511761668,304.4978332519531,181.36369228363037,32.15846762546405,349.2030715942383,168.4248447418213,3.2478676473929493,309.5718002319336,176.1278200149536,8.074135089359885,306.033878326416,189.2931604385376,18.74063417642775,311.6216278076172,195.63939571380615,23.828589259410947,353.34972381591797,187.82029151916504,14.558381583723861,321.405029296875,190.98936080932617,8.390043583486953,316.9179153442383,195.54578304290771,16.23028511286112,320.7354736328125,197.18801021575928,17.10525876958021
70,2.8,404.20562744140625,185.07598400115967,31.923658816558426,384.9983215332031,158.18507194519043,11.213421999017301,362.4490737915039,147.5120973587036,6.321334152259123,341.67179107666016,149.8487663269043,8.060718112265466,326.94469451904297,156.80681705474854,13.887659734163343,348.61255645751953,137.63882160186768,24.33638629288968,312.6959037780762,144.11048412322998,10.889330653136472,302.1906852722168,157.94264316558838,24.562943911097427,301.7631149291992,167.56749629974365,32.528752212420855,347.1147155761719,150.61686515808105,26.055719061535225,304.6154975891113,157.45064735412598,28.091186795353096,298.3793640136719,172.77770519256592,30.32282834783306,303.7489318847656,182.04424381256104,25.29826626106485,348.10131072998047,168.05052280426025,29.090311047554664,309.2045211791992,176.61596775054932,15.272158376124187,305.4648780822754,189.7052764892578,17.564184387079393,310.82237243652344,195.97406387329102,21.66235105539092,352.0743942260742,187.83777236938477,31.88623471475811,321.0604476928711,191.50564670562744,15.517885014909211,316.63991928100586,196.021728515625,13.779647677208695,320.1106262207031,197.48265266418457,17.270792918136287
71,2.84,403.69056701660156,186.28779888153076,32.9182941679926,384.8292541503906,159.0770673751831,22.696910955277687,362.41260528564453,147.82472133636475,7.86859673513501,341.38256072998047,149.89136695861816,7.30877072696192,326.51817321777344,156.73065662384033,10.83169053266783,348.84857177734375,137.671537399292,5.956800451628645,313.03993225097656,144.57778930664062,14.507104393378933,302.0341491699219,158.07390689849854,5.107208074084796,300.9948539733887,167.63614654541016,19.283052021999243,347.2044372558594,150.7282304763794,3.5752809265179515,304.8362350463867,157.43931770324707,5.5257005230922305,297.834529876709,172.43850231170654,16.044914131575254,302.24964141845703,181.8129587173462,37.92562373936963,347.8969955444336,168.16044330596924,5.800173043809167,308.7936210632324,176.52355670928955,10.529087859598798,305.1095199584961,189.40260887145996,11.669594117817692,310.46302795410156,195.65457344055176,12.020882706226367,351.5446472167969,188.060302734375,14.364706253109064,320.3472900390625,191.7622947692871,18.9483189849066,316.2857437133789,196.27063751220703,10.822315524049952,319.9580955505371,197.83138275146484,9.515719859652007
72,2.88,403.5361099243164,185.8643388748169,11.268744679513269,384.9315643310547,159.273419380188,5.5351988975640385,361.94950103759766,147.9236125946045,11.838629183611738,340.23860931396484,150.23573398590088,29.866510212984455,325.3932571411133,158.34202766418457,49.12962961129307,350.0746154785156,135.76510906219482,56.66597392654554,313.56834411621094,144.61767196655273,13.24787072235894,303.8397979736328,159.62817192077637,59.5614565061744,304.5509910583496,169.07498359680176,95.90478034061881,347.1457290649414,149.18927192687988,38.50194856074253,303.60002517700195,155.14391899108887,65.17797791883886,298.1378173828125,170.73662281036377,43.21730808114685,304.92393493652344,180.19091606140137,78.19394237437983,347.02789306640625,167.18617916107178,32.63941004891604,306.4475631713867,174.98549938201904,70.13205389594512,303.1121253967285,188.02556991577148,60.651779244626795,309.5224952697754,194.15003299713135,44.35822694392129,349.6757507324219,187.8246545791626,47.09235687962169,317.6072311401367,191.88793659210205,68.57344893079348,313.8408851623535,197.51689910888672,68.6043971890677,318.0027770996094,199.6629810333252,66.97957949373557
73,2.92,402.8717041015625,188.1374216079712,59.20483621015212,384.33040618896484,160.2891969680786,29.508422736798906,361.73404693603516,148.41456413269043,13.403681458582838,340.24810791015625,150.14596939086914,2.2566437815397684,325.0539016723633,157.96385765075684,12.702723458634399,349.9247741699219,135.68641662597656,4.231202346781336,314.2742156982422,144.3152904510498,19.197807023803986,304.23431396484375,158.9753007888794,19.070323512357863,303.8763618469238,168.0741834640503,30.17372075399719,346.7716598510742,148.82643699645996,13.02826167165168,303.40572357177734,154.7118616104126,11.843423649585528,298.3870315551758,170.85076332092285,6.852725728560642,305.27050018310547,180.60692310333252,13.536278316868794,346.2241744995117,166.79811000823975,22.312569357746117,306.27235412597656,175.12460231781006,5.592843437108803,303.37764739990234,188.4995412826538,13.58194552507439,309.7787284851074,194.62663650512695,13.52789628122912,348.4958267211914,187.6327657699585,29.885636049948474,317.36730575561523,192.28773593902588,11.656642632489147,314.70420837402344,197.58785247802734,21.65585008145135,319.5524215698242,199.1429328918457,40.864471530319875
74,2.96,403.6465072631836,188.6473560333252,23.18880464549597,384.7291564941406,161.29604816436768,27.073408740710125,361.1561584472656,149.29661750793457,26.36253570685009,338.9651870727539,151.5062427520752,46.745517781440476,323.6328125,160.04108905792236,62.920509150052936,349.25724029541016,136.42115592956543,24.81737443126892,313.2331085205078,145.22207736968994,34.515998748288,303.23726654052734,160.04859924316406,36.62370422883448,303.22839736938477,169.13904190063477,31.16269257980604,345.9723663330078,149.36935901641846,24.156190301074822,302.6156997680664,154.5717430114746,20.058832720871415,297.2370147705078,170.73148727416992,28.90464258068092,303.9921760559082,180.97217559814453,33.23704596475379,345.4006576538086,167.1201467514038,22.10610293426542,305.8624267578125,175.4146957397461,12.554746129962002,302.3104667663574,188.9862585067749,29.323285977929338,308.3158874511719,195.60094356536865,43.94014492894313,347.30701446533203,187.87035942077637,30.30805712379157,316.6084289550781,192.6117181777954,20.62853741530706,313.9569664001465,198.04698944091797,21.92568867527244,318.8015937805176,200.04903316497803,29.4189572614918
75,3.0,402.9899215698242,188.93490314483643,17.91975366150898,383.52596282958984,161.03128910064697,30.7994760125619,359.4504165649414,149.89096641540527,45.15809723160529,337.09754943847656,153.19549083709717,62.956480135683194,321.6242218017578,162.311053276062,75.775879014612,348.53553771972656,137.10378170013428,24.83486146519956,312.254695892334,145.30938148498535,24.55749986660811,301.29709243774414,160.28839588165283,48.87342054315618,301.0890769958496,169.96315956115723,57.314164801380116,345.5543518066406,150.17271995544434,22.64018747998962,301.8072509765625,154.7563076019287,20.731219460839984,295.23406982421875,170.9437608718872,50.354049850488295,301.6052055358887,181.32747173309326,60.33170604536959,345.1650619506836,168.17935466766357,27.127324153866496,305.07036209106445,176.60239219665527,35.689540747827245,302.00183868408203,189.63887214660645,18.04778130517641,309.0571403503418,195.4821538925171,18.76777235888685,347.4831008911133,189.07084465026855,30.33326572812971,316.66812896728516,193.63577842712402,25.644973748676627,314.65566635131836,198.48901748657227,20.66957932131992,320.7621765136719,199.76723670959473,49.518266174017576
76,3.04,403.14857482910156,188.98218154907227,4.138697272875513,383.5313415527344,161.41601085662842,9.618983840176163,359.4930648803711,150.31092166900635,10.552881532907632,337.4802017211914,153.61039638519287,14.110487750860095,322.3343276977539,162.58089065551758,18.99115904308934,347.4414825439453,138.5918426513672,46.17414131739441,311.2824058532715,146.1850118637085,32.71158510569111,298.5549736022949,159.9592924118042,69.04493465124627,296.5582084655762,169.81497287750244,113.33227952528237,344.91031646728516,152.29421138763428,55.42735907921536,301.9721031188965,156.600923538208,46.29919128078569,292.62033462524414,171.13224506378174,65.51306158389798,295.899658203125,181.1121368408203,142.740234959867,344.90562438964844,170.3933572769165,55.72878184707753,306.0458755493164,177.9256296157837,41.098842552226465,302.3709487915039,189.57190990447998,9.378373168878738,308.7901306152344,195.11106491088867,11.429163107161212,347.7075958251953,190.95540046691895,47.44700070538783,317.34668731689453,193.5737657546997,17.034652281559133,315.16162872314453,197.05440044403076,38.03061250866281,321.1154556274414,198.01747798919678,44.62665761511312
77,3.08,402.72106170654297,188.96488666534424,10.69657021441234,383.56346130371094,161.631760597229,5.453188801748048,359.52056884765625,150.51737308502197,5.206885788986518,337.3710250854492,153.57763767242432,2.849634960639143,322.25433349609375,162.09950923919678,12.199568134729859,347.01549530029297,139.0922498703003,16.429252046937616,310.66139221191406,146.22370719909668,15.555450647056334,300.8268737792969,160.90953826904297,61.565501721037684,301.41231536865234,170.35783767700195,122.10921345517755,344.4419860839844,152.95636653900146,20.275952388309033,301.6938018798828,157.52509117126465,24.129046210248063,294.98008728027344,172.76813507080078,71.78339252563306,300.4139709472656,182.32771396636963,116.8777333906816,344.6546936035156,171.0467290878296,17.497517372563827,305.2836036682129,178.1077766418457,19.59330178633006,302.60021209716797,189.9177074432373,10.372367169992962,309.30694580078125,194.90119457244873,13.94505949630429,347.86651611328125,191.2704849243164,8.82233930353685,317.3830795288086,194.34778690338135,19.37190510272616,315.5006980895996,197.98486232757568,24.757919843938474,321.39183044433594,198.20919513702393,8.409016893507172
78,3.12,402.04368591308594,189.65380668640137,24.15378801781019,383.0488586425781,161.84439182281494,13.920038095744165,359.9568176269531,150.51578521728516,10.906291726623994,338.25435638427734,152.9256248474121,27.447619517339078,323.4410095214844,160.98371028900146,40.7216717984252,347.04185485839844,138.90226364135742,4.795153379419201,310.8876419067383,147.31414318084717,27.841510765224776,302.2158622741699,162.3941946029663,50.8274868350555,303.02738189697266,171.6746950149536,52.09698371437735,344.0238571166992,152.37261772155762,17.951227589465187,301.9415092468262,158.55786323547363,26.55156629382364,297.1866226196289,174.5762300491333,71.3179748314539,303.28468322753906,184.1008472442627,84.35412933462612,344.04945373535156,170.03302574157715,29.51598901674575,304.15266036987305,177.10227012634277,37.83249344791664,302.20590591430664,189.81661319732666,10.176486758666796,308.53349685668945,195.12914657592773,20.15851843834895,347.3903274536133,189.94438648223877,35.22510395368898,316.8038749694824,193.7397050857544,20.994663287260707,315.1693534851074,198.09250831604004,8.70979713306201,320.48004150390625,198.3361530303955,23.01463364062149
79,3.16,402.4352264404297,189.01017665863037,18.834204210709217,383.43006134033203,161.5632963180542,11.84087675099358,359.53895568847656,150.10735988616943,14.607785824783178,337.5456237792969,153.1179428100586,18.359059482291293,322.9006576538086,161.96555614471436,28.017867349261294,346.7378234863281,138.8088083267212,7.951767532941719,311.14145278930664,147.29955196380615,6.35574876218705,302.4420166015625,162.3555850982666,5.735660034574601,303.1373405456543,171.77523136138916,3.7247870219736026,343.8230895996094,152.3617172241211,5.026580395929247,302.18788146972656,158.35341453552246,8.003848415317318,297.1586227416992,174.23930168151855,8.452245192388784,303.25963973999023,184.04012203216553,1.6421646638001823,344.1002655029297,170.07006168365479,1.5719209446548705,304.6579170227051,177.07921028137207,12.644565079538635,302.64862060546875,189.65768337249756,11.75943735343476,309.0596580505371,195.0166940689087,13.451095871853221,347.68157958984375,190.10892391204834,8.362878267496738,317.1814155578613,193.7549114227295,9.44616749526266,315.66650390625,198.14031600952148,12.486095186202597,321.15970611572266,198.63627433776855,18.57445799503402
80,3.2,402.9838180541992,188.3695363998413,21.085728287747965,384.0885543823242,161.03522300720215,21.102051262649375,360.38074493408203,149.95081901550293,21.405521749744434,338.5779571533203,152.850022315979,26.663336089451395,323.9392852783203,161.72205448150635,26.6697441211938,347.2896957397461,138.3446216583252,18.02831535406874,311.95669174194336,148.29092502593994,32.08811207266582,303.9787292480469,163.5021686553955,47.933154049046436,304.75210189819336,172.39468574523926,43.23755571928245,344.18994903564453,151.56070232391357,22.025705382610557,302.18700408935547,158.68967056274414,8.406429296943745,298.41487884521484,174.60762977600098,32.72847558706822,305.15953063964844,183.79610538482666,47.887430206047796,344.42089080810547,169.09496784210205,25.661359401748523,304.1507911682129,176.54680252075195,18.381965616177983,302.8119468688965,189.45269107818604,6.5525428772141545,309.5121765136719,194.82290267944336,12.306707066391537,347.9680633544922,189.11283016204834,25.91181808311851,316.71009063720703,193.48324298858643,13.600342802194474,315.2096939086914,198.3076000213623,12.161910686828831,320.60726165771484,198.83819103240967,14.704702282738044
81,3.24,404.20623779296875,186.69459342956543,51.83956001097252,384.14710998535156,159.56442832946777,36.79899576328188,360.0131607055664,149.15154933929443,21.993609588353465,337.9754638671875,152.72601127624512,15.378087043968494,323.3872985839844,162.0619297027588,16.205795196960246,346.9732666015625,138.16818237304688,9.057394109273938,311.78483963012695,149.0467071533203,19.376851079370425,303.4312438964844,164.36705589294434,25.590160998056916,304.34661865234375,173.68969917297363,33.925252768743945,343.9509582519531,151.5862226486206,6.008737474637707,302.105770111084,159.8207187652588,28.34904094098058,298.6814308166504,176.1093521118164,38.12987614196975,305.6506538391113,185.35457611083984,40.85058904785467,344.40528869628906,169.11851406097412,0.7061561071671244,304.50489044189453,177.72525787353516,30.762632711266452,303.64221572875977,191.01954460144043,44.33097353285695,310.6950569152832,196.46295547485352,50.553061333172764,348.2693099975586,189.1646146774292,7.641628425604438,317.3834228515625,194.3717622756958,27.87071485509242,315.9884262084961,199.5584535598755,36.836281109543094,321.37386322021484,200.32211780548096,41.7561120037026
82,3.28,404.6074676513672,185.53625106811523,30.646598767241333,384.18201446533203,159.28892612457275,6.942612423681209,360.0072479248047,149.97427940368652,20.568782776196134,338.4242248535156,154.50445175170898,45.85464090211001,324.21260833740234,164.5044708251953,64.45513616016328,346.0724639892578,139.21401500701904,34.50734744782725,310.826473236084,151.23528957366943,59.730431711419826,302.2993850708008,166.88444137573242,69.00332451334341,303.0220031738281,176.34650230407715,74.2176235950929,343.50791931152344,152.2881031036377,20.750296321258542,301.7169189453125,161.7399787902832,48.95638539033083,297.1123504638672,177.8608274459839,58.788173766537376,303.1508255004883,187.29615211486816,79.13145353619446,344.36363220214844,169.54391956329346,10.686004424820535,303.9649963378906,179.03942584991455,35.51868446394881,301.9243621826172,192.5525665283203,57.56071269912068,308.31151962280273,198.65911960601807,81.02617985741888,348.7065124511719,189.3953275680542,12.358560376971921,317.5059127807617,195.26687622070312,22.58640018492606,314.8578453063965,200.69415092468262,40.06262036348708,319.2991828918457,202.12111473083496,68.65078478409335
83,3.32,404.43580627441406,184.87946033477783,16.971330526348797,383.7480926513672,158.88712406158447,14.784557789636862,360.05855560302734,150.24730682373047,6.945162432426104,338.9711380004883,154.31143283843994,14.499359710240153,324.95792388916016,164.09244060516357,21.29061081074612,344.9042510986328,140.43715953826904,42.28477786205398,309.7610092163086,152.50614166259766,41.459909923391365,300.54466247558594,167.21506118774414,44.639954400823626,300.78601837158203,176.3291358947754,55.901306044937016,342.94898986816406,153.03105354309082,23.24297579562496,300.9402084350586,164.04423236846924,60.790952088499715,295.83866119384766,179.2899513244629,47.858381035886474,301.49654388427734,188.1912088394165,47.02242952765118,344.42420959472656,170.03986358642578,12.490748941022302,303.97544860839844,181.0021734237671,49.069385113217464,301.46820068359375,194.13927555084229,41.274453625577706,307.57171630859375,200.27578353881836,44.44737910813687,349.3296432495117,189.83706951141357,19.095613638388404,317.83477783203125,195.84556102752686,16.640093291413844,314.1299819946289,201.0655117034912,20.428133612964253,317.7835273742676,202.88426399230957,42.42352268534415
84,3.36,405.23895263671875,183.7422752380371,34.805118369397725,383.8374710083008,158.4850788116455,10.29650649755275,360.41126251220703,150.69776058197021,14.302769663936596,339.3083190917969,155.09662628173828,21.363225291004714,325.0753402709961,164.95890140533447,21.859507727706212,345.15769958496094,141.1183261871338,18.16975747546672,309.0511131286621,154.32602405548096,48.83597789528762,300.68382263183594,170.09521007537842,72.08772071246119,301.845645904541,179.2508840560913,77.69903002434172,343.6209487915039,152.78414726257324,17.897128017070695,300.5032539367676,165.60050010681152,40.41115646530798,296.103515625,181.8581199645996,64.54474239763218,302.6951599121094,190.70385932922363,69.59747151524185,345.68199157714844,169.11157608032227,39.0811112407019,303.87163162231445,180.8649444580078,4.301871369163303,300.9688949584961,194.84922409057617,21.6986914378721,307.19839096069336,201.25669956207275,26.238903131397322,351.05907440185547,188.5968017578125,53.20477076423508,318.36164474487305,194.63765144348145,32.945355392264716,314.05994415283203,200.20452976226807,21.59564774433639,317.9116439819336,202.2493600845337,16.1925298608056
85,3.4,404.3385696411133,184.6024990081787,31.131520135267532,383.1748580932617,159.54723358154297,31.29725058204486,360.0230026245117,151.54266357421875,23.24605889586051,338.37024688720703,156.77993774414062,48.176219110672015,323.97693634033203,166.93811416625977,56.5893891771449,346.3081359863281,141.165189743042,28.78476274940274,310.1527404785156,153.59061241149902,33.113565045626416,301.91280364990234,169.2557430267334,37.20802390385977,302.9984664916992,178.645977973938,32.54714536639373,344.2177200317383,153.09565544128418,16.829536137671017,301.3617515563965,165.19234657287598,23.764567508327573,297.36488342285156,181.4525270462036,33.1243333603663,304.05012130737305,190.53947925567627,34.12240091965168,345.7481384277344,169.64853286743164,13.525392717617782,304.3107604980469,180.43686389923096,15.331485868644744,301.40161514282227,194.2716121673584,18.043043877188016,307.32757568359375,201.06951713562012,5.685835108162843,350.36678314208984,189.01134967803955,20.172957866170265,319.0700149536133,194.02220249176025,23.459616429161258,314.52159881591797,199.4319248199463,22.50060311481988,317.33076095581055,201.78298473358154,18.623423725472847
86,3.44,404.4350814819336,185.27019023895264,16.86575885987133,383.75694274902344,160.2733612060547,23.265906837477214,360.4832077026367,151.90936088562012,14.710872512384942,339.22691345214844,156.32532119750977,24.24553835191999,325.0801467895508,165.41411876678467,47.034796114729645,345.7848358154297,141.9642448425293,23.879019568428163,310.92729568481445,153.90738487243652,20.920691904383506,302.1745300292969,168.85690212249756,11.926199220692455,302.54236221313477,178.25358867645264,15.0416187980601,343.7761688232422,153.99102687835693,24.958183528279974,302.70849227905273,165.2113151550293,33.67185751085008,297.21147537231445,180.84387302398682,15.692230337221853,302.0985794067383,190.58661460876465,48.80277612136885,345.14442443847656,170.57161331176758,27.574309686973734,305.5112075805664,181.16087436676025,35.04697165075078,301.8246650695801,194.70532894134521,15.146812382629424,306.6639518737793,202.08104610443115,30.244704244054915,349.6343231201172,190.09806632995605,32.76288644698449,318.7685203552246,195.28892040252686,32.55258494262063,314.5526313781738,200.90320587158203,36.790207195856986,317.5822448730469,204.0972661972046,58.19763125279327
87,3.48,402.68341064453125,185.74793815612793,45.39131108325661,382.82711029052734,161.01721286773682,29.768940351692002,359.7732925415039,152.4229860305786,21.905911381689066,338.4456253051758,156.61697387695312,20.848747774543586,324.5960998535156,165.37598133087158,12.138675285606935,345.25096893310547,142.62017726898193,21.143279016548984,308.52210998535156,153.52010250091553,60.90415566790025,300.6169891357422,168.5035228729248,39.92814271541234,302.07860946655273,177.760648727417,16.919966077788867,343.4471893310547,154.82863426208496,22.497411456038343,300.7275390625,166.07900619506836,54.06629834711438,297.06520080566406,181.59306049346924,19.083338827335652,303.5590362548828,190.5294942855835,36.53933613768675,344.9315643310547,171.49446487426758,23.67705154443253,303.88877868652344,181.6111421585083,42.093768841949405,301.62479400634766,195.17827033996582,12.836033471415373,307.56418228149414,202.25472450256348,22.920773505603,349.4020462036133,190.899338722229,20.856503969975673,317.7563667297363,195.59609413146973,26.44346163683166,313.5058784484863,201.55363082885742,30.809336255996104,316.6140556335449,205.15716075897217,35.888428545562014
88,3.52,402.1916961669922,186.2643527984619,17.826721695225718,382.31048583984375,161.16569995880127,13.43849971297271,359.2879104614258,151.91855907440186,17.50075565830509,338.1675338745117,155.29738426208496,33.714347793972436,323.9848327636719,163.1520938873291,57.659142903966,344.74674224853516,142.77618885040283,13.1952681615944,307.840633392334,151.58464908599854,51.29808882980371,299.60594177246094,166.70562744140625,51.56697558438721,301.47762298583984,176.34201049804688,38.517197261661956,343.31138610839844,154.909987449646,3.957655272551222,300.48885345458984,164.36016082763672,43.383466151898325,296.52360916137695,180.69186687469482,26.285350574052398,303.0624198913574,189.7124433517456,23.90345216969915,344.9229431152344,171.5132188796997,0.5160172489660151,303.7328338623047,180.73848724365234,22.161980233934344,301.6641426086426,195.1161289215088,1.8387951881625837,308.0658149719238,201.89709663391113,15.40156340571763,349.69810485839844,190.77260971069336,8.051046882160644,317.4024963378906,196.02580547332764,13.916628802137149,313.62682342529297,202.16514587402344,15.584012999688834,317.7522850036621,204.75615978240967,30.170017009870993
89,3.56,402.6847839355469,186.18228435516357,12.496769004518075,382.2254180908203,160.8914566040039,7.178350244590806,359.1651153564453,151.7959213256836,4.338681771132206,337.9929733276367,155.51706790924072,7.014818660920444,323.6655807495117,163.47158432006836,11.291478677448396,344.96936798095703,142.66304969787598,6.243130453289807,308.1385040283203,151.77027225494385,8.774354557181102,299.8781204223633,166.96683883666992,9.431085915678562,301.6510200500488,176.7176914215088,10.344161944349672,343.4744644165039,155.00574588775635,4.727857141710464,300.4853820800781,164.5071315765381,3.675293480937044,296.23043060302734,180.81238746643066,7.924600940596011,302.6506805419922,190.06330490112305,13.523893638835242,344.84893798828125,171.72683715820312,5.651854105408241,303.90560150146484,181.027250289917,8.412518723196603,301.4550971984863,195.18449306488037,5.498502046371642,307.62134552001953,202.01457023620605,11.49328991499637,349.26292419433594,191.03100299835205,12.652798640047628,316.95762634277344,195.93194961547852,11.366569255061112,312.27977752685547,201.87289237976074,34.45962091171027,315.54508209228516,204.6247673034668,55.27775702935161
90,3.6,403.42529296875,187.65644073486328,41.24235277649038,382.9519271850586,161.46825313568115,23.190915556606267,359.4681930541992,151.70783042907715,7.890504457128185,337.5249481201172,155.26904582977295,13.2420388058547,323.0193328857422,163.3218240737915,16.58433810843055,345.1658248901367,141.61145210266113,26.74477541766427,308.9023208618164,152.12167739868164,21.01936205884616,300.50899505615234,167.63468742370605,22.96770203411525,302.1345901489258,177.71780490875244,27.77214238106377,343.6357116699219,154.45996284484863,14.22760974875179,301.32062911987305,164.76935863494873,21.886077875685025,297.11252212524414,181.21045589447021,24.193799915585615,303.34516525268555,190.48839569091797,20.356374814712673,344.97974395751953,171.59631729125977,4.619634540150228,304.9625587463379,181.8497657775879,33.482181314731776,302.9130744934082,195.647234916687,38.24123930654859,309.13854598999023,201.90163135528564,38.034954785884764,349.54235076904297,191.31052494049072,9.880907308715352,318.38457107543945,196.58563613891602,39.23867146233971,315.5599784851074,201.7488956451416,82.0635939253563,319.9934768676758,203.23755741119385,116.49186495991506
91,3.64,404.82688903808594,188.42147827148438,39.919872667141156,384.46041107177734,161.5076208114624,37.72493746173183,360.49354553222656,150.84174156188965,33.55459758050063,337.66178131103516,154.90107536315918,9.814707918372703,322.9323959350586,164.00004386901855,17.09422643818638,346.728515625,139.5664644241333,64.34271976182598,311.13683700561523,151.71508312225342,56.78017536144204,302.75115966796875,167.47538566589355,56.195413494585836,304.0435981750488,177.82832622528076,47.80511613055503,344.6368408203125,152.99883842468262,44.27996264513534,303.41503143310547,164.44218635559082,52.99506315482114,298.8702583312988,180.94744205474854,44.432623501492884,304.5111846923828,190.90975284576416,30.995394674975536,345.36277770996094,170.5125331878662,28.736984426409418,306.1343002319336,181.21423244476318,33.324922413612846,303.7217712402344,194.7762680053711,29.71293688082709,309.4061851501465,201.52195930480957,11.613074150549282,349.2716979980469,190.5441427230835,20.319243120836855,318.53092193603516,195.90577125549316,17.38596477961229,315.6235122680664,200.97630500793457,19.379964432969267,319.53107833862305,202.91992664337158,14.024570054405732
92,3.68,406.18072509765625,188.63203525543213,34.25279477358421,386.7034912109375,162.25663661956787,59.12081481744942,361.70860290527344,151.36952877044678,33.11838384221159,337.86144256591797,155.92400550842285,26.055837863021893,322.67208099365234,164.5063591003418,14.232862110913594,347.216796875,138.8983154296875,20.688790109025483,311.4557456970215,152.76660919189453,27.470550465331666,304.28876876831055,169.4763708114624,63.08814913595645,306.8656349182129,179.81836795806885,86.32843346055746,345.19298553466797,153.0314540863037,13.927507060860433,303.8022041320801,165.009183883667,17.16444172693531,299.8112106323242,181.99294567108154,35.16451553564309,305.9492874145508,192.24911212921143,49.13007435410168,346.0077667236328,171.03069305419922,20.683635965958374,306.63042068481445,181.29683017730713,12.573729786446375,304.322452545166,195.03021240234375,16.303868153911065,310.04764556884766,202.21092224121094,23.533770900759258,349.9800109863281,191.45148754119873,28.776964619384394,318.8321113586426,195.58457851409912,11.007947282952347,315.0713539123535,200.89499473571777,13.952827001891336,317.9007148742676,203.69195938110352,45.09794600391346
93,3.72,404.95765686035156,189.754900932312,41.50845728145736,386.45740509033203,162.6114320755005,10.79462233895549,361.4437484741211,151.16689682006836,8.336950019911104,337.40962982177734,155.66694259643555,12.995578490569267,322.10784912109375,164.61556434631348,14.367571814652438,347.46978759765625,138.52709770202637,11.23073091677548,311.4998245239258,151.64231300354004,28.12899818392155,303.5102081298828,167.4767303466797,53.646520484239204,305.01548767089844,177.24214553833008,79.29362676434788,345.1924133300781,153.01042556762695,0.5259075583166865,303.7043571472168,164.0751600265503,23.478375663975235,299.40582275390625,180.0434160232544,49.7808018951914,305.23868560791016,189.7860288619995,64.08848428549896,345.8195114135742,171.38747692108154,10.085100068689245,306.4538764953613,180.94842910766602,9.7644494262584,303.98975372314453,193.58641147613525,37.040936987802716,309.42420959472656,200.13433456420898,54.20383285631587,349.55997467041016,191.93182468414307,15.952160464610019,319.3492889404297,195.47749042510986,13.203704733580777,316.7144012451172,200.01161098480225,46.636703551785544,320.46234130859375,202.2422218322754,73.5852776950016
94,3.76,402.72613525390625,190.41090488433838,58.14867724799551,385.5017852783203,161.69747829437256,33.05791073203349,361.4860534667969,149.16728496551514,50.00148298597675,337.51476287841797,152.45561599731445,80.32617679585081,321.6252136230469,160.5287790298462,102.87963612538793,347.75428771972656,137.69891738891602,21.89210688926466,312.31224060058594,147.93070793151855,94.98694677517369,302.9595184326172,162.1441125869751,134.02441781675293,303.3552551269531,171.52231693267822,148.89763971015535,345.42724609375,153.12017440795898,6.480318030775785,304.1267967224121,161.02556705474854,76.96781993288604,298.80916595458984,175.61658382415771,111.67151230038942,304.2094039916992,184.84429836273193,126.1945942108387,345.69690704345703,172.24308013916016,21.60857321698831,305.6035614013672,178.6633586883545,60.95378669680214,302.3314094543457,189.90434646606445,100.95700957661882,307.8392028808594,195.8917236328125,113.22542172092196,348.9491653442383,193.15897464752197,34.26901904015666,318.10436248779297,193.4521722793579,59.43355251868875,315.3237724304199,196.17357730865479,102.05498211597852,319.53346252441406,197.04608917236328,131.96261405958987
95,3.8,402.332763671875,190.42011737823486,9.836986060068183,386.42799377441406,160.64570903778076,35.03641629922276,362.51319885253906,146.3406229019165,75.18745766931123,338.29456329345703,148.5470724105835,99.63935485248408,321.9800567626953,156.67548179626465,96.74002927977492,348.5025405883789,135.85487365722656,49.751756500585145,313.4122657775879,144.03579711914062,101.18172273938819,304.13841247558594,157.11353302001953,129.17169277752492,304.21329498291016,166.04907989501953,138.50215716914315,345.6325149536133,151.75320625305176,34.55735487345674,305.4267883300781,157.859845161438,85.55617045904617,298.8503074645996,170.82211017608643,119.86625407588633,302.5931167602539,179.88085269927979,130.49946663821822,345.33687591552734,170.98257064819336,32.77295559885941,305.95741271972656,174.72344398498535,98.89432056913395,301.76746368408203,184.00774955749512,148.08757952211027,306.19110107421875,189.68775272369385,160.478765351998,347.7470016479492,191.62801265716553,48.66365538438023,317.2790336608887,189.80389595031738,93.51165651122274,313.3452606201172,190.93696117401123,139.94788656209812,315.7969093322754,191.07653617858887,176.06354091485474
96,3.84,401.7806625366211,187.8279733657837,66.25719887696691,388.4315872192383,158.20595741271973,78.92549763911273,365.078125,143.0308198928833,104.68298005327219,340.74893951416016,143.39465618133545,142.67829992716923,324.1739273071289,149.07405853271484,197.7920366151174,350.54481506347656,133.77705574035645,72.83634192189827,312.8566551208496,138.5719871520996,137.29967807185923,305.6399345397949,149.46019649505615,194.9809741898632,307.88888931274414,156.33198738098145,259.7256733121058,346.30470275878906,151.38851165771484,19.118685122397107,304.30973052978516,153.70200634002686,107.6320171755043,300.8460998535156,163.59734058380127,187.3841023827517,306.822452545166,169.5877504348755,278.20320294595706,344.9513626098633,171.34506225585938,13.22924493481028,304.1655731201172,170.70366382598877,110.02647885108972,301.8642234802246,177.2570514678955,168.7847874422362,307.5789260864258,180.7144832611084,226.99893049400583,346.56410217285156,191.88395977020264,30.256818372665418,316.4005470275879,187.8105926513672,54.457533951315405,312.3211479187012,187.07586765289307,99.86506522560289,314.40073013305664,185.2712631225586,149.27012345786534
97,3.88,402.43797302246094,186.78314208984375,30.85985934407043,388.9540481567383,156.3286256790161,48.71691101137259,364.40704345703125,141.09782695770264,51.154252784908294,340.37914276123047,142.00029373168945,36.06414666483288,324.1789245605469,149.1996431350708,3.1420997050765322,351.29005432128906,133.07364463806152,25.61943513010048,313.9056968688965,136.36804103851318,61.02185602684681,308.03897857666016,145.6918430328369,111.68006790335944,311.04339599609375,150.93004703521729,156.38868228410098,345.41934967041016,151.40706539154053,22.138686898460996,303.6691093444824,151.30087852478027,62.12794403592429,303.3910942077637,158.53341579437256,141.68700217412552,311.14824295043945,162.34688758850098,210.86511890062943,343.0485153198242,171.19676113128662,47.71543927780705,302.7415466308594,168.3380126953125,69.02968887631721,304.26563262939453,171.47048950195312,156.62667654212035,312.02070236206055,172.8118371963501,226.6346058466575,344.09706115722656,190.4913854598999,70.82352443967315,317.54690170288086,183.7840461730957,104.66376397554737,318.8809585571289,181.2336301803589,219.6059742719791,324.98313903808594,179.25307273864746,304.349710171379
98,3.92,403.90838623046875,186.44011974334717,37.747345374210155,391.2613296508789,155.31482219696045,63.00468927702914,365.73150634765625,140.09860038757324,41.4778230435802,340.7759475708008,141.05848789215088,25.549612231488595,324.5842742919922,148.8288402557373,13.734154053508316,353.56651306152344,131.73866271972656,65.97556895487322,315.45074462890625,135.11943340301514,49.6625714707214,306.8385696411133,144.47391986846924,42.75159680383408,307.5144958496094,150.54795742034912,88.7381284935045,346.7036437988281,149.66445922851562,54.11843290241576,304.60838317871094,149.4291114807129,52.35543908541813,300.2866744995117,156.09752655029297,98.6501968269887,304.5048141479492,160.7223129272461,170.97951098696785,343.6079788208008,169.25268173217773,50.57447552227138,304.881649017334,167.2809934616089,59.67268996897624,303.78421783447266,169.3055534362793,55.4454031752461,309.3683052062988,170.4421091079712,88.91998469391176,343.9411163330078,188.58012199401855,47.94037197533383,319.72728729248047,182.61885166168213,61.80493289759501,320.238037109375,179.50138092041016,55.0133489230073,325.2989196777344,177.1816921234131,52.382816036997724
99,3.96,406.6883087158203,186.23517036437988,69.68667946827377,393.5923385620117,153.95404815673828,67.47827674668318,368.1232452392578,138.9666509628296,66.15192942092165,343.85108947753906,139.82760429382324,82.80840906578398,327.11280822753906,147.0088005065918,77.88624939487799,354.89662170410156,131.19489669799805,35.92414306082574,317.1512794494629,133.87401580810547,52.69537255321968,306.471004486084,141.72318935394287,69.37949312809496,304.8377227783203,147.6648187637329,98.35396086474164,348.03199768066406,149.2997932434082,34.437491525252774,307.69155502319336,148.5430669784546,80.19906281634195,299.8054885864258,153.371844291687,69.19575338230491,300.1584053039551,157.827787399292,130.5506316317745,345.1900863647461,169.08063411712646,39.785869527175564,308.64540100097656,166.68232440948486,95.27668139537252,303.8910484313965,166.7907428741455,62.92696629753994,305.9593200683594,167.38544940948486,114.46710276058194,345.6780242919922,188.1304407119751,44.85436512623043,323.333740234375,181.37407779693604,95.38070034228178,320.80204010009766,176.8288278579712,68.28542690929737,322.6222229003906,173.64460945129395,110.8931339940843
100,4.0,406.4401626586914,186.91712379455566,18.142438965674113,394.56050872802734,153.72090339660645,24.896158708971228,368.7400436401367,139.291090965271,17.42307346794323,342.80994415283203,141.51742458343506,49.62028440027748,325.0062942504883,149.15468215942383,75.17566595760654,355.2182388305664,130.53571701049805,18.336361356061435,316.96922302246094,133.76988887786865,5.243267123968385,306.8339538574219,141.09054565429688,18.23407347619326,305.51082611083984,146.6856336593628,29.70555045851297,348.85807037353516,148.92431259155273,22.68509717062487,308.3154487609863,149.20955657958984,22.82339513085629,300.4099464416504,153.39636325836182,15.123873480145864,300.50458908081055,157.44935989379883,12.822114301854034,345.80650329589844,168.87918949127197,16.212452203031503,308.62369537353516,166.41314506530762,6.751326424966312,304.47168350219727,166.29218101501465,19.132776406337488,306.63047790527344,166.9424343109131,20.104651508011226,345.8694076538086,188.00090789794922,5.77745300119419,323.2664108276367,180.26726245880127,27.721533166273748,320.78819274902344,174.68663692474365,53.55589220346142,322.2126770019531,170.73125839233398,73.54990752743211
101,4.04,408.76800537109375,186.61359786987305,58.68868971445402,397.00504302978516,153.2285213470459,62.340737259034725,371.4430236816406,138.74321937561035,68.94864204394158,345.75817108154297,139.93241786956787,83.68201832749222,327.96321868896484,146.59176349639893,97.82623053194017,356.6028594970703,130.04522323608398,36.72327712814342,318.53052139282227,132.51086711883545,50.14222516385267,307.4736022949219,139.3676519393921,45.945027454384295,305.15634536743164,145.13279914855957,39.81952736557715,350.3335189819336,148.28816413879395,40.1686557683062,310.6485939025879,147.47471809387207,72.68610090358796,299.9073028564453,151.4403247833252,50.48970866406468,296.9770622253418,156.29010200500488,92.8282169143098,347.3678207397461,168.0557155609131,44.129224121066386,311.873779296875,164.95349407196045,89.07029011941736,303.7964057922363,164.76747035980225,41.68889666092401,302.040958404541,165.8884048461914,117.72496379300954,347.3625183105469,187.00069427490234,44.92915760529276,323.4571838378906,179.41168785095215,21.914639100346747,317.29419708251953,174.45987224578857,87.53366472809788,315.0968551635742,171.0307788848877,178.05306961867046
102,4.08,408.883056640625,186.5189552307129,3.724414699650124,398.16688537597656,152.7046823501587,31.861859370406993,373.1046676635742,137.29308128356934,55.135975147156,347.97889709472656,137.08293914794922,90.31594893271816,330.0762176513672,142.43894577026367,116.48674731921376,358.48949432373047,128.92261505126953,54.88419687043006,318.79812240600586,130.3916358947754,53.40149391220238,306.1973190307617,136.9059419631958,69.32223208177714,303.0222702026367,142.76902198791504,79.61516530386655,352.02613830566406,147.444748878479,47.27783225517741,310.22632598876953,145.51644802093506,50.082006933636094,298.46900939941406,148.99160385131836,70.99701697689194,296.4474678039551,154.02234077453613,58.219472953541676,348.9812469482422,167.59164333343506,41.97102544150621,312.5762939453125,164.40499305725098,22.282002187956895,304.22367095947266,163.66066932678223,29.66020113118408,303.5933494567871,164.53186511993408,51.53953584390355,349.0415573120117,186.88888549804688,42.06894022778248,326.3874816894531,179.29959297180176,73.31102731173678,322.2686004638672,174.00914669036865,124.86953823559108,322.7763366699219,170.6920623779297,192.17369272096906
103,4.12,408.38794708251953,186.49030208587646,12.39844943018102,397.9498291015625,151.79142951965332,23.467319812461874,373.6499786376953,135.6608533859253,43.02275537683799,349.3193817138672,134.65576171875,69.31850982496809,332.06111907958984,140.35634994506836,71.92460918768208,360.79395294189453,127.51855373382568,67.46257159516664,319.4776153564453,127.70587921142578,69.25947422489399,305.55280685424805,133.9149570465088,76.49095827908192,301.8186950683594,139.4536542892456,88.17686800272287,353.6461639404297,146.49938106536865,46.89218591195935,308.614501953125,142.78942108154297,79.19379967069554,296.86546325683594,145.92857837677002,86.43453190532874,296.41870498657227,150.64719200134277,84.38178321197516,349.9333190917969,166.94785594940186,28.7326421772034,310.2353286743164,162.7327537536621,71.92227874795296,302.76891708374023,161.8182134628296,58.68854471685658,304.32775497436523,162.55574226379395,52.70444126689328,349.91600036621094,186.27515316009521,26.708121864950424,326.5268325805664,177.86723613739014,35.977986081246144,325.02662658691406,172.45781421661377,79.1096570414108,329.19605255126953,169.44588661193848,163.48873439202757
104,4.16,408.7613296508789,184.7766923904419,43.84541545761943,398.1309509277344,150.54253578186035,31.54897664955164,374.04964447021484,134.61283206939697,28.04105759396928,349.3062973022461,133.8755178451538,19.5088394085838,331.9054412841797,139.46438312530518,22.636259401983445,362.27428436279297,126.1693811416626,50.072745825094614,319.8358917236328,125.354905128479,59.45292830242107,305.29123306274414,131.10548973083496,70.54044693578835,300.9320831298828,136.4147186279297,79.14073967885781,354.6849822998047,145.28883934020996,39.879152229930455,309.06299591064453,140.25023460388184,64.46226996404893,297.02768325805664,142.78023719787598,78.8129411467272,295.9445381164551,147.09493160247803,89.59418285406234,350.7428741455078,165.8107852935791,34.89546049741021,311.9406509399414,160.60216426849365,68.22543323399812,302.5332260131836,159.15555953979492,66.82662359883243,301.7283058166504,159.5884609222412,98.62141781666713,350.6085968017578,185.03582954406738,35.49307016672883,329.7597885131836,176.77269458770752,85.33033336036743,328.28369140625,170.9635305404663,89.58709080469063,331.39137268066406,167.69336700439453,70.2262212663066
105,4.2,407.94189453125,183.95739555358887,28.968962077525923,397.87837982177734,150.04564762115479,13.934893429214815,373.9037322998047,133.26776504516602,33.82395287687525,348.9890670776367,131.66338920593262,55.86897692295516,331.5610885620117,137.40272998809814,52.25533737942521,362.29217529296875,124.82926368713379,33.50592183961038,321.1289596557617,122.57443428039551,76.66095328678692,306.4141082763672,128.19477081298828,77.99492517176819,301.5656280517578,133.93572807312012,63.966658008629096,354.71729278564453,143.4887981414795,45.00827899274636,310.4437446594238,136.93456649780273,89.79184991177432,298.33446502685547,139.4139289855957,90.2763450859727,296.8751907348633,144.3330430984497,72.86178012525599,350.4951477050781,163.77476692199707,51.275842257267634,313.082275390625,157.96301364898682,71.88716148782207,302.81301498413086,156.23083591461182,73.45189817138805,301.0346984863281,156.82212352752686,71.2991659754507,349.42020416259766,182.82371520996094,62.77801611615946,329.7867202758789,174.27050113677979,62.55845958834985,326.5667724609375,168.27087879180908,79.8364895595985,327.7796936035156,164.85614776611328,114.82061760193874
106,4.24,406.87896728515625,180.71145057678223,85.38871823514182,397.2837829589844,147.68115520477295,60.952695881573064,372.7328872680664,130.79358100891113,68.43091741678575,346.5060043334961,131.08197212219238,63.75561944156457,328.54461669921875,137.1450662612915,75.68641347334726,362.25574493408203,120.92891693115234,97.51292218195879,320.6560516357422,118.07609796524048,113.07815770419955,306.78882598876953,125.4223108291626,69.94170664695866,302.86251068115234,132.04918384552002,57.232823171654104,354.9384307861328,140.35099983215332,78.63952665990453,310.12882232666016,131.35926246643066,139.60477946220843,299.15966033935547,135.04002571105957,111.2766180481379,298.7807273864746,141.06009006500244,94.6813454758439,350.6947326660156,161.31919384002686,61.5917674974156,312.17018127441406,152.56523609161377,136.85740351664106,303.51396560668945,151.81039810180664,111.89169493349107,303.1416702270508,152.9910707473755,109.3054645263372,349.1334533691406,180.63122749328613,55.27899920696678,326.02954864501953,169.42598819732666,153.26782988502362,322.6603317260742,163.82813930511475,147.89821956676877,323.82354736328125,160.64369201660156,144.47291380159058
107,4.28,406.0652542114258,178.23187351226807,65.2420080604923,396.2493896484375,145.3582763671875,63.5695269714903,371.32564544677734,128.67387771606445,63.607544723926104,344.94129180908203,129.14483070373535,62.25372558710818,326.58203125,135.86145401000977,58.627009864938394,362.8768539428711,117.46275901794434,88.03418043611464,321.35746002197266,112.93424606323242,129.73678811939365,310.1839256286621,121.60715103149414,127.67670560478214,309.4858169555664,128.02265167236328,193.780074030715,354.57557678222656,136.13737106323242,105.73058459602834,309.56642150878906,126.29427909851074,127.40278449971059,304.2219543457031,132.36994743347168,143.08244698239133,309.19471740722656,137.83039569854736,272.5826868275856,349.6112060546875,156.86166286468506,114.68329301163433,310.9696388244629,148.58642578125,103.89969219153092,306.7023468017578,149.86917972564697,93.32103001536389,310.07192611694336,151.36626720428467,177.954406472963,347.4785614013672,176.2474822998047,117.1427797240741,326.34033203125,165.39236068725586,101.13956076616621,327.12032318115234,161.12252712249756,130.4124731910651,331.98131561279297,158.65320682525635,209.92738939587255
108,4.32,409.5874786376953,175.5454158782959,110.74497598124108,398.77891540527344,142.58080959320068,93.91759098771499,374.7217559814453,124.39368724822998,136.5961136082938,350.2281188964844,121.03972434997559,241.9236574544851,330.7320022583008,125.88013172149658,270.24185232503663,366.59549713134766,114.64338541030884,116.6650512756357,322.9069137573242,105.09530067443848,199.76528678440476,309.95643615722656,112.52301692962646,227.17455271267903,308.95286560058594,120.6485652923584,184.83301092903602,359.7802734375,134.2368221282959,138.52110292186273,313.3495330810547,124.14560794830322,108.7678746228183,307.8896713256836,131.66640758514404,93.36459501405606,313.008975982666,138.25886249542236,95.95621487277977,354.7311019897461,154.91702556610107,136.91911072069507,311.10700607299805,143.2996416091919,132.21421217784754,308.7930679321289,146.70578956604004,94.79633480150407,315.2803421020508,151.02450370788574,130.49041957504326,351.9942092895508,174.1706657409668,124.25840733407189,322.3114776611328,161.53351306915283,139.46857279363996,319.2572784423828,157.35820770263672,217.94146757018368,322.4993896484375,155.11060237884521,253.05257143680927
109,4.36,415.6413269042969,182.36319065093994,227.94068812623203,405.9632110595703,147.6785659790039,220.22889260004365,382.58270263671875,127.43143558502197,210.6869675530756,357.4030303955078,122.70714282989502,184.15285669450594,337.2493362426758,124.75293159484863,165.35231777443516,373.93932342529297,118.64361763000488,209.06584256989603,328.2573699951172,106.01931095123291,135.7414291588962,314.4131278991699,112.70814657211304,111.51337999101649,313.5533332824707,120.76761245727539,115.05019317547061,366.5447235107422,138.0186939239502,193.74651460115305,319.14684295654297,124.6324110031128,145.44281308861113,310.34231185913086,130.44738292694092,68.47201391634273,313.3874702453613,136.4521837234497,46.14749513780443,361.02134704589844,158.8379144668579,185.3047365802598,318.80069732666016,145.13789176940918,197.75624003779205,311.7815399169922,145.63941478729248,79.32575233279222,314.2460823059082,147.9478883743286,81.14514478927455,357.62378692626953,178.60864162445068,179.21316621245433,333.2390594482422,165.86822032928467,293.8980804898657,326.87286376953125,160.47746658325195,205.74091085540022,325.70323944091797,157.1779489517212,95.32370948890151
110,4.4,416.2526321411133,183.59403133392334,34.35715791001746,405.2016067504883,148.1949520111084,23.00401673845434,380.9164047241211,127.70785331726074,42.22673543076213,356.1305618286133,122.89698600769043,32.16380619083042,336.54796600341797,126.83944702148438,55.031052813987976,372.9420471191406,118.73924016952515,25.046253473288772,326.35066986083984,105.80710887908936,47.96180199827814,312.9235649108887,113.19944858551025,39.21236702579881,312.2088813781738,121.58065795898438,39.279399107680376,366.1233139038086,138.02317142486572,10.535834827814266,316.53656005859375,124.81387138366699,65.41456583321603,309.6763610839844,130.91905117034912,20.401614010262513,313.77031326293945,136.61476135253906,10.398325033047406,360.76427459716797,158.77799034118652,6.59910717132248,315.9836006164551,143.7835693359375,78.14339034930005,311.6658020019531,145.52315711975098,4.101151533394318,315.97179412841797,148.8490390777588,48.67079389019326,357.43499755859375,178.3821201324463,7.371965972830717,328.3827590942383,164.57523822784424,125.63701644754168,323.7016296386719,159.39598560333252,83.76427871807482,324.7913360595703,156.75443172454834,25.136311118398392
111,4.44,427.2981643676758,193.45298767089844,370.1374763368438,417.24266052246094,157.92180061340332,386.9742882863017,392.0718765258789,136.59818172454834,356.61822225353836,364.7261428833008,131.4840030670166,303.74832884814094,342.71724700927734,134.73990440368652,250.59585862655643,385.32569885253906,127.31898307800293,376.63544926566334,335.8589172363281,111.50572299957275,277.1292241983563,323.29471588134766,118.95059108734131,296.4755602579451,324.1133499145508,127.69941329956055,334.622490699798,377.42992401123047,147.93030738830566,375.824739006877,326.09996795654297,131.76140785217285,295.5154750640992,318.1237602233887,136.30999088287354,250.52542685883364,321.07872009277344,140.96679210662842,212.65139030068613,371.3173294067383,169.7085428237915,379.83873501525045,325.30208587646484,152.28448390960693,315.3368398730997,319.8428153991699,151.9204616546631,259.5537678048014,322.5180435180664,153.57094287872314,201.78849784030396,367.83870697021484,189.7104549407959,384.51945582401834,340.5828857421875,173.3155632019043,375.19692402638594,336.4430618286133,167.1044683456421,372.29423884153744,337.37064361572266,164.19004440307617,365.31434622917163
112,4.48,439.46605682373047,210.14788627624512,516.4646928063664,431.4497375488281,173.55467319488525,528.1025840106612,404.6736526489258,148.16977500915527,427.716708669239,373.96068572998047,139.15547847747803,300.13363332072316,348.9198684692383,137.97792434692383,174.9237085995822,400.58902740478516,139.3878936767578,486.4590177590431,348.98387908935547,122.12579727172852,422.0860406877427,331.89247131347656,124.51528072357178,256.03609269284783,327.9230499267578,129.6795415878296,107.33918850137383,393.33648681640625,162.31906414031982,536.2223542661866,337.5159454345703,144.09945487976074,420.23203875492845,326.8757629394531,143.58369827270508,284.49996785466595,328.64280700683594,146.14253997802734,229.13393582109086,386.75357818603516,185.18177032470703,546.4078980438017,337.33375549316406,165.38995742797852,444.7713667620014,329.8313522338867,160.68670749664307,332.24420072113895,331.18492126464844,160.3478479385376,275.04682790383345,381.8195343017578,205.67407608032227,530.507264771624,350.7329559326172,186.07094764709473,407.52588661278264,347.0606231689453,177.0494842529297,363.69282214864774,348.2760238647461,172.65010356903076,345.05427061119923
113,4.52,455.4928207397461,225.41842460632324,553.4248495223209,447.9342269897461,188.92577648162842,563.4764904032502,418.79310607910156,163.25350284576416,516.5255382213645,385.9239196777344,154.96564865112305,495.6564128811321,359.5065689086914,156.10576629638672,524.8195403775851,419.31331634521484,158.61335277557373,670.9216021101782,360.5238723754883,140.23993492126465,536.9435653715929,342.3598861694336,139.57560539245605,458.5167342222325,338.61316680908203,143.41439723968506,435.11841688144176,413.343505859375,184.8462724685669,753.2247033795586,350.9664535522461,163.58777046203613,591.9832202320117,338.3194351196289,158.3509111404419,467.05741673828294,340.0402069091797,158.9571762084961,428.7449899511857,406.5607452392578,209.14441108703613,777.2274518194084,350.8123016357422,185.32459259033203,601.5920987127349,341.5700912475586,177.61679649353027,515.0399906036566,342.71297454833984,175.61742782592773,478.3148037962404,400.2181625366211,229.68767166137695,756.2912359233534,362.25547790527344,206.01170539855957,575.7616327054058,359.5449447631836,196.25307083129883,572.6233617861764,363.1272506713867,192.56110668182373,620.9906312799394
114,4.56,465.2579879760742,249.43708419799805,648.196777478784,461.217041015625,211.59921169281006,656.9426405334682,433.16123962402344,183.4971284866333,620.6083913449183,399.99820709228516,174.32893753051758,598.447221176535,373.54976654052734,174.5577049255371,579.7011293010902,439.55543518066406,181.61706447601318,766.0426419859826,379.82067108154297,162.97768592834473,745.558415368124,358.0567169189453,160.8834171295166,661.6330821350455,349.2436981201172,161.7708921432495,530.3118782256147,434.19517517089844,210.8651876449585,833.582651883344,365.8134078979492,189.16448593139648,739.3411034258858,349.5133972167969,182.3214626312256,661.3868602249487,348.7963104248047,180.89924812316895,590.6161341583337,425.78956604003906,237.05703735351562,847.3717655494836,363.49910736083984,213.13193321228027,764.1184593910422,352.4501037597656,203.6169719696045,704.6203752076507,352.93678283691406,200.3288984298706,668.5726565466966,416.10172271728516,258.34702491760254,819.1634502183863,375.4175567626953,233.68361949920654,766.0675353071755,374.2083740234375,222.62969970703125,754.4628505262004,379.75311279296875,218.453950881958,769.2767187666783
115,4.6,475.19474029541016,267.4221611022949,513.688888037607,469.00211334228516,229.79597568511963,494.8039832367611,440.87451934814453,204.491229057312,559.1550225978871,406.5230178833008,197.40314483642578,599.4748736678739,381.20628356933594,201.01409912109375,688.5505822210517,448.23551177978516,206.37167930603027,655.8080345788658,392.5056457519531,193.42811107635498,824.6730314507694,367.3561477661133,192.12460041046143,814.8968289279193,352.8363800048828,189.97017860412598,710.6806244842395,446.5757369995117,237.22729682922363,728.1136208704108,386.1058807373047,221.82286262512207,961.2342398595081,362.1183395385742,215.23828983306885,881.1931130473552,351.86283111572266,211.06741905212402,758.0905644885372,439.89673614501953,263.6183738708496,751.8796637253175,382.84297943115234,246.1201000213623,956.0349549364151,364.2223358154297,237.06210136413574,886.4120542210261,357.2905731201172,231.54333114624023,787.9150888717644,430.82672119140625,283.52442741394043,729.1806945664557,389.84764099121094,264.4137382507324,848.7371241015006,380.32039642333984,254.88842010498047,820.8158515807507,378.2196044921875,249.5969295501709,779.5177868550082
116,4.64,481.66919708251953,282.57622718811035,411.9802100991988,471.63055419921875,245.40884971618652,395.8144584653591,438.64131927490234,224.63941097259521,506.7891678612974,402.9250717163086,223.37764263153076,655.5626173031105,376.6600799560547,230.1588535308838,737.4299445118446,451.0138702392578,232.21723079681396,649.8614311874851,398.0223846435547,225.2821969985962,808.2068106074532,371.89170837402344,223.45171451568604,791.3435522063841,354.1679000854492,220.52827835083008,764.6773853456391,449.4139099121094,262.17604637145996,627.7416512801268,391.6986083984375,253.54116439819336,805.1899116276923,367.31842041015625,245.2320957183838,761.0310574136194,355.5899429321289,238.74868869781494,698.2764726853561,442.2964859008789,286.8742561340332,584.4842056943265,385.38524627685547,274.1374683380127,703.3118298919791,367.0484161376953,262.80014991760254,647.3184462305393,360.1511001586914,255.03644943237305,591.665668761,433.03565979003906,304.74809646606445,533.4577875559936,389.9136734008789,287.64052391052246,580.671988069079,377.7561569213867,275.95948219299316,530.6629001425143,374.058837890625,268.74592781066895,489.8954691393583
117,4.68,487.5932312011719,295.4622173309326,354.5621615103881,473.6994171142578,262.8017520904541,437.88786147399276,440.5724334716797,249.98422622680664,635.4569528649753,410.1335144042969,253.12445640563965,765.1938380638945,387.09861755371094,260.2371025085449,795.9523104196695,448.29349517822266,252.67192840576172,515.8700749378393,395.10425567626953,248.82768630981445,593.1407630014997,368.34388732910156,247.5253200531006,608.3407339527264,352.4443054199219,246.11881256103516,641.2128253038878,448.0727767944336,280.4015064239502,456.86843850571745,388.84830474853516,277.2129249572754,596.0686196147839,364.86881256103516,270.9037685394287,644.7069896691695,357.9779052734375,266.33809089660645,692.3138187584215,444.5582962036133,304.38629150390625,441.4374025847549,387.58739471435547,299.0770626068115,625.915739153985,367.8974914550781,288.94277572631836,653.9102638498665,363.63243103027344,281.7216110229492,672.7822427021763,440.11756896972656,321.6543960571289,458.24147802507474,396.8650436401367,311.1999034881592,614.0876944126167,382.94551849365234,300.3069591522217,622.3589738887993,380.53775787353516,292.30502128601074,610.8433153870377
118,4.72,485.8428192138672,304.61225509643555,232.89903020867996,468.37562561035156,271.8207550048828,261.8267193531081,435.6043243408203,260.09708404541016,281.6824470873835,405.93475341796875,262.8912162780762,265.7762125197478,384.2577362060547,267.31395721435547,190.64443238430488,445.7242202758789,264.1963863372803,295.18458646577653,391.3181686401367,264.52282905578613,403.63346682169487,364.8897933959961,261.3581943511963,356.44001620682326,349.29161071777344,258.2075786590576,312.3277021591785,443.80859375,292.5359344482422,321.54665341241486,383.0965042114258,291.450777053833,383.8942251308798,361.1154556274414,283.0014896392822,316.66479130225116,358.4136199951172,275.76175689697266,235.84333810437928,440.2022933959961,315.7793140411377,304.93413529997804,381.83544158935547,312.3454284667969,361.5370808667332,362.94857025146484,300.1874542236328,307.138624634239,361.82552337646484,290.30985832214355,219.40673836152865,436.36669158935547,331.9124221801758,273.056977872398,395.4825973510742,323.73693466186523,315.32553455974283,384.57149505615234,310.2765369415283,252.5325239929943,385.39844512939453,299.68811988830566,220.987026726801
119,4.76,484.3898391723633,307.4792289733887,80.35347772553285,465.45459747314453,274.3876075744629,97.21476705057157,433.75003814697266,263.5430431365967,97.8296074394949,405.17894744873047,268.2447338104248,135.1651596943079,383.42185974121094,274.1481113433838,172.12704632733224,441.9988250732422,268.17858695983887,136.3279392084917,388.9482879638672,269.4465637207031,136.6096113709175,362.12059020996094,267.65499114990234,171.9704484238173,345.7068634033203,265.7661724090576,209.13923709161134,440.3965377807617,296.5692329406738,132.073896612526,381.1124038696289,297.1271324157715,150.32810856865345,358.4164810180664,289.53935623168945,176.8264748315517,354.3388366699219,282.2181987762451,190.86890279671195,437.6240539550781,319.63820457458496,116.02358263472216,381.43035888671875,318.3123207092285,149.5156660453311,363.0987548828125,306.56965255737305,159.59912866830143,361.22886657714844,295.7951545715332,137.9412789009753,434.9960708618164,334.9188709259033,82.60347767893312,396.47369384765625,328.03871154785156,110.36178188786474,386.89327239990234,315.07896423339844,133.35562869553385,387.5291442871094,303.746280670166,114.58770612536323
120,4.8,483.65360260009766,308.4272861480713,30.008922598210514,463.64097595214844,277.10509300231934,81.6775293151072,431.84478759765625,266.2631034851074,83.02374643441948,403.77281188964844,271.59871101379395,90.9202270235934,382.85911560058594,279.2636775970459,128.66064633225645,440.05374908447266,268.14024925231934,48.63634431873981,388.67664337158203,270.10385513305664,17.780304856628725,362.4269485473633,269.9594020843506,58.117151006074295,345.40313720703125,270.23975372314453,112.09699866650038,440.6273651123047,295.97253799438477,15.994649806930653,382.74009704589844,295.4967784881592,57.594699220909554,359.4773483276367,291.07752799987793,46.71330001299829,352.35267639160156,286.9969081878662,129.37565529276904,439.12513732910156,319.6021842956543,37.53788716303694,383.65325927734375,317.4026584625244,60.04566777524176,363.4737014770508,308.0245113372803,37.559943906408044,357.58628845214844,299.9255561828613,137.67850428532427,437.0482635498047,336.48791313171387,64.58225507176581,398.50868225097656,328.152437210083,50.95409286736773,391.22772216796875,315.67906379699707,109.39485327850835,392.31128692626953,305.6898880004883,129.0506142850454
121,4.84,483.26671600341797,309.109525680542,19.607588109521444,463.6464309692383,277.86895751953125,19.09709987581297,432.43072509765625,267.0984935760498,25.50979417242244,404.55188751220703,272.34277725219727,26.932710047411764,383.74393463134766,279.28399085998535,22.12630428146207,439.60567474365234,268.04783821105957,11.437613809495833,388.3084487915039,269.80310440063477,11.885344227535047,362.21534729003906,269.67063903808594,8.949832016203912,345.7014465332031,269.9861526489258,9.788448514895698,440.166015625,295.6266117095947,14.415884120149752,382.72605895996094,295.20609855651855,7.275467790604045,359.44786071777344,291.0736656188965,0.7434871898252989,352.4253845214844,287.22681999206543,6.028365753937579,438.68553161621094,319.2287063598633,14.420882240018997,383.6452102661133,317.18539237976074,5.435378166538813,363.5633850097656,308.1642150878906,4.150321822974527,358.03802490234375,300.3673553466797,15.796604096800039,436.6497039794922,336.26895904541016,11.368559247898828,399.00733947753906,327.8916549682617,14.068280084385353,392.2108459472656,315.50331115722656,24.967746141337933,393.86241912841797,305.5378818511963,38.96406179067803
122,4.88,482.6781463623047,309.20339584350586,14.900206163319513,463.0806350708008,277.7369499206543,14.524784956453665,431.3163757324219,266.7400074005127,29.264812978317895,402.95326232910156,272.5805854797363,40.40540827927822,381.3652038574219,280.0597286224365,62.55062535116205,440.3019332885742,267.3980140686035,23.809758733231025,388.3705139160156,270.2208423614502,10.558085870166305,362.4517059326172,271.2062358856201,38.842012419530064,346.7421340942383,272.4450874328613,66.75229804724636,441.58153533935547,295.4351806640625,35.710134301435964,382.62699127197266,295.2736473083496,2.9976282997226384,359.12986755371094,291.9257354736328,22.736846331187667,353.0782699584961,288.97976875305176,46.764628409898954,439.91233825683594,319.68114852905273,32.689433020687815,383.3723831176758,318.1639766693115,25.397611411805848,362.56412506103516,309.6977233886719,45.75866143216643,357.3464584350586,301.8430423736572,40.74245620559007,436.94591522216797,337.62611389160156,34.727604085478156,394.64332580566406,330.8712673187256,132.10484729786776,384.4700622558594,319.35473442077637,216.14982262332765,384.50504302978516,309.40381050109863,253.11298339057055
123,4.92,483.5117721557617,309.6306324005127,23.418249282876598,463.59302520751953,279.22719955444336,39.39691947994709,431.40819549560547,268.1693172454834,35.80640220199164,402.70946502685547,272.8594493865967,9.260203937140506,380.9269714355469,280.0100326538086,11.02603013555582,441.23241424560547,267.04193115234375,24.90720094984895,389.43599700927734,270.02145767211914,27.099451982076612,363.101806640625,271.768856048584,21.49378367001939,347.5278091430664,273.91536712646484,41.67588976085217,443.37940216064453,294.5042896270752,50.614247190362185,383.7847137451172,294.7070503234863,32.223375328323876,359.2380905151367,292.7786350250244,21.49345618647338,352.62218475341797,291.33421897888184,59.955450024385094,442.2243118286133,319.0108394622803,60.17960639615725,384.1905212402344,317.9849338531494,20.93750100899937,361.85096740722656,310.3149604797363,23.579327091907835,355.784912109375,303.19899559020996,51.70249058758943,439.54898834228516,337.7768898010254,65.18590263402055,395.86143493652344,331.39217376708984,33.12036177556081,383.782958984375,320.44398307800293,32.19640452514069,382.37789154052734,310.9446716308594,65.66499485770215
124,4.96,484.8960876464844,311.352481842041,55.23300008343119,465.66707611083984,280.6921577453613,63.481245511476914,432.4570846557617,269.307804107666,38.70013570434626,402.56031036376953,273.7555503845215,22.710736888117896,380.2403259277344,280.96670150756836,29.43952858353363,442.95482635498047,267.68420219421387,45.9566070178337,390.3514862060547,271.70047760009766,47.809703434325215,364.94869232177734,274.004430770874,72.49474575007032,350.6822204589844,275.96872329711914,94.09630144682697,445.8671569824219,295.36376953125,65.80097719143669,385.32032012939453,295.73493003845215,46.19675094007933,360.7164001464844,294.08409118652344,49.30526820058765,353.8188934326172,292.754602432251,46.43275256671997,444.9705123901367,320.04140853881836,73.33011892133838,386.2828063964844,318.2724094390869,52.798552226683945,363.93795013427734,310.52581787109375,52.44019058948473,357.8955078125,303.61473083496094,53.77877146106228,442.210693359375,338.9948558807373,73.17835647123597,397.5768280029297,332.18753814697266,47.27035189379417,385.47489166259766,321.4383029937744,49.06187599945541,384.0487289428711,312.2439193725586,52.913504416295574
125,5.0,486.68617248535156,312.7792739868164,57.22837776583683,467.2835159301758,281.15939140319824,42.06531365441173,433.67431640625,270.2091121673584,37.864968579671476,403.68377685546875,274.86376762390137,39.451888481650336,381.67205810546875,282.71727561950684,56.537414327534044,444.85679626464844,270.6240463256836,87.53632479797805,393.49327087402344,274.1399574279785,99.4417943149444,368.3251190185547,274.83532905578613,86.92902708021589,354.1661071777344,275.6557846069336,87.44783192315893,448.12034606933594,297.8642749786377,84.14789270164526,388.6312484741211,298.551549911499,108.6726564422842,364.10144805908203,295.5731678009033,92.45234763810356,357.3308563232422,293.49446296691895,89.72623973748662,447.3316192626953,321.76219940185547,73.04085696527758,389.7932434082031,320.62880516052246,105.69936379079057,368.3810043334961,312.5774574279785,122.34672934065729,363.4814453125,306.06863021850586,152.5293413135412,444.58641052246094,340.01970291137695,64.68357343247975,400.3558349609375,334.42663192749023,89.22030539137495,387.5761032104492,324.0336799621582,83.4830505882848,385.6461715698242,315.4786777496338,90.19244946385844
126,5.04,489.4536590576172,315.3171157836914,93.87366148724927,470.4585266113281,283.94728660583496,105.63218166802997,436.9059371948242,272.84557342529297,104.26618844852999,406.6110610961914,276.39967918395996,82.64387963691277,384.0599060058594,282.1486473083496,61.36548170413801,449.0039825439453,274.69691276550293,145.31731459076653,396.9819641113281,278.05638313293457,131.1234409022086,373.14075469970703,278.12456130981445,145.79393813386034,359.8627471923828,277.85327911376953,152.64478693208758,451.6228485107422,301.87840461730957,133.18398953168307,392.14099884033203,302.3817729949951,129.87724132441406,368.5715103149414,298.269739151001,130.5109038007603,360.73944091796875,294.3441581726074,87.82237358006083,449.9559020996094,325.2933883666992,109.98907875772257,393.19175720214844,323.31836700439453,108.35023915423851,372.5326156616211,314.3455696105957,112.81095167949991,366.1967468261719,306.51978492736816,68.81316589812867,446.2969970703125,342.7445983886719,80.43305329539999,402.6259994506836,337.153844833374,88.71068511079726,391.3368225097656,326.5865993499756,113.63430118406359,389.7509002685547,317.65485763549805,116.14795678847977
127,5.08,490.0855255126953,317.41175651550293,54.69674928878835,471.7254638671875,286.5209197998047,71.7143545053364,438.6732482910156,275.8480739593506,87.10050935462988,409.1462707519531,280.3703498840332,117.77498091458023,387.24815368652344,286.67967796325684,138.50803692604083,452.12181091308594,278.5652160644531,124.2090580233761,399.19307708740234,282.19096183776855,117.21711068416604,375.5003356933594,281.262731552124,98.15719196562563,362.2753143310547,280.02923011779785,81.22208355233221,454.12166595458984,305.9476947784424,119.38176952839588,394.57237243652344,305.8319091796875,105.51959905978498,371.3289260864258,300.6324577331543,90.78057623771785,364.0638732910156,295.7698059082031,90.43064355132623,451.68174743652344,328.9939212799072,102.07988896167231,394.46388244628906,326.1041736602783,76.56296983833906,375.32623291015625,316.3484573364258,85.93550115345927,370.55816650390625,307.95063972473145,114.75334160838774,446.95594787597656,345.6947708129883,75.57171055313232,403.961181640625,339.33013916015625,63.8306767800622,393.22444915771484,327.8572082519531,56.88574812635725,392.07427978515625,318.19567680358887,59.63732970389728
128,5.12,490.84556579589844,319.40972328186035,53.44116175500994,472.6420593261719,288.75821113586426,60.4442912825417,440.27374267578125,278.631534576416,80.26999471479272,411.4679718017578,283.3715057373047,94.85921219196992,389.82696533203125,289.65514183044434,98.43670151404754,453.56014251708984,282.9279041290283,114.84186124804216,401.70013427734375,285.1508331298828,96.97349450854801,377.7910614013672,283.81811141967773,85.79550737373548,363.48812103271484,282.60475158691406,71.16973959077654,455.0345230102539,310.09111404418945,106.06964462040864,396.2361526489258,309.08580780029297,91.36472523750537,372.68245697021484,303.2313823699951,73.25663417631961,364.01485443115234,298.14502716064453,59.39317535853561,452.56595611572266,332.54834175109863,91.56872376252359,395.53356170654297,329.20443534851074,81.9902290494845,376.31603240966797,319.09850120544434,73.06865064256435,370.1103210449219,310.5491065979004,65.91943779194287,448.1993865966797,348.4958839416504,76.61745318344188,405.9729766845703,341.9938087463379,83.45079000222225,395.37933349609375,330.32100677490234,81.82996728536193,393.2522201538086,320.55676460266113,65.96532757360461
129,5.16,490.90484619140625,322.13830947875977,68.23075186088002,473.06629180908203,291.9168949127197,79.67612723444066,441.33480072021484,281.7395782470703,82.10427680833486,413.4392547607422,286.2974452972412,88.20104454024245,392.33646392822266,292.7248764038086,99.12382898171636,454.901123046875,286.7025661468506,100.14458962561625,402.2042465209961,288.49528312683105,84.55573212491015,377.3080825805664,286.6553592681885,71.95156311375794,362.3508834838867,284.87234115600586,63.41959326737343,455.59871673583984,313.6618709564209,90.37636405000752,397.35382080078125,311.7842102050781,73.01779592940997,372.9002380371094,305.5543327331543,58.32841815315608,364.1429138183594,300.192346572876,51.28301364945044,452.81768798828125,335.8582878112793,82.98761901997548,395.97057342529297,331.6777038574219,62.789511263308974,376.1669158935547,321.3855743408203,57.29822893170577,370.32073974609375,312.67581939697266,53.427423667185245,448.18248748779297,351.663122177124,79.18208296439012,405.91922760009766,345.01333236694336,75.50004908721917,393.23822021484375,333.4507083892822,94.80044263542888,389.5448684692383,323.803653717041,123.20396055465534
130,5.2,491.1614227294922,324.3225860595703,54.98235911052277,473.43883514404297,293.7337303161621,46.365931860212996,442.3602294921875,283.6633586883545,54.50020270981169,415.0706481933594,288.3342933654785,65.24087381134491,394.03656005859375,294.5529270172119,62.41041528496577,456.0789108276367,289.5110893249512,76.13715624795093,403.3828353881836,290.83797454833984,65.56139686521514,377.48477935791016,288.8778877258301,55.73853299194387,361.187744140625,286.9987678527832,60.59385090817131,456.4881896972656,316.3845634460449,71.60750895577664,398.14998626708984,314.1737937927246,62.968192228754596,373.13671112060547,307.4517059326172,47.801311287310654,364.0852355957031,301.59908294677734,35.19795806422895,453.4046936035156,338.42010498046875,65.7052262032412,396.5547561645508,334.46648597717285,71.23278381602775,376.2835693359375,323.73576164245605,58.82701536278662,370.4224395751953,314.523983001709,46.27399083928834,448.5080337524414,353.9717102050781,58.28571358639031,405.7606506347656,347.7988815307617,69.75148205407125,392.5837707519531,336.0494899749756,66.99799357824419,388.9972686767578,326.2085151672363,61.66048231728403
131,5.24,491.23950958251953,325.8058547973633,37.13306903160628,473.65245819091797,295.6850051879883,49.073340723199706,443.15196990966797,285.5233669281006,50.53763165080248,415.7669448852539,289.7313594818115,39.02421376969898,395.1886749267578,295.78253746032715,42.12563435177222,455.4806900024414,290.12523651123047,21.433690217041168,403.0533218383789,291.0871696472168,10.32827964889303,377.14221954345703,289.6095943450928,20.19810948998387,360.2161407470703,288.2314109802246,39.23823258312226,455.8555221557617,317.2195816040039,26.19068945009147,398.07491302490234,315.72529792785645,38.832984312821374,373.358154296875,309.43190574645996,49.81357986946991,363.50440979003906,303.62425804138184,52.67051345589165,453.0284881591797,339.58102226257324,30.508804797108173,396.9448471069336,336.7602252960205,58.166845185621106,376.18892669677734,326.72009468078613,74.64583424753033,369.04834747314453,317.91011810302734,91.35794994586757,448.70304107666016,355.2510452270508,32.35280083455617,406.9746398925781,349.86056327819824,59.81378157350665,393.68690490722656,338.5930824279785,69.31255086339118,389.22447204589844,328.83161544799805,65.823041434407
132,5.28,490.05104064941406,323.54867935180664,63.773522116258555,471.2854766845703,293.99791717529297,72.6673388375584,439.9270248413086,284.9604034423828,81.84283177295889,412.3160934448242,289.6497917175293,86.29538285767977,391.4524841308594,295.75218200683594,93.40785271095004,452.21282958984375,288.9664649963379,86.68067510967109,400.4938507080078,290.6688594818115,64.83573407892283,375.0145721435547,289.32987213134766,53.64890478363511,358.83094787597656,288.36928367614746,34.80093542573588,453.1203079223633,316.52289390563965,70.5636709452777,395.81607818603516,316.2516117095947,57.98351611734043,372.11997985839844,309.87244606018066,32.85528599127816,363.5991668701172,304.2022132873535,14.641788880015588,450.8348083496094,339.2148971557617,55.600577226962045,394.88094329833984,337.57530212402344,55.475496655477905,374.48619842529297,327.20812797546387,44.28219212636562,367.63309478759766,318.3633613586426,37.151460374293656,447.3873519897461,354.6726608276367,35.93019523073808,406.99703216552734,348.3886528015137,36.802019860172344,396.35406494140625,335.7635021209717,97.2119699475272,394.17755126953125,325.4475975036621,149.967853311907
133,5.32,487.5481414794922,323.1152057647705,63.503954628105554,468.6118698120117,293.5844135284424,67.6348605331936,437.7071762084961,283.6083126068115,64.98017765170484,410.2833938598633,288.4094524383545,59.531027257663304,389.4956970214844,294.2658233642578,61.432268626628826,448.7261199951172,286.4059638977051,108.14720776000793,400.41072845458984,286.8066215515137,96.57830740921041,375.3703308105469,285.6206703186035,93.15558999868337,358.7053680419922,284.7567844390869,90.3670329561152,448.5196304321289,313.80228996276855,133.6224138737468,394.12403106689453,312.5031566619873,102.8163979422958,370.85838317871094,306.66589736938477,86.14515616331619,362.3340606689453,301.6101837158203,72.10717283992165,445.98644256591797,336.50487899780273,138.858851871552,392.27657318115234,333.3969211578369,123.08942685576476,372.68054962158203,322.99753189086914,114.5357121980607,366.3043975830078,314.31126594543457,106.6094317451153,442.90924072265625,352.254695892334,127.23019234047437,403.8721466064453,344.2086410522461,130.47367546121714,392.18502044677734,331.44893646240234,149.99251818903633,388.3827209472656,321.5225887298584,174.97455589721687
134,5.36,483.8225555419922,320.24468421936035,117.57945324428943,466.6102981567383,290.4777431488037,92.39077990700133,435.3865432739258,279.6191596984863,115.37622735807564,407.2702407836914,283.59867095947266,141.91262694435557,386.46644592285156,288.74110221862793,157.5176695555495,444.4160842895508,280.7234573364258,178.30326799136276,395.66734313964844,281.02455139160156,186.96931496262266,371.2702941894531,280.4088592529297,165.78086982254243,355.4869842529297,279.70069885253906,149.83740285764188,443.4971618652344,307.4238681793213,202.96159574073093,389.0641403198242,305.85511207580566,208.86447638383063,367.47886657714844,300.3167724609375,179.81330520032097,359.3752670288086,295.0082015991211,180.8670569681807,440.24635314941406,329.8480796813965,219.74644998322339,387.39784240722656,325.91217041015625,223.36000609911778,369.38610076904297,316.0410976409912,192.4275362228446,363.48865509033203,307.5718688964844,182.59907989989063,436.7387390136719,345.94974517822266,220.54973198798046,398.71543884277344,337.4414920806885,212.69981805817193,388.9170837402344,325.1693058013916,176.97664315644366,386.6194152832031,315.56264877319336,155.38285610059947
135,5.4,481.4215850830078,316.2718677520752,116.04936941784665,463.8396453857422,285.9312057495117,133.10597070705808,432.2066879272461,274.13844108581543,158.40958883753814,403.6104965209961,277.24342346191406,183.3420621808387,381.93241119384766,282.2124481201172,198.71587012273113,440.8469009399414,274.11011695861816,187.87519250800082,393.07933807373047,275.912389755249,143.2479642469042,368.6001205444336,276.736536026001,113.51152248119183,354.1926956176758,278.22092056274414,49.14854307540435,440.3399658203125,300.78091621398926,183.87614323196442,385.5735397338867,300.0318145751953,169.73340535815643,364.90699768066406,296.0991096496582,123.49896054813614,359.7457504272461,293.1833839416504,46.55116426803056,437.8260803222656,323.62149238586426,167.01068436389858,384.92279052734375,320.5451202392578,147.756364805912,367.5419616699219,311.51824951171875,122.10908089022945,363.65501403808594,304.31708335876465,81.47585607116716,435.08426666259766,340.61997413635254,139.51643747070256,396.56532287597656,332.4649429321289,135.52914838399118,387.38922119140625,320.8109378814697,115.46031486379775,386.50360107421875,311.6151523590088,98.7298741231685
136,5.44,477.9977798461914,311.4301586151123,148.24934583877888,459.3008041381836,281.7692756652832,153.95360887404044,426.7503356933594,270.08734703063965,169.8954508369065,397.03765869140625,273.4237003326416,190.05341669907295,374.37801361083984,278.4143829345703,211.38563987978446,437.9121398925781,268.38890075683594,160.75046118257382,389.3902587890625,272.5100040435791,125.46297885118834,365.80223083496094,274.78400230407715,85.29571634035433,353.38783264160156,277.41416931152344,28.48960327471693,439.4511413574219,294.8488712310791,149.95659081277145,383.0929946899414,295.67699432373047,125.2935631267873,362.30934143066406,293.32420349121094,95.02605623377931,358.6390686035156,292.07831382751465,39.0986302200232,437.68131256103516,318.11951637268066,137.5970061318998,383.9685821533203,316.5047836303711,103.78714255077155,367.02404022216797,309.3011283874512,56.92027706426897,364.94422912597656,303.5654067993164,37.30862159800314,434.69898223876953,336.5071678161621,103.27033672188651,394.45995330810547,329.7736072540283,85.42492592012758,384.04762268066406,319.5989227294922,88.86528194273039,383.11431884765625,311.3239574432373,85.04421089301
137,5.48,478.6079788208008,310.9792900085449,18.96749339334184,460.58956146240234,280.12267112731934,52.274527408018436,427.8511047363281,268.3285903930664,51.8707371511522,397.81272888183594,272.5763511657715,28.709040504344983,375.2328872680664,278.74016761779785,22.87116948318322,437.0451354980469,266.447811126709,53.14793959037177,388.49781036376953,269.7850227355957,71.68501988153982,365.8956527709961,272.8304672241211,48.89419039333473,354.8786163330078,276.36640548706055,45.55384894835965,438.18981170654297,292.6659965515137,63.02724785199146,381.3738250732422,293.3250045776367,72.83285632490961,361.5298080444336,290.9798812866211,61.76325211635215,358.7672424316406,290.1620864868164,48.012731068538436,436.44420623779297,316.15196228027344,58.10390026471023,382.6481246948242,313.78137588500977,75.66603286478697,366.47377014160156,306.6823482513428,66.8992085287752,364.79225158691406,301.7346382141113,45.9266452138169,433.6329650878906,334.8505210876465,49.2498156663397,394.11731719970703,327.6913547515869,52.75636802025612,385.7313537597656,317.78995513916016,61.78245144053947,386.33716583251953,310.33315658569336,84.29275260643765
138,5.52,478.9490509033203,309.3501091003418,41.61250260684709,460.09056091308594,278.43212127685547,44.066429577411014,428.38706970214844,266.8107032775879,40.24332040788304,399.40807342529297,270.89959144592285,57.861080239899756,377.67765045166016,277.2946357727051,71.00365016599835,435.4155731201172,265.0447082519531,53.75971552142933,385.4957962036133,269.21653747558594,76.38416274262538,363.323974609375,272.41753578186035,65.11547887679235,353.5570526123047,275.82006454467773,35.75104100934009,436.99310302734375,290.77792167663574,55.884581930171315,379.4063186645508,292.0158004760742,59.08202374554076,360.3063201904297,289.7853469848633,42.748060825690594,358.8361358642578,288.9210891723633,31.072703450311973,435.7080078125,314.0928268432617,54.669614900333855,381.37645721435547,312.1849250793457,51.025688112626014,365.24009704589844,305.4057312011719,44.38257259224037,364.1664123535156,300.70189476013184,30.189337809463414,433.5662841796875,333.09574127197266,43.90115705348114,393.94725799560547,326.33225440979004,34.24246150589242,385.740966796875,316.6617679595947,28.205703352981924,386.82132720947266,309.3240165710449,27.981866986695536
139,5.56,479.2508316040039,309.2491149902344,7.955791977447581,460.6605529785156,278.1896495819092,15.48554724377959,430.15384674072266,266.23881340026855,46.42574134985226,401.9724655151367,270.0266361236572,67.72258571335838,380.46470642089844,276.1904811859131,74.94513963226923,435.27565002441406,264.6475410461426,10.527353124198147,385.9821319580078,267.87171363830566,35.75151761918416,364.0312194824219,271.03806495666504,38.75512117785312,353.2636260986328,274.14130210876465,42.60532856315091,436.37691497802734,290.1700973510742,21.638191393700726,379.71263885498047,290.097599029541,48.56264542157733,360.2967834472656,288.30671310424805,36.966615871396755,356.7830276489258,287.4178218841553,63.615376893386276,434.95182037353516,313.29660415649414,27.45211751590838,381.6019821166992,310.7767868041992,35.6520939384147,365.9218978881836,304.4775581359863,28.791900200801724,363.9124298095703,299.81743812561035,23.00503573918658,432.8961944580078,332.10413932800293,29.9196282812941,393.84483337402344,325.2096748352051,28.18106306083012,385.68904876708984,315.93220710754395,18.28514627132215,385.98934173583984,308.8321781158447,24.162275533744356
140,5.6,479.5619201660156,308.11875343322754,29.309697019218717,460.7209777832031,276.9796085357666,30.28871995449943,429.3239212036133,264.28213119506836,53.135332226385536,400.8841323852539,267.86364555358887,60.53406689524691,379.3992233276367,274.3757915496826,52.60912882920624,435.12535095214844,262.11719512939453,63.37014414102779,385.5908966064453,265.427770614624,61.87650302878708,363.68907928466797,268.3139419555664,68.63811823630557,353.8209915161133,271.2235164642334,74.26358998541875,436.35181427001953,288.00235748291016,54.19712966091033,379.80594635009766,287.5811290740967,62.95498056795756,360.24330139160156,285.7178592681885,64.73515522283085,357.30072021484375,285.09175300598145,59.57454373941724,435.0227737426758,311.3862705230713,47.791271245247806,381.41773223876953,308.2962226867676,62.18493767689306,365.72559356689453,302.1046543121338,59.52524644956731,364.2583465576172,297.8215026855469,50.64222964508418,432.9259490966797,330.4386234283447,41.64454158812988,393.7417984008789,322.9076957702637,57.60709494671319,386.3538360595703,313.73851776123047,57.30518678734915,387.5669860839844,307.0630073547363,59.260689284683345
141,5.64,479.1944122314453,302.4231433868408,142.68636033814133,460.9947967529297,272.3799419403076,115.19524083475454,428.524169921875,259.3476104736328,124.97273918468883,398.66310119628906,260.38787841796875,194.96806438551098,375.79837799072266,265.45326232910156,240.5431546943533,435.0138854980469,255.07444381713867,176.0908334385618,382.2397994995117,258.21109771728516,198.91929822054104,361.34315490722656,261.1040496826172,189.54865432819403,354.4917678833008,263.8803005218506,184.34472007499014,436.02596282958984,280.8188724517822,179.7717934522633,377.22545623779297,280.8112049102783,181.12634127100682,358.8922882080078,278.04931640625,194.6660381390904,357.3675537109375,276.0465145111084,226.13713503277904,434.2185974121094,303.75125885009766,191.9311445823197,379.4874954223633,299.6591377258301,221.25360278120735,364.7576904296875,293.07260513305664,227.09407309566038,364.34642791748047,288.36353302001953,236.4594951043291,431.72733306884766,322.3982620239258,203.23030638884427,392.3255920410156,312.87357330322266,253.33926627313232,383.14056396484375,303.40601921081543,270.5152997626443,382.7806854248047,296.4319610595703,291.47021645661647
142,5.68,477.3421859741211,292.1582794189453,260.7659084165825,461.11793518066406,261.0054302215576,284.37945591274473,431.17637634277344,245.54471969604492,351.38475414874273,403.0116271972656,243.92086029052734,425.7877731266578,381.36932373046875,247.36982345581055,473.05271767481673,433.52916717529297,241.71916007995605,335.93897529776115,381.7803955078125,240.78683853149414,435.75786008488404,362.0084762573242,242.30870246887207,470.1779778605997,354.32281494140625,243.50910186767578,509.29748165023125,432.58689880371094,265.6113910675049,389.7873229621799,377.95188903808594,260.8286190032959,499.89464148913044,359.5672607421875,257.612943649292,511.1879053875593,355.52024841308594,255.09278297424316,525.8751052902742,429.3077087402344,287.34503746032715,428.1361698088249,378.8841247558594,279.14525985717773,513.0687340473874,363.4956359863281,272.5463104248047,514.126416766839,359.9834442138672,267.8002452850342,525.5261823102835,426.1509704589844,305.1093864440918,454.1482678952857,389.3988800048828,293.0698871612549,500.46954712050854,379.0284729003906,284.46950912475586,484.4460155436511,375.90362548828125,278.655309677124,476.5129115141879
143,5.72,471.35791778564453,274.0469169616699,476.8601182543059,458.577880859375,242.71150588989258,461.7355462056889,431.9721221923828,223.56648445129395,549.815898694045,404.95155334472656,220.3192663192749,592.0296400104592,382.4565887451172,223.16900253295898,605.6308067585444,428.80802154541016,221.20119094848633,526.3531807033812,381.4449691772461,214.69821453094482,652.2695057764059,363.5194396972656,214.1158676147461,705.8323754745439,355.4041290283203,214.17699337005615,733.8008198204608,425.1094055175781,243.01420211791992,595.0555931315398,373.90613555908203,233.3228302001953,695.0434064204397,360.3694152832031,227.9756498336792,741.2036817824742,357.99407958984375,224.84098434448242,758.8194618232212,420.55347442626953,263.07480812072754,645.0196947674162,372.10487365722656,251.04663848876953,722.6214293561153,363.58551025390625,243.70691299438477,720.9884367717367,364.14722442626953,239.5188045501709,714.6576784100804,416.6462707519531,280.4032230377197,661.784437516854,380.2634811401367,264.92963790893555,739.6490470151465,375.11451721191406,255.64584732055664,727.2046346001116,376.66900634765625,250.8358669281006,695.7492376595222
144,5.76,462.13294982910156,255.5632209777832,516.4464220904204,452.20359802246094,222.0534896850586,540.4772862966587,428.80897521972656,198.11525344848633,641.1759988143369,402.1221160888672,192.5449275970459,697.9521861497545,380.12317657470703,194.6821117401123,714.5574501923337,425.70335388183594,192.11854934692383,731.19722195271,378.6835479736328,180.81417560577393,849.9093852237505,360.6113815307617,179.55184936523438,867.1534465754711,353.9353942871094,179.9377727508545,856.7676939923695,418.9060974121094,212.03691959381104,789.807359435608,369.3478012084961,196.74871444702148,921.4270030699291,355.8954620361328,192.36210823059082,897.3365461087737,354.03350830078125,190.55372714996338,862.8811226274321,411.71131134033203,231.58933639526367,817.5874486153226,364.89086151123047,216.11047267913818,891.8301592514104,356.88549041748047,209.60599422454834,868.8220929639023,358.62274169921875,205.95834732055664,850.3029602964501,405.62828063964844,249.90028381347656,810.7964477262142,368.6335754394531,231.83491230010986,876.967633998775,363.6874008178711,223.7220811843872,847.6828097082672,366.2055969238281,219.98190879821777,814.4974175262992
145,5.8,453.7440490722656,235.17271041870117,551.218296575911,443.8209915161133,200.51618099212646,577.7779404618352,420.9804153442383,177.04510688781738,561.9371772116605,395.6685256958008,170.10372161865234,583.7682302967963,374.69730377197266,172.36474514007568,574.1868966372592,415.7931137084961,165.3341817855835,713.9744419245076,371.2399673461914,155.07439613342285,669.8615247956507,356.0688781738281,156.52560710906982,586.7506759621857,352.48706817626953,159.6606159210205,508.2203862652891,409.09603118896484,183.42046737670898,756.2815021522104,360.7881164550781,168.1507158279419,746.2882017419503,350.1764678955078,167.72254943847656,632.3639930108282,351.2936782836914,170.428147315979,507.7804841763719,402.9622268676758,203.49746704101562,735.5693385593465,358.4377670288086,187.20786094665527,740.3560770660132,352.58522033691406,184.84253883361816,628.3515365941681,356.1571502685547,185.35338878631592,518.7987671660032,397.9944610595703,223.77109050750732,680.5374457927958,364.55997467041016,206.07004165649414,652.1228711426813,361.3185501098633,200.82980632781982,575.3627669704655,364.6940612792969,200.03422737121582,500.12169413919094
146,5.84,441.79447174072266,219.95447158813477,483.7271903580343,431.00440979003906,182.27499961853027,557.3404844917357,408.9314270019531,158.9833688735962,542.7962901534092,383.93375396728516,153.03854942321777,517.7625961651022,363.6722183227539,155.79006671905518,497.66484324468934,402.8276824951172,146.73747539520264,566.7560625606997,360.05271911621094,135.93945980072021,554.1323800635236,343.4883499145508,140.5648899078369,508.06876063937443,338.40320587158203,145.28759479522705,503.0773509734254,394.63253021240234,163.43908309936523,616.6687614402,348.74794006347656,148.0078411102295,586.6756181199801,337.69874572753906,152.39479064941406,494.11141202965393,337.945556640625,156.95982456207275,474.0570042209367,387.61852264404297,183.00720691680908,639.9609457126935,345.1696014404297,166.73704147338867,609.8661062006322,338.7668228149414,167.8782606124878,547.0002545927072,341.7551803588867,169.77882385253906,530.320545846692,382.3466491699219,203.58530044555664,638.5139668396896,352.5358200073242,186.87297821044922,566.2969297954946,348.28357696533203,182.59725093841553,560.3216715124149,350.4560852050781,180.98031520843506,594.6488099064177
147,5.88,429.3678665161133,206.0929012298584,465.40550209315785,417.872314453125,168.98613452911377,467.0692288773373,397.0609664916992,146.79041862487793,425.423221989891,374.5432662963867,142.7402400970459,348.42182917658715,356.83963775634766,147.03874111175537,277.5673984384397,388.5539245605469,132.1785020828247,509.7204316370652,346.9670867919922,124.18674945831299,439.71579863956197,334.37232971191406,133.12035083770752,294.2394712448984,333.1465148925781,139.56364631652832,194.2877798452893,379.2926788330078,148.14318180084229,541.5692689283087,335.01651763916016,134.4477081298828,482.46059958282166,326.76280975341797,144.17540073394775,342.00974603487646,330.0889587402344,152.1947193145752,229.7177052767036,372.2084426879883,167.51764297485352,546.2355005878466,330.5276870727539,151.86450004577637,521.7627243695133,324.93263244628906,157.8446102142334,427.2433172901185,328.9783477783203,162.34904766082764,369.5005286284659,367.5921630859375,187.7360200881958,541.3493254410182,339.3280029296875,171.62524223327637,504.3187759157666,334.51873779296875,169.53187465667725,474.4568307710117,335.9065628051758,168.93321990966797,472.2427257266888
148,5.92,419.512939453125,197.2095823287964,331.69351639991436,407.56404876708984,159.87250328063965,343.98275391639714,386.32347106933594,139.7142505645752,321.48674385863194,364.2842102050781,135.87956428527832,308.54203975997,346.9014358520508,140.36766529083252,299.2397760357398,378.5214614868164,125.14875411987305,306.25527724880556,339.7543716430664,119.2601752281189,218.36665477064594,325.39222717285156,127.39717483520508,266.2200513293662,320.88558197021484,134.35229301452637,333.06219329595416,370.46512603759766,140.8324670791626,286.54432259418627,328.8616180419922,130.26001453399658,186.11079815570378,317.7260208129883,138.66183757781982,264.6494533227914,318.09539794921875,146.91986560821533,327.55684818753764,364.0399932861328,160.08831024169922,276.0418338886685,324.27684783935547,147.18605518341064,195.19355370373626,317.3876190185547,153.29598426818848,220.2515970738423,321.13834381103516,158.9999485015869,213.1345340762993,359.7764205932617,180.185866355896,271.67380727305414,330.09117126464844,165.0774335861206,283.0557114863124,324.9147033691406,163.58078956604004,282.45894720525325,327.40108489990234,163.67594718933105,249.97758756173187
149,5.96,412.0188522338867,190.6666374206543,248.71101619215256,401.0862350463867,155.91113090515137,189.82646960021694,380.8171844482422,136.60507678985596,158.08651491160998,359.83272552490234,131.84354782104492,150.2188918657594,342.95032501220703,136.23736381530762,142.8956506236587,372.5333786010742,121.78266048431396,171.73330160795444,335.5261993408203,115.33377170562744,144.2525685189746,323.2748031616211,122.86969184875488,124.95395811040588,320.6423568725586,128.98766040802002,134.25358805940948,364.2359924316406,136.38238906860352,191.38524593886007,323.84395599365234,125.53264617919922,172.34584415008663,314.8222351074219,133.45543384552002,149.0356736815827,316.8104934692383,140.61126708984375,160.95301097811512,357.71240234375,154.75934028625488,206.8156303331445,318.9719772338867,142.01209545135498,185.25575471780203,312.80099868774414,147.6916265487671,181.0488737645217,316.86634063720703,152.7221918106079,189.83585045429584,353.30821990966797,174.2953634262085,218.7116321322149,324.42386627197266,160.6333065032959,180.0496657319583,318.97117614746094,158.7182092666626,191.98014709003942,320.77049255371094,157.89453506469727,219.92822837268218
150,6.0,406.49242401123047,185.72370529174805,185.36111197326625,397.1585464477539,152.44636058807373,130.93741605709113,377.38948822021484,132.6095151901245,131.60930326367838,357.10426330566406,126.54889583587646,148.90820520932303,340.7502746582031,129.32511806488037,181.34801293792177,368.4505081176758,117.25431203842163,152.42984253342115,332.5398254394531,112.59303331375122,101.33507540417375,320.6902313232422,120.5544376373291,86.74824800560145,318.05294036865234,126.49057388305664,89.93233200529075,360.49102783203125,131.31869316101074,157.45192936436825,321.1859893798828,121.40703678131104,122.69229657933084,312.923641204834,129.42283630371094,111.4296351435194,315.2700614929199,136.28796100616455,114.73857831730372,354.0669250488281,149.18665409088135,166.47885777910673,316.43781661987305,136.78062915802002,145.323367004239,309.9605941772461,142.18091011047363,154.9917204372047,313.2548141479492,146.7663860321045,174.13131907748811,349.44446563720703,168.4188938140869,175.82216189261476,321.3576889038086,154.96388912200928,161.1360781612011,316.36701583862305,153.87455463409424,137.4832742411954,318.22330474853516,153.8133430480957,120.27129227087127
151,6.04,404.4648742675781,181.27447128295898,122.23604528725834,395.90240478515625,148.75393867492676,97.50599808858412,376.6395568847656,128.9470624923706,93.46107736369963,356.5837097167969,123.24697494506836,83.56755354216993,340.5255126953125,126.71417713165283,65.51493387372426,367.3213577270508,113.53971004486084,97.06070450758637,331.7148971557617,108.812255859375,96.74316782321628,320.20713806152344,117.80616760253906,69.76015734125615,318.403377532959,124.4439697265625,51.909746071344664,359.5086669921875,127.03518390655518,109.86777380294745,320.3006362915039,117.46654987335205,100.96808642740235,311.53194427490234,126.50404930114746,80.8398799754592,314.1218566894531,134.50472831726074,53.02294959189449,353.13194274902344,144.49945449829102,119.48857665517403,315.197696685791,132.39795684814453,113.86865796460677,308.4959030151367,138.83686065673828,91.26878898817566,312.12390899658203,144.41226482391357,65.29181191123389,348.69972229003906,163.50394248962402,124.27637842473945,320.42449951171875,149.63750839233398,135.187772466127,315.7741165161133,149.31454181671143,114.95990198034289,318.5344696044922,150.09494304656982,93.2849202005957
152,6.08,401.98158264160156,177.3008394241333,117.14437526274943,394.39212799072266,144.92071151733398,103.00050496693993,375.7344055175781,125.35404682159424,92.6318675185744,355.6875228881836,119.32130098342896,100.66673632857066,339.5694351196289,121.83955192565918,124.18749743239472,365.7086181640625,109.90529537200928,99.40415896815624,330.80883026123047,105.43030500411987,87.5305261206283,318.80109786987305,113.55294227600098,111.99016334828606,316.0261344909668,119.91379737854004,127.90070851906863,357.68768310546875,122.84507274627686,114.21748402493557,319.21817779541016,113.98953437805176,91.04035214646541,310.8003044128418,122.67354011535645,97.49390208554496,313.1946563720703,130.26419162750244,108.51800497423537,351.09825134277344,139.7898530960083,128.24840667684342,313.93165588378906,128.87287616729736,93.63844402412825,307.63105392456055,135.3471565246582,89.88186301657026,311.18846893310547,140.81258296966553,92.98103826909984,346.46759033203125,158.45701217651367,137.96267308440702,318.574161529541,145.19049167633057,120.41518882782032,313.9846420288086,144.6928882598877,123.8999105629616,316.43686294555664,145.10919570922852,135.2258070030844
153,6.12,400.3854751586914,173.30474853515625,107.57643064923418,393.1486511230469,141.1977481842041,98.1283938912253,374.95445251464844,121.90268039703369,88.45993755424998,355.47088623046875,115.72083950042725,90.17432537883471,339.7016906738281,118.04063558578491,95.03044541415478,364.27162170410156,106.40925407409668,94.49624193139464,330.00720977783203,102.4163818359375,77.9676546039703,318.9725875854492,110.59897899627686,73.97342335472113,316.7876625061035,116.412513256073,89.57858081064171,356.4127731323242,118.668372631073,109.17365551029042,318.411808013916,110.31152486801147,94.13416681940487,310.62170028686523,119.14325952529907,88.36989192575605,313.3323287963867,126.4413070678711,95.63406836963527,349.90230560302734,135.02018451690674,122.93297098135825,313.0993843078613,124.22710418701172,117.99330825544843,307.1379852294922,130.9008264541626,111.83963919897171,310.6545066833496,136.03498935699463,120.18349619435614,345.4741668701172,153.4114408493042,128.56097821811952,317.28261947631836,140.0707197189331,132.004132915877,312.55504608154297,139.54091548919678,133.6660203697516,314.85713958740234,139.68924522399902,141.13687760166923
154,6.16,398.6111068725586,170.78168392181396,77.11289555715514,391.81236267089844,139.00400161743164,64.2173595424712,373.81866455078125,119.62255954742432,63.68361930124256,354.44610595703125,113.02900314331055,72.00762799142333,339.0984344482422,115.01078367233276,77.23309156037746,362.8987503051758,102.94100761413574,93.2520421526387,328.8223648071289,100.3549575805664,59.441818009465976,318.9155578613281,109.39594030380249,30.109741831172332,317.6854133605957,115.11139154434204,39.51957035349028,355.56884765625,114.82144117355347,98.46030877979601,317.47228622436523,107.7214765548706,68.87965709048538,310.7253837585449,117.36789464950562,44.45974797851331,314.26883697509766,124.4218397140503,55.65123517239119,349.38289642333984,130.9510087966919,102.55479309230759,312.16609954833984,121.25224113464355,77.94561654889704,306.7066955566406,129.10739421844482,46.11405673720907,310.6635284423828,134.49251174926758,38.562599776819205,345.1068878173828,149.32806015014648,102.49662139807099,315.8007621765137,136.82128429412842,89.28441786280537,310.9690856933594,137.23179817199707,70.03255108108223,313.17264556884766,137.7727174758911,63.78968719459134
155,6.2,396.807861328125,167.44121074676514,94.90276447086646,389.8469924926758,135.1083469390869,109.0836986857916,372.5426483154297,115.54301261901855,106.86124348292059,352.4108123779297,109.51752662658691,101.46701212904613,336.50638580322266,112.09261894226074,97.57817881698725,362.6113510131836,99.85718250274658,77.42970873101606,328.13621520996094,98.01634311676025,60.92987198419745,317.08887100219727,107.30273723602295,69.45449933357021,315.0392532348633,113.64573240280151,75.6237401969346,355.1112365722656,111.27065420150757,89.50382682124629,316.6855812072754,104.71441268920898,77.7067318354809,308.8180923461914,114.77109432220459,80.54941213126644,311.4976119995117,122.75320529937744,80.87037728342611,348.85986328125,127.03409671783447,98.79196545400195,311.83677673339844,118.17280769348145,77.42481770639034,304.82410430908203,126.76913738250732,75.04829626727326,307.57545471191406,133.2002878189087,83.68856721128098,344.2350387573242,145.2138376235962,105.13963269593836,315.1861381530762,133.1497621536255,93.06529132277818,309.1394805908203,134.35328006744385,85.26913754942952,309.9558639526367,136.02257251739502,91.55152696071603
156,6.24,395.6129455566406,163.1911325454712,110.37149886308985,386.97662353515625,130.75268268585205,130.41000018978553,369.96097564697266,112.15878009796143,106.41329664226275,350.40050506591797,107.08487033843994,78.89531079613029,335.07476806640625,111.29684686660767,40.94800468854171,359.443359375,95.8232831954956,128.22956620998403,324.99855041503906,98.55405807495117,79.58516563073482,314.2967987060547,110.13986349105835,99.51429889059312,312.6873588562012,117.05706596374512,103.58753494147655,352.71278381347656,107.29433298110962,116.09184425469425,313.25098037719727,103.57194900512695,90.4906974895059,306.00257873535156,116.09752893447876,77.80803972543319,309.63085174560547,124.58360195159912,65.36027917449395,347.67566680908203,123.44871997833252,94.39692675365788,309.03600692749023,116.97102069854736,76.19302579173407,302.5590515136719,127.82578468322754,62.48483658113923,306.1686325073242,134.4633150100708,47.2651192803813,344.92061614990234,142.3780632019043,72.9367574166835,314.40006256103516,132.8325319290161,21.191829967707303,309.0138053894043,135.75984477996826,35.304200766072476,310.9757995605469,137.81661987304688,51.592602174418346
157,6.28,393.83914947509766,161.78933143615723,56.52100764854523,384.47044372558594,129.93709087371826,65.88876631261567,368.32653045654297,111.83057069778442,41.67682577646782,349.3669891357422,107.06984281539917,25.840629398969888,334.5002746582031,111.60877704620361,16.342871401080394,357.2705078125,95.48379421234131,54.9803185373061,323.7356185913086,98.62954616546631,31.629646330626166,314.22489166259766,110.80588817596436,16.747378597165508,313.8706588745117,117.59164810180664,32.46129421776966,351.0890579223633,106.22237205505371,48.64145606156247,312.45338439941406,103.14156532287598,22.657634719392235,305.64836502075195,116.00071907043457,9.180124774026357,309.45552825927734,124.11440849304199,12.522001297991677,346.4130401611328,121.77287578582764,52.45640934185154,308.31459045410156,115.82327842712402,33.89094688932942,302.41100311279297,126.99139595031738,21.185532897035795,306.3102722167969,133.40672492980957,26.651036623904663,343.68358612060547,140.4133129119873,58.04355581754497,313.13934326171875,132.38914489746094,33.41037648901312,308.1163215637207,135.67995071411133,22.52582239235134,310.6709671020508,137.5755500793457,9.71588496959677
158,6.32,392.5578308105469,158.75493049621582,82.34594170496308,384.7386932373047,127.61974811553955,58.320425556900005,368.785400390625,109.36291694641113,62.74888770463946,349.4357681274414,103.78237009048462,82.2048031852316,334.33624267578125,107.3018217086792,107.75194537306301,358.9926528930664,94.15536403656006,54.374341435352555,325.2106475830078,95.21016597747803,93.09897756004086,315.1414489746094,105.89057922363281,125.00084850480204,313.2966613769531,111.85726404190063,144.07600787801994,352.37831115722656,104.29229021072388,58.0268786286638,313.3710479736328,99.81510400772095,86.26793768787617,307.2057342529297,112.07407236099243,105.60525941598102,311.2001609802246,120.02341747283936,111.1866416728491,346.99684143066406,118.97404432296753,71.47675093956228,309.0633964538574,112.67171859741211,80.98240466886989,303.51186752319336,123.41540336608887,93.54018325211743,307.3073959350586,129.56896305084229,99.12956152548095,343.3546829223633,136.59939765930176,95.70177267324192,312.39784240722656,128.759765625,92.60877867601742,308.1625556945801,132.46191501617432,80.4591952018742,311.36558532714844,134.3891716003418,81.53029456165767
159,6.36,395.5343246459961,158.87879848480225,74.47675321477689,386.7259216308594,127.70400524139404,49.72534534449713,371.16973876953125,109.55871105194092,59.8090964908636,351.7380905151367,103.94472599029541,57.70099552372567,336.0050582885742,107.5587272644043,42.21186158877616,362.1991729736328,95.06655693054199,83.33682978251109,327.6362991333008,95.63170194625854,61.55017270697953,315.9653854370117,105.83024740219116,20.653559359626065,313.6166191101074,112.73024797439575,23.244272108950245,355.0001907348633,105.31264543533325,70.33570085674907,315.5022430419922,99.22341585159302,55.29515854429182,307.18994140625,111.23925447463989,20.874181381858563,309.4750213623047,120.44992446899414,44.427011202968295,349.09149169921875,120.19208908081055,60.57636079602896,311.3005065917969,112.45634078979492,56.18634937245359,304.7708511352539,122.44763374328613,39.69900642850499,307.6658058166504,128.92845153808594,18.34926158589343,344.99061584472656,138.55560779571533,63.75262065338608,315.14198303222656,128.90058517456055,68.6937857238276,310.25428771972656,132.0461368560791,53.316357383520064,312.5140380859375,134.2555332183838,28.90504882696277
160,6.4,397.34798431396484,160.19532680511475,56.027940626760994,388.3851623535156,128.7001132965088,48.38201520958819,371.25518798828125,110.17886638641357,15.650363571253653,350.6644821166992,105.77421426773071,53.03101893272421,334.6674346923828,109.55851078033447,60.14758409359684,361.29764556884766,96.55385255813599,43.479880012475824,326.9435501098633,95.41364192962646,18.15646200955725,311.7720413208008,102.65054225921631,131.5642895916803,306.099853515625,108.5887598991394,214.5543178310058,355.15193939208984,109.24534320831299,98.39061003396692,317.0554542541504,101.7272686958313,73.66199891724229,305.81661224365234,110.23695230484009,42.504724946370494,305.4310607910156,118.2407283782959,115.20135760185552,350.00736236572266,125.94842433929443,145.71851007556288,312.6218795776367,117.87287950515747,139.38462572753647,306.00597381591797,125.84139347076416,90.28819525601934,309.6620559692383,132.0677947998047,93.0070252272849,346.63570404052734,145.1105260848999,168.95500316254592,316.4529609680176,133.99063110351562,131.40403034868032,311.07704162597656,134.48098182678223,64.25240278390342,313.6779594421387,135.82989692687988,48.947254839078745
161,6.44,402.58338928222656,164.0972900390625,163.23828874681084,393.67259979248047,132.80324935913086,167.31840943870472,373.99566650390625,113.72082710266113,111.95899977794082,351.9963073730469,108.99086236953735,87.03657106463123,335.2529525756836,112.76026010513306,81.3711785988796,364.3218231201172,101.3379693031311,141.49519181615602,327.9241180419922,98.41486930847168,78.93383007719852,314.50496673583984,106.28168821334839,113.61696138884867,311.39209747314453,111.53407573699951,151.41567680282392,358.0718994140625,115.80821514129639,179.5784204370402,317.61770248413086,107.08199501037598,134.60408838468047,308.95925521850586,115.76008558273315,158.8655211034752,311.9074821472168,122.33852863311768,191.59853945078115,353.40545654296875,133.94044876098633,217.11100040410417,314.16019439697266,123.50698471069336,146.00846283356995,308.0324363708496,130.3520679473877,123.62426622786047,312.5614356994629,135.20524978637695,106.80012468626998,351.01112365722656,153.65148067474365,239.91170527921483,320.95176696777344,141.931414604187,228.16564436278287,315.96954345703125,141.34958267211914,210.82316603530023,318.67618560791016,141.40495777130127,187.18902248663517
162,6.48,408.0366516113281,173.33433151245117,268.1662325068872,397.3781967163086,142.43136405944824,257.91476455937936,376.14742279052734,122.78695106506348,232.94937596323823,351.9484329223633,119.24278020858765,256.3007405150075,334.195556640625,124.76539134979248,301.2902072389845,367.0817184448242,109.19150590896606,208.10913516489586,327.8620910644531,108.85962009429932,261.12337400641394,313.35182189941406,118.76767873764038,313.4781714753884,309.92801666259766,125.6081485748291,353.7504936960727,361.998291015625,124.24376964569092,232.61439498318808,318.9280700683594,117.68918752670288,267.1956168757947,307.87689208984375,127.62057781219482,297.74442256258965,308.632755279541,135.18311977386475,331.3866299645662,357.6975631713867,142.80412673950195,246.204902744305,317.06024169921875,133.0786943435669,250.03487213200492,310.1241111755371,140.76929569244385,265.6286615993888,314.0280342102051,146.1668586730957,276.4821203273173,354.7389221191406,163.22165966033936,256.7644922747624,322.98946380615234,151.63669109344482,247.9221149601219,318.8899612426758,152.77344703674316,294.7811869251873,322.8854751586914,154.5820426940918,345.82662345526336
163,6.52,413.98815155029297,180.81490516662598,238.98134566194798,401.5922546386719,151.53915882110596,250.886191321773,376.9210433959961,132.9706907272339,255.32704805316425,351.20277404785156,131.87682151794434,316.4006626925635,333.81221771240234,141.05541229248047,407.36326774077224,366.53751373291016,120.72302341461182,288.6087909604928,321.3688659667969,126.2710189819336,464.5688750020988,328.221435546875,137.11164951324463,590.3424185594425,342.0460891723633,139.26024913787842,872.4786643258726,361.9661331176758,135.95392227172852,292.754919531141,314.8528861999512,134.65304374694824,436.1619118963246,322.5960922241211,144.610276222229,561.9745905381467,336.41578674316406,147.4112892150879,758.8745635775107,358.9069366455078,154.54620838165283,295.10492359799383,315.77924728393555,149.9875259399414,423.93213832415125,325.3287124633789,156.8468999862671,553.2117927108726,338.7525939941406,157.2081184387207,676.9477794304985,357.12677001953125,174.7698211669922,294.8112232632288,327.18502044677734,167.20377445220947,403.0638750739606,335.7834243774414,170.5908966064453,613.8254056807219,347.8086471557617,171.95815086364746,759.561402025722
164,6.56,417.13184356689453,187.5266933441162,185.28845760519948,400.64910888671875,157.006573677063,138.70415710372308,374.207763671875,140.3112030029297,195.64797362061947,348.6582565307617,144.31849479675293,317.4801208062058,332.54539489746094,157.2790288925171,406.8250358181019,362.6401138305664,127.80102252960205,202.00216191694525,320.8029556274414,140.7917833328247,363.29469085569815,328.1437683105469,151.00128650665283,347.24635348000106,341.51371002197266,151.92386627197266,316.8700704534666,359.02366638183594,144.43323612213135,224.38370298603084,313.22418212890625,151.26647472381592,417.32688459871054,322.53456115722656,160.92287063598633,407.81776152156783,337.413330078125,162.58143424987793,380.0726847276139,357.8723907470703,164.2600679397583,244.21987113379365,313.8329315185547,166.66109561920166,419.6695656314895,324.7511672973633,173.96364212036133,428.1620748208739,338.84212493896484,173.89626502990723,417.20966884095844,358.56632232666016,185.90306282043457,280.648112142796,327.12100982666016,182.84771919250488,391.1018924117667,336.09474182128906,186.21614456176758,390.7087248003192,348.23822021484375,186.78844928741455,370.9129651541229
165,6.6,418.1269836425781,194.77081775665283,182.80392890085233,401.202392578125,164.982647895813,199.88103146963533,374.75780487060547,150.0005578994751,242.623864798361,349.43565368652344,154.1603422164917,246.81256422030705,333.07056427001953,165.613374710083,208.7718896856269,360.74352264404297,139.00577545166016,284.1033550633115,322.25860595703125,152.07487106323242,284.4149550108434,321.2917709350586,163.71997833251953,361.17429119736175,327.7361297607422,167.37064361572266,517.4605348249008,357.60536193847656,156.58681869506836,305.90149236646755,314.1874313354492,164.4078826904297,329.41657932897584,317.22333908081055,174.72968101501465,369.82858595862774,328.0229949951172,178.33422660827637,458.4817744864453,357.58094787597656,177.00026035308838,318.5881370160625,314.44807052612305,180.70485591888428,351.4306469219547,320.0782012939453,187.31185913085938,353.5635627334651,331.4107131958008,187.92985439300537,396.99457718942625,359.8841094970703,198.6233425140381,319.7089286659816,325.4173278808594,195.33812999725342,315.15164429587156,329.1590118408203,196.2394094467163,304.72342923114246,338.8162612915039,195.42264461517334,319.4943650823468
166,6.64,417.60528564453125,198.34613800048828,90.32954820802581,400.9992980957031,167.7176284790039,68.56277305880695,375.9052276611328,153.80413055419922,99.32190090806589,351.2044143676758,158.18766117095947,109.9653704246418,335.61641693115234,169.8100233078003,122.7121255849424,359.82826232910156,144.32207107543945,134.86266302131577,323.54949951171875,157.2310495376587,132.88289635443715,321.82056427001953,169.8096799850464,152.81542912916103,327.4915313720703,173.98807525634766,165.5487652666235,355.9596252441406,162.1843671798706,145.86166028723008,313.25286865234375,169.9811840057373,141.2778622074751,315.563907623291,180.8646297454834,158.88539243682362,326.1317825317383,184.5069980621338,161.39972119553983,355.7090377807617,182.36712455749512,142.09873062660873,313.1055450439453,187.31862545013428,168.71633383209263,317.88036346435547,194.74066257476807,193.6775860376689,328.9738082885742,195.60718059539795,201.3700622374273,359.22412872314453,203.34062576293945,119.08068659609835,324.28672790527344,201.20213985443115,149.3001756317465,327.7473449707031,203.00691604614258,172.8293032978359,338.2758331298828,202.68569469451904,182.0782095916422
167,6.68,414.28470611572266,199.31954383850098,86.50782960453601,398.3748245239258,169.0423822402954,73.49674336753685,374.1000747680664,155.13254642486572,56.031607669157715,349.9728775024414,158.53059768676758,31.95982345369255,334.9744415283203,169.39171314239502,19.155870711134746,357.0177459716797,145.46037197113037,75.80703762047209,322.21981048583984,159.1049337387085,57.442987520708634,316.38940811157227,172.91484832763672,156.40397943559663,318.14430236816406,179.30776119232178,268.8746786479566,353.5148239135742,163.22882652282715,66.46403569331916,311.04217529296875,171.16084098815918,62.64361362781429,310.12901306152344,183.65853309631348,152.77429191316503,317.7621269226074,189.62379455566406,245.24572036487632,353.43822479248047,183.27456951141357,61.13534151852599,311.09453201293945,187.43911743164062,50.36548749194915,312.3075485229492,196.3886833190918,145.2847177632641,320.5074691772461,199.51645374298096,233.13262653800982,356.8156433105469,204.0890121459961,63.05198332051253,322.0072937011719,202.0061445236206,60.42683488580718,323.22010040283203,204.30702209472656,117.75562384362739,331.5093231201172,204.4828748703003,175.02770190829708
168,6.72,409.43897247314453,197.70041942596436,127.72699988179261,392.04376220703125,167.96127319335938,160.56763923610373,368.19087982177734,155.60248374938965,148.1962929745311,345.2867889404297,159.85108852386475,121.71463054485952,331.2639617919922,170.9743881225586,100.84802912841617,351.70249938964844,145.91481685638428,133.36595888177462,318.7821388244629,160.65017223358154,94.22495840232466,313.9538764953613,174.76603031158447,76.47993605864794,315.92966079711914,180.71950435638428,65.65847265146706,348.6442565917969,163.64736557006836,122.21293141999874,306.98802947998047,172.20582962036133,104.66643299788778,305.92235565185547,185.341215133667,113.26789428481764,313.27890396118164,190.8870506286621,116.4450085550627,349.16770935058594,183.70628356933594,107.30703369091026,307.8306198120117,188.5903787612915,86.52501626883131,308.9863586425781,197.9751205444336,92.01591333646296,317.1257781982422,200.65968990325928,89.24272657913191,353.34644317626953,204.3942403793335,87.06503979100987,320.15846252441406,202.2606897354126,46.65679200956376,321.3506317138672,204.36724662780762,46.76096244067242,329.1926574707031,203.93199920654297,59.531523834515355
169,6.76,405.06458282470703,197.00838088989258,110.7198100267222,387.65281677246094,168.53410720825195,110.70382959159492,364.18296813964844,155.99268436431885,100.67153449348432,341.48681640625,159.28287506103516,96.05551064313278,327.2327423095703,168.64328384399414,116.41729272588542,348.5176467895508,145.11408805847168,82.09922613884432,314.7119140625,158.47367763519287,115.3902572515086,308.42533111572266,171.711688041687,157.90388832373336,309.58642959594727,178.2654047012329,170.03526690979146,345.8414840698242,161.66368961334229,85.8432587307314,305.0376892089844,170.53454875946045,64.21159790432478,304.0576171875,182.99906730651855,74.84528201840338,311.0250663757324,188.67887020111084,78.88220910875623,346.3216018676758,181.269793510437,93.66433289742177,304.849853515625,186.10485076904297,97.0271132014334,305.3568649291992,195.64464569091797,107.83186466185933,312.9061508178711,199.3153953552246,110.7146756900738,349.9070739746094,202.42714405059814,99.05405239013608,316.0248565673828,200.84758758544922,109.2118236909223,314.5651054382324,202.8766679763794,173.68288551521022,319.904727935791,202.85977363586426,233.74037776974635
170,6.8,402.14534759521484,195.00765323638916,88.47614603878267,385.54443359375,166.98786735534668,65.36501984521117,362.92572021484375,154.23950672149658,53.934591125023424,340.093994140625,157.41575717926025,58.234885636019094,325.32352447509766,166.14119052886963,78.68284317856097,349.0816116333008,143.82930278778076,35.077855699592526,314.2448425292969,154.9059534072876,89.9541966208046,307.94973373413086,168.6976432800293,76.28342994489893,309.93602752685547,176.0950469970703,54.95834375525498,345.86181640625,160.0147247314453,41.227255742060585,304.64317321777344,167.2800350189209,81.95845957969304,303.18016052246094,180.20389080047607,73.241645850198,310.5570602416992,186.85662746429443,47.03455068731955,345.71422576904297,179.50791835784912,46.59070305930827,304.35394287109375,183.1629753112793,74.58450985439107,302.4599266052246,192.90810585021973,99.62712341727521,308.52773666381836,197.62659072875977,117.3205320126724,348.3092498779297,200.64026355743408,59.92695418580703,315.5859375,198.8703489303589,50.6342438899779,311.80980682373047,199.7686529159546,103.83709618587599,314.70550537109375,198.97953987121582,162.188411549606
171,6.84,403.3395767211914,191.7001247406006,87.91305348106792,385.71643829345703,164.984450340271,50.26968117697827,362.88116455078125,153.19883823394775,26.040546607372896,340.19710540771484,157.0044994354248,10.599671730338429,325.73272705078125,166.61152839660645,15.585739831920522,350.11131286621094,141.28061771392822,68.72081305332203,315.6332588195801,153.88240814208984,43.12296882921351,308.2823181152344,168.50204944610596,9.645896744951955,309.46044921875,176.87139987945557,22.760966108784135,346.6598892211914,156.55991077423096,88.64486623922312,306.5069389343262,165.4813814163208,64.75326935927463,303.96942138671875,179.33077812194824,29.424250853409955,310.2630424499512,186.94876670837402,7.702925668372542,345.9646224975586,175.29333114624023,105.55047337029244,306.4270782470703,181.65215492248535,64.13105982244959,303.7887191772461,192.51587390899658,34.63682645659772,308.86213302612305,197.8355598449707,9.858023973285295,347.93785095214844,196.08381271362305,114.28905638264804,315.82101821899414,198.0409812927246,21.551009587689045,313.0910110473633,201.6542673110962,56.992466112964145,316.7513084411621,202.6594591140747,105.25895399995744
172,6.88,405.1465606689453,189.28576469421387,75.3919981705153,386.2577438354492,163.440842628479,40.89419623931345,362.9384231567383,152.97480583190918,5.780844721973811,340.4559326171875,157.84857273101807,22.07163412472375,326.0281753540039,168.2528829574585,41.69333350719104,349.7981262207031,140.90542316436768,12.21824519275318,315.7442092895508,156.5727710723877,67.31624387688477,307.69601821899414,172.54076957702637,102.02636872468645,307.96016693115234,182.1060562133789,136.13521283259843,346.75262451171875,154.9039363861084,41.46422409911852,306.41971588134766,168.09009075164795,65.25417734326432,302.2839546203613,184.44873332977295,134.7086293862502,307.4130630493164,194.1597032546997,193.8427011444748,346.5407943725586,172.71158695220947,66.13138963907647,306.91518783569336,183.5682249069214,49.43161409818156,303.14083099365234,196.8689775466919,110.02633315187713,307.6770210266113,204.34115409851074,165.31645230262143,349.1637420654297,193.0601406097412,81.56823069298775,317.132568359375,198.4309959411621,34.207776863683335,312.4821662902832,204.23465251922607,66.28102933984673,314.58526611328125,207.79648303985596,139.37528964144911
173,6.92,403.5528564453125,187.13607788085938,66.90032953924468,383.8573455810547,161.67699337005615,74.46927212842202,360.3137969970703,152.17639446258545,68.58445155736294,338.5599136352539,157.97507286071777,47.5058566301734,325.03990173339844,169.2140007019043,34.46403984475363,347.4637222290039,141.23817443847656,58.950007458027166,312.74295806884766,158.87550830841064,94.5717573721755,305.7638359069824,176.6055965423584,112.51707299600515,307.8120231628418,186.67117595672607,114.1880708721016,344.5833969116211,154.4110107421875,55.61319577818441,302.67566680908203,170.95245838165283,117.82150669771853,299.8709487915039,189.4198179244995,138.144578200765,307.26078033447266,199.3707275390625,130.331222557804,345.08480072021484,171.90855503082275,41.56905235893147,303.74340057373047,186.21890544891357,103.33907105629882,300.66104888916016,202.17554569244385,146.43467991580115,306.53846740722656,210.14674186706543,147.90443215681103,348.78177642822266,192.04181671142578,27.19008677219635,314.3269729614258,200.49774169921875,87.11631436418408,309.26746368408203,209.13652896881104,146.54927834459016,312.5984573364258,214.11355018615723,165.5535156049789
174,6.96,401.0643005371094,186.32692337036133,65.41999660898806,380.08914947509766,161.88270092010498,94.34516909034355,356.3280487060547,153.28083515167236,103.39843650608537,335.1580047607422,158.38730335235596,85.66985310159376,321.79481506347656,169.44442749023438,81.33143611207768,342.6327896118164,142.4529790878296,124.53327940729287,308.58131408691406,159.7397518157959,106.26087436240839,302.32831954956055,177.76944637298584,90.6825474883563,305.0052070617676,187.83894538879395,76.00124206107422,340.5193328857422,154.2861843109131,101.64951439993384,299.4290542602539,171.65399551391602,83.03857307808939,296.5170669555664,190.44316291809082,87.66327033505785,303.9111518859863,200.19192695617676,86.22057188389599,341.56925201416016,171.09588146209717,90.20643350791272,299.84764099121094,186.6352128982544,97.94850246803615,297.5030517578125,202.97564506530762,81.44440161874627,304.3521308898926,210.52758693695068,55.481474015454026,345.7905960083008,191.23652458190918,77.442138555123,310.41282653808594,202.5070095062256,109.99346385018222,306.14124298095703,212.25478649139404,110.38791221696582,311.08009338378906,217.10031509399414,83.76378135623658
175,7.0,394.90833282470703,186.11117362976074,153.9936817427694,373.94031524658203,162.34983444213867,154.16382539601528,349.4513702392578,154.61802005767822,175.13703600423463,327.84420013427734,159.61768627166748,185.4143674351992,314.1891860961914,169.64043617248535,190.20385674245153,335.91129302978516,143.23194980621338,169.1621110103359,302.0190620422363,158.10307502746582,169.08182709736943,297.0066452026367,174.92660522460938,150.8350996320352,300.628662109375,184.25765991210938,141.3766056182581,333.8758850097656,154.51462268829346,166.1843550343219,293.51362228393555,169.71267700195312,155.64593841339777,291.8232727050781,187.25000381469727,141.9242084826924,299.9951934814453,195.87957859039307,145.62597350312524,334.93751525878906,171.1629295349121,165.80189202141233,294.2080879211426,185.6185483932495,143.26148633236681,294.0658950805664,200.89858531951904,100.39989794414852,302.46280670166016,207.02980041503906,99.38579010951055,338.9478302001953,191.6674518585205,171.40803332673934,305.34318923950195,203.36877822875977,128.55900316180725,302.47087478637695,211.2570333480835,95.08914902202005,308.6872673034668,213.23962211608887,113.55220968875261
176,7.04,389.3236541748047,187.6635503768921,144.9105525568039,368.8978576660156,163.40048789978027,128.76881207193057,344.3143844604492,154.72289085388184,128.45140320267555,321.97193145751953,159.43134784698486,146.8806092983008,308.03571701049805,169.6697759628296,153.8384757868649,330.21934509277344,144.15215492248535,144.1462988894986,295.8759307861328,158.25026035308838,153.62235585559029,292.4129295349121,174.52833652496338,115.2737003641124,296.7431831359863,182.34628200531006,108.25407716122643,328.291015625,156.1228322982788,145.29518271982903,288.0751609802246,169.2383050918579,136.47776847587818,288.2293701171875,185.70961475372314,97.75266706852449,297.158145904541,191.90385818481445,122.10444222302253,329.84474182128906,173.0275297164917,135.5845564648962,289.1115951538086,184.92270469665527,128.5944132184053,290.78264236450195,198.97001266479492,95.19434358883362,300.1499938964844,202.259259223938,132.54048043847095,334.6340560913086,193.32193851470947,115.5042563014691,300.4085350036621,202.98151016235352,123.74567917343151,299.8183059692383,209.67116832733154,77.26209126125926,308.6002540588379,208.92072200775146,107.99441377490804
177,7.08,385.9292984008789,190.05811214447021,103.8495822654398,366.8204879760742,163.87633323669434,53.2792971832758,342.10670471191406,153.85939121246338,59.263613957164175,319.3703269958496,158.2585859298706,71.34299321418305,305.73625564575195,168.57323169708252,63.68836184256287,327.6620864868164,143.31198692321777,67.29345178365512,293.983211517334,156.97909355163574,56.99918457529512,289.57489013671875,172.83873081207275,82.57282804716377,293.10062408447266,180.6070375442505,100.91211442107242,324.58980560302734,156.12433433532715,92.53025816883539,284.8894691467285,168.10386657714844,84.54134787804996,284.8046875,183.055157661438,108.32414747890122,293.50969314575195,188.89371871948242,118.24801037931074,325.15380859375,173.28402042388916,117.44850474838775,285.2471733093262,183.7538194656372,100.93329751438907,287.10351943969727,195.6293249130249,124.23802797113296,296.3847351074219,198.3620023727417,135.47551603705193,329.3187713623047,193.27667713165283,132.8869358307522,297.2815704345703,200.13416290283203,105.72752075695557,297.2401809692383,205.2388858795166,128.18896260217133,305.2091979980469,204.4535493850708,140.21165351053904
178,7.12,380.5364990234375,186.9328737258911,155.82321773867497,363.25267791748047,160.07490634918213,130.33637969525117,338.6663818359375,148.31922054290771,163.03625466972923,314.44400787353516,153.3604860305786,173.67354922081051,300.1941680908203,164.14931774139404,177.2811135489752,324.34329986572266,139.06837463378906,134.68154545849362,287.6993179321289,149.86687660217285,237.2642889880512,284.5282745361328,164.63001251220703,240.89855897585264,289.63842391967773,170.57421684265137,265.33507261048936,321.69307708740234,153.0600357055664,105.41869552405238,280.1736068725586,161.66951179504395,199.4371430597402,281.176815032959,175.31132698059082,213.78782158185513,291.0806083679199,179.44398880004883,243.9234618790976,322.44468688964844,171.02158069610596,88.2396379521623,281.8854331970215,178.87237071990967,148.17607440103836,285.07389068603516,189.02453899383545,172.74003212199986,295.1668930053711,189.52720642089844,222.9584587095676,325.8837127685547,191.4949607849121,96.74108706600197,295.04613876342773,195.2401828765869,134.50881767944028,297.44958877563477,198.93281936645508,157.73856237564362,306.6684341430664,197.13601112365723,186.54043853509194
179,7.16,375.92273712158203,182.59580612182617,158.30538977172137,362.0933532714844,154.87486839294434,133.19259640912782,337.3661804199219,139.52095985412598,222.34533229580506,313.0465888977051,140.6821060180664,318.87899305190894,297.5699234008789,149.5214080810547,371.5360019767054,322.52696990966797,130.09340286254883,228.92298487130543,285.88775634765625,135.59552192687988,359.64680559747046,286.5507125854492,145.0940179824829,491.0100164003362,293.9641571044922,147.85911083221436,578.0830436946304,319.06688690185547,145.48397541046143,200.45816971024294,278.57160568237305,150.0280237197876,293.7799478560565,284.4994354248047,159.20177936553955,411.21567533800993,296.4215660095215,161.0405158996582,479.0704823697619,318.8067054748535,164.2049503326416,193.16663513417868,280.26912689208984,168.09566974639893,272.43087419544287,288.4332275390625,174.6474266052246,369.10915113863587,300.5545425415039,174.2609167098999,404.7270446426918,321.0345458984375,184.52229022979736,212.3272150543918,290.8877944946289,184.54763889312744,286.8169319183269,297.15099334716797,186.91689491271973,300.49084814243565,308.2352828979492,186.26576900482178,274.5646312150178
180,7.2,377.16487884521484,180.02974033355713,71.27240740336647,364.9509048461914,148.58068943023682,172.81183737070165,340.8139419555664,130.906720161438,231.9646862802493,317.48661041259766,130.90410232543945,268.4715386052767,302.14731216430664,139.50120449066162,275.40534658535654,326.50928497314453,120.27801990509033,264.81193310814825,291.44947052001953,122.19607830047607,362.69628654033687,289.0336799621582,132.9166316986084,310.698672048675,295.32615661621094,138.06288242340088,247.26141746586538,319.0387153625488,136.13440990447998,233.74019870663156,281.1623001098633,136.52469635009766,343.74004319184144,283.7447166442871,146.95720195770264,306.695366298319,294.5729064941406,151.06118202209473,253.7280121553569,315.2469253540039,155.0586748123169,245.3650219602509,279.73066329956055,155.31413555145264,319.82178574272115,286.7664337158203,162.87261486053467,297.304971023113,298.31220626831055,163.98565292358398,262.92717366275355,315.4090118408203,175.50167083740234,265.7750548582673,287.7517509460449,172.56556034088135,309.641905645468,294.226016998291,175.59996128082275,292.2204577350916,305.49726486206055,175.89782238006592,268.08471140042434
181,7.24,373.7765121459961,176.80877208709717,116.87510784240457,361.5166473388672,154.34988498687744,167.8498994588891,337.57667541503906,137.2957706451416,179.0598027505951,313.35168838500977,132.8212308883667,113.94341276765148,297.14868545532227,136.89120769500732,140.97506927001683,321.8399429321289,122.43906497955322,128.62948463964307,286.7262268066406,125.66880226135254,146.56236489208888,290.8098602294922,134.7754955291748,64.27572968593314,300.8670997619629,136.57456398010254,143.43365786383077,315.76663970947266,131.10812187194824,149.9375921538392,279.33019638061523,128.6475133895874,202.1858913662092,285.35497665405273,137.4826955795288,240.25924593174733,297.0960235595703,140.83229541778564,263.38688379653166,313.1616020202637,142.96199798583984,306.8775851728874,281.7094039916992,139.6519947052002,394.66605394194863,288.41739654541016,144.8884105682373,451.49562725718494,298.70838165283203,145.66981315612793,458.0030985992517,313.599910736084,157.16235637664795,460.70821955007045,291.18778228759766,151.87399864196777,524.3728616881788,296.47701263427734,154.73701000213623,524.6008705495047,305.5659294128418,156.00072383880615,497.43042552522826
182,7.28,367.8173828125,172.06739902496338,190.38093544204594,362.39784240722656,138.4045171737671,399.24245409578225,342.1118927001953,118.34658622741699,487.10868007080643,320.1436233520508,112.58565187454224,533.6250079768373,305.36367416381836,118.28272819519043,508.5282371559027,324.3527603149414,105.34319400787354,431.988899943972,291.5024757385254,103.7798810005188,560.0990023102555,294.0033149719238,113.09107303619385,547.9577607159023,303.6598587036133,116.76469802856445,500.14391149203004,313.38788986206055,121.44139766693115,248.87748955613986,278.0554389953613,116.656494140625,301.4647046300012,283.9259910583496,125.8112096786499,293.96596632002115,295.7480239868164,129.984712600708,273.27545149251733,306.9364356994629,140.24531364440918,169.80332287054725,275.39636611938477,134.65204238891602,201.3299070282284,283.5084915161133,140.30450820922852,167.90903307963828,294.71973419189453,142.1040916442871,133.75275340074205,305.2134895324707,160.21217823028564,223.09397395399952,283.1160354614258,152.1481990814209,201.91007080321057,290.6904411315918,154.86591339111328,144.70017674354753,301.40188217163086,156.67925834655762,105.47422228098537
183,7.32,362.86476135253906,169.84575748443604,135.7022256179461,357.7841567993164,134.44915294647217,151.92720514114987,338.43624114990234,114.09146547317505,140.57130519853533,317.3241424560547,107.6892614364624,141.25356598376234,302.46639251708984,112.83971071243286,154.15227913104795,320.8563232421875,102.9680871963501,105.6710833490912,288.94630432128906,100.32119750976562,107.51890474326056,289.93303298950195,108.53369235992432,152.75984838313838,298.3447265625,112.99688816070557,162.87844562324355,308.95885467529297,119.2551326751709,123.48103928291425,275.44118881225586,112.37161874771118,125.48521116217573,280.9187698364258,120.20165920257568,159.1195227282261,292.5927734375,124.97124195098877,148.09307458604732,301.8733596801758,137.82753467559814,140.26847899453648,272.5536346435547,129.33361530303955,150.76220703366667,280.1564025878906,133.8081979751587,182.75418401501997,291.2798309326172,136.4476490020752,165.50732196382617,299.49514389038086,156.93390369415283,164.78501300305027,280.3376579284668,145.8907985687256,171.1622820818207,287.9273986816406,147.38385200500488,199.39854275690948,297.92768478393555,149.48368549346924,199.75972468939304
184,7.36,359.1180419921875,168.644700050354,98.36299140554888,355.3356170654297,132.98010349273682,71.3856302326586,335.2067565917969,112.66656160354614,88.24653516117894,313.372745513916,106.87835454940796,100.84365304090528,297.96844482421875,111.30479335784912,118.81578370845438,318.92467498779297,101.64917707443237,58.47429396967134,287.37993240356445,97.36556768417358,83.62591049790396,289.35232162475586,105.1224946975708,86.50684648046419,298.26040267944336,109.63650226593018,84.03609298635897,306.6869926452637,118.3877420425415,60.795371909905995,273.5821533203125,109.34906244277954,88.71252580944777,280.44328689575195,116.46544218063354,94.1587809962579,292.7971076965332,121.67419910430908,82.58421467756546,299.9213981628418,136.92535400390625,53.7592069412721,270.58135986328125,126.27927303314209,90.89442540175735,279.3116569519043,130.13410091400146,94.24895358942359,290.73974609375,133.49042415618896,75.15346973984732,298.2110023498535,155.33517837524414,51.26488894352813,281.48637771606445,142.9243040084839,79.52848202987562,290.27626037597656,143.5588788986206,112.21511296300979,300.2065658569336,145.5943250656128,112.69545100248169
185,7.4,357.5960159301758,169.3948745727539,42.42143582185796,354.6247100830078,134.1029405593872,33.22416116228736,334.5122528076172,112.65876531600952,17.363688554337678,312.5495910644531,107.11893081665039,21.43974387718485,296.8442726135254,112.21130847930908,36.10343495370941,317.6680374145508,99.7919511795044,56.06038047986209,285.6720161437988,96.94084167480469,43.99836739447151,287.8436851501465,104.56910133361816,40.17328269345047,296.7677116394043,108.69228601455688,44.15647510820418,305.89590072631836,115.7284426689148,69.36182119325436,272.96974182128906,108.42322826385498,27.75131495759535,279.9688720703125,115.73523044586182,21.7697985204716,292.2927665710449,120.89148044586182,23.27832238827942,298.88341903686523,133.9493465423584,78.79570529679725,268.16640853881836,124.32465076446533,77.6713352560492,276.7671585083008,128.8766098022461,70.95666030069196,288.11235427856445,132.50545978546143,70.14869279834576,296.3686943054199,152.82338619232178,77.87489526788552,277.2233581542969,140.76613426208496,119.45457410215776,285.2674865722656,141.25353813171387,137.84595357749689,294.8774719238281,143.12762260437012,146.8074061061
186,7.44,357.68978118896484,167.77911186218262,40.46202741945572,352.7294921875,133.24813842773438,51.97678301253411,332.1227264404297,112.89679527282715,60.03381609469622,310.1577377319336,108.43940019607544,68.3035584097013,294.51887130737305,113.4177017211914,65.49272807301953,315.7892608642578,99.51664209365845,47.47102022997873,284.12349700927734,97.927565574646,45.90435412693174,285.1144027709961,105.68824052810669,73.74557123050357,292.95156478881836,110.20347118377686,102.61169950627999,304.26353454589844,115.63784837722778,40.87195457053189,271.8267059326172,109.5629096031189,40.35316435747555,277.1829414367676,116.53173923492432,72.43892145273932,288.3230781555176,121.50529861450195,100.42160767398593,297.0561218261719,134.30781841278076,46.55317643627983,265.8858871459961,124.75092887878418,58.00048951230519,272.56635665893555,128.84958744049072,105.02221903502496,283.10863494873047,132.43771076202393,125.10444901643933,294.22645568847656,153.94326210021973,60.43233996076549,273.9461135864258,142.0107650756836,87.6407361754502,279.12010192871094,140.41444301605225,155.10967605403278,286.7464065551758,140.4981565475464,213.6415159988889
187,7.48,358.2079315185547,166.05935096740723,44.9030712984418,353.19435119628906,131.90796375274658,35.46267454601904,333.1548309326172,111.75503253936768,38.4777681128212,312.1036720275879,106.52338027954102,68.27239835559539,297.0008087158203,110.66253662109375,92.70567683617755,316.17359161376953,99.29284572601318,11.11853573968526,285.3269386291504,97.64644145965576,30.896020177278753,285.1078987121582,104.73092079162598,23.933545765265176,292.38290786743164,109.08293724060059,31.414238531786626,303.9670181274414,115.13287782669067,14.63978405160781,271.83061599731445,108.82307052612305,18.496235232744112,277.15980529785156,115.75167417526245,19.510202110517884,288.41482162475586,120.29195308685303,30.420225936183538,296.9434356689453,133.18408012390137,28.234353099593935,266.14736557006836,123.7884521484375,24.934068344262318,273.212833404541,127.4401044845581,38.76672530722374,283.8997268676758,130.10333061218262,61.61958448919521,294.67506408691406,151.94254875183105,51.2597758820773,276.0284996032715,140.90882778167725,58.89926423074265,282.8605079650879,140.2031421661377,93.65924062172056,291.5937614440918,140.96277236938477,121.73926359488685
188,7.52,359.8988723754883,164.2066526412964,62.70851252631707,354.3334197998047,130.5798625946045,43.74164184285236,333.4876251220703,111.5623927116394,9.613209523909685,311.4590072631836,107.93510913848877,38.79892902557343,296.47802352905273,113.28299045562744,66.80233271762455,317.7676010131836,97.85861492156982,53.60669248001262,287.08154678344727,97.70487785339355,43.88952457049237,287.1036148071289,106.26898527145386,62.990699094357,294.1462516784668,110.68110466003418,59.495380579372615,305.8325386047363,112.79561519622803,74.76196917117956,273.8670539855957,108.18227291107178,53.371933539375235,278.57738494873047,116.78255081176758,43.81950697376459,289.29698944091797,121.5368127822876,38.14360789494811,298.9481735229492,130.33262729644775,87.14125418849198,267.9697799682617,121.98590755462646,64.08178978569036,274.49411392211914,127.28330612182617,32.27097662064826,284.96267318725586,129.8481845855713,27.328492151100082,296.6808319091797,148.89089584350586,91.29516015966362,278.39014053344727,138.5931158065796,82.68868511883979,284.31833267211914,139.28114891052246,43.122821972758295,292.72329330444336,140.33248901367188,32.33708525089618
189,7.56,361.2660217285156,160.2967357635498,103.55115687539018,354.50801849365234,129.3061637878418,32.140252743269826,332.9758834838867,112.16835021972656,19.828388831704572,309.9092102050781,110.44449806213379,73.73475982967885,294.2854118347168,117.08842992782593,109.79787002346917,320.3286361694336,96.67166233062744,70.5680413001049,288.56800079345703,96.58545970916748,46.520442452059854,286.4384078979492,105.92250108718872,18.75085867977568,291.55590057373047,110.24512767791748,65.66960281755317,309.9800491333008,111.1914324760437,111.17341685484826,274.89505767822266,106.32055521011353,53.16709738007573,277.0613670349121,115.31461715698242,52.75615799286537,286.17156982421875,119.97670412063599,87.32907167936929,303.9105987548828,128.42885971069336,132.87681137782351,269.6459197998047,119.75021123886108,69.85602493348279,273.3743095397949,124.7080135345459,70.20547416678617,282.18345642089844,126.35005474090576,111.69422054358348,301.58456802368164,146.59961700439453,135.3158033066308,280.97387313842773,136.29846096038818,86.38979626230774,284.91943359375,136.2820529937744,76.46853370766418,292.48987197875977,136.31425380706787,100.62523195897428
190,7.6,363.1603240966797,158.2459831237793,69.79419680190861,357.58209228515625,125.36152839660645,125.0251925748309,338.6521911621094,106.42147064208984,201.9391828894709,317.7356719970703,101.88579082489014,289.9406984134433,302.6944351196289,106.56702518463135,336.72283704137834,323.90636444091797,93.18402528762817,124.90934644843247,292.40800857543945,92.58919715881348,138.5545337968219,289.14472579956055,101.71669721603394,125.0323527811965,293.0837631225586,106.2938404083252,105.90985274914708,313.1921195983887,107.90486097335815,114.88839398236304,276.1608123779297,102.43069410324097,102.2654462373235,277.15553283691406,111.483314037323,95.81150372273515,285.47521591186523,116.75688028335571,82.3565962536104,306.6603088378906,125.84095001220703,94.40002035260119,270.36258697509766,116.71981573104858,77.8496498623813,273.41129302978516,122.89043426513672,45.44888735655325,281.8701171875,126.36222839355469,7.839390641399416,304.18102264404297,145.1768159866333,74.018322612285,278.53538513183594,133.33582878112793,95.92775011656038,280.753231048584,133.62037181854248,123.59659766234424,287.4153709411621,134.59067344665527,133.9806190260827
191,7.64,365.9743881225586,158.43127727508545,70.50394609636251,360.17887115478516,124.90256309509277,65.9256666905269,341.6068649291992,106.01662874221802,74.55700014846325,321.05213165283203,100.37926912307739,91.064922878982,305.5769348144531,104.47309970855713,89.0692440955854,325.6482696533203,90.4685926437378,80.65283710330637,294.84989166259766,93.08288097381592,62.282204122368704,288.02486419677734,102.54323959350586,34.79639269329064,288.4753227233887,107.29049921035767,117.87454050909973,315.1809501647949,104.23227310180664,104.41308794919786,278.7215042114258,101.55353307723999,67.6690204768247,276.5380859375,111.89960718154907,18.616871641163133,281.8580436706543,117.27241516113281,91.34314161717208,308.6552619934082,122.05740451812744,106.93179659974714,272.6751708984375,115.78825235366821,62.3290398237763,271.96582794189453,123.0164623260498,36.27371976073178,277.3636245727539,126.46913051605225,112.69400979687087,306.1798667907715,142.07127571105957,92.33010859858165,280.2099800109863,132.07870960235596,52.348690521546416,278.96656036376953,131.91564559936523,61.73675778216378,282.4963188171387,131.42239093780518,146.27689465262654
192,7.68,367.1768569946289,159.2215633392334,35.97293645475466,361.8947219848633,126.45362377166748,57.82480703327173,342.6426315307617,106.87172412872314,33.5782721128437,320.9458541870117,102.97001838684082,64.8232049859073,305.74825286865234,109.3547773361206,122.11707071277027,324.8200225830078,91.34249210357666,30.100804343363308,291.8591117858887,96.29342079162598,109.69369339401209,290.47046661376953,106.22200727462769,110.43749033294945,296.29356384277344,110.38145542144775,210.17686673923458,314.4352340698242,105.47015190124512,36.12855879008322,277.6174736022949,105.15711307525635,94.22271617025744,280.7563781738281,115.77331781387329,143.17738878321498,290.3951644897461,120.16256332397461,225.32669099963005,308.13676834106445,123.37695121765137,35.44396245964578,271.6551399230957,118.11121702194214,63.42627630123875,276.59881591796875,126.28190517425537,141.70324312922668,286.7210578918457,129.15960788726807,243.41352007216256,305.5738830566406,143.24531078338623,33.03004917007624,279.4432258605957,133.1306505203247,32.54316001518393,283.055419921875,134.47574615478516,120.60495258221115,291.13990783691406,134.59864139556885,230.2175575857889
193,7.72,366.91917419433594,158.15829277038574,27.351242295191597,359.36695098876953,126.0261583328247,64.0915015334416,338.4185791015625,108.79576206207275,116.04024327144025,315.11404037475586,107.72253513336182,188.07655982136095,299.31854248046875,115.8766508102417,228.95961610123567,322.60265350341797,92.98501253128052,68.98640713278945,289.8236083984375,98.53765726089478,75.74575635935521,285.97299575805664,108.64189624786377,127.67905745651973,289.48028564453125,112.83068418502808,181.00324814590948,313.402099609375,106.47914171218872,36.10252113734326,276.08083724975586,106.84350728988647,57.037141008526824,277.4371337890625,117.6417088508606,95.2243021531683,286.0315704345703,121.89102172851562,117.33637952110666,308.02425384521484,123.98205757141113,15.386950866252109,271.96908950805664,120.67111015319824,64.47682328436574,274.8931312561035,128.43069076538086,68.58680486412288,283.64566802978516,130.59589862823486,84.85632672439539,305.9380912780762,143.43303680419922,10.24355551833453,281.05234146118164,135.2856159210205,67.23619232900656,283.48011016845703,135.81656455993652,35.16173169383302,290.3763008117676,134.6695375442505,19.172277393918165
194,7.76,367.8048324584961,156.74603462219238,41.67480982270433,360.3340530395508,123.55114459991455,66.43125843079805,339.72232818603516,106.01243734359741,76.83854080041445,317.5935745239258,103.8282823562622,115.41580884146632,302.3421096801758,111.4561414718628,133.89095708317865,324.56932067871094,90.71011304855347,75.1787346714757,294.2616081237793,97.0158576965332,117.29161168915954,286.854248046875,107.58082866668701,34.48251376034573,286.60465240478516,112.63262271881104,72.06114970084721,314.0460968017578,103.91285419464111,66.14644740326955,277.0054817199707,103.64459037780762,83.2467597217867,275.4339599609375,114.955894947052,83.76418428979852,281.8603706359863,120.67301273345947,108.63486339495476,307.77488708496094,121.24068260192871,68.8173329566409,272.4712944030762,118.48082542419434,56.17804815211016,273.2187080383301,127.24554061889648,51.28519512204941,280.1947021484375,130.81120491027832,86.44189634269145,305.54115295410156,140.81425666809082,66.21730058260688,281.62059783935547,133.7389039993286,41.19491079034422,282.61558532714844,135.70065021514893,21.806526210162225,287.854061126709,136.09851837158203,72.47275019690855
195,7.8,369.6072769165039,155.82487106323242,50.60476957856134,362.44213104248047,122.51913070678711,58.678390091903076,341.2184143066406,104.9241042137146,46.25163971329044,318.4902000427246,103.1217885017395,28.53803259949362,303.0249786376953,110.89814901351929,22.046337517715394,325.1829528808594,88.9490532875061,46.62266054113156,294.22277450561523,95.56253671646118,36.345992910302485,286.27307891845703,106.74200534820557,25.51203288957886,285.7895088195801,112.39965677261353,21.194518698661945,315.2608108520508,101.06924772262573,77.30470551520017,277.7913475036621,102.27211475372314,39.53854423757729,276.3191223144531,114.86830472946167,22.23713726936937,282.5897407531738,121.16559505462646,22.003097949100958,309.6316719055176,118.10839891433716,91.0317628955743,273.4458541870117,116.62971496582031,52.29947837673782,275.2909851074219,126.72769546508789,53.39999914797947,282.82371520996094,130.4540777206421,66.32896005534795,307.888126373291,138.19706439971924,87.88479532890565,283.39345932006836,133.2922124862671,45.706749622161226,285.20185470581055,136.12534046173096,65.52266356263304,291.20283126831055,136.56261920928955,84.51941732836814
196,7.84,369.95819091796875,153.79644870758057,51.463809427914306,361.6459655761719,120.29242515563965,59.119038078129385,341.05823516845703,102.85363912582397,51.91629703476532,319.0393829345703,99.99192237854004,79.44205355889774,303.8352394104004,105.94188451766968,125.55148414247243,323.4452819824219,87.52887725830078,56.10481321378532,292.22314834594727,91.33688449859619,116.87237014360949,284.3446922302246,102.23779678344727,122.49124972368955,284.6162414550781,109.03569459915161,89.06738254366734,314.86499786376953,100.02670526504517,27.878785589923254,279.1722869873047,100.47089338302612,56.74169699027938,275.23860931396484,112.87597417831421,56.661767143174536,279.87037658691406,120.66587448120117,69.12245528879424,310.02490997314453,117.2198224067688,24.292544993698208,275.3399085998535,116.07161521911621,49.36419151366622,274.80018615722656,126.09177589416504,20.082288686108534,281.02251052856445,130.74362754821777,45.60823258287449,308.6996841430664,137.09170818328857,34.28226927732395,283.80870819091797,132.74405479431152,17.192085388194062,283.61413955688477,135.21928310394287,45.70133565970983,288.6628723144531,135.63247203826904,67.62287541504513
197,7.88,368.4444046020508,150.41101455688477,92.7116275035051,360.2125549316406,117.63822555541992,75.41320173576229,339.8334503173828,100.80918788909912,59.58124070736673,318.3758544921875,95.81319808959961,105.7769075602978,302.26551055908203,98.48280429840088,190.56154908609636,323.8734436035156,87.70784854888916,11.601538061624037,290.43506622314453,82.25468158721924,231.41365479551808,276.7069435119629,88.08028221130371,402.158569739417,271.66894912719727,94.8187780380249,480.72412510298034,316.76368713378906,101.04228258132935,53.83085911815753,280.31686782836914,98.39768886566162,59.204319271023145,272.48130798339844,108.1721019744873,136.31105131618696,273.02886962890625,115.1410460472107,219.8436186836836,312.0379447937012,118.07513236999512,54.68011705574358,277.74974822998047,115.49335956573486,61.956167184943645,274.2284965515137,124.39877986907959,44.672870306227885,277.70402908325195,130.0448226928711,84.78151084087938,310.30345916748047,137.4305248260498,40.97934728575419,284.2053031921387,132.3611068725586,13.782613725454468,282.1363067626953,134.8652172088623,37.991384102525544,286.2115287780762,136.6712522506714,66.55894691463222
198,7.92,373.50208282470703,152.33362197875977,135.26947249513682,364.727783203125,118.08905839920044,113.44199122415772,342.1019744873047,99.58477020263672,64.44668620476965,319.4719696044922,95.65768718719482,27.677291912656806,302.61587142944336,99.77216720581055,33.402932566657405,328.8859558105469,87.63048648834229,125.3277291595154,295.99645614624023,79.4516658782959,155.69592749406905,278.60090255737305,80.8710265159607,186.34720373963,266.9923400878906,84.92372274398804,273.61331219735496,319.28951263427734,102.64151573181152,74.7384653663946,284.6305847167969,100.31655550003052,118.03125262510157,285.07694244384766,108.81857872009277,315.3053476828697,291.82512283325195,113.86617422103882,470.9859556657734,313.466854095459,121.31316661834717,88.48251093489758,281.15976333618164,116.74866199493408,90.84322764133842,284.2083549499512,123.32053184509277,250.94844148511734,292.0551109313965,127.24612712860107,365.53577721066523,311.09182357788086,141.3015604019165,98.76245134542398,287.1599578857422,134.694185256958,94.1184064961029,290.4527473449707,135.64335823059082,208.81913137960706,298.2310104370117,136.68763160705566,300.4873204820833
199,7.96,378.0061340332031,153.45162391662598,116.0183326618786,367.89634704589844,118.55068445205688,80.05035695738259,345.26363372802734,98.85488748550415,81.12035015647963,322.7347946166992,94.389967918396,87.51121072742498,304.7768783569336,97.93571949005127,70.89821556895072,332.9954528808594,88.96265029907227,108.00065563899845,297.3910713195801,81.73436164855957,66.87512365077065,281.8757438659668,85.78732252120972,147.6790269632496,273.84870529174805,91.5158200263977,237.78337093536913,324.1761779785156,105.93490362167358,147.321718484728,287.3602104187012,102.87261486053467,93.48895632278382,291.462345123291,110.90188264846802,167.91650201183728,301.694393157959,115.30765771865845,249.34961827729524,318.7753677368164,126.16035461425781,179.7142672205279,283.5263442993164,119.77574586868286,96.05968923598294,291.1995315551758,125.76127052307129,185.12454527226427,302.830867767334,129.38408374786377,274.6449911853288,316.90481185913086,147.39319324493408,210.50359773065676,291.0926055908203,138.63382816314697,139.16380680815791,297.5959777832031,139.3484401702881,201.1737018001499,307.94050216674805,140.88380813598633,264.4358701932365
200,8.0,384.73472595214844,161.40257835388184,260.39828349450437,373.39405059814453,126.32829666137695,238.11236321711635,351.68018341064453,106.12728595733643,242.46119452734484,329.07501220703125,100.735023021698,224.24607487743026,311.7495346069336,104.30095911026001,236.02729000496313,337.43499755859375,95.54203033447266,198.42788141385407,298.7277603149414,94.01664733886719,308.87019851453715,288.44261169433594,104.58864212036133,497.87885809747445,288.8815689086914,112.11202383041382,637.4708815223382,330.61927795410156,112.36858606338501,227.6315650565918,289.58696365356445,108.05282592773438,140.96324137366543,282.95934677124023,118.5219955444336,285.4460342190788,287.6419258117676,126.34723663330078,446.75506511425766,325.9531021118164,133.13271045684814,250.16696518745255,288.15330505371094,126.61502838134766,206.43484309635943,284.9440574645996,133.70495796203613,252.7759954804817,291.14477157592773,138.4841251373291,370.2833353365887,324.15916442871094,155.15968322753906,265.6877841726034,293.74738693237305,146.53570175170898,208.39786194481223,292.44821548461914,147.08965301513672,232.4137380190392,298.85765075683594,148.04546356201172,289.16636450283823
201,8.04,390.8589172363281,174.23356533050537,355.43982057401894,379.39125061035156,139.4380760192871,360.41011604793994,354.51011657714844,118.74014854431152,323.1609741723107,327.9903793334961,117.46870994567871,419.2200395825534,309.65015411376953,127.47482299804688,581.7190934767989,340.09876251220703,108.66072177886963,334.66000371775897,299.189395904541,112.46731281280518,461.4109907722942,294.95567321777344,123.40096950531006,497.6969660637974,299.7353935241699,128.7432861328125,496.4904295117095,332.4896240234375,126.8754243850708,365.6727981667933,287.9149055480957,127.1057939529419,478.154897024518,289.5273971557617,136.44533157348633,477.2219480126311,299.56958770751953,141.3378667831421,478.9233436761464,328.49029541015625,148.44642162322998,388.06176982578137,286.57487869262695,146.75713062286377,505.09634754486024,293.0110740661621,151.90598487854004,497.71611993257807,305.5112648010254,153.63327026367188,521.9511026222739,327.3075485229492,171.02612972259521,404.39495451950523,297.41687774658203,164.23624992370605,451.9226762018815,303.4908103942871,164.41537857055664,513.6387765010275,314.51940536499023,164.48392868041992,567.6231655195888
202,8.08,392.2489547729492,184.50098991394043,259.0272812969493,377.2421646118164,151.1750364303589,298.3022903869559,348.8002014160156,132.61962890625,375.20253386068885,321.2080764770508,133.36442470550537,432.0542354282022,302.6268196105957,145.04745483398438,473.1045188333626,336.1193084716797,123.79837989807129,391.2997155270667,293.50284576416016,128.75741958618164,431.35283642503106,293.6004829406738,138.83604526519775,387.36134971159197,303.00615310668945,142.72313117980957,358.93413025990213,330.8683776855469,143.81662845611572,425.4650654467068,283.77796173095703,145.43492317199707,469.7547778329296,286.88486099243164,154.0041160583496,443.91293484785865,299.43193435668945,157.7613115310669,410.6005402404002,329.03141021728516,166.53645515441895,452.4531180092276,284.49596405029297,165.40164470672607,469.0014602279043,290.6416130065918,170.01256942749023,456.524061346375,303.502140045166,171.15996837615967,441.0369379448918,329.8936080932617,189.2411756515503,459.9426610290324,297.52357482910156,181.64714813232422,435.28062837257744,302.43078231811523,182.12611198425293,443.5606903043898,313.13573837280273,182.81976699829102,459.69929108900845
203,8.12,393.4806442260742,193.96705627441406,238.64653680944897,373.8142395019531,160.45886993408203,247.41189730346886,345.11985778808594,144.45868492126465,309.9477542126023,318.7074089050293,146.62028789520264,337.2417967958327,301.0100555419922,157.31510639190674,309.3432567554633,331.9858932495117,134.37119007110596,283.8016873120595,290.9159469604492,142.18932151794434,341.9685977223745,280.52734375,156.06400966644287,540.664941131116,280.2672004699707,164.85872268676758,793.3490634557756,328.18050384521484,153.69535446166992,255.94664150262122,282.9618453979492,157.83461093902588,310.6629027064605,275.2388572692871,169.40083980560303,482.6285482055102,279.2582130432129,177.21526622772217,700.6405038308404,327.07324981689453,176.61269187927246,256.6185626189002,282.53360748291016,178.19888591766357,323.67057511116485,278.8783645629883,184.67575550079346,469.9621259781567,285.414981842041,188.2908010482788,622.8014932068126,328.8197326660156,200.5025053024292,282.8103979910916,294.3005180358887,195.73076248168945,361.1927188443883,290.4317855834961,194.7726345062256,435.8256923187314,294.80655670166016,193.86420249938965,534.9874158985406
204,8.16,391.4622116088867,197.37281799316406,98.97374372475427,371.6334533691406,164.2760181427002,109.90464220070551,342.91770935058594,149.53179359436035,138.2612774555446,316.0457420349121,152.99334526062012,172.66356504482462,298.6407661437988,163.34657192230225,162.0032960635767,327.1124267578125,139.52396392822266,177.30932376129505,285.0071334838867,149.9023675918579,242.90578991545289,278.139705657959,163.86134147644043,203.86760258462638,280.9656524658203,171.80615901947021,174.56142684500594,324.7644805908203,159.83249187469482,175.59482926063447,278.1304931640625,167.1485996246338,262.3122538639712,274.3103218078613,178.206467628479,221.36121422085878,281.38153076171875,184.29466724395752,184.77418123616977,325.4964828491211,182.60938167572021,155.0130691778157,278.8590431213379,186.3430881500244,223.3697232853642,278.5714340209961,193.1006383895874,210.76179985872176,287.3682403564453,195.38909912109375,184.05341336589834,329.3001174926758,205.35881996154785,122.00041406194084,292.0429229736328,202.65335083007812,182.03530719747857,290.0873565673828,202.38219738006592,190.43384428402868,296.1588668823242,200.92700958251953,179.77761734681636
205,8.2,389.63706970214844,196.07746124267578,55.952502685133574,367.33821868896484,164.00957107543945,107.58727561100278,338.6181640625,151.1695432662964,115.0225892820313,312.87776947021484,155.52294731140137,101.35006384430424,296.4626121520996,166.42869472503662,94.35251646978752,324.36206817626953,140.64509868621826,74.2521694660033,282.7799606323242,153.4727668762207,105.20233469520586,275.1634979248047,168.7369680404663,142.80569592702315,277.44007110595703,177.4399709701538,166.1504608417486,323.17005157470703,160.81556797027588,46.82842684421809,277.16291427612305,169.60152626037598,65.92162953424143,273.22046279907227,181.94818496704102,97.43023561994968,279.81666564941406,188.16936492919922,104.46914906961094,324.90318298339844,183.10559749603271,19.336411103713917,278.3462715148926,187.74546146392822,37.329492629203855,276.84967041015625,195.76130390167236,79.22914117770439,284.5282554626465,198.58853816986084,106.9518712546127,329.47437286376953,205.25842666625977,5.027657760691189,292.14555740356445,204.85171794891357,55.0190411095574,289.2552375793457,205.43097496032715,79.00738392768831,293.9558219909668,204.1886043548584,98.39781264173337
206,8.24,387.864990234375,193.82566452026367,71.63646993313752,365.2544403076172,162.67767906188965,61.82671691070137,336.5522766113281,150.6692361831665,53.14013395224083,310.803279876709,155.07905960083008,53.03621034939434,294.06688690185547,165.3383445739746,65.8044590366902,320.9651184082031,141.0138702392578,85.42269965112322,280.92552185058594,153.84604454040527,47.2908514526994,269.0150451660156,168.95453453063965,153.80752278559714,266.9075584411621,179.00572299957275,266.20645471571373,321.2472152709961,159.88544940948486,53.399555171348865,275.4549789428711,170.15408992767334,44.87740041621431,266.3432312011719,183.40081214904785,175.72428720346377,267.59910583496094,191.54301166534424,316.86970914719217,323.9483642578125,181.58878326416016,44.80795278701018,278.12496185302734,188.2887840270996,14.66665806527747,272.89966583251953,196.82507514953613,102.26847458751851,277.02531814575195,200.81995010375977,195.69310731345882,328.9673614501953,203.83184909820557,37.849902007551165,292.1681213378906,204.57027912139893,7.0585473348405685,286.7384147644043,205.11740684509277,63.40702861622096,288.7753677368164,203.84466648101807,129.79647419230687
207,8.28,386.2108612060547,194.61615085601807,45.832654088994715,366.18701934814453,163.69873523712158,34.571116736104344,338.77891540527344,150.43230056762695,55.98023537716985,313.13846588134766,153.08617115020752,76.74917773535552,296.73696517944336,162.39416599273682,99.36518985120651,321.4220428466797,139.88691329956055,30.401602408517757,282.07252502441406,150.24978160858154,94.36870295409518,270.7231330871582,164.5180320739746,118.84895454511818,268.94487380981445,174.30456161499023,128.09072047585275,319.53521728515625,156.66788578033447,91.1168645584858,274.7230911254883,165.21687984466553,124.77906269930511,265.37784576416016,178.46893787384033,125.63676041581142,266.3886833190918,187.52559185028076,104.89514001309723,321.15283966064453,177.3702621459961,126.51797845999819,275.246639251709,182.32735633850098,165.498038288318,270.3024673461914,192.38893032073975,128.5126961613181,274.44665908813477,197.87189483642578,97.91741544117296,325.93494415283203,199.86403942108154,124.84757781798139,289.6146011352539,200.20797729492188,126.36787232757898,284.80085372924805,202.71117210388184,77.23385104168308,287.45649337768555,203.30732345581055,35.60343296221591
208,8.32,384.1432571411133,194.21988487243652,52.63086843233062,365.1568603515625,162.57177829742432,38.171156504050316,339.3498992919922,148.6857032775879,45.938985979124034,315.07396697998047,150.0492525100708,90.03138109021585,299.1101837158203,158.0368137359619,124.04304925867598,322.9212951660156,137.3201608657837,74.31342229593184,284.8929977416992,146.61486625671387,115.0208567070371,273.78862380981445,160.1537275314331,133.33319989489664,271.3726234436035,168.8153886795044,150.05204888644715,319.59760665893555,153.23192596435547,85.91315488249982,275.37410736083984,158.72581958770752,163.0906293256741,266.62811279296875,171.64110660552979,173.53394385509475,268.6156463623047,180.67716121673584,180.03535510128373,319.9114990234375,173.63260746002197,98.45998276319504,275.6553840637207,175.55138111114502,169.70730796559727,269.37795639038086,186.14327430725098,157.84276105162803,272.3172378540039,192.59242057800293,142.31848798934405,323.5906219482422,196.4208984375,104.13652826863836,289.0786552429199,195.89934825897217,108.54584909422658,282.6905632019043,198.86930465698242,109.58236511108375,283.2570266723633,199.96922492980957,134.1138098276985
209,8.36,380.8168029785156,195.05536079406738,85.74423199073003,362.3782730102539,164.35452461242676,82.53306926974463,339.3040466308594,150.95809936523438,56.82146626542214,316.2891960144043,152.49545574188232,68.28566768286652,300.9336853027344,161.06401920318604,88.34991149638222,322.28946685791016,137.91446685791016,21.68534388707095,283.59155654907227,148.53569984436035,58.00512288419625,273.0918312072754,163.83790969848633,93.73739305563356,272.07889556884766,173.48095893859863,117.96812640879301,319.46237564086914,152.30817317962646,23.339968877735597,274.3829154968262,157.9524850845337,31.42955978340701,265.4853820800781,173.47163200378418,53.94822005774337,268.2168388366699,184.20291423797607,88.70591091243428,319.8614501953125,171.90022945404053,43.32752041720232,274.6307945251465,173.3243465423584,61.28553404518854,267.4317169189453,187.1775484085083,55.09974476293744,270.82958221435547,195.6678342819214,85.40816980984329,323.1809997558594,194.76423740386963,42.663773573443954,286.20006561279297,193.7910032272339,89.20270816912569,278.5047149658203,197.97356128692627,107.01542424029047,279.5226860046387,199.65139389038086,93.69604044544191
210,8.4,376.9077682495117,195.90911865234375,100.02954248972928,359.8211669921875,165.99480628967285,75.94946991396932,337.61268615722656,152.0384645462036,50.17400457419476,314.99311447143555,153.19414615631104,36.81028780482791,299.59041595458984,161.8315029144287,38.67657389078905,320.8843231201172,138.45384120941162,37.62772926078271,282.03067779541016,148.62123012542725,39.080509149488144,273.69503021240234,165.38824081420898,41.58857721902135,275.1655387878418,175.15756130218506,87.81501098525987,317.61552810668945,151.74724102020264,48.25382563837213,272.28479385375977,157.46222019195557,53.86600327431903,265.9283447265625,175.08459091186523,41.81695488478977,270.789794921875,185.863938331604,76.56330736719747,317.4385643005371,170.6028127670288,68.70983426172526,271.59536361694336,170.46688556671143,104.22009171046447,265.3934860229492,186.3694667816162,54.814352027511944,269.73236083984375,195.59809684753418,27.48588335901149,320.1862335205078,192.87533283233643,88.51760165625537,282.1603775024414,189.45247650146484,148.20149750240387,274.4231986999512,195.87681770324707,114.71461514409972,276.2674331665039,199.88423824310303,81.58924382531626
211,8.44,374.83654022216797,197.3785400390625,63.48811282929632,358.4804916381836,167.16562271118164,44.498746455013666,336.4483642578125,153.2208251953125,41.48510417921381,314.04273986816406,153.72944355010986,27.268974888497926,298.7335205078125,161.59761428833008,22.20604782663455,320.0347900390625,138.811354637146,23.042383595461814,282.97168731689453,148.65360260009766,23.539154836151972,274.0909194946289,164.21828269958496,30.87809006557545,274.3869972229004,173.607759475708,43.35905809122397,316.1924934387207,151.72526836395264,35.58010736232758,273.4794235229492,156.72320365905762,35.11842004564883,266.8261909484863,173.15053939819336,53.30738161689806,270.8295249938965,183.85095119476318,50.334479309101795,315.32299041748047,169.98058319091797,55.12952079001337,272.021484375,168.76670837402344,43.819098197754876,265.1887512207031,183.7643337249756,65.32914061720693,268.7470817565918,193.2930850982666,62.66904158032991,316.99174880981445,191.82776927947998,84.04657177767147,280.98222732543945,188.1846570968628,43.2680878524753,273.2832145690918,194.22906875610352,50.091418997069106,274.59468841552734,198.63075256347656,52.25718461936755
212,8.48,372.6731491088867,194.88238334655762,82.57973170882036,355.95691680908203,165.2876901626587,78.64103801004948,334.5622253417969,151.62644863128662,61.74320123717856,312.8253173828125,151.62211418151855,60.84280244802491,297.86109924316406,159.52282905578613,56.26862260728227,319.9315643310547,137.28049278259277,38.35845379867265,283.31918716430664,146.39784336090088,57.05921205846751,274.93465423583984,161.79940223693848,64.04525258605803,275.23399353027344,171.0571575164795,67.18897370069325,315.97402572631836,148.75738620758057,74.39780169582484,273.1821060180664,153.98945331573486,68.74676646180812,266.68773651123047,171.1168098449707,50.96092575963876,270.50697326660156,182.2701644897461,40.33396694737983,314.5545768737793,165.9069585800171,103.63661528593771,271.6731834411621,165.60400485992432,79.54561214567116,265.24051666259766,181.6340732574463,53.27223315488025,268.50276947021484,191.61249160766602,42.45647016300781,315.2941703796387,187.20372676849365,123.14509143183199,279.9325942993164,184.83477115631104,87.76198388337971,272.24674224853516,192.42977142333984,51.911858971304255,273.20430755615234,197.87356853485107,39.57971850678299
213,8.52,373.24485778808594,193.08606147766113,47.1276396511874,356.83441162109375,163.52126598358154,49.30930138888516,334.9009323120117,150.5645513534546,27.86516912225724,312.8610610961914,149.5597743988037,51.56623769734432,298.0052375793457,157.08641052246094,61.016960395695044,320.6810760498047,136.53948783874512,26.349290115559178,285.4064178466797,144.9931240081787,62.89757736467102,276.1707305908203,160.34959316253662,47.63028912598426,275.2779960632324,170.32909870147705,18.234682973141556,315.57552337646484,145.8494997024536,73.37663136831362,274.64529037475586,150.62815189361572,91.6489760990299,267.10248947143555,167.74349212646484,84.96798091040108,269.3857955932617,179.91745948791504,65.15491252026114,313.07640075683594,161.17528438568115,123.9297818172815,272.6786422729492,162.3314666748047,85.58787018134043,265.58780670166016,178.48533153533936,79.1958995299353,267.30411529541016,189.20167922973633,67.30893399261582,312.3998832702637,181.41098499298096,161.88876418173734,279.08824920654297,182.86412715911865,53.59778679759639,272.60942459106445,191.70128345489502,20.344428010996733,273.4637260437012,197.68471240997314,8.022023886854772
214,8.56,373.5920715332031,189.7325849533081,84.28508981495914,356.6883087158203,161.3770580291748,53.72949498803281,334.9366760253906,149.99658107757568,14.22734706753323,313.69150161743164,149.02881145477295,24.641848389117012,299.3650436401367,156.55304431915283,36.516708759443965,320.2013397216797,137.58630752563477,28.787783882475644,285.13797760009766,143.87959957122803,28.635607616123654,276.2734031677246,159.40704345703125,23.703132775495504,276.073055267334,169.90366458892822,22.54319911507153,315.30649185180664,145.77236652374268,6.996762131424202,274.8345947265625,149.85819339752197,19.822213286485592,267.4601364135742,166.97430610656738,21.206698063743325,270.0565719604492,179.39857006072998,21.201225973126206,313.12952041625977,160.2103614807129,24.159598386946705,272.9593086242676,161.2386417388916,28.207267916662467,266.45063400268555,177.58609771728516,31.155782076998694,268.6586380004883,188.59200954437256,37.13513231954108,313.138370513916,179.74156379699707,45.636680276379025,280.2341842651367,182.30255126953125,31.90351311258824,274.1474914550781,191.6658067703247,38.4618989498451,275.5298614501953,197.9707145690918,52.14590559783456
215,8.6,374.05128479003906,186.693377494812,76.84261021331261,356.6835403442383,160.02129077911377,33.89439088648745,334.1069030761719,150.65131187438965,26.42436805715313,313.48934173583984,150.91597080230713,47.44891345377969,299.6145820617676,159.21395301818848,66.81459668587391,319.7725486755371,138.30933094024658,21.015241780208257,285.58902740478516,146.76313877105713,72.96507830488024,277.8207206726074,162.7254867553711,91.53639093692941,278.6033058166504,173.11536312103271,102.2166061100095,314.3247985839844,145.30850887298584,27.14412450528209,273.9554977416992,152.70931720733643,74.58936958309891,267.2743606567383,170.57039737701416,90.02216760752418,270.9461975097656,183.55782508850098,106.33330852805139,311.70413970947266,158.5859727859497,54.0274744398357,271.1171531677246,163.12836170196533,65.97621856069814,266.36878967285156,180.78412055969238,79.97674894494482,270.57613372802734,192.4079704284668,106.76594533741739,311.51607513427734,177.06964015960693,78.14656991369296,278.88784408569336,183.47641468048096,44.655537075135335,273.85581970214844,194.4862461090088,70.88701606541646,276.8304443359375,201.61170959472656,96.65777458184166
216,8.64,370.21339416503906,187.12725162506104,96.55843829762574,353.25511932373047,160.57255268096924,86.8114349405406,331.70265197753906,151.09887599945068,61.13886341415099,311.1276626586914,151.18340492248535,59.41932067978918,297.8407096862793,159.94375705718994,47.953344121286854,320.0551986694336,138.18740844726562,7.695620237526918,286.84152603149414,144.46271896362305,65.48226907120998,280.04003524780273,159.18949127197266,104.36900055299137,282.31258392333984,169.18373107910156,135.13066497353915,313.0433464050293,144.73408699035645,35.10769312230775,274.39117431640625,151.1422061920166,40.663643252335845,269.4308853149414,168.20940971374512,79.94084276649015,274.1782569885254,179.87091064453125,122.57535078318523,309.1495132446289,157.3018455505371,71.48032566556547,269.58404541015625,160.45838356018066,76.9707845302529,266.94149017333984,178.3351993560791,62.8748803416667,272.8299140930176,189.87091541290283,84.83872231185838,307.60400772094727,175.208101272583,108.3097366189363,276.82817459106445,180.98204612731934,80.87070276878123,272.713680267334,192.99150466918945,47.02881072060681,276.14696502685547,200.89367866516113,24.782962667877374
217,8.68,366.47979736328125,188.26191902160645,97.55516125146617,352.8681182861328,162.9131555557251,59.3095250593078,332.5558090209961,151.90494060516357,29.342983503124522,310.8391571044922,150.70059299468994,14.06109020545079,296.5622138977051,158.7233591079712,44.18655505255066,320.2800750732422,137.86903381347656,9.744607625188321,287.03149795532227,144.1446590423584,9.261865543649714,281.3771438598633,159.72546100616455,36.013218028386916,285.6000328063965,169.64695930480957,82.99811951108795,312.94761657714844,143.78984928131104,23.72695001376894,273.46309661865234,150.48623085021973,28.412495733762526,270.47874450683594,167.53962993621826,31.090732506063844,276.94189071655273,177.7727508544922,86.74656292624465,308.228816986084,156.12576484680176,37.3400540823562,267.80818939208984,158.70829582214355,62.33213300402589,267.35116958618164,175.9695339202881,60.02192399137739,275.3042984008789,186.23748779296875,109.89874308963408,305.52005767822266,174.08782482147217,59.14953036312608,273.9615249633789,178.66820812225342,92.09888164900916,271.5628433227539,190.73884963989258,63.2400207247501,277.3712158203125,198.22021007537842,73.5111569161229
218,8.72,364.75101470947266,189.23588275909424,49.60654459122981,352.6579284667969,163.3308506011963,11.689977308672766,332.4448776245117,150.3788137435913,38.25383128147417,310.8837127685547,147.04131603240967,91.48870522459042,296.0050392150879,153.73855590820312,125.39613871489304,319.73039627075195,134.43061351776123,87.05199924432453,287.849063873291,139.2304229736328,124.54449548601994,281.43871307373047,153.47730159759521,156.2115687997166,283.8225746154785,163.29302787780762,164.9465864293356,312.1743392944336,140.96823692321777,73.1413616537672,274.1786575317383,147.1303939819336,85.7819492480967,270.6524848937988,163.46471786499023,101.96535597416747,275.96540451049805,173.97929191589355,97.92808595293585,306.89308166503906,153.83580207824707,66.27649625458122,267.73181915283203,156.9116735458374,44.95611761181533,266.92209243774414,173.65678310394287,58.80541821240154,274.15771484375,184.32779788970947,55.6864513374259,303.41455459594727,172.0754098892212,72.81379114313559,273.304500579834,177.2437620162964,39.21676737497571,271.0348892211914,188.8369846343994,49.34461743997629,276.0830497741699,196.5750217437744,52.23753684421152
219,8.76,364.90848541259766,187.0022678375244,55.97897283914991,354.36450958251953,159.46972846984863,105.53637766702725,333.6313247680664,144.26446437835693,155.70991656079397,312.38656997680664,141.59916400909424,141.14619733026612,297.79890060424805,148.59259128570557,136.24172126113766,319.75839614868164,127.7836561203003,166.17540927590784,288.3479881286621,133.31857681274414,148.3215477489105,279.55963134765625,145.49983978271484,204.89455388861072,278.4253120422363,154.1936159133911,264.4921328965749,311.58138275146484,137.27203845977783,93.58645916672866,275.9688186645508,141.52896881103516,147.01326646472916,270.18890380859375,155.849347114563,190.73669529128165,272.8053665161133,166.04474544525146,213.5164920748719,306.1459541320801,152.28235244750977,43.094411657308065,269.9517631530762,153.49822998046875,101.79559278947387,266.8148994445801,167.1758508682251,162.04546619265003,271.2333679199219,176.1056900024414,218.16688428926773,302.98288345336914,171.7533302307129,13.464659338420143,275.3907775878906,174.61804389953613,83.84117195264501,272.1732711791992,182.75267601013184,154.7472231529021,275.31938552856445,188.13601970672607,211.83711086192233
220,8.8,361.39739990234375,181.55457973480225,162.02821344764234,354.1134262084961,152.2360610961914,180.95059155302593,334.31217193603516,135.11956214904785,229.2553020784815,311.58647537231445,132.34216690063477,232.28773488144577,295.9585952758789,138.63750457763672,253.09394879519652,323.08521270751953,119.66227054595947,219.40916694510105,289.7917366027832,119.88607406616211,337.7467058439105,278.6733627319336,130.11229991912842,385.32604304072504,276.2986373901367,138.68831634521484,391.26162904025153,313.0080223083496,131.38678550720215,151.39250051824968,278.1051826477051,129.14730548858643,314.1154621502568,270.3917694091797,140.94697952270508,372.59370825904153,271.47836685180664,150.8765459060669,380.6533900492587,305.5877494812012,147.75908946990967,113.93940384254296,272.45079040527344,144.85536575317383,224.92254119290553,267.33081817626953,154.69469547271729,312.295345130737,269.62100982666016,162.4610996246338,343.48812315626975,300.8575248718262,167.41002559661865,120.8859075861482,277.9182434082031,164.89299774169922,251.20286404232445,275.12317657470703,169.8458433151245,330.9911932923557,277.70837783813477,174.09393310546875,356.0964409155866
221,8.84,358.82713317871094,173.42963218688965,213.04495371714555,353.052978515625,143.66246223449707,215.9733009404201,332.59151458740234,123.5525894165039,292.35628938294116,308.06236267089844,118.75448226928711,350.9313892818322,290.222110748291,122.22644805908203,434.61910823620286,319.80541229248047,109.55522775650024,265.6470928582343,283.66641998291016,106.70918941497803,363.2748553130119,277.9693603515625,116.13266944885254,349.93364320703176,281.70846939086914,122.28117942810059,431.90017950699706,310.9661102294922,123.51694107055664,203.26069528253626,273.3169937133789,118.72671604156494,286.7004509219718,271.6094398498535,128.7372064590454,306.7585365235986,278.4332466125488,135.2197265625,428.300671581507,304.38161849975586,141.2341547012329,165.8868697333537,269.44990158081055,134.37254905700684,272.59720699942955,270.449161529541,142.6342248916626,311.42717437767254,278.3407783508301,147.8964614868164,424.38414732458864,300.04358291625977,161.20742797851562,156.39437074094252,273.5246467590332,152.08730220794678,338.46115879333587,274.15197372436523,154.99019622802734,372.1839979708379,280.53783416748047,158.12852382659912,405.35487273613944
222,8.88,357.2080993652344,169.3344497680664,110.09027412940324,351.76361083984375,137.10399627685547,167.10016592019986,332.24815368652344,114.10894632339478,236.24707878918863,308.8238716125488,107.549729347229,280.76500840625505,290.8800506591797,110.41804790496826,295.66788708576206,321.4754104614258,101.22339963912964,212.43859945536042,285.6801414489746,96.87779903411865,250.88756316792464,267.41424560546875,97.88528680801392,527.0065349122725,255.3042984008789,99.20037746429443,876.7495597949707,310.9282684326172,115.15336990356445,209.09141940030352,273.3793640136719,113.82801532745361,122.47744369064829,277.5828742980957,122.7978515625,210.59121493809454,288.1656265258789,127.28151798248291,313.98086549705516,303.0875778198242,133.12528610229492,205.28682866321523,269.3363380432129,128.31670761108398,151.42265413245772,275.8567810058594,136.48106575012207,204.7921443527885,286.3500213623047,140.45425415039062,273.3294985626375,297.8997230529785,153.4815788269043,200.44463111237505,276.57649993896484,147.77352333068848,132.10435277115863,283.16368103027344,150.94419479370117,246.95773445815675,292.3930358886719,153.06730270385742,322.25937447907006
223,8.92,349.46598052978516,164.64895248413086,226.2386583621168,344.2603302001953,131.91447257995605,228.0767093518149,321.04454040527344,106.78402662277222,334.64103825626523,291.34212493896484,95.66943883895874,528.4131724561408,268.08122634887695,93.69139909744263,706.9154697797811,316.9338607788086,94.98232841491699,192.9647693644092,280.63650131225586,90.4932188987732,203.41025252763222,270.7378387451172,96.30598068237305,91.99347529989875,269.02366638183594,99.56498622894287,343.10530211963305,306.07921600341797,111.59020900726318,150.4356694613459,269.76757049560547,105.43212890625,228.49502348915846,272.76634216308594,113.92511129379272,252.39416307078275,282.7531051635742,119.05703544616699,246.14210896295523,297.04572677612305,130.41446685791016,165.55305986676848,264.92942810058594,121.04231357574463,212.6288783064948,270.43212890625,127.56059646606445,261.00960548609584,280.2354431152344,132.07903861999512,259.2444578965522,289.9323272705078,149.51488494873047,222.5056963844882,268.2777404785156,138.61774921417236,308.9271842350777,274.4001770019531,142.0206069946289,312.6793705840475,282.7662658691406,145.38448333740234,307.91680534939434
224,8.96,345.16605377197266,164.2573070526123,107.94314552862213,341.48983001708984,130.41335105895996,78.77593654388161,322.40379333496094,106.33056879043579,35.8224138334795,296.69315338134766,97.42029190063477,140.7546443167377,277.154541015625,97.85473823547363,249.57267456104591,313.0123710632324,92.16160297393799,120.76468234431135,278.0117416381836,86.22385025024414,125.29183932842238,266.6334342956543,91.53047561645508,157.42376035596357,263.9927101135254,96.08282089233398,152.96240633962498,301.04278564453125,107.08140850067139,168.9950309331576,265.9159851074219,100.18757343292236,162.67312338567226,264.81754302978516,108.94087314605713,234.5554806102732,271.2997245788574,115.14909267425537,302.543326986921,291.4085006713867,125.02634525299072,194.95219379587698,259.5610046386719,116.12369298934937,182.02472177451037,262.8385353088379,123.49857330322266,215.29441454976467,271.3087463378906,128.95840644836426,236.41100400739708,284.64563369750977,144.86908435821533,175.94848688893586,262.24281311035156,134.2891788482666,185.66917782647238,267.23731994628906,137.24920749664307,215.16385379701904,275.6344985961914,140.57344436645508,215.0700473326697
225,9.0,340.3670883178711,167.15606689453125,140.16257981978947,338.8273239135742,131.66427612304688,73.54315173428287,319.9254035949707,106.77324771881104,62.940350416665915,296.2782669067383,99.9085021018982,63.064058665005376,278.7161064147949,103.78146171569824,153.22478933524926,309.78694915771484,90.20293235778809,94.33894030026016,274.56464767456055,84.58806037902832,95.38823727541933,271.38906478881836,94.78945255279541,144.12874465887714,277.0888137817383,101.12286329269409,350.8115223004431,296.8269729614258,105.2007508277893,115.40675311047434,262.74749755859375,97.64090538024902,101.62686504311336,264.5905303955078,107.88252353668213,27.06056438557955,274.2774963378906,114.42996025085449,76.58441458319913,286.54396057128906,123.46886157989502,127.69471841421682,255.82874298095703,113.68949174880981,111.39769062095901,261.22880935668945,122.27685928344727,50.52105246290858,271.42168045043945,127.97216892242432,24.81706282164209,279.53014373779297,143.94694805145264,129.94848233101192,258.5409164428711,133.16468238830566,96.72296529640622,265.68872451782227,137.7663803100586,40.81678208779749,275.3032112121582,141.94397449493408,35.25003691388349
226,9.04,339.6124267578125,167.07587242126465,18.972763764350763,336.5034484863281,130.78574180603027,62.109880189940604,317.83084869384766,107.27138757705688,53.82438778211841,295.88600158691406,101.66597127914429,45.017843615801794,279.468936920166,106.91451787948608,80.55586064676751,304.84846115112305,90.40936946868896,123.57002081817853,270.79769134521484,86.14723205566406,101.92207901266035,269.7049331665039,96.0228967666626,52.18766586801159,276.1851692199707,101.8324327468872,28.723491086739806,291.6595268249512,105.60364007949829,129.57820833985983,259.8843765258789,100.14301300048828,95.0592071791098,263.8360595703125,109.40032482147217,42.374424525452184,274.22412872314453,114.69114303588867,6.664483733845124,281.8406867980957,124.07064914703369,118.5404268107804,252.60501861572266,115.26763916015625,89.73205960993411,259.33338165283203,123.33297729492188,54.24499651299245,269.72339630126953,128.2259702682495,42.928604787953496,275.8782386779785,144.6472692489624,92.96121619249314,255.69822311401367,134.13092136383057,75.06048860649783,263.7956428527832,138.6811065673828,52.56235770697412,273.6600685119629,142.72705078125,45.50498876081797
227,9.08,338.9558410644531,166.016263961792,31.163629242578466,335.30590057373047,129.91151332855225,37.06747592061464,316.63429260253906,106.14885091781616,41.017031759586025,294.4813537597656,99.92673397064209,55.89041696480038,277.65625,104.66703414916992,72.18473258148501,305.084171295166,89.93269443511963,13.294227121975835,270.10398864746094,86.28428220748901,17.67777872404876,271.05138778686523,96.02698087692261,33.66152035938982,279.53020095825195,101.65398359298706,83.74470666345336,291.97187423706055,105.84597587585449,9.883304863727831,259.3994140625,100.15561580657959,12.128154785660723,264.246768951416,109.10211324691772,12.688881425402348,275.7027244567871,114.36022996902466,37.87932154691545,281.99487686157227,124.60886478424072,13.996665848718157,252.13218688964844,115.1228141784668,12.362850513324068,259.6359634399414,122.92100429534912,12.778827466440227,270.7514953613281,127.70906925201416,28.768193568141616,275.9088897705078,145.09220123291016,11.149662545704125,256.1518096923828,134.80148792266846,20.23919918605222,264.58141326904297,139.51490879058838,28.642857906592422,274.2465400695801,143.27327728271484,20.036096781753255
228,9.12,334.5196533203125,169.15350437164307,135.83546823838486,330.7889175415039,131.9985294342041,124.39546801097927,312.5421905517578,108.39893817901611,116.74810458049846,290.6622886657715,103.77722024917603,135.58093241064216,274.51709747314453,110.25758028030396,160.28974669173473,297.87498474121094,95.08067607879639,221.46400070519297,264.90930557250977,92.17389822006226,196.32929771296122,265.5560302734375,101.00531101226807,185.3758431148652,273.01536560058594,106.57484292984009,204.11077928203122,284.77880477905273,110.67267179489136,216.5600980711993,253.82009506225586,104.76716995239258,180.96137734722953,259.90320205688477,113.05007457733154,146.74163526780387,270.68620681762695,117.72626638412476,151.02907495699483,275.66917419433594,129.07331943511963,193.56179498424254,245.77865600585938,118.40596675872803,178.7918579601316,254.52598571777344,126.0346269607544,149.59637032607606,265.86156845092773,130.88988304138184,145.8358699696543,270.5116271972656,148.96739959716797,166.1091614851272,249.21066284179688,136.0883903503418,176.48590145488714,257.6774215698242,139.59155559539795,172.6104286311536,267.463436126709,143.4005641937256,169.6074531408998
229,9.16,335.37418365478516,167.86222457885742,38.71067032962687,331.32312774658203,131.7075490951538,15.2079358585295,313.6372375488281,109.21312808990479,34.114083755701365,292.3768424987793,103.59910011291504,43.09453002719294,276.5535354614258,108.27053546905518,71.13115861748669,297.9351043701172,95.33586502075195,6.554376680710505,266.0888671875,92.81270027160645,33.53574272898465,267.8294563293457,101.91405057907104,61.20801434430173,276.171875,107.17048645019531,80.30544343291155,284.6219825744629,110.90279817581177,6.9620109813878726,253.5624885559082,104.1236686706543,17.328715541541442,259.49947357177734,113.07470798492432,10.111982201105697,271.0076713562012,118.26551914215088,15.695002918913312,275.50655364990234,129.32278633117676,7.4447621562183235,244.53392028808594,118.0679726600647,32.245222687169026,252.19482421875,125.19651889801025,61.93110617535997,263.53429794311523,129.53053951263428,67.37953530969973,270.76480865478516,149.683198928833,18.98139769688719,248.31214904785156,136.43229961395264,24.052034990663337,255.51191329956055,138.96871089935303,56.332503849751625,265.15642166137695,141.8393039703369,69.64126483444856
230,9.2,336.8368148803711,167.28957653045654,39.26843428089186,332.95555114746094,132.1717643737793,42.42863113988002,315.55564880371094,110.0905179977417,52.7382379850896,293.366641998291,105.01389026641846,43.16635138973899,277.40283966064453,109.85130071640015,44.86184619211664,300.2234649658203,94.81490135192871,58.672807586865424,268.7403869628906,92.7088451385498,66.33882256995976,268.9591407775879,102.6015830039978,33.061380301700986,276.1012649536133,107.98019886016846,20.319632832485745,287.0197296142578,109.72070217132568,66.83254180537388,255.4015350341797,102.9243278503418,54.8891516633217,258.9419174194336,113.07246208190918,13.939016892717012,268.929443359375,118.51268291473389,52.32184974552689,277.87220001220703,127.6449966430664,72.50543492135102,245.79631805419922,115.3041672706604,75.96162003928382,249.7239875793457,123.2955551147461,77.93706196310227,259.21627044677734,128.4155559539795,111.491450891987,272.79518127441406,147.5084638595581,74.3802964335686,249.158935546875,134.45458889007568,53.78421633171222,253.7061309814453,136.7424488067627,71.6636792826495,262.1563148498535,139.3260955810547,97.84189187315131
231,9.24,337.8270721435547,166.1945629119873,36.90921524430718,333.85589599609375,131.54674530029297,27.40061231844726,316.6847610473633,109.68602657318115,29.984451922086325,294.1612243652344,104.77571725845337,20.737760239181586,278.51314544677734,109.04816150665283,34.258315860473424,303.4590148925781,93.77278804779053,84.98081940651478,271.91219329833984,91.03039741516113,89.71323129054187,270.3636932373047,101.59862995147705,43.147149657141306,275.9055519104004,107.33234882354736,16.91916932863437,290.66097259521484,107.78490543365479,103.09570631198149,257.99394607543945,100.13368606567383,95.2243291430175,258.17943572998047,110.94414710998535,56.51937138310643,265.61086654663086,116.99362277984619,91.24313589076195,281.628360748291,124.8112964630127,117.62918479733095,248.55806350708008,111.63755178451538,114.75873351772236,247.9729461669922,119.842529296875,96.79079671726714,254.1926383972168,125.34610748291016,147.1784479932477,276.4532279968262,143.72089862823486,131.6409800481946,251.62076950073242,129.3427848815918,141.84314981150217,252.75230407714844,131.9273042678833,122.71767062464103,258.6220932006836,135.1625633239746,136.5323302399648
232,9.28,338.2528305053711,166.20075702667236,10.645085418672128,334.88136291503906,131.34150981903076,26.14507607347082,317.71921157836914,109.34722423553467,27.212990063260996,295.7442855834961,103.98462295532227,44.24302923350443,280.4295349121094,107.91325092315674,55.68084620948568,305.66579818725586,91.53503179550171,78.57100910293828,272.91358947753906,89.50144529342651,45.69251099928458,269.4580078125,100.58148622512817,34.048196067803346,273.5835838317871,106.83859348297119,59.34712553299519,293.67870330810547,104.79053020477295,106.28082396081768,259.20745849609375,98.54192733764648,50.03941098857404,257.2393226623535,109.84554290771484,36.14851114819063,263.6223602294922,116.49642705917358,51.24305415099908,284.69451904296875,121.97859764099121,104.35968242184987,249.81891632080078,109.58699226379395,60.17964858388973,246.64859771728516,119.16967391967773,37.1368514321076,251.34105682373047,125.65340995788574,71.70230244460811,278.95864486694336,141.7304277420044,79.99643758474073,252.19024658203125,128.83765697479248,19.03054039485103,251.65069580078125,132.39086151123047,29.879195442024447,256.6351127624512,135.8450746536255,52.52328636555003
233,9.32,340.60115814208984,165.37545204162598,62.22826431634325,336.20201110839844,130.76271057128906,36.047886725591646,319.11502838134766,110.1584529876709,40.36084609316365,298.4102439880371,103.63502025604248,67.21958541827016,282.72212982177734,106.87568664550781,62.91130189644295,306.07418060302734,92.6258897781372,29.119874396524082,274.54639434814453,94.22490119934082,124.94270547082192,262.8974723815918,101.7123556137085,166.4322135176772,257.34031677246094,106.17429971694946,406.42112624112417,293.2389259338379,106.03536128997803,33.005762466675215,259.16881561279297,98.3466625213623,4.976295114609126,251.3567352294922,105.76552391052246,178.97519018482137,250.57985305786133,112.08319902420044,344.22337861001984,283.98773193359375,124.30412292480469,60.76396888594022,250.2353286743164,110.20525932312012,18.635540722102988,241.10557556152344,115.03359317779541,172.90217342950595,238.54120254516602,119.73528385162354,352.5447543948383,278.3630561828613,145.99299430847168,107.5993715541919,251.97858810424805,132.1226406097412,82.29488438345696,244.99095916748047,129.036283493042,186.4223794656937,242.22824096679688,127.2403621673584,419.522818142634
234,9.36,341.6652297973633,162.00488090515137,88.36358933969952,335.1081848144531,127.19481468200684,93.29501942119937,315.859432220459,108.30290079116821,93.68157608602598,294.3594169616699,103.36395263671875,101.49715898669487,278.3008003234863,110.27732133865356,139.46162805156987,302.61322021484375,98.320791721344,166.6023614615733,268.563175201416,100.03292083740234,208.4646305040243,252.4784278869629,105.63519716262817,278.3266673342085,243.7025260925293,111.33627891540527,364.55054851395505,291.39842987060547,111.27541065216064,138.84691002342404,252.67372131347656,98.56246948242188,162.4669631830081,236.27412796020508,101.84826135635376,389.5750793796401,228.49737167358398,109.65542078018188,555.3884289897281,283.57105255126953,129.38504219055176,127.44940734634136,246.7392921447754,116.09431028366089,171.21476395110355,232.21656799316406,117.91929960250854,233.64203003738018,224.92780685424805,122.09213733673096,345.3976879878531,279.20202255249023,151.59520626068115,141.617096705445,249.75997924804688,137.63676166534424,148.59289239533572,237.58350372314453,132.98518180847168,209.85738321748647,229.41036224365234,130.54601669311523,330.931796980981
235,9.4,344.8387908935547,167.0032024383545,148.0175415713912,336.5696716308594,132.0000171661377,125.56351636728186,317.78676986694336,113.51592063903809,138.94739638133103,294.33645248413086,108.56509208679199,130.02975367761226,277.847843170166,112.60501384735107,59.28386478308488,308.35363388061523,101.95027828216553,169.78943163032875,273.999080657959,100.86607217788696,137.48456569881066,255.97723007202148,107.15746879577637,95.39040719347274,245.61784744262695,114.76216793060303,98.12355546259187,295.53422927856445,116.31611108779907,163.00593858951757,255.77056884765625,97.2401762008667,84.18329767685796,235.7774543762207,93.29684257507324,214.14575617710864,224.04239654541016,94.5380687713623,394.0028038853347,287.3546600341797,135.4153060913086,177.9743104662594,249.34316635131836,118.93098592758179,96.26425086809816,233.1033706665039,117.10703372955322,30.064460225182877,224.23809051513672,117.91382074356079,105.87149693495847,284.22569274902344,157.87683963775635,201.08483925870857,253.11613082885742,142.08563804626465,139.3203468765614,239.7838020324707,136.2174367904663,97.75218961311273,230.07146835327148,132.83918380737305,59.664042260022796
236,9.44,353.8874816894531,171.6675853729248,254.50352806995605,345.4192352294922,135.58327674865723,238.6871973969867,326.96231842041016,116.32385730743408,239.88955738885008,303.00397872924805,111.13595008850098,226.01897331134938,285.9144973754883,115.7090950012207,216.08191426813698,317.9195785522461,106.19351863861084,261.6204146555523,281.76509857177734,103.39584589004517,204.19168272801045,263.8817024230957,110.4053807258606,213.6434164889013,253.69638442993164,118.44109296798706,221.91953677788968,304.45966720581055,120.33833026885986,244.74692201028853,263.850154876709,97.98635959625244,202.8492359802187,242.3859977722168,93.91385078430176,165.93211139465097,229.60098266601562,95.84092140197754,142.73074440464987,295.16210556030273,139.2034149169922,216.94753703171062,255.76471328735352,121.03928089141846,168.9696213566243,244.8607635498047,119.47350025177002,299.8295882800186,241.70289993286133,120.74398040771484,442.3159021856203,291.0631561279297,161.55567169189453,194.108073538362,260.5229377746582,144.62267875671387,195.73158390197176,250.05661010742188,138.0614948272705,260.92519975546173,243.63784790039062,134.0002727508545,340.3993808300474
237,9.48,366.8498992919922,179.09042358398438,373.4323877977952,358.63983154296875,142.26821422576904,370.36515423700786,340.3475570678711,121.24352931976318,356.5176944753025,318.71570587158203,114.36034440994263,400.979339037016,300.9527015686035,117.2076416015625,377.8171079265937,328.99200439453125,109.9440050125122,292.2592621219685,291.5919494628906,102.33622312545776,247.0953748547888,272.35748291015625,107.34855651855469,225.2540636414909,262.4783515930176,113.79213094711304,248.41471766615496,316.5150260925293,124.53154563903809,319.0951396412671,274.0114212036133,104.19302701950073,297.6722756122607,255.7735252380371,105.68033695220947,445.58675389006515,248.8477897644043,111.89939260482788,626.6548496059046,307.6609420776367,144.76342678070068,341.9929149591596,267.78703689575195,129.40252304077148,366.12846464199686,254.46722030639648,129.67769622802734,350.3655474448565,250.57668685913086,131.90577507019043,356.4843566870261,303.2594680786133,168.12130451202393,346.2816407268328,272.9184150695801,154.02219772338867,388.9077768039962,260.7526969909668,148.84732246398926,379.75349934969967,253.6952781677246,145.47852516174316,381.52832626683613
238,9.52,368.2221221923828,180.5104637145996,49.36794038717201,359.7397994995117,142.69439220428467,29.491070415392045,341.4955520629883,121.58444881439209,29.9386728437499,318.59264373779297,115.02843618392944,16.98328051425814,301.41895294189453,118.38361501693726,31.625778812188226,329.97833251953125,109.85801696777344,24.75173117687948,294.11487579345703,103.46599817276001,69.10837922681692,276.468448638916,109.4483470916748,115.40461340973718,268.11317443847656,115.98861694335938,151.19478172090786,316.1853218078613,124.31133270263672,9.912071323862182,273.3805465698242,103.9046859741211,17.34112456721569,255.47674179077148,104.55289363861084,29.146278063728964,248.36002349853516,110.15650033950806,45.24647347191542,307.1389389038086,144.36537265777588,16.411398444832315,266.7314147949219,127.89702415466309,45.96782105339109,254.8784637451172,128.74224185943604,25.546477761222196,251.41443252563477,131.60875797271729,22.221005798813508,303.27375411987305,167.65657424926758,11.623744773535218,272.7420234680176,152.91222095489502,28.097624718307983,260.7049560546875,148.35466861724854,12.374040611933703,252.98334121704102,145.50341606140137,17.809298460257505
239,9.56,383.41880798339844,188.75558853149414,432.23354673502774,369.8963928222656,151.53303623199463,336.59881180381325,349.01634216308594,131.32601737976074,307.6731644979636,323.6560821533203,127.32491970062256,332.45480469544987,304.0718460083008,132.57996082305908,361.0523471991104,338.14525604248047,117.09474563598633,272.7967210752308,296.45483016967773,116.34384155273438,327.21766131462863,281.37807846069336,126.3707685470581,440.5059682488014,277.3240661621094,135.11630058288574,530.7475905257909,326.5830612182617,133.81144523620605,352.10538461257823,278.8075065612793,120.16269207000732,428.49639508600876,266.73011779785156,127.34830856323242,635.545736524124,266.85054779052734,135.94589710235596,793.3286180645536,319.2068099975586,155.5678653717041,411.6501516313502,274.99332427978516,139.82587337493896,362.7642072132998,263.90445709228516,143.40542793273926,430.46310942651786,262.7341079711914,146.9344425201416,476.3216212811849,316.0906982421875,180.60749530792236,455.5219622189191,283.53857040405273,166.54632568359375,434.7802875412586,269.7003364562988,162.08925247192383,410.45375975163176,260.9897804260254,159.03449535369873,393.0594544893947
240,9.6,401.68617248535156,209.28063869476318,686.9198870919772,388.03417205810547,174.18334007263184,725.4374971703488,363.11561584472656,156.358380317688,718.2481781241763,337.0657730102539,156.13168716430664,794.3746206078151,319.000186920166,167.21118450164795,942.7940575283804,343.7934875488281,146.2895965576172,743.4051046895413,300.76866149902344,149.40828323364258,833.6165351977731,288.8647270202637,163.49315643310547,946.7449461895322,286.4151191711426,172.41572856903076,959.7833651750111,334.9574661254883,162.3709201812744,744.0490015315555,287.4710464477539,158.7782621383667,989.3871761944704,277.9941940307617,173.0345106124878,1176.3578513430227,281.0331344604492,184.60598945617676,1267.1203456391324,331.10538482666016,183.4583330154419,758.0626080468692,286.15686416625977,177.45532035827637,981.2619117330213,276.63496017456055,187.6591157913208,1151.209852126392,277.8911781311035,195.54511070251465,1272.972367377154,331.31038665771484,207.69953727722168,776.8597257275653,299.1332817077637,200.9624147415161,944.6104377893477,289.2083168029785,201.93737983703613,1109.176088283735,285.7528495788574,202.327880859375,1246.877806365524
241,9.64,403.1633758544922,223.63197326660156,360.6789897078182,389.2418670654297,185.81429958343506,292.3372906129363,366.0466766357422,168.97433280944824,323.7991030667983,342.07366943359375,168.9246368408203,343.455408325367,326.92901611328125,179.1249704360962,357.7749184765587,351.4316177368164,156.8743085861206,326.3215070055554,317.55693435668945,160.13533115386963,498.0685586758445,304.41965103149414,171.39668941497803,436.19196934284383,298.883113861084,179.48108196258545,358.2685010611994,339.4302749633789,170.27313709259033,227.0064027370701,296.287899017334,160.59099197387695,225.0317737152076,286.09575271606445,172.6157569885254,202.80934354860509,285.8982849121094,183.64703178405762,123.96896974194082,333.4861755371094,188.8496446609497,147.33975546748545,289.2523002624512,175.98293781280518,85.69435142489309,279.3158721923828,186.6368579864502,71.72996352171594,278.5934829711914,195.89946269989014,19.665919544590263,332.41268157958984,211.2631130218506,93.25410910014527,296.87774658203125,204.37695980072021,102.30639234899961,285.0262641906738,207.35913276672363,171.1814988591412,279.68414306640625,210.80120086669922,260.55991475185243
242,9.68,402.0624542236328,230.08764266967773,163.7217454232713,388.7660598754883,194.47564601898193,216.8601429472468,365.94085693359375,177.55730152130127,214.59052535877893,341.9603729248047,176.48051261901855,188.91812855451874,326.28273010253906,186.4696455001831,184.3263705440386,353.8433074951172,163.05094242095947,165.7691410892894,319.0674018859863,164.2781639099121,110.24000918903813,306.6983222961426,176.7460012435913,145.36049964673276,301.89687728881836,184.65222358703613,149.63178910762016,341.7099380493164,174.79383945465088,126.57412263108397,298.33446502685547,163.13092231750488,81.54630042884604,289.12242889404297,176.42563819885254,121.6448815280222,290.08861541748047,187.62675762176514,144.47553315259037,335.32970428466797,192.47185707092285,101.60899623691797,291.5065574645996,177.1581745147705,63.55537368647739,282.0983123779297,189.54816341400146,100.67792918086494,281.5365409851074,199.27908897399902,112.03644559339385,333.18572998046875,214.3982219696045,80.72527463714523,299.9628257751465,205.59182167053223,82.89150661601164,288.60729217529297,209.5522928237915,104.98128542311534,282.7226448059082,213.35273265838623,99.19301671786782
243,9.72,397.64888763427734,237.0329189300537,205.72498689332951,388.1129455566406,200.2807331085205,146.04279002789576,367.59727478027344,182.70182132720947,135.1152381214383,345.2408218383789,179.035005569458,103.94343205686187,329.4551467895508,186.757493019104,79.63621910828061,354.53304290771484,165.72463989257812,69.03075903687443,323.0486297607422,167.34825611114502,125.68721473066631,312.452449798584,180.55565357208252,172.52433556300667,309.12841796875,188.34440231323242,202.98916897165137,341.86500549316406,175.6783676147461,22.450445125638264,301.40682220458984,166.01717948913574,105.38577669794469,292.9835510253906,180.17427921295166,134.5375727393856,295.09008407592773,191.45766735076904,157.50110732389922,333.95450592041016,192.30309963226318,34.6378551421737,293.03794860839844,178.22304725646973,46.63094996431752,284.8690986633301,191.3054323196411,82.02610349033282,286.24420166015625,201.30053043365479,128.08272377212023,329.5094680786133,213.19573402404785,96.69823818923427,296.4407539367676,201.89340591430664,127.67945493647225,288.3958435058594,206.0075283050537,88.77663696430643,287.49122619628906,209.68873500823975,150.34179237857816
244,9.76,398.4815979003906,237.19285011291504,21.198236520726716,391.51920318603516,201.64166450500488,91.70170835290284,369.2658996582031,183.30423831939697,44.350980934206085,346.37760162353516,178.84878158569336,28.798303466405205,330.17303466796875,185.7334041595459,31.266205780467605,354.2338562011719,165.07787704467773,17.815282533478317,324.79907989501953,169.53529357910156,70.03217367234389,315.99727630615234,183.194317817688,110.4772147599788,313.36986541748047,190.43264865875244,118.19118320522031,341.6029357910156,174.76956367492676,23.645891950496893,302.13367462158203,169.06107902526855,78.2369750428024,292.74072647094727,184.48007583618164,107.81595523407968,293.8633155822754,196.7052125930786,134.72586056299625,333.3537292480469,191.20779991149902,31.23113518952226,292.6237106323242,181.33805751800537,78.56081255265896,285.2004814147949,196.344952583313,126.26009617038517,287.257080078125,206.9817066192627,144.26903154676276,329.0078353881836,212.0841121673584,30.48912212143695,296.7487335205078,202.84123420715332,24.915229989926083,290.3550910949707,209.07136917114258,90.91813614508773,291.4739799499512,214.62078094482422,158.48384101953624
245,9.8,399.99900817871094,237.7768850326538,40.64811450290775,392.92362213134766,202.74757862091064,44.689474471850595,370.7593536376953,184.99659061431885,56.42728218129722,349.031982421875,180.17608165740967,74.1934250076,333.5033416748047,186.38524532318115,84.83749783553077,356.66004180908203,166.377911567688,68.81345419433286,326.93031311035156,169.92759704589844,54.175969235650015,316.8855667114258,182.47186660766602,28.624678982512847,312.74850845336914,188.482403755188,51.170912518299694,344.4063186645508,174.44485187530518,70.5531417108928,305.99143981933594,168.25072288513184,98.54893896834493,296.7803955078125,183.33772659301758,104.95203583293775,297.0944023132324,195.4147481918335,86.98139109116786,335.460205078125,189.1298246383667,73.97305953205482,296.91478729248047,180.06025314331055,111.9322421247754,288.6164855957031,194.67076778411865,95.10513690725288,288.9082717895508,205.23138999938965,60.15626701394569,329.52571868896484,208.50043773651123,90.52253013592754,298.38510513305664,200.12038707733154,79.37537857474703,291.9263458251953,207.4112033843994,57.14560277662315,292.6767921447754,214.39749240875244,30.584053712258818
246,9.84,398.85292053222656,237.61590957641602,28.93343644184721,394.43634033203125,203.2903289794922,40.17846365296185,374.1672897338867,185.37171363830566,85.71298661393637,352.6890182495117,178.59724044799805,99.58241125179602,337.6056671142578,183.85193824768066,120.53712796780995,359.47200775146484,166.19507789611816,70.44758961712495,329.95025634765625,167.96595096588135,90.02816399531847,321.1407470703125,181.24774932861328,110.69389944665755,318.85175704956055,188.1946563720703,152.7506996371118,346.8878173828125,172.94317245483398,72.512399674992,309.27276611328125,167.10681438446045,86.87501404764325,300.9775733947754,182.4109697341919,107.45691139414535,302.5413703918457,194.58609580993652,137.74098432260365,337.4187469482422,186.6161870956421,79.66437391173024,299.9601745605469,178.97483825683594,80.82585094000581,293.21781158447266,194.68106746673584,115.03343790608211,294.87539291381836,205.8200454711914,149.90215512160447,330.5542755126953,205.73461532592773,73.77204224216825,301.2614440917969,200.0841522216797,71.9141796272255,296.57188415527344,209.13544178009033,123.88004384635526,298.9291763305664,217.25837230682373,171.8955747647354
247,9.88,400.4107666015625,236.6458511352539,45.87958257094933,395.2045440673828,203.03438186645508,20.24299112779724,374.04163360595703,185.0873565673828,7.772081697898963,351.40079498291016,178.96164894104004,33.469321161463824,335.2345657348633,185.5389404296875,72.74999189631602,359.65003967285156,164.25652027130127,48.667886163313376,329.42249298095703,167.9067850112915,13.276736736963585,321.3584899902344,182.22298622131348,24.98123015460353,320.59574127197266,190.9744119644165,82.0385660878555,347.19478607177734,170.76038360595703,55.106697272123654,310.31848907470703,168.40829372406006,41.73865851535107,303.6786651611328,185.2865695953369,98.631166764432,306.33724212646484,198.2239580154419,131.440774809239,337.8139114379883,184.14944171905518,62.454922378410295,299.8482894897461,180.83287239074707,46.53499430433368,294.1633987426758,197.65206813812256,77.94621568403352,296.75268173217773,209.73066329956055,108.44683348044248,330.74424743652344,203.35421562194824,59.69920478191383,301.7185974121094,201.21376991271973,30.46540339244842,297.9293632507324,210.271954536438,44.2606677815437,300.54737091064453,218.45277786254883,50.281447439271766
248,9.92,396.5503692626953,235.40941715240479,101.33927116337046,391.3926315307617,202.21132278442383,97.49392109050692,371.2492370605469,184.3809413909912,72.00911777448287,349.2030334472656,177.98831462860107,60.09126107081649,333.6829376220703,182.68508434295654,81.20977605936986,355.7200622558594,163.35697174072266,100.79034569632255,325.14915466308594,166.45771980285645,112.80849468591198,316.3385200500488,180.37927150726318,133.69597541430528,315.7247543334961,189.61960315704346,126.39724250192539,343.5300064086914,169.3932008743286,97.78739246648574,307.5854682922363,169.1332483291626,70.68840860104007,300.69236755371094,186.06528282165527,77.15393577508199,303.216552734375,199.2464303970337,82.0980817871986,334.32132720947266,182.41175651550293,97.52465861232383,297.4552536010742,182.14303493499756,68.20532721509232,292.0451545715332,198.7030792236328,59.11631897393556,294.79013442993164,210.77579498291016,55.587162125657485,326.87408447265625,201.42601490020752,108.09752364823943,297.97834396362305,200.63379764556885,94.62380676122817,294.14257049560547,209.8308277130127,95.30999503143437,296.7952346801758,218.83947372436523,94.30025179427602
249,9.96,397.4005126953125,231.53456211090088,99.17549296792774,390.6488800048828,199.9048662185669,60.585209738184865,369.9275588989258,183.46189498901367,40.245181791535416,348.33858489990234,178.19766998291016,22.23596404780396,332.8160858154297,184.1956901550293,43.541373816636316,355.16910552978516,163.34295272827148,13.778376326615192,323.83068084716797,166.09302520751953,34.199555471610715,314.4272232055664,179.94890213012695,48.97878002579976,313.57547760009766,189.5638132095337,53.75001741261928,343.76468658447266,169.7253942489624,10.168186387432351,306.9848442077637,168.7226915359497,18.188357734102,300.0417137145996,185.40152549743652,23.23688075834869,302.722110748291,198.23919296264648,28.051293718311797,335.29972076416016,182.7655792236328,26.010147738940354,297.8714370727539,181.6871166229248,15.432720705181618,292.0711898803711,198.46057891845703,6.097347544046888,294.44915771484375,210.75167655944824,8.54571598018624,328.8013458251953,201.5929126739502,48.36185989412885,300.5331611633301,201.44712924957275,67.02890804529063,296.01762771606445,210.6358766555786,51.01435692480276,297.7402877807617,219.22616958618164,25.52766945484139
250,10.0,394.98558044433594,227.36639499664307,120.4302569674328,386.329345703125,196.70531272888184,134.38638118643706,365.3614044189453,181.66266918182373,122.69622101022509,343.3036804199219,176.5955114364624,132.0917652866819,327.5789260864258,182.73417949676514,135.9316359225291,351.9459533691406,162.99925804138184,81.03562445177924,318.37574005126953,165.82149982452393,136.5423586299504,307.69392013549805,180.5146837234497,168.92579555224617,306.78653717041016,191.98983192443848,180.23470629105012,340.82313537597656,168.28064918518066,81.92989309283932,302.25046157836914,169.5021629333496,119.95299741168735,293.7125778198242,186.75048351287842,161.78235553892927,295.5276870727539,200.70307731628418,190.11584976539558,332.1144485473633,180.26604652404785,101.22259756161344,293.5093688964844,180.87954998016357,110.90480900564017,286.9317436218262,197.9298448562622,129.1694296487302,289.41307067871094,211.44744873046875,127.09807126160383,324.63626861572266,198.49647045135498,129.74933188348922,295.4555320739746,199.7556495666504,133.79887118079506,291.6144371032715,209.9172019958496,111.53637534209612,294.86644744873047,220.06703853607178,74.85827795282073
251,10.04,392.0030975341797,221.91713333129883,155.30143473010068,382.39139556884766,194.88698959350586,108.43705053134074,361.1700439453125,182.70870208740234,107.99793823114376,339.0960693359375,178.08056831359863,111.54983460991153,323.8481140136719,183.12171936035156,93.7721502768642,351.65802001953125,164.65049743652344,41.90388670729778,320.0625991821289,164.80065822601318,49.292565974835476,310.3252983093262,178.4634304046631,83.41084788387901,310.12380599975586,189.9704933166504,97.51631803263096,339.178466796875,167.5352954864502,45.14204575071298,302.13619232177734,166.98869705200195,62.90155105252171,293.64599227905273,183.36052894592285,84.76521102530334,295.2455520629883,196.66983604431152,101.07743109146281,329.39449310302734,176.81867122650146,109.77976265376097,290.7610321044922,176.0487413406372,138.94708352899247,285.91495513916016,194.43762302398682,90.93085334576743,289.6982002258301,208.7845230102539,66.95367918392401,321.0157012939453,193.05350303649902,163.42888746084967,292.4940872192383,196.62001132965088,107.82619921944318,289.49352264404297,209.13818836212158,56.486394295986955,293.3924102783203,221.0778522491455,44.68312001114544
252,10.08,386.3780212402344,212.93147563934326,265.0277432054352,375.8134078979492,188.4235668182373,230.55063946228836,355.3038787841797,176.83366298675537,207.55718810098332,334.38411712646484,172.1817111968994,188.7442199571739,320.49644470214844,176.62073135375977,182.85330909580634,342.8062057495117,159.02835845947266,262.1581852481854,312.89894104003906,158.95341396331787,231.17669573882412,306.25091552734375,173.7777328491211,155.23441273628532,308.1305694580078,185.5435037612915,121.37552377491619,330.8123016357422,161.72574520111084,254.6364982936939,294.8752021789551,163.23131561279297,204.38917096722963,289.0216827392578,181.12452507019043,128.41327825649674,292.8791809082031,194.46507453918457,80.85745844033538,321.44901275634766,171.52623653411865,238.66886437149998,284.28314208984375,172.68575191497803,182.47047178752203,281.39089584350586,192.96466827392578,118.9451244438045,287.198486328125,207.30274200439453,72.64745573532468,314.22983169555664,188.00039291381836,211.51528922023792,287.83761978149414,193.50680351257324,140.03292450144713,286.1263656616211,207.18978881835938,97.25612746250607,291.39535903930664,218.56779098510742,80.18970164736912
253,10.12,382.3404312133789,208.7709903717041,144.93914862625374,373.5173797607422,181.06083869934082,192.81064311850656,351.8990707397461,168.96061420440674,214.44348752742673,330.48500061035156,166.58021450042725,170.623626087538,316.6448783874512,173.5751438140869,122.75526093186701,337.32189178466797,152.08611488342285,221.17929030283463,304.50124740600586,156.3855743408203,219.53795044642933,297.1612739562988,170.6762409210205,240.10523222920023,298.5992431640625,181.00991249084473,263.8650587055869,325.84110260009766,157.79050827026367,158.50652501138666,289.24158096313477,161.9067621231079,144.6809635680728,285.2748107910156,179.49814796447754,102.11559591497044,290.4931640625,192.09468841552734,84.08257386048335,317.62935638427734,169.71960067749023,105.63412066879965,281.8656921386719,174.3623971939087,73.54931873316956,281.10198974609375,193.180890083313,9.021453734590565,287.4308776855469,206.04373455047607,32.00688902434343,311.83231353759766,187.76309967041016,60.230813340796686,286.9184112548828,193.24447631835938,23.897696963032452,285.8048439025879,205.7945680618286,35.79470282899828,290.5915832519531,216.02478504180908,66.67521439779198
254,10.16,381.0004425048828,205.07022857666016,98.39717857538496,373.66798400878906,175.22602558135986,145.91891104585372,351.9438171386719,160.6901979446411,206.76343268034069,329.8337173461914,158.70327472686768,197.59546756957099,315.4209518432617,166.89012050628662,169.90352558769328,335.01758575439453,146.02157592773438,162.18904676761005,303.06493759155273,152.18138694763184,111.06917191591488,294.61084365844727,165.7113218307495,139.54192084535157,294.5009422302246,174.21339511871338,198.41358152540195,323.5155487060547,153.38953971862793,124.44056087793787,288.1141662597656,156.7294979095459,132.46492141884866,284.2808532714844,172.19841957092285,184.1772009680847,289.86194610595703,182.16510772705078,248.74058871345886,315.83911895751953,166.8262481689453,85.06041523113008,282.0283317565918,169.94945526123047,110.39844922627691,282.40989685058594,185.3574800491333,198.2995927203403,290.0080680847168,194.19626712799072,303.11342212984533,311.37224197387695,185.78410148620605,50.79431351556211,289.17396545410156,190.5547857284546,87.75662444737323,289.84994888305664,200.60295581817627,164.53668282379695,295.7184600830078,207.151837348938,256.1909283147432
255,10.2,378.5337448120117,203.33557605743408,75.38906116967891,372.3223876953125,170.70529460906982,117.91850459815498,350.4353713989258,151.87660217285156,223.5437303111306,324.60926055908203,151.40148639678955,224.45915766799075,307.42164611816406,161.37660026550293,242.88345652945313,332.5825881958008,135.5851650238037,267.91776451231306,298.36719512939453,145.87746620178223,196.54547980479816,296.5948677062988,158.97571563720703,175.5433390521788,302.11713790893555,163.73193740844727,323.90912339392366,320.953369140625,147.1131992340088,169.4793755969563,286.0968017578125,152.37324714660645,120.01739520625527,289.02929306030273,165.0353479385376,214.85063945494161,298.9858627319336,169.53124523162842,389.5994226052986,313.6238098144531,163.9209222793579,91.33904259700655,282.46726989746094,166.78632259368896,79.83606235584381,289.14562225341797,176.3939666748047,280.3062707938014,300.2936363220215,177.6824426651001,486.3764696427397,309.8729705810547,184.20949459075928,54.35532163760368,291.69769287109375,183.93043041229248,177.22034912440793,298.8418197631836,188.89682292938232,369.0251423810598,308.8328552246094,189.7972583770752,543.8110719844973
256,10.24,371.46507263183594,195.56705474853516,262.57861884301394,368.39378356933594,158.83196353912354,312.65988017651864,348.8924789428711,136.90142154693604,376.36132232681854,324.31941986083984,134.04790878295898,433.8999478779633,307.3132514953613,143.31298828125,451.59843010127554,334.9285125732422,118.64031314849854,427.6617868280284,305.6827926635742,121.30650043487549,640.9223461156384,307.7336311340332,131.3967990875244,743.5845146793127,317.28271484375,137.03917980194092,767.5032705164351,319.48055267333984,131.5803337097168,390.0633760541717,291.08163833618164,131.11867904663086,545.7822716234622,296.5751075744629,141.74646377563477,612.0209566648925,308.0433654785156,148.05925369262695,582.6044845429507,308.29429626464844,148.6988353729248,403.2025270138398,282.5092887878418,147.0237636566162,494.06509017564116,290.95434188842773,155.6312084197998,521.0347859511418,302.33205795288086,159.6833324432373,452.8542339455939,301.1255645751953,168.44449996948242,450.730079454595,284.43077087402344,164.78944301605225,511.850535932202,293.275146484375,169.96996879577637,493.21246612628727,303.13995361328125,172.78748989105225,448.428751799242
257,10.28,364.6199035644531,183.22199821472168,352.8958419138228,363.6985778808594,145.6787395477295,349.15277621773834,345.7945251464844,120.04965305328369,428.3539855424779,324.62486267089844,113.36061716079712,517.2386598385851,307.39940643310547,119.62796688079834,592.1294523862322,330.1822280883789,104.14779424667358,381.2482135458206,300.92613220214844,100.91988801956177,523.3544356585189,303.23869705200195,110.46949625015259,535.1147286148533,313.68249893188477,117.01656818389893,508.5927463470882,315.1786422729492,118.66880893707275,340.23328857527105,286.87185287475586,113.8896918296814,443.39619286327877,292.93161392211914,124.05007839202881,451.6892610244983,305.2055358886719,130.68384647369385,440.1406400265327,304.0567970275879,137.11056232452393,308.46846681263764,278.8777732849121,130.8107042312622,415.3697154178424,287.46612548828125,139.11113262176514,422.10821926007736,299.37206268310547,143.97181034088135,399.69793185754077,297.4530029296875,157.4235963821411,290.417829301086,282.5566864013672,150.8124589920044,352.55165846576665,291.41822814941406,155.80371379852295,357.18598652340904,301.67213439941406,159.3835687637329,337.1012411279393
258,10.32,358.8036346435547,170.76624870300293,343.67015441671225,357.4014663696289,132.10427284240723,374.09871668348956,339.1263961791992,105.9125804901123,390.7690850911192,318.11180114746094,98.89554977416992,396.59341972269584,300.6050109863281,103.68927955627441,433.1610288883111,324.43214416503906,88.27378749847412,422.0837856452003,295.5569648742676,81.01881980895996,515.3157246520143,293.77620697021484,92.13103294372559,515.8960378488873,301.1295509338379,100.44217586517334,519.7878077739384,308.3028793334961,103.26483249664307,421.7216248433838,281.4641571044922,96.42291069030762,457.11843166904737,287.50152587890625,107.824866771698,427.74360623623113,299.6586036682129,115.14409303665161,412.5018135887648,296.7082977294922,122.32263565063477,412.8280644275801,273.0926513671875,114.7243881225586,427.37366667829093,281.6625785827637,123.69492530822754,411.8104878297425,293.3713912963867,129.31098461151123,396.03335414957945,289.7195625305176,143.19311141967773,404.90184202039154,273.88341903686523,132.91357040405273,497.2397431446178,282.6907539367676,138.64272594451904,481.31870305552155,293.46940994262695,143.51157188415527,446.6577083316259
259,10.36,360.2305603027344,170.0666856765747,39.72959590131455,358.66809844970703,131.21332168579102,38.71490983586622,339.06429290771484,105.66408634185791,6.403424769495373,317.17912673950195,99.75086688995361,31.637091757679926,299.49745178222656,106.31471872329712,71.23735945032179,325.6983184814453,88.26311588287354,31.655482176338364,294.462947845459,78.88874530792236,59.864903320381266,291.9410514831543,90.05531787872314,69.26574140929321,298.98685455322266,99.54185485839844,58.104032211315804,309.42331314086914,103.48852157592773,28.563621103771187,281.04393005371094,98.659987449646,56.90509204686899,287.5852394104004,110.1679801940918,58.6152095532657,300.3131675720215,116.30164861679077,33.245195379186505,298.0065155029297,122.79295921325684,34.51968316072129,272.65403747558594,116.05600118637085,35.04974587658706,281.73084259033203,125.60445785522461,47.768808617459854,293.55566024780273,130.75777530670166,36.46195244828475,291.6266632080078,143.62103462219238,48.86301810504356,275.9096336364746,134.05838012695312,58.18147742901865,285.67527770996094,140.35374641418457,86.00498968217907,296.5097999572754,144.94794845581055,84.065261466814
260,10.4,352.10777282714844,159.63468074798584,330.535931484421,350.2117156982422,120.25877952575684,345.97001601948693,331.16138458251953,95.42356967926025,323.38458288215213,308.5457229614258,89.8802661895752,327.83801162084114,289.60004806518555,95.13295412063599,373.3216273933768,317.8075981140137,78.05964946746826,322.46530317937294,285.7712173461914,67.29580879211426,362.2346926816363,280.9098243713379,77.51927375793457,417.4628529812796,285.96628189086914,86.01186275482178,469.4384935607077,302.5772285461426,93.61912250518799,300.2851897526655,274.66360092163086,85.43343544006348,367.12589623304046,280.87894439697266,95.75600624084473,397.3973027998851,292.8302764892578,102.0352292060852,402.7440112517663,291.6440200805664,112.81619310379028,295.8221699799075,267.16686248779297,101.7768144607544,382.4299469279324,275.3846549987793,109.56459045410156,431.24198774643025,286.2371826171875,115.0037956237793,434.2723732576611,285.20299911499023,132.7682876586914,315.283183259216,268.8584327697754,120.52209377288818,381.5678854425715,277.3579788208008,125.58591842651367,423.7232324031371,287.46559143066406,130.30069828033447,430.3629613301813
261,10.44,344.18155670166016,153.94196033477783,243.96716962906302,345.4263687133789,114.27638053894043,191.5212837438082,329.8820495605469,89.51024293899536,151.2533702838915,309.8194122314453,81.58719062805176,209.7578762312934,293.33805084228516,86.04753255844116,245.60836422595506,312.6779556274414,71.39515399932861,210.25093918473527,283.7388038635254,62.05165386199951,140.60553308718286,284.66894149780273,72.20675468444824,162.6995322608468,293.5525321960449,79.83471393585205,244.57662554974303,295.841121673584,85.1253890991211,271.01503990999726,270.4366111755371,76.49676561355591,247.1481209487447,275.78399658203125,86.48217916488647,264.5306715105932,286.48597717285156,92.97806024551392,276.4534809381237,283.7198257446289,103.40722560882568,307.53203613099845,260.8328056335449,92.7876091003418,274.9159976753322,268.3924865722656,100.45944213867188,287.00407787902896,278.651123046875,106.1251974105835,291.9522713943299,276.4817810058594,123.27399730682373,322.29760566962767,261.7320442199707,111.99841976165771,277.7571245851682,269.9314498901367,115.83493709564209,306.42593810841595,279.5138931274414,120.27099609375,319.9847963742295
262,10.48,338.69529724121094,145.72973728179932,246.90540994888144,340.55431365966797,107.35927820205688,211.5171759948085,325.7741928100586,83.1468915939331,189.35206531623467,305.8207321166992,74.29991483688354,207.80674784010884,290.22531509399414,78.48268032073975,204.50567415255398,306.82138442993164,64.70580339431763,222.27072134598305,278.5214614868164,59.48064923286438,145.41046703822087,281.2884712219238,69.5752501487732,107.09923963134369,290.3523826599121,75.70805311203003,130.55239994078647,290.725040435791,78.61687660217285,206.9647043499034,263.63109588623047,71.512770652771,210.88391967222728,269.2397689819336,81.48569583892822,205.83937990041346,280.1417541503906,88.01460027694702,201.37822098337975,278.83365631103516,96.96051836013794,202.22927286261773,254.39264297485352,86.37235879898071,227.25416869047285,261.9644355773926,94.230637550354,223.77143220278663,272.7043914794922,99.98704433441162,213.6593953015896,271.71192169189453,116.98238611221313,197.38276472878547,255.08895874023438,106.1370849609375,221.48057242286728,263.28269958496094,110.22444248199463,217.49070444265863,273.2410430908203,114.41212177276611,214.58543737143145
263,10.52,333.48243713378906,139.07275199890137,211.37845732871864,334.7153091430664,101.16332530975342,212.84355461896354,320.4364013671875,78.69318008422852,173.7950727496018,300.9205627441406,71.81498765945435,137.35565823093967,286.1934471130371,76.37515068054199,113.73664921700318,302.01732635498047,61.36612415313721,146.27121944669042,274.11794662475586,58.371899127960205,113.52386845811637,277.21155166625977,68.48695278167725,105.49189608266134,285.9774589538574,74.48396444320679,113.57362838413661,285.82592010498047,74.40954208374023,161.44473467288245,259.3620300292969,69.37195301055908,119.39436614650714,265.0844955444336,79.54647302627563,114.63769683634088,275.7931327819824,85.69961071014404,123.1606788411562,274.117431640625,92.1937108039856,167.64029463999785,248.20428848266602,82.3209285736084,184.9152140036711,255.92945098876953,90.6639575958252,175.25382464256543,267.0186233520508,96.2558913230896,170.01739247964812,267.23388671875,111.9331955909729,168.72152007910805,248.5670280456543,100.91144800186157,208.93010436053441,256.2527275085449,105.04066228866577,218.36335041613765,266.2071228027344,109.24452781677246,218.2029759094286
264,10.56,325.0022506713867,136.10507011413574,224.61174586143926,327.15065002441406,99.68421220779419,192.69769580517416,310.18835067749023,77.0415186882019,259.5073798393424,289.58635330200195,71.37706518173218,283.5666585817607,275.21240234375,77.59685039520264,276.2199015479896,292.54724502563477,59.616615772247314,240.7582033379471,266.8555450439453,60.12126445770264,186.75310535882724,267.659912109375,70.58087825775146,244.46157945063482,274.07495498657227,76.57758235931396,302.1308043193832,276.49627685546875,71.77631378173828,242.35322162809143,252.69084930419922,68.83481740951538,167.31924373936914,257.1173858642578,79.39148426055908,199.21542700906878,266.4182472229004,84.92919445037842,235.1622052690388,265.69082260131836,88.92118692398071,225.9938500912782,240.31549453735352,78.87943267822266,215.16993852179388,245.36687850952148,86.79953813552856,281.1824087052828,254.6684455871582,91.36883497238159,332.04876392579985,259.5428466796875,108.20260047912598,213.7016564790132,241.1602783203125,97.32873916625977,205.69355862324366,247.0215606689453,100.34462213516235,258.9247409285175,256.04576110839844,103.86648416519165,287.42023350121246
265,10.6,319.78404998779297,133.9134979248047,141.4933899412522,320.7147979736328,97.89280414581299,167.0129756637124,306.00738525390625,76.4146614074707,105.69242499941316,287.38088607788086,71.31970882415771,55.155322886976485,273.39765548706055,76.01176500320435,60.238078975172684,288.16492080688477,59.243323802948,109.9548556584308,263.19467544555664,61.28125190734863,96.00630545614783,264.5221710205078,72.09784984588623,87.1300104010293,271.2822723388672,78.05889129638672,79.03066073463457,272.14067459106445,71.22942209243774,109.74505001795592,249.5267105102539,69.32860136032104,80.060902198822,254.01844024658203,80.44138669967651,81.79914070826425,263.67855072021484,86.0648775100708,74.14391807027933,261.2018013000488,88.46338033676147,112.80763248378001,235.78258514404297,78.88418912887573,113.32279722044514,240.4351043701172,87.40116119384766,124.20835938655208,249.98886108398438,92.15475797653198,118.62805868237238,254.74273681640625,107.97327518463135,120.13961875216526,235.2889060974121,96.60250425338745,147.9029008516249,240.5531883239746,99.79697227478027,162.2878637690568,249.37322616577148,103.2798957824707,167.4567266701327
266,10.64,315.0779342651367,132.73192405700684,121.30447745264581,317.14717864990234,98.28756809234619,89.73483929241723,303.8743019104004,77.29209423065186,57.6624493796536,285.72715759277344,71.00911617279053,42.066061866567296,271.7053031921387,74.00078058242798,65.70823117546138,284.63085174560547,59.35996770858765,88.39983714144502,259.7931480407715,61.12224340438843,85.1310474706426,260.1050567626953,71.32861375808716,112.08987054296793,266.2346839904785,77.37718105316162,127.33537654189797,269.0778160095215,71.5177059173584,76.90989148933595,245.9016990661621,68.84040355682373,91.44344244236467,249.15908813476562,79.3818998336792,124.33778429603413,258.14353942871094,85.20142793655396,140.0488646042029,258.3141899108887,88.70839834213257,72.44969529682078,232.75657653808594,78.72369289398193,75.75654726136342,235.47496795654297,86.22876405715942,127.42024046285701,243.8378143310547,90.78660249710083,157.53417401595823,251.82823181152344,108.17562103271484,73.03801777894336,231.74209594726562,95.73270320892334,91.2976454314848,235.5518341064453,98.16278457641602,131.53923711834796,243.69348526000977,101.51058912277222,148.72353296602972
267,10.68,312.8943634033203,130.2013063430786,83.56138358499153,315.8736801147461,96.86141967773438,47.79969808707551,303.56714248657227,76.73181295394897,15.973846215576806,286.05892181396484,70.03535270690918,25.718218080137216,272.3137664794922,72.1896743774414,47.76461332538655,281.88655853271484,58.12122344970703,75.27297231255731,258.0486297607422,60.38311958312988,47.365916362059664,258.98433685302734,70.86809635162354,30.291184748848153,265.13309478759766,76.81634187698364,30.903472230475987,266.2212371826172,70.29878854751587,77.64422929628189,244.02460098266602,67.97063827514648,51.72033485653761,248.00338745117188,78.57121467590332,35.29212460926271,257.11259841918945,84.48165893554688,31.43352887367949,255.62955856323242,87.53960609436035,73.20058397679901,230.56463241577148,77.80892372131348,59.37919287623723,233.4324836730957,84.60710763931274,65.19926948245094,241.69044494628906,88.77234220504761,73.6055356222064,249.58074569702148,107.07139492034912,62.60246172330907,229.5554542541504,94.57148551940918,61.89622573565402,232.9454803466797,95.8983063697815,86.31679105686473,240.54594039916992,98.38977813720703,110.81093092127591
268,10.72,312.05936431884766,128.90051364898682,38.64328130536382,316.7294502258301,97.30921983718872,24.14626609115828,306.0032844543457,77.26149559020996,62.326516138315,289.5490074157715,69.44371461868286,88.49693898441528,276.3251304626465,70.72319984436035,106.77543186965694,281.7394256591797,57.15728759765625,24.37750511926387,257.90624618530273,59.538424015045166,21.415293677896482,257.37449645996094,70.35157442092896,42.26686790528618,262.2273826599121,76.62739992141724,72.79621397930032,266.5249443054199,68.67429256439209,41.316047242766416,243.43334197998047,66.21179580688477,46.389074928921055,246.2179946899414,77.27672338485718,55.13242588559197,254.20011520385742,84.21642780303955,73.11337956062627,256.06300354003906,85.661301612854,48.191689332587075,229.11489486694336,75.19777536392212,74.66523080051117,229.03301239013672,81.44593477249146,135.43532004131137,234.6430206298828,85.93814849853516,189.89938694857088,249.92813110351562,105.373055934906,43.33756980179733,227.77666091918945,92.3085880279541,71.9583681084727,229.08466339111328,91.73986673355103,141.859366479098,234.76913452148438,92.81477451324463,200.70524338513215
269,10.76,311.7021179199219,129.87678050994873,25.98944465256361,314.0760803222656,96.55586957931519,68.95609316885889,299.6881866455078,75.00755310058594,167.63188293423195,279.46542739868164,69.13729190826416,252.20586932914787,263.8252258300781,73.56505393981934,320.47206442526016,282.1303939819336,58.00053834915161,23.236932608652523,256.51376724243164,60.114097595214844,37.66959713453256,255.1388168334961,70.82533836364746,57.13315404392054,260.2775764465332,77.32915878295898,51.806187911552605,266.4657783508301,69.77989196777344,27.679534982317257,241.70055389404297,66.31689548492432,43.39931230079402,245.10320663452148,77.81079053878784,30.90287338394411,254.50843811035156,84.542555809021,11.220029271197006,255.37107467651367,86.33666038513184,24.172233857674378,227.62569427490234,75.30466318130493,37.325790420634206,230.29748916625977,83.38060140609741,57.78103333135548,239.0381622314453,88.6681580543518,129.3498692322387,248.50351333618164,105.1603889465332,36.01009433953229,226.98089599609375,90.943922996521,39.49329421596334,230.6991195678711,92.79276609420776,48.18626496694118,238.90691757202148,95.57031154632568,124.28352896199009
270,10.8,312.1183395385742,130.7669734954834,24.567305348377936,315.53245544433594,97.02818155288696,38.27619280117689,302.6152992248535,75.71898937225342,75.30824000735237,283.1139945983887,68.79971981048584,91.60375787862249,268.11702728271484,72.11439371109009,113.2584842519299,281.90568923950195,58.172160387039185,7.068696182816955,257.10424423217773,59.45954203605652,22.038404766518894,255.58353424072266,69.88085746765137,26.09858395574246,260.1999855041504,76.30828857421875,25.595365027593164,266.2505912780762,70.01970291137695,8.055074679681882,242.11368560791016,66.22302532196045,10.591547942159549,244.60025787353516,77.37362623214722,16.659645989228377,253.07035446166992,84.04646873474121,38.03113006039409,255.6686782836914,86.75240993499756,12.782204309575047,228.02492141723633,75.14314413070679,10.766577766469174,228.29147338867188,81.8458342552185,63.1447222029903,235.0224494934082,86.29003286361694,116.67644421979857,249.66009140014648,106.1587142944336,38.196255692681305,228.40845108032227,92.51524686813354,53.07407693501446,230.02338409423828,92.52237796783447,18.195606770753418,236.3700294494629,93.86373996734619,76.4370161495701
271,10.84,312.6196098327637,131.56039237976074,23.46254240492553,312.25406646728516,96.99977159500122,81.96280181641524,295.95808029174805,75.807945728302,166.44533103353214,274.5278549194336,72.24660873413086,231.304504169387,258.8030242919922,77.53043174743652,269.3558516655313,280.27421951293945,58.521283864974976,41.71016566389947,254.11178588867188,62.76841878890991,111.53326942887784,252.62210845947266,72.80147552490234,103.98332947578857,257.3870849609375,78.45537900924683,88.46753218764931,264.8476791381836,71.42751216888428,49.68707941822814,240.00652313232422,68.6916732788086,81.14168331292484,243.63447189331055,78.67106437683105,40.435815644047615,253.15729141235352,84.57620859146118,13.420654538617349,254.5767593383789,88.86037588119507,59.34963886505926,226.9919776916504,78.50353717803955,87.8891851025687,231.71148300170898,86.0045599937439,134.60930855985544,241.70066833496094,90.64768552780151,199.35480875399148,248.83806228637695,108.64271879196167,65.4122035996745,228.23257446289062,95.49096822738647,74.52285803896555,233.38516235351562,97.33499050140381,146.76254729753617,241.98083877563477,99.76311206817627,203.53711651488405
272,10.88,312.98240661621094,132.4607276916504,24.267071052085072,314.47587966918945,99.10660028457642,76.54729351589349,301.56497955322266,77.87136554718018,149.36327501527893,282.2134780883789,71.64849758148193,192.72152910020202,267.2756004333496,75.34926652908325,218.72075258885056,279.3829154968262,61.31120681762695,73.22095384380243,253.20261001586914,64.04153823852539,39.11069147844864,248.86188507080078,73.895423412323,97.90301933899661,251.17252349853516,79.68421697616577,158.37222159938167,264.9184226989746,73.56029033660889,53.3487778920247,238.63113403320312,71.05065822601318,68.26650512476348,237.85585403442383,81.27247095108032,158.4292833640451,244.0374755859375,86.85916185379028,235.0304718352058,255.3857421875,90.82511901855469,53.11937526678591,226.9695281982422,81.26973152160645,69.15713595743287,226.35650634765625,89.25994634628296,156.67106319800132,232.54583358764648,94.07973289489746,244.42528048033708,249.93999481201172,110.97302913665771,64.44281182591864,227.63999938964844,99.26272630691528,95.45059005815139,228.42456817626953,101.09631299972534,155.63386827685432,234.4336700439453,103.39511632919312,209.3907991302321
273,10.92,316.06367111206055,131.7835807800293,78.86982484330323,313.8409423828125,99.42971706390381,17.81063254622495,296.4385223388672,78.84019374847412,130.43003788966638,274.5713806152344,74.40753936767578,203.12244670242285,258.43854904174805,79.5918345451355,245.0674150471618,282.05848693847656,63.15276861190796,81.20203346257188,250.43218612670898,65.7141637802124,80.90474618468411,238.3192253112793,74.72504138946533,264.38128336863144,234.78689193725586,81.412353515625,411.91274679916006,269.99990463256836,75.30069351196289,134.28156485120635,238.26587677001953,70.53673267364502,15.762541468726015,230.6502914428711,79.42858457565308,185.9436225483923,231.3690185546875,86.96562767028809,316.72260982868556,260.705623626709,91.70733690261841,134.81340558852568,229.1789436340332,81.18735551834106,55.27376397207801,223.08048248291016,87.50730514526367,92.88461774527127,224.87442016601562,93.05906295776367,193.47537150459678,254.1331672668457,110.93583583831787,104.83343508102465,228.30116271972656,98.36536645889282,27.865655898916252,224.1005516052246,98.6770248413086,123.87007936777596,226.33480072021484,100.35030841827393,216.30785286435295
274,10.96,320.4894256591797,128.18554401397705,142.59464374847994,316.92346572875977,94.77763652801514,139.51658389485496,300.0995635986328,73.79909992218018,155.75591897100813,279.4606399536133,68.28530788421631,195.87396332684781,263.4157943725586,70.17285346984863,266.32941958654266,288.0320358276367,60.46936511993408,163.71457752733133,255.50058364868164,56.0081684589386,273.74143664383314,243.58877182006836,63.805575370788574,303.1118384166637,240.75922012329102,70.40823698043823,313.00887036320637,275.5185127258301,73.73853921890259,143.38619468576047,240.43010711669922,61.15254878997803,240.76285032678499,232.47154235839844,69.2536211013794,258.41685872843215,234.63863372802734,77.47123718261719,251.04012890635357,266.1289405822754,91.09651565551758,136.44016407486993,231.98596954345703,76.75048828125,131.25639350082335,225.08846282958984,81.41389846801758,160.39324722178762,227.2591781616211,86.01433038711548,185.93568728453482,259.95670318603516,111.32703065872192,145.91650863936007,233.1226348876953,95.42118072509766,141.23301557528134,226.29467010498047,92.71466732025146,158.83140275122983,226.29278182983398,91.54179811477661,220.2152630864389
275,11.0,331.24755859375,128.14843654632568,268.9549232701945,328.8851547241211,93.88858079910278,299.86707858530855,310.21493911743164,72.21483707427979,255.96717399106095,287.6504135131836,65.6928563117981,214.7574156350175,269.8846626281738,67.34092712402344,176.53976771659222,299.3531799316406,57.33942747116089,293.64605981184036,264.98273849487305,50.283071994781494,276.9115269935681,250.74880599975586,56.66468381881714,252.8072655345746,245.41770935058594,63.74937057495117,203.1656093051722,286.23043060302734,70.95401287078857,276.69790791488595,251.12356185913086,55.27319312095642,305.07867572489624,240.66064834594727,60.47191858291626,300.18718743278527,238.87847900390625,67.94137001037598,260.76169231210105,276.3469886779785,88.78762722015381,261.8915241720544,242.7817726135254,70.55331230163574,311.2016569384767,233.4585952758789,71.65303945541382,321.4551736171283,231.44269943237305,74.86755609512329,297.6495709507364,269.85179901123047,109.25716638565063,252.7316505440289,244.48457717895508,91.4851427078247,300.6099298752197,236.65584564208984,86.26834630966187,305.0707019306782,233.53612899780273,83.54151964187622,269.8037873155165
276,11.04,356.6361618041992,132.6913833618164,644.7962559725793,351.2188720703125,97.65383005142212,566.2221474560924,331.1526107788086,74.7003436088562,527.1170632157111,304.715633392334,70.28977632522583,441.83806644346674,285.5875778198242,75.66307783126831,444.2970134875015,322.15675354003906,60.10420560836792,574.2641854264593,281.55757904052734,55.36198139190674,433.38829282906966,277.05406188964844,65.90526580810547,697.0270990667651,282.4175834655762,72.66293048858643,951.4601393578877,307.3895263671875,76.24624013900757,545.2722960912402,264.5811080932617,59.487948417663574,352.55293295377174,266.9706916809082,68.86879920959473,690.4373543931279,277.75943756103516,76.08441352844238,993.1131909487643,296.62282943725586,96.1197566986084,539.0210114088754,258.7331771850586,77.8439712524414,438.46394930319894,263.1546401977539,83.70321035385132,801.195084968218,273.5780334472656,87.66953945159912,1100.930614981607,289.6692085266113,118.13532829284668,542.8809024262911,261.47056579589844,98.83556127548218,462.7043213642846,263.85337829589844,97.8512191772461,739.0317678902594,270.6736946105957,98.38130950927734,999.8181531387107
277,11.08,372.4068832397461,148.54166507720947,558.9874132387405,366.02970123291016,109.75626468658447,478.16680182104767,342.0389175415039,87.0011830329895,410.65673429110603,316.2680435180664,86.20990991592407,491.7499575869348,298.6897659301758,97.19998598098755,630.2309824225564,326.6679000854492,70.49850940704346,283.2754783480723,288.8503646850586,71.75466299057007,448.5425930529316,291.8908500671387,82.37249851226807,554.13222494543,302.6935005187988,88.25009822845459,639.371082832552,312.8901481628418,87.44645118713379,311.9510855701136,275.15172958374023,83.97540807723999,666.7897528805222,282.43419647216797,95.73592185974121,774.9847820793516,295.5475425720215,101.86668634414673,783.0797658226156,303.4662628173828,108.86882543563843,361.7417363342184,268.5775375366211,101.27156496047974,635.296966819619,277.82445907592773,110.80000162124634,770.3244782667887,290.3466033935547,115.63411474227905,815.1696177911745,298.25048446655273,132.88965225219727,426.70860391993796,273.1600570678711,122.9860782623291,670.7699293207334,281.3359260559082,127.25669860839844,855.2491218780008,291.71796798706055,130.65110206604004,963.1332181998125
278,11.12,387.21649169921875,163.23575019836426,521.5605431482923,371.85699462890625,138.64803314208984,736.8393790413022,344.68666076660156,122.36985683441162,886.6910505699877,321.09344482421875,121.90186500549316,900.4166243610626,305.9324645996094,131.50517463684082,876.5353147227937,322.76336669921875,108.29913854598999,950.0437306593979,288.7918281555176,117.4313735961914,1141.9187028514148,295.6324577331543,129.37731742858887,1178.8375177697562,309.3005561828613,132.9623794555664,1129.945042103917,314.86122131347656,118.57112646102905,779.67562977761,279.90116119384766,124.83691692352295,1028.4150444415511,287.6283645629883,136.68279647827148,1031.875090303247,301.5210723876953,140.18361568450928,969.4941118094401,311.11934661865234,132.6741886138916,625.1324898160519,280.2637481689453,138.380126953125,972.6294554277353,288.9860153198242,145.8962631225586,920.7089351262691,301.3058090209961,146.1185073852539,809.8620186471592,311.26556396484375,148.2617425918579,503.5458368892072,288.93627166748047,152.21637725830078,830.3987470211341,296.66080474853516,157.19823360443115,840.8877098275308,307.1078681945801,158.00100803375244,784.5645228565176
279,11.16,392.25746154785156,181.9579839706421,484.7250602394657,382.3525619506836,148.75498294830322,364.26927522033503,356.5030288696289,133.3113956451416,402.60388930448164,331.51275634765625,134.6044921875,410.73013490269403,316.894588470459,144.80210781097412,430.8252194895988,335.9952926635742,119.08834934234619,426.8276396380581,307.7772331237793,130.07184505462646,570.212197618356,308.1806945800781,142.51636505126953,454.21141855800977,314.967041015625,149.478120803833,436.51944590331817,323.05870056152344,131.92796230316162,391.7937353824047,291.4269256591797,142.3877763748169,524.9261340830396,294.69722747802734,155.9972620010376,514.1846709486628,303.90790939331055,161.85364723205566,545.0270968969284,316.0445785522461,149.1850233078003,430.74468357809604,282.3521041870117,156.13205909729004,446.85870649263546,288.45861434936523,170.43651580810547,613.647982180201,299.2787551879883,175.76687335968018,742.9394962728413,314.18033599853516,170.00614643096924,548.4723069164186,289.69493865966797,178.4988498687744,657.3355032465021,295.04907608032227,187.77693271636963,765.5286199248229,304.9970817565918,190.98421096801758,826.2668663897697
280,11.2,391.71886444091797,181.26388549804688,21.963884180289117,381.82098388671875,149.26743507385254,18.459117311450456,357.3474884033203,134.01931285858154,27.548351642236224,333.31695556640625,135.47648906707764,50.09686479044401,317.978572845459,144.44322109222412,28.546254155966793,335.9492874145508,117.90902137756348,29.5056237378598,308.01496505737305,131.23748302459717,29.740842595743285,305.8384895324707,145.59645652770996,96.73704043784971,310.79700469970703,154.01408672332764,154.03771798428838,322.8578186035156,130.40762901306152,38.33867885406036,292.0106315612793,141.88233375549316,19.30325137079814,292.9305648803711,157.15096950531006,52.75022357400558,301.0100555419922,165.27967929840088,112.18080457242425,315.42993545532227,147.80702590942383,37.72153700580429,282.51855850219727,155.87303638458252,7.697394232070177,286.51763916015625,171.48290634155273,55.12666002949994,296.4960479736328,178.81901264190674,103.25639701410891,313.17211151123047,168.5948896408081,43.36013682358993,288.4334182739258,177.8385829925537,35.59657665665832,291.2715148925781,187.37228393554688,94.97930420285077,299.6815490722656,191.26057147979736,133.0677995671074
281,11.24,391.9553756713867,191.51063919067383,256.2370713805649,382.5062561035156,161.30211353302002,301.35432179855104,358.5896682739258,147.51073837280273,338.71224257907693,334.6673583984375,150.56402206420898,378.69615107983117,319.8499870300293,161.4959192276001,428.87695259426266,339.96875762939453,133.04885387420654,391.60779872407534,311.90038681030273,143.31225872039795,317.11266757853633,308.4491157531738,157.3849868774414,301.85345893202265,312.05217361450195,166.55372142791748,315.0574228704403,326.86710357666016,144.6766233444214,370.53893623364877,293.8032341003418,151.68030738830566,249.01519930059277,291.70013427734375,167.15982913970947,252.1051747906717,297.36289978027344,177.54389762878418,319.8757536192256,319.0543556213379,161.39392375946045,351.55032954680763,283.73779296875,164.22258853912354,210.95253296925392,285.49747467041016,179.58226203918457,204.08377309162188,293.96039962768555,188.72365951538086,255.60167035658944,316.4182662963867,181.89232349395752,342.1981041444386,290.58279037475586,186.10636711120605,213.5650583845392,291.2077522277832,195.88520050048828,212.82888390540938,298.12252044677734,201.76763534545898,265.5524445992072
282,11.28,392.7729034423828,203.16787719726562,292.1467413803786,383.2884216308594,170.98915100097656,242.96408919035605,361.34944915771484,157.96709060668945,270.3605145976795,339.8862075805664,159.82721328735352,265.8043199685972,326.3679504394531,169.7347927093506,262.6343504462041,346.2343215942383,143.0901861190796,295.89445441900784,319.4470405578613,151.55412197113037,279.37462822046155,317.890567779541,166.59843921661377,329.79986390650026,322.2997283935547,174.89577770233154,330.3428917760847,332.87132263183594,152.78657913208008,252.26725577786877,298.82518768310547,156.61492824554443,176.01580325380016,298.4672737121582,173.36651802062988,229.56094369845715,305.56034088134766,182.34912872314453,237.55037160014672,324.4148254394531,168.44717502593994,221.47656492705235,285.6533432006836,165.33936023712158,55.43302105080444,286.4946746826172,182.26966381072998,71.66125237031477,294.78023529052734,191.9319248199463,82.78396877772273,319.73169326782227,188.9085817337036,193.98240574508537,287.83607482910156,189.8164701461792,115.40502268872422,286.72168731689453,199.6873140335083,147.0137019606518,293.3583068847656,205.33307075500488,148.76588260606854
283,11.32,396.8903350830078,211.53242111206055,233.07568274295667,390.14251708984375,180.02763748168945,283.58515302164966,368.12435150146484,165.8860158920288,260.5387200615969,346.3114547729492,165.3116226196289,211.19088996564903,331.7866897583008,172.53690719604492,152.50938783024108,351.2378692626953,148.50234031677246,184.26696382240897,324.9604797363281,157.9993486404419,212.0420925097437,321.26808166503906,173.01506996154785,181.28146306842405,323.02398681640625,181.31841659545898,161.5836482572276,336.1282730102539,156.71161651611328,127.5089316320997,304.2009735107422,160.5269479751587,166.21328848333513,301.0320472717285,177.15884685516357,114.45474378850204,305.398006439209,187.57916450500488,130.81386287069333,325.8619689941406,171.52018547058105,84.91767211815713,290.7085418701172,168.05322647094727,143.44010841319448,288.4737014770508,184.10443782806396,67.4673196248098,293.5089302062988,194.5583438873291,72.94815682514397,319.2420196533203,191.35929107666016,62.47877905934291,290.05603790283203,187.3583221435547,82.80522195011959,287.2203063964844,195.80689430236816,97.8080974292029,291.6680717468262,202.59387016296387,80.4678301596477
284,11.36,395.33985137939453,219.12350177764893,193.69516221798116,391.0322952270508,190.47062873840332,262.0207190295906,370.64403533935547,175.29573440551758,243.53081060979292,348.69483947753906,171.28658294677734,160.81952921106662,333.7939453125,175.83316326141357,96.48309083831491,352.6811218261719,154.97833728790283,165.87177791156827,325.2907180786133,160.82719802856445,71.17667070668405,318.846435546875,175.0197458267212,78.59347637537876,319.1250228881836,183.38792324066162,110.3539121081558,338.1697082519531,161.2285852432251,123.92150824150163,304.9256706237793,162.89982318878174,62.026822247873845,299.8241996765137,178.9454984664917,53.9155577820984,303.1047821044922,189.99419689178467,83.25885567963837,327.5397491455078,174.31541919708252,81.50259896965314,293.01538467407227,171.08465194702148,95.23347671365073,290.1455879211426,186.2841510772705,68.67657047123339,294.76186752319336,197.01334476470947,68.9061010905659,320.04100799560547,192.88498878479004,43.05618326457565,292.0588684082031,188.01535606384277,52.69620245837313,288.5995292663574,196.1572265625,35.575521932836104,292.48050689697266,203.81818771362305,36.73387688875925
285,11.4,397.9361343383789,218.9379358291626,65.0726513423184,391.31359100341797,189.42784309387207,27.001495493797112,369.9977493286133,173.9381217956543,37.58987235729892,348.17893981933594,168.16999912261963,78.9748662167893,332.7790069580078,171.34357452392578,115.07200706295968,353.2048797607422,154.35178756713867,20.415786272744413,324.99114990234375,159.10740852355957,43.642131548527686,319.60344314575195,173.4664535522461,43.19850543350337,321.3602828979492,181.8121862411499,68.37092950812325,340.60943603515625,160.10235786437988,67.17821338143136,307.3588562011719,162.41146087646484,62.04277658460108,303.6566162109375,178.13720226287842,97.91820325564085,308.43915939331055,187.39325523376465,148.36710924233898,330.87642669677734,173.0149269104004,89.52896622345806,296.16682052612305,170.20570278167725,81.79280058801923,294.6714401245117,186.05084896087646,113.29653581491152,300.5145835876465,195.74764251708984,147.25773387552186,323.20919036865234,192.305645942688,80.51792377158877,294.9066162109375,190.57024955749512,95.6463156369782,292.53271102905273,200.1168394088745,139.5269970999633,296.94496154785156,207.2270965576172,140.42795046841584
286,11.44,396.1897277832031,222.46283054351807,98.34511491188842,389.4811248779297,194.54498291015625,135.88380146393212,367.8007125854492,178.85496139526367,134.63441726370488,345.0498580932617,174.1042184829712,167.71648671422952,329.4056701660156,178.01217555999756,186.83154325907088,354.9100112915039,155.22314071655273,47.871767829481236,326.6726303100586,160.14222621917725,49.35980161460053,323.3490753173828,175.40835857391357,105.47735384412347,327.2108459472656,184.51659679412842,161.13450211137288,341.66954040527344,159.3233871459961,32.888226005298186,308.9765739440918,163.3384895324707,46.61271838788983,308.20390701293945,180.41597843170166,127.15805731836338,315.44029235839844,189.66639518737793,184.0228043673415,331.3513946533203,171.01109504699707,51.48383664154355,296.21618270874023,170.3565502166748,3.9679634037875173,297.9622268676758,188.83787155151367,107.80993782377644,306.10626220703125,199.7041654586792,171.24715977536607,322.3879623413086,189.84020233154297,64.9655085056231,294.5948028564453,191.49032592773438,24.286931865618577,295.5074691772461,203.88360500335693,119.99403392465835,302.4048614501953,213.36456298828125,205.36400781773682
287,11.48,396.61590576171875,222.15116500854492,13.199504608643483,388.5577392578125,193.2898235321045,38.955632357132245,366.83544158935547,177.37325191497803,44.20980575525761,343.70948791503906,173.30848217010498,38.96944712113058,327.6976776123047,179.0749740600586,50.29152025481033,353.5703659057617,155.07585525512695,33.69294034630752,325.22220611572266,160.17043590545654,36.267462431177805,322.61608123779297,175.86779594421387,21.626994386966526,328.1658172607422,185.3003740310669,30.885645601011642,339.58621978759766,159.69095706939697,52.88745387980692,308.0943489074707,165.13463973999023,50.027970821416154,308.31226348876953,181.84136867523193,35.73757189749331,316.54123306274414,190.08469104766846,29.443185345056982,329.12525177001953,171.80704593658447,59.10398651690982,295.4397773742676,174.3248176574707,101.08768385997384,298.6494827270508,192.57436752319336,94.9793489482839,307.91088104248047,201.73078536987305,67.84097860855125,320.546875,190.69072723388672,50.70130180671888,294.0422248840332,196.45490169525146,124.88083061216047,297.5812339782715,209.4678497314453,148.92172783285088,306.4919853210449,217.72411823272705,149.39524646270453
288,11.52,394.9100875854492,217.7383518218994,118.27599045961313,386.3960647583008,187.5515842437744,153.2975594472522,365.1893997192383,172.827787399292,120.8581335221687,345.5170440673828,168.68680000305176,124.06451269685641,331.4019012451172,174.23519611358643,152.3661775400076,347.86251068115234,154.63304042816162,143.12515553720996,321.0462188720703,161.10013961791992,106.95565217683473,314.5589828491211,174.74234104156494,203.38307940717962,315.5241012573242,183.63364219665527,318.7779188938938,333.98548126220703,161.2016487121582,145.02254408647855,304.3995666503906,168.0223560333252,117.23459738390467,299.9685287475586,183.38865280151367,212.14970775247048,302.80128479003906,192.81386375427246,350.20936791357707,324.09740447998047,174.47835445404053,142.33573331955859,293.52344512939453,181.30654335021973,180.9986583540262,293.05580139160156,195.7931613922119,161.341843715805,298.5198974609375,203.79916191101074,240.40168747423854,317.8592872619629,193.55655670166016,98.22202651393299,295.51347732543945,201.43115043640137,129.729611307856,296.92455291748047,211.04596138000488,42.73220675703089,303.2277297973633,217.83870220184326,81.65665010374433
289,11.56,390.0293731689453,215.8856964111328,130.51270361183197,382.2481918334961,189.93703365325928,119.62237114545997,360.9756088256836,176.70897960662842,143.2211721536253,339.2802429199219,173.74916553497314,200.81900017764096,325.34637451171875,179.87497329711914,206.8763076979807,347.8541946411133,155.40630340576172,19.332692341098348,321.0129165649414,161.3137722015381,5.405317083869818,316.80593490600586,176.0775089263916,65.34268717027166,320.57254791259766,186.15416049957275,141.06697466647617,333.5336685180664,160.78368186950684,15.387312901458678,303.8429260253906,167.62760639190674,17.06011548906526,302.6718330383301,183.98961067199707,69.2324185741381,308.28147888183594,194.39013004302979,142.55951103144207,323.3794403076172,172.5830841064453,50.66755768777848,291.38050079345703,178.75452518463135,83.31044031369841,293.2380676269531,195.9682559967041,6.318578809328226,300.51116943359375,206.92299842834473,92.61316947428301,316.57567977905273,190.36202430725098,86.06932303785926,293.8882827758789,201.5401268005371,40.72110303532398,296.5242576599121,214.73686695098877,92.81372550420414,303.8409233093262,224.65147018432617,171.00770060558978
290,11.6,386.8928527832031,214.86187934875488,82.4847012610236,379.9778366088867,189.30447578430176,58.920721649365234,358.7939453125,175.4201889038086,63.34744055816007,337.4481964111328,172.4983263015747,55.45827935357681,323.3268737792969,179.0004014968872,55.018514168036056,347.3949432373047,155.61115264892578,12.571671138045184,320.75061798095703,160.59438228607178,19.14292293569008,316.31128311157227,175.3721523284912,21.5378783765078,319.97833251953125,184.91692543029785,34.31328596550409,333.67706298828125,160.50833702087402,7.761151644441296,303.8213348388672,166.33113384246826,32.4163081139628,302.2819519042969,182.3380708694458,42.423394327939086,308.06373596191406,191.90202713012695,62.44031192052366,323.2038116455078,171.8677568435669,18.414303543228602,291.4371681213379,176.81798458099365,48.434238248801115,293.49308013916016,193.484845161438,62.41174147395703,301.1841583251953,203.18707466125488,94.90139765081791,315.3852844238281,189.52928066253662,36.318926535902676,292.8898239135742,199.85042095184326,49.06644700572485,295.66930770874023,212.16196060180664,67.82828561000211,303.0648994445801,220.28393268585205,110.89859342895497
291,11.64,387.70713806152344,213.7831449508667,33.78912931399286,380.7429885864258,189.4836187362671,19.64608335602149,358.97571563720703,175.71696281433105,8.700402465938472,337.3202896118164,173.32477569580078,20.90721691378381,322.9762268066406,179.66757774353027,18.842728098621407,345.63987731933594,155.42959213256836,44.11080223082738,317.7642631530762,161.95891857147217,82.08332059629112,311.7622375488281,176.13540172576904,115.31577617125706,313.9019966125488,185.41202545166016,152.411823043762,332.5482177734375,160.89777946472168,29.853359695200837,302.22848892211914,167.07348346710205,43.933480112657634,298.7664604187012,181.9820737838745,88.33676439566065,302.68117904663086,191.2637186050415,135.50681883087054,322.63832092285156,172.53596305847168,21.88434519022199,291.374454498291,177.99885749816895,29.563425937230193,291.41632080078125,192.43114471435547,58.21948761865466,297.3201560974121,200.7593536376953,114.08424131027772,315.1744270324707,190.47699451446533,24.27218552978403,292.41851806640625,198.2164192199707,42.515371200728964,293.3438491821289,208.28199863433838,113.08697490203478,299.1160583496094,215.1446771621704,162.02872687239304
292,11.68,382.6975631713867,211.4367914199829,138.29591342430174,376.9880676269531,187.4941349029541,106.23522642849214,356.15833282470703,173.55455875396729,88.78920694701625,334.573974609375,170.62109470367432,96.34617597438898,320.1485824584961,176.50733470916748,106.01505964906667,343.55167388916016,154.43128108978271,57.86416477377028,315.9556198120117,159.215726852417,82.14427681931681,310.88939666748047,172.73739337921143,87.70800963789947,313.88671875,181.09055042266846,108.037550877238,330.10009765625,160.6175136566162,61.60276491040778,300.05422592163086,165.39799690246582,68.62340537113057,297.94593811035156,180.40845394134521,44.36733220583939,303.33120346069336,189.0485715866089,57.71377680062735,319.6670150756836,172.86613941192627,74.73986077470279,290.02389907836914,176.42071723937988,51.928596521396344,290.931453704834,190.4000473022461,52.20424311184949,297.79064178466797,197.49956130981445,82.33924794267135,311.72637939453125,190.29343128204346,86.32325864807892,290.70703506469727,195.50681591033936,80.12148650917536,291.4300346374512,204.7122573852539,101.25999548450517,296.96638107299805,209.97191905975342,140.041375090765
293,11.72,378.38233947753906,209.66713428497314,116.59985501554874,374.0184783935547,181.28233909606934,172.12798174895016,353.2692337036133,165.53403854370117,213.12501931787574,331.36962890625,162.63237476348877,215.18520753622593,317.00714111328125,169.35678005218506,195.2547784753267,339.91546630859375,149.1350555419922,160.60823963537345,312.7230453491211,152.63387203216553,183.32067281985692,309.9284553527832,165.39430618286133,185.14240766146213,314.9004554748535,172.86395072937012,207.22060204811484,325.61100006103516,156.29230499267578,155.84332518187347,297.5332260131836,160.15613079071045,145.41449564942042,298.9419174194336,174.5447587966919,148.69199611434715,306.6023635864258,181.41069889068604,207.72215199531794,315.5488395690918,169.034743309021,140.62131239709524,286.5729522705078,171.77354335784912,144.70931845399153,290.9133720397949,186.8210506439209,89.47605834423496,299.7844123840332,193.76356601715088,105.86778909829464,308.6801528930664,186.72155857086182,117.36100971764117,288.23415756225586,192.89088249206543,89.99385670326042,292.3395347595215,203.78824710845947,32.413205870328134,300.2992820739746,210.19131660461426,83.5028605984607
294,11.76,376.2018585205078,201.98809146881104,199.565458835608,371.84974670410156,173.2833194732666,207.19512552606872,351.6291809082031,155.73673725128174,248.34060001610712,329.5530700683594,152.26484298706055,263.1368478885648,314.8136329650879,157.1424436569214,310.2433435757057,336.2308883666992,138.59006881713867,279.2544310718639,310.18760681152344,140.51493644714355,309.5329629981345,309.58984375,152.43224143981934,324.16217027549624,315.96776962280273,159.352126121521,338.8478306368598,321.58939361572266,147.8506851196289,233.76572738801843,295.46924591064453,149.72562789916992,265.81878746868193,297.7540588378906,162.78117656707764,295.5850923197092,306.30062103271484,168.70631217956543,317.69923893756993,311.84364318847656,162.14276790618896,195.6204954308309,284.5831298828125,163.36631298065186,215.98743561524873,289.96952056884766,177.03633785247803,245.75325533224768,299.89627838134766,182.24699020385742,287.9279776097347,306.25545501708984,180.27846336364746,172.1057735067919,287.4041938781738,185.39514541625977,188.53864661274136,293.32719802856445,195.2400255203247,215.127245852411,302.77095794677734,199.34852600097656,278.02348112898784
295,11.8,371.8991470336914,193.47614765167236,238.44091732139213,369.7993850708008,162.53368377685547,273.5857388837048,351.2834930419922,143.38634490966797,308.88073253749326,329.7179412841797,138.55802536010742,342.69522900855264,315.19304275512695,143.1796932220459,349.19760836039626,334.5338439941406,125.02917766571045,341.6666215253886,307.61152267456055,128.06373596191406,317.87242232939434,308.5075569152832,139.2699909210205,330.16679829313296,315.88924407958984,145.35688877105713,349.88644118195316,320.45738220214844,134.04956817626953,346.18661759658573,293.4433364868164,136.45943641662598,335.4997628958524,297.1664047241211,148.6232042312622,354.25407374081925,306.63034439086914,154.17882442474365,363.2807264700823,310.85880279541016,148.4516716003418,343.161795527814,282.7104949951172,148.1592035293579,383.04939244685477,289.32777404785156,161.31664752960205,393.3196079878386,299.3615531921387,166.88535690307617,384.2734286088211,305.31476974487305,167.22185611724854,327.2612503490928,285.2242660522461,169.77401733398438,394.3124775234634,292.0569038391113,179.43982601165771,396.2795350518361,301.7062568664551,184.5054817199707,372.02952832935534
296,11.84,371.4142608642578,181.15280628204346,308.3219270398588,369.2101287841797,148.42889785766602,352.92723116590156,350.2653503417969,127.18477249145508,405.83830168288523,327.61138916015625,124.4406509399414,356.8418963371466,310.4103469848633,132.00081825256348,303.9751474362446,335.5961608886719,108.93314123153687,403.27635226560983,308.184871673584,115.20265817642212,321.84628598054724,309.7159957885742,125.62437057495117,342.4756187850661,318.23020935058594,131.4115047454834,353.5126005716918,320.51353454589844,119.6185827255249,360.7773674349873,291.7238998413086,122.59526252746582,349.2597350171372,296.0115051269531,133.47893714904785,379.7059870289281,306.81230545043945,138.98792266845703,379.7997877141586,309.78899002075195,135.70212364196777,319.85882873904416,281.66385650634766,136.09667301177979,302.6963150313336,290.0853157043457,145.90224266052246,385.8252088294229,301.7409896850586,149.1500186920166,447.35607984894756,303.5236358642578,155.42279720306396,298.3558611778539,286.9513130187988,156.78597450256348,327.5591051775072,296.1209487915039,162.8458070755005,427.1108797992421,306.2213897705078,164.55463886260986,511.3844907823551
297,11.88,365.4683303833008,171.09922885894775,292.0065370485667,366.75052642822266,134.5174741744995,353.1796220073393,350.94532012939453,109.95113611221313,431.17613988077494,330.95237731933594,102.37562656402588,557.9132451541667,315.31518936157227,106.57037258148193,647.4783035796404,332.0207977294922,94.97501850128174,360.21904089116754,306.88873291015625,95.22060871124268,500.6010615518472,308.0568504333496,103.2791805267334,560.1675427945275,316.2286567687988,109.42729711532593,551.8783821320671,317.0089530944824,107.43793487548828,316.86972204303754,292.564640045166,103.19392919540405,485.48852918487756,296.92365646362305,111.8940782546997,540.1030882791664,306.86349868774414,120.23736476898193,468.76569459666746,305.99191665649414,123.59222888946533,317.2807481654086,284.3478202819824,117.91254758834839,459.52834444950435,290.96906661987305,124.08933162689209,545.7701573474915,300.8014678955078,129.7247314453125,486.1998597606272,299.3518257141113,141.4640235900879,364.22122459020557,284.7942352294922,135.15997409820557,543.3328158679589,291.55872344970703,138.38553428649902,622.0524721545297,299.3619918823242,142.02539920806885,588.7582158663271
298,11.92,362.38868713378906,156.7123031616211,367.82114672475444,362.2421646118164,118.87476682662964,406.98557978042356,345.355224609375,93.12636137008667,443.2283645637985,324.0595245361328,89.0585446357727,374.88005629694277,307.0365524291992,95.5399489402771,344.7880464525466,333.90125274658203,75.03127098083496,500.80508697909687,308.0457305908203,75.16161918640137,502.3082372848589,306.6179656982422,83.38045120239258,498.76711625035136,312.32465744018555,88.81294012069702,524.5193782524976,316.6567611694336,87.19203472137451,506.2240809429244,291.79988861083984,82.30082988739014,522.6772686436365,294.5741653442383,91.79576396942139,505.8793986897288,303.7716293334961,99.06158924102783,535.0076666004645,303.7670707702637,103.90472173690796,495.3205257075175,280.75109481811523,96.3306713104248,546.9882412687402,287.5299644470215,104.5694375038147,495.51342712096596,297.5617790222168,109.8452639579773,503.5429547067851,295.277042388916,123.44515800476074,461.84641395258285,280.86889266967773,115.90883016586304,491.1815199824674,288.7816619873047,120.89494228363037,442.74207995229364,297.41222381591797,124.52519416809082,440.2121448475509
299,11.96,358.6474609375,143.45220565795898,344.4442618719552,358.44886779785156,107.82856464385986,291.9842497694263,341.54651641845703,84.06470060348511,245.73862376075982,320.4841613769531,78.76798868179321,272.34945791437025,303.42540740966797,85.5538558959961,265.47413085026153,329.99507904052734,66.48588180541992,234.89607965701228,298.90716552734375,67.13311672210693,304.10752954195345,298.0992317199707,76.62535429000854,271.7997457783228,304.9627494812012,81.1571216583252,265.5292417104833,313.9743995666504,78.59987497329712,225.02815505032788,284.3942070007324,72.68451690673828,303.4361500506909,287.0425224304199,82.49908447265625,299.1173417812435,296.76591873168945,88.79447937011719,310.73856187478646,301.73784255981445,94.92047309875488,230.2641020684704,276.59231185913086,85.9656286239624,279.20600100119464,282.55462646484375,93.67931842803955,299.3207743390255,292.9202079772949,98.25798511505127,312.0589014400749,293.37730407714844,113.3802080154419,256.0666709334297,278.9385986328125,104.1258716583252,298.50057187876115,285.72837829589844,108.6793041229248,314.7859957311211,294.1918754577637,112.30025053024292,316.0497295684108
300,12.0,352.44998931884766,130.22446632385254,365.18979855948544,353.32183837890625,95.00714778900146,345.212942280538,334.96612548828125,73.31728219985962,315.04815816050996,312.6461601257324,69.31705713272095,306.9551786900113,295.3641128540039,77.30382442474365,288.36553321027594,322.07794189453125,54.019750356674194,369.1929491183425,292.09245681762695,57.94571399688721,285.97270808774834,290.52127838134766,68.30456256866455,281.3593694818236,295.7728576660156,73.07893753051758,305.89129030749757,305.6237030029297,65.95183610916138,378.90221380986355,274.50984954833984,60.64455270767212,389.43970984083626,277.6619338989258,71.602041721344,359.4622562950163,287.18183517456055,78.83229732513428,345.59706372397085,294.3130683898926,82.7996277809143,355.35384011341154,266.65218353271484,74.08804893493652,387.20395983155487,273.3611297607422,82.51798152923584,361.5036505840255,283.79281997680664,87.40029573440552,354.61125757479573,287.9483413696289,102.30675458908081,308.31701103067786,272.18048095703125,92.54429340362549,335.22856884281214,279.2978096008301,96.45667791366577,345.2759812755398,287.9832649230957,99.55992937088013,354.315032858205
301,12.04,352.20157623291016,129.44653987884521,20.41565904989852,353.33251953125,94.63784694671631,9.236381837870695,335.2246856689453,72.78051137924194,14.894971485613981,311.61231994628906,68.60821723937988,31.3376721278006,294.4475746154785,76.05179786682129,38.7912107024754,323.42529296875,54.656875133514404,37.25992232330627,292.98234939575195,57.56230115890503,24.224396340924407,290.4179573059082,67.71199464797974,15.037702310665052,294.6553421020508,72.20263481140137,35.50305876993319,306.4389228820801,67.21273899078369,37.537144339352665,274.1400146484375,60.43227195739746,10.660703838248335,278.055477142334,71.15066528320312,14.971159218247474,288.68408203125,77.92068243026733,43.930252495978,295.1567268371582,83.82281541824341,33.1537376929977,266.503849029541,73.84200811386108,7.182409522024226,273.8554573059082,81.99944972991943,17.910104494603196,285.06017684936523,86.31033897399902,41.78964571201609,289.1603469848633,102.74956941604614,32.25913225681211,273.7725639343262,91.52262210845947,47.29257633312063,281.4038276672363,95.44072151184082,58.45660520013234,290.3948783874512,98.48115921020508,66.0474477223735
302,12.08,350.83885192871094,127.71888256072998,55.010324815508326,352.16869354248047,94.26596403121948,30.54492424051209,334.38507080078125,73.01417827606201,21.788089428511114,310.75300216674805,67.97915697097778,26.624047723785154,293.4585380554199,73.72847557067871,63.12695446917742,321.36573791503906,53.15981984138489,63.65405312585786,292.2393226623535,56.46672248840332,33.094385379198435,287.87683486938477,67.01621532440186,65.86639936512255,290.60781478881836,72.58472442626953,101.63805212970365,305.18239974975586,63.87775897979736,89.09595268495728,274.4050598144531,59.19809103012085,31.557997216252552,275.8969497680664,70.38627862930298,57.24687427123831,284.44637298583984,77.2903060913086,107.10845053691516,293.9328956604004,79.63270425796509,109.12949384989075,265.09552001953125,70.71290016174316,85.78573299375999,269.73854064941406,79.82952117919922,116.34429689436227,279.2604064941406,84.83172655105591,149.63211317808734,287.1575355529785,98.3915662765503,119.90476688695489,269.11970138549805,88.63028526306152,136.96427984499718,274.2056083679199,92.85035848617554,191.25300926682334,281.89884185791016,96.08850717544556,220.66295066052407
303,12.12,350.21873474121094,126.57071113586426,32.62325615177666,351.1374282836914,93.1437635421753,38.10218146310893,333.6598205566406,72.51641035079956,21.990918921882866,311.30178451538086,67.57258415222168,17.074533725738846,294.9539375305176,72.64313220977783,46.19381588193084,318.71618270874023,53.56932878494263,67.02537003851135,290.1882553100586,55.78314542770386,54.04948474294539,283.05288314819336,66.08669757843018,122.81722560491515,283.1302261352539,71.81156158447266,187.93634702315313,303.48459243774414,63.82209777832031,42.467986752305016,273.24413299560547,59.348613023757935,29.266106135000918,271.81692123413086,70.17886877059937,102.13242533353359,277.4520492553711,76.3928747177124,176.2915687095405,292.85268783569336,79.31801319122314,28.127826658460908,263.3929443359375,69.00713682174683,60.251517254963105,264.77855682373047,78.18166494369507,130.66385719646416,271.8832778930664,83.22961091995239,188.72731799512604,286.49084091186523,97.89281845092773,20.815125781093617,267.11387634277344,87.52496480941772,57.255280363826024,268.29288482666016,90.11886835098267,162.82916284027448,273.1624221801758,91.92453145980835,241.95004978548877
304,12.16,349.24800872802734,126.41043663024902,24.596708491959884,349.8189163208008,96.17360830307007,82.60763081961318,332.59937286376953,76.96163177490234,114.24902302267732,309.6058464050293,72.55383253097534,131.5509442311676,292.3101615905762,77.6737117767334,142.07454469415853,318.40585708618164,55.788302421569824,56.014205743180156,289.8100471496582,59.357038736343384,89.84623946683797,283.47644805908203,72.48208522796631,160.23496501539432,284.98395919799805,80.01914262771606,210.35789866516677,303.3248519897461,63.73702526092529,4.524540304173357,271.0645866394043,59.927945137023926,56.380670536824084,269.1023826599121,73.62410545349121,109.65393139345589,275.8603286743164,81.50506496429443,133.85641450216704,292.85491943359375,77.46381998062134,46.35486383778287,259.8101234436035,65.11399984359741,132.27131462731072,260.4569625854492,77.55710363388062,109.1623034466994,268.8797950744629,84.81852293014526,84.9468599249763,286.69898986816406,94.68190670013428,80.44128394126906,264.53502655029297,83.23911666870117,125.04739235950726,266.1727523803711,88.8158655166626,62.21323199315086,273.5907554626465,93.10394525527954,31.36963402141361
305,12.2,348.7449264526367,128.80561351776123,61.18600788928826,347.20558166503906,97.6845645904541,75.4673229177311,329.8655700683594,79.37888145446777,91.23038740447025,306.95592880249023,74.89908456802368,88.4670504253058,288.85162353515625,79.57484006881714,98.66538863676136,318.01671981811523,58.38651895523071,65.67989118247584,288.4488868713379,61.135926246643066,55.99775708442054,282.23899841308594,74.58819150924683,61.068431362003174,284.18664932250977,82.5619125366211,66.62104513207532,303.22736740112305,65.43055057525635,42.40821880322185,269.84352111816406,60.994412899017334,40.530501589334804,267.5611114501953,75.06635427474976,52.770722258674965,274.2837715148926,83.45029592514038,62.59720425049038,292.61926651000977,78.32832098007202,22.40109202757912,259.68990325927734,65.78332185745239,17.000824446006753,260.4980278015137,78.61413717269897,26.445772986401867,269.2855644226074,86.6033148765564,45.75840807892358,285.6304168701172,94.26607131958008,28.66582586325072,263.0085754394531,82.35642671585083,44.08227071799339,264.9257278442383,88.84511232376099,31.184186391530112,272.9036521911621,93.89044046401978,26.108973781248512
306,12.24,349.5762252807617,129.0167999267578,21.442618791015096,349.0732192993164,97.98099517822266,47.275399432037354,332.12440490722656,80.16220092773438,59.76999783795598,309.61008071899414,75.8636212348938,70.59945722887267,292.4666404724121,80.59609651565552,93.91256634117077,316.75371170043945,61.39871835708618,81.65680751571391,289.44393157958984,63.860013484954834,72.50329843080092,285.43468475341797,76.57559394836426,94.08167874510241,289.03411865234375,84.10491943359375,127.17809655112178,301.69918060302734,68.03378105163574,75.46590208094186,269.56844329833984,63.626868724823,66.16972250290077,268.5881233215332,76.33253574371338,40.75819623259715,275.77903747558594,83.7529993057251,38.13995304980109,290.4788398742676,80.20990133285522,71.24680171319262,259.33074951171875,69.55800533294678,94.79328415872796,260.6549835205078,80.68537473678589,51.92940005797331,268.91632080078125,86.8965196609497,11.787437641681205,282.47047424316406,95.35573482513428,83.5636133470038,259.88990783691406,84.76174592971802,98.46207434758004,262.09808349609375,90.71176528930664,84.70524575466865,269.7075653076172,94.94491338729858,84.13859293264316
307,12.28,348.1803894042969,128.64104747772217,36.13816971865294,345.8930969238281,95.4439115524292,101.7041409166513,328.47339630126953,77.65725374221802,110.69277371117836,307.29122161865234,74.9437665939331,62.36605691266932,291.6691780090332,81.5939712524414,31.934506912721584,314.5454978942871,61.772804260253906,55.99189939530669,287.9170036315918,65.88604688644409,63.42476006225633,282.46328353881836,77.5775671005249,78.39473585553581,283.88965606689453,83.7477707862854,128.92112523109103,299.37536239624023,70.31033277511597,81.32811171373969,265.71781158447266,64.23907041549683,97.47485414808159,263.72020721435547,74.96443033218384,126.41281492489409,269.6087074279785,81.49955749511719,164.22350031702769,289.00821685791016,83.36837768554688,87.10161065801451,258.48541259765625,72.11185455322266,67.25297548334026,260.89250564575195,82.00667381286621,33.56195770913109,268.90180587768555,87.26793050765991,9.29235909384915,282.5827980041504,98.589928150177,80.90358108202406,260.71136474609375,86.4373254776001,46.65269468985528,263.5285186767578,91.07168197631836,36.87550701067479,270.77659606933594,94.7881293296814,27.011664265459935
308,12.32,347.772216796875,128.39494228363037,11.915657871277322,345.2414321899414,95.79797029495239,18.540909473188485,327.83714294433594,77.6211404800415,15.931935340580422,305.94274520874023,74.24717903137207,37.94422601335557,290.00431060791016,80.93733787536621,44.74197452624454,313.2556343078613,62.72824287414551,40.12956373191624,285.2068328857422,65.95729351043701,67.77767678727919,279.3601989746094,77.02445268630981,78.79986265789333,280.2654838562012,82.6649022102356,94.56224327710731,299.01803970336914,70.01280069351196,11.624458224586792,265.4991340637207,64.26509141921997,5.505505807654097,263.28990936279297,73.8901948928833,28.930282794466873,268.41468811035156,80.17065525054932,44.66306714224195,289.1118812561035,82.04082012176514,33.28997026702352,259.48631286621094,71.79476737976074,26.248162116219103,261.9134521484375,80.45055627822876,46.528442530832606,269.38732147216797,85.2921724319458,50.86345302765992,282.2800636291504,96.58156871795654,50.77619835363025,260.4681396484375,85.13078212738037,33.224745805397816,262.7443504333496,88.36017608642578,70.56550159644252,269.2176818847656,90.92910289764404,104.0501634970408
309,12.36,348.03401947021484,126.77510261535645,41.02149734195528,346.1681365966797,94.29149150848389,44.21721519631644,328.5762405395508,76.27636671066284,38.36243072705753,306.6216850280762,73.15110683441162,32.23287858722074,290.58496475219727,79.92737531661987,29.124555847978666,314.0625,61.90908193588257,28.745183160903643,286.1021614074707,64.36038494110107,45.76932747921308,281.0000228881836,76.19325399398804,45.96135423950824,282.8183174133301,82.2993278503418,64.47191143734216,299.6039581298828,68.86987209320068,32.109054290979955,266.7074203491211,62.66316890716553,50.162931297133476,264.9892234802246,73.41178894042969,44.134317182363354,270.5088233947754,79.84778881072998,52.971957955545214,289.3062210083008,80.5450987815857,37.70734565996628,258.0228805541992,68.87165307998657,81.7245042099683,260.29869079589844,78.70402336120605,59.46549133687549,268.2199478149414,84.17813301086426,40.34108550310573,282.0990562438965,94.71273422241211,46.939495931286864,258.9425468444824,82.5896430015564,74.0979987089435,261.4026641845703,87.23432779312134,43.78681572188703,268.7731742858887,91.11627101898193,12.057645683976558
310,12.4,348.4847640991211,125.7225751876831,28.62456011116689,346.54170989990234,93.32552433013916,25.892199627976275,329.7325897216797,75.91610670089722,30.27922870598051,308.2597351074219,73.29968690872192,41.11936968241457,292.34031677246094,80.20283460617065,44.42084628333002,316.04869842529297,61.50733709335327,50.66053137758697,287.8483009338379,63.98353099822998,44.658580781016454,285.6462860107422,76.54380798339844,116.48671894131182,290.8185005187988,83.11936855316162,201.05253740519672,301.23985290527344,67.51171588897705,53.15507966801884,268.97321701049805,61.8331503868103,60.32601664518191,270.0994110107422,73.89525890350342,128.32517241916105,278.24588775634766,80.12845516204834,193.5538338161279,290.5884552001953,78.8192868232727,53.75029905916532,258.69022369384766,66.805579662323,54.27940581617877,263.1140899658203,77.86823987960815,73.42090350382465,272.96985626220703,83.08543682098389,121.84933119631911,282.9430389404297,93.17136526107788,43.93265490364212,260.07266998291016,81.62291765213013,37.17976776111821,264.3899345397949,87.59149074554443,75.21365214252724,273.3209991455078,91.58310413360596,114.29305564720298
311,12.44,352.1461868286133,125.78664779663086,91.54958254703907,349.2780303955078,93.43080997467041,68.45863222420768,331.22154235839844,75.69186687469482,37.643587219862205,309.6587562561035,72.6828932762146,38.223802789950774,293.50440979003906,79.60954427719116,32.66406634241536,319.1351890563965,60.5395245552063,80.86673267204917,289.6836853027344,62.925288677215576,52.9652751313036,286.3753128051758,75.2104139328003,37.991937970218174,291.0805130004883,81.44071340560913,42.474504448003415,304.5239448547363,66.11760377883911,89.1936394458716,271.09439849853516,60.71683645248413,59.92478465314927,270.58279037475586,72.80309915542603,29.85871444062369,278.2363510131836,78.85154485702515,31.923647940678336,293.7074851989746,77.4990463256836,84.67357581013513,261.0453224182129,65.71600914001465,64.87321252156994,263.9681816101074,76.78316831588745,34.52221056106806,273.4550476074219,81.65557622909546,37.7484432932912,285.57973861694336,92.31799364089966,69.28396417215218,261.738338470459,81.40884160995483,41.98422369062156,264.9722671508789,87.02231168746948,20.35737074874509,273.70914459228516,90.10957717895508,38.094771409084785
312,12.48,354.8475646972656,122.90542602539062,98.73854770400399,350.89500427246094,88.17120552062988,137.56372053459393,332.6386260986328,69.86759662628174,149.85461757438955,311.1126708984375,67.31297492980957,139.0815651745642,295.11621475219727,74.7208571434021,128.6885220408966,321.6407775878906,57.080769538879395,106.77359268600046,291.3727569580078,55.44930696487427,191.61038858173544,286.24279022216797,68.00060749053955,180.27560700541193,289.3979072570801,75.11921167373657,163.54002995027324,307.1427345275879,65.23421287536621,69.09431434175978,273.1701850891113,55.704731941223145,135.62374792375638,272.7639389038086,67.33004093170166,147.29174965452455,280.1099967956543,73.83989810943604,133.760867878069,296.55237197875977,78.24622392654419,73.5342401411757,263.2461166381836,61.64719104766846,115.647027272808,266.43978118896484,72.09531784057617,132.48760922508086,275.68992614746094,78.2929015159607,100.94015341739353,289.21173095703125,94.02668237686157,100.34623048120766,265.96513748168945,79.05859708786011,120.90667680843545,269.41322326660156,84.17559385299683,131.87563661192112,277.45012283325195,88.70543718338013,99.89534313019881
313,12.52,360.20092010498047,120.66235542297363,145.10724449682272,356.8577575683594,85.69112777709961,161.44893248660296,338.69579315185547,65.90050220489502,181.01641993691428,316.2923240661621,61.49587869644165,194.72322589733423,299.5664405822754,67.24685668945312,217.46435444160156,328.54736328125,49.98914122581482,247.47742077608757,296.3785934448242,47.616151571273804,232.40148766874654,288.4826850891113,59.167070388793945,227.82738359182616,288.43170166015625,66.17467403411865,224.91429873685865,312.8984260559082,59.899656772613525,196.19103219597304,278.2604217529297,50.4742956161499,182.46227939687688,276.73439025878906,62.670350074768066,153.04656735054687,282.4982452392578,69.54155445098877,122.93160912293988,301.661319732666,74.23742294311523,162.3496082473035,268.6139678955078,58.1683623790741,159.91418797708198,270.6130027770996,68.40889692306519,139.20640611322588,278.5017967224121,75.04697799682617,107.36222456696207,294.3595886230469,91.11808776855469,147.81821848352226,271.41014099121094,75.57749032974243,161.56687369343737,272.9335021972656,79.82517957687378,139.90726420466103,278.8371467590332,84.30981874465942,115.2315517488349
314,12.56,367.1592330932617,121.30701541900635,174.70279432755297,364.89707946777344,85.34436464309692,201.16992393481357,345.73238372802734,63.122878074645996,189.12430228822473,322.9222106933594,58.29061031341553,184.10109671169133,306.2579917907715,63.1130576133728,196.63600950952508,336.11682891845703,43.92355799674988,242.497564345464,301.2645721435547,42.0183527469635,185.75544999053474,295.7191848754883,54.4551944732666,215.8829309509559,298.4321594238281,61.21063470840454,279.117853592149,321.29310607910156,55.07877588272095,242.01180917252407,284.851016998291,47.269781827926636,183.20898979562313,285.52982330322266,61.38291835784912,222.22894003825658,294.0063667297363,68.43352317810059,289.03351183438883,310.26721954345703,71.09923839569092,229.0056137508773,275.0988960266113,55.28815984725952,177.39408722151794,279.0738296508789,68.15185546875,211.61826140674629,289.2542839050293,75.73456764221191,269.36123530120824,302.71432876586914,90.24942398071289,209.9944339000344,277.750186920166,73.85615587234497,164.23910674585787,281.79920196533203,81.03861093521118,223.7088621943838,290.76812744140625,87.4737024307251,308.5839229671883
315,12.6,374.0596008300781,122.43307113647461,174.79108312164365,370.8068084716797,86.99958086013794,153.42880601594655,351.17137908935547,64.12161111831665,138.2482780929579,326.86317443847656,58.97141933441162,99.98342413682177,309.29113388061523,63.84148120880127,77.98458129479285,341.26094818115234,42.42935657501221,133.91835403884116,303.44329833984375,41.508686542510986,55.93862416947054,299.8113250732422,55.46266794204712,105.35835926840957,305.20376205444336,62.17055797576904,170.9825555177028,327.5038146972656,54.05040979385376,157.38177775807893,287.9727363586426,46.205620765686035,82.45290523680325,289.37843322753906,61.94777727127075,97.24602800891985,300.17614364624023,69.16872024536133,155.33564853071647,317.15381622314453,71.33026599884033,172.26176952188902,278.5306739807129,55.45223593711853,85.89245051778754,282.5997734069824,69.86228942871094,97.97277588249013,294.13429260253906,76.93739891052246,125.65152194610627,309.9081611633301,92.69069910049438,189.91947104829512,282.74200439453125,76.18407726287842,137.6986285740559,286.6243553161621,82.85061836242676,128.85426791367627,295.91163635253906,87.61415719985962,128.6356566554237
316,12.64,382.6027297973633,132.06955432891846,321.95386011616586,374.28863525390625,96.65260791778564,256.54440297576764,347.3306655883789,74.58071708679199,278.5497911688997,317.9128646850586,73.86443853378296,434.3889857856177,297.30615615844727,81.59357070922852,535.4766408490907,338.2326126098633,52.304370403289795,258.2231525747258,295.1976013183594,54.83922243118286,391.8662929250272,294.1677474975586,68.76942873001099,361.35150003221537,302.5901412963867,74.27908658981323,309.6847980851573,326.552734375,67.13305950164795,327.9293723085127,284.0297508239746,61.5875244140625,396.98086759198645,286.494197845459,74.69107389450073,326.64049673041467,297.25460052490234,80.97370147705078,304.0281607951566,317.8280448913574,86.65389776229858,383.46143443564404,280.04615783691406,75.9975528717041,515.0283604211611,286.0655403137207,85.75169563293457,406.57469314895167,298.08263778686523,90.13144254684448,344.303842169022,311.92609786987305,108.24246168136597,392.05339872539287,284.8753547668457,94.6501350402832,464.7220094109394,291.55006408691406,99.67914819717407,438.36487605449986,302.39648818969727,103.72986316680908,434.2876942211411
317,12.68,387.49481201171875,144.892258644104,343.10549976163594,377.72064208984375,108.2213044166565,301.67595363745477,350.8799743652344,86.23753309249878,304.62984935036854,324.95018005371094,85.8222770690918,346.87327480146433,305.97171783447266,94.71748352050781,393.1674632385201,334.7208786010742,65.41333436965942,339.2797628986135,293.34686279296875,73.24411869049072,462.4428609334141,297.9949951171875,85.4374623298645,427.5447114248702,310.21154403686523,89.07015323638916,415.9788398134155,323.2358932495117,81.25684261322021,362.70053456197195,280.2618980407715,82.49729633331299,531.1633907700669,286.1598014831543,95.92514991760254,530.9177228405956,299.68252182006836,101.48255109786987,516.301580101744,315.056209564209,101.73415660858154,383.3220561353432,273.0287742614746,96.97473764419556,552.9952267109177,281.03357315063477,108.28919649124146,577.3103792959635,294.60819244384766,112.20901250839233,558.7323072415004,310.92451095581055,124.76577758789062,413.84111148878145,278.8132667541504,115.07834672927856,532.7175282713573,286.02954864501953,121.2857437133789,557.5174103475821,297.97306060791016,124.64826107025146,534.524369426957
318,12.72,388.57784271240234,159.45091724395752,364.97216993706513,370.0450134277344,138.3401584625244,777.0379030309949,342.27062225341797,120.93217849731445,893.6719768569782,316.6019821166992,115.84882020950317,779.1364216869022,297.1489906311035,119.28631782531738,652.6236158777974,328.1794738769531,96.28018856048584,788.8094919729082,285.963077545166,105.39327621459961,824.6547058070867,285.61147689819336,119.0962028503418,896.6124918634652,295.0728225708008,125.21458625793457,979.6686066203914,319.89892959594727,99.36030149459839,460.2109230389369,275.5563735961914,107.09624290466309,626.1240555586196,276.2532615661621,121.87389850616455,694.386908736476,286.4263153076172,129.10557746887207,765.9791923552149,313.7044906616211,108.67263793945312,176.72306578809062,273.3629608154297,116.0480546951294,476.90611233913734,278.16497802734375,127.72746562957764,491.21987507871785,289.2502975463867,131.1617946624756,492.3889399603063,309.9385070800781,122.39250183105469,64.24874250201589,280.7957077026367,127.29400634765625,309.3869058580803,285.93597412109375,135.9144115447998,365.72417775693384,296.17122650146484,138.70805740356445,354.36958027724296
319,12.76,384.8333740234375,175.80990314483643,419.5514460913829,375.8741760253906,137.85564422607422,146.2316027643253,350.93563079833984,117.5734806060791,232.32954048097002,324.8250198364258,116.61507368087769,206.46654347986885,306.4788627624512,126.3911247253418,293.17741543510414,332.72682189941406,99.9181079864502,145.58681213280494,294.94428634643555,108.8612151145935,240.68744221771854,292.93468475341797,123.30968856811523,211.22090803336704,299.34030532836914,129.92807865142822,158.95836646286065,318.48474502563477,111.74843072891235,311.7146771538179,277.2420120239258,117.59283542633057,265.776964148255,279.1164016723633,133.283371925354,294.08082963163406,289.6101379394531,140.1606559753418,287.61029116584086,309.1664123535156,129.1658592224121,524.7417658255943,268.4769821166992,129.4738483428955,357.1805591336516,273.71986389160156,143.2467269897461,403.5827926561295,285.06683349609375,147.4423313140869,420.23597918651126,304.97215270996094,150.36809921264648,710.3250684486416,274.0084457397461,148.63004207611084,559.7395295798265,278.4951400756836,157.1104860305786,561.6046123041205,289.06009674072266,159.6485424041748,552.8743519863376
320,12.8,383.61122131347656,184.84042167663574,227.82109510484833,374.6959686279297,148.30060958862305,262.7801767831295,349.85469818115234,129.67536449432373,303.75155243168587,325.6846237182617,126.51394844055176,248.40320089194182,309.04449462890625,134.05836582183838,202.12782605627294,331.7611312866211,109.86273050308228,249.78500174893185,299.21037673950195,115.64858436584473,200.41817001373036,291.7283821105957,130.15973567962646,173.88629815198806,292.2825813293457,139.73323345184326,302.02703594472865,319.5264434814453,120.14034748077393,211.40808056193853,282.2210884094238,123.85170936584473,199.9448433996139,277.0677185058594,139.9790382385254,175.05186748156706,281.1845397949219,150.34903049468994,330.52390178286555,311.9071578979492,137.0057487487793,207.6288062940908,271.11188888549805,134.75030422210693,147.44431221126905,266.8526268005371,150.69972038269043,253.35999065085645,271.4935302734375,161.05253219604492,480.54144489667914,307.9957580566406,158.26083183288574,211.30164680359638,274.8263931274414,156.94464683532715,208.86851460760562,270.88144302368164,164.98580932617188,273.84884038664603,274.80173110961914,170.59364318847656,449.3719378537929
321,12.84,381.6484069824219,191.2763214111328,168.21386218645358,371.6110610961914,156.0210657119751,207.84925010686797,347.9838562011719,138.4208106994629,223.58286920211512,325.516357421875,134.89208221435547,209.49558330405517,309.8268508911133,142.9385805130005,222.86528201211868,333.07090759277344,119.63677883148193,246.53541162737937,302.42313385009766,123.2408094406128,206.1002332568128,293.3840560913086,136.5558671951294,165.17368641451995,292.3093795776367,145.84758281707764,152.860202281066,321.0768508911133,128.7873888015747,219.62338038615883,284.58740234375,129.79054927825928,159.8226774058407,277.25841522216797,144.75191116333008,119.41702452420814,279.42108154296875,155.63424110412598,139.29114336632463,313.1928825378418,144.43439483642578,188.4772375930518,274.2839813232422,139.81128215789795,149.32277978459334,267.03723907470703,154.46900367736816,94.34503910947977,269.03533935546875,165.69432735443115,131.31299650453943,308.5403251647949,164.47441577911377,155.93504014513982,277.4220657348633,161.65806770324707,134.52196048197683,271.481990814209,168.63910675048828,92.55822397018592,272.79218673706055,174.67220306396484,113.66870513477122
322,12.88,380.5995178222656,195.8382225036621,117.02326170550792,370.4222106933594,163.29853534698486,184.34839565480874,347.4762725830078,147.1138572692871,217.69631915032627,325.8639907836914,143.00923347473145,203.11479749465428,310.8950614929199,148.9748239517212,153.2508334832776,332.9621124267578,129.13704872131348,237.52232048771256,302.0500373840332,134.12537097930908,272.2738521032826,290.6083869934082,147.5427532196045,283.3019628592491,286.3034248352051,157.61561393737793,330.30104527583364,321.6703796386719,135.66125392913818,172.48604683805536,285.42383193969727,138.84544372558594,227.3361056910061,273.58015060424805,153.43963623046875,235.8577397522064,270.6940460205078,166.22629165649414,343.1041058430897,313.43971252441406,148.77017498016357,108.5700076480096,276.60057067871094,148.09451580047607,215.02695444322964,268.4768867492676,162.65700817108154,207.84008729059295,268.31554412841797,174.77651596069336,227.76667755705085,307.5183868408203,167.65295505523682,83.46956731297662,278.21842193603516,167.35525131225586,143.81429925841718,270.82971572875977,175.5252742767334,172.92477769721611,269.8737907409668,183.8404369354248,240.5378706043522
323,12.92,380.84815979003906,197.11310863494873,32.472656534818015,367.63916015625,166.99316024780273,115.63850853480926,344.84519958496094,151.8044900894165,134.4539451223132,323.4272003173828,147.58426666259766,129.58799241917083,308.177547454834,153.77830982208252,137.97273067067243,329.5009231567383,133.14003467559814,132.29637115464152,296.4982223510742,141.6674280166626,234.12773558850714,285.3054428100586,157.57148265838623,283.6113440608566,282.14548110961914,169.5307159423828,315.4938111663314,321.0363006591797,139.50173377990723,97.31181080808248,282.22789764404297,147.0129632949829,219.2635000670167,270.4723358154297,163.58367919921875,265.2358861860566,268.0207824707031,176.9251585006714,275.69467912455883,315.096378326416,152.69848823547363,106.58384789500086,275.47210693359375,156.20625972747803,204.74652005787695,266.6660499572754,172.89422035217285,259.903399275477,266.0813331604004,185.41138172149658,271.67543641254485,310.93156814575195,171.69013023376465,132.16606514735565,279.46319580078125,174.92164134979248,191.70243897523898,272.62468338012695,185.2653980255127,247.6034121218207,271.93681716918945,194.39815521240234,268.93481233791897
324,12.96,379.68353271484375,196.84508800506592,29.876739304189133,365.54622650146484,167.92054653167725,57.229890588588674,343.44905853271484,153.284010887146,50.856364084798564,321.56944274902344,148.96785736083984,57.909338641636865,306.1599540710449,154.70415115356445,55.49698884505829,331.13502502441406,134.0745735168457,47.0614741570919,297.1435546875,140.24313926696777,39.09165725369036,285.8816909790039,156.09649658203125,39.588870576636545,284.46239471435547,168.3717155456543,64.76578268764467,323.51722717285156,140.01018047332764,63.31229346605125,284.6152877807617,144.53162670135498,86.08376355249516,273.2272529602051,161.17444038391113,91.49453584696411,271.61502838134766,174.48270320892334,108.6398623847762,318.17543029785156,152.42644786834717,77.27615659174661,279.03146743774414,153.50911617279053,111.64573030656516,270.07787704467773,170.42168140411377,105.33877765334529,270.043888092041,183.1190299987793,114.44627016343287,313.9129447937012,171.12359046936035,75.86819994894186,281.8743133544922,173.18033695220947,74.35400486378884,274.76816177368164,184.18468952178955,60.01265748602176,274.68029022216797,193.56471061706543,71.68191144701173
325,13.0,379.32064056396484,195.34239292144775,38.647309313680886,361.3262939453125,177.8783941268921,270.3776982158482,339.1154479980469,167.78092861175537,378.2697481463118,316.98291778564453,167.54231929779053,478.3087702304127,300.5735969543457,173.41798782348633,488.246267742909,331.8222427368164,137.32526779174805,83.06353537023024,296.3172721862793,143.12570571899414,74.96637630536198,284.7541618347168,160.56185245513916,115.13775728642442,283.4435844421387,174.00757312774658,143.18009868780987,325.29075622558594,140.06853103637695,44.36221709617502,284.8428153991699,143.72254371643066,21.011664820293134,272.1977233886719,160.64364910125732,28.957625554448263,270.0440979003906,175.2251958847046,43.43902299192434,320.6138610839844,150.38307666778564,79.53501808183506,279.54492568969727,151.1015224456787,61.5434142055779,269.8943901062012,168.44670295715332,49.587090826077215,269.07047271728516,181.85148239135742,39.954774659075554,315.6652641296387,167.8213119506836,93.46010669670243,283.3700180053711,171.70233249664307,52.56917807360447,276.58796310424805,183.23151111602783,51.357971362424074,277.070369720459,192.8882646560669,62.09900938371654
326,13.04,377.7272415161133,195.02356052398682,40.62461248557452,359.91310119628906,178.64069938659668,40.1421151571646,337.91576385498047,168.49177837371826,34.861775514233315,315.819034576416,168.0953550338745,32.21483208583842,299.52037811279297,173.2192039489746,26.795346575566697,333.1376647949219,136.7771816253662,35.625952941022895,296.89550399780273,142.00678825378418,31.487381617577782,284.41150665283203,158.97574424743652,40.56747327149973,282.2346496582031,172.2374153137207,53.589772802082805,326.7112350463867,138.78793716430664,47.81266010121962,285.4641914367676,142.58980751037598,32.299375889943015,272.16060638427734,159.38857555389404,31.39055671402502,269.48760986328125,174.23858642578125,28.31824897352909,321.593017578125,148.53644371032715,52.2541907385766,280.1803779602051,150.19290447235107,27.719422450102066,270.4751205444336,167.39258766174316,30.087444411116714,269.49317932128906,181.07338428497314,22.137602854466216,315.77110290527344,165.7065725326538,52.93465696377954,283.48499298095703,170.12263298034668,39.59695227222375,277.23907470703125,181.7098903656006,41.376895933975696,278.35865020751953,191.96133613586426,39.677316369888935
327,13.08,375.79551696777344,194.08658981323242,53.67421310246644,354.25777435302734,188.05400848388672,274.53723548140965,332.9111862182617,180.45380115509033,324.1679602690651,311.7110824584961,180.21235942840576,319.8603856569812,295.9023857116699,182.68378257751465,253.31319254827727,331.33506774902344,137.32389450073242,47.0920048812227,294.8480415344238,142.60735988616943,53.34316277984642,282.0633316040039,159.9486207962036,63.54336530610381,278.9804458618164,173.66158962249756,88.80496470566048,325.3788375854492,138.41198444366455,34.61054248772047,284.5522689819336,142.3022747039795,23.9044671346262,270.83662033081055,158.68626594543457,37.46813526108787,266.9794464111328,173.49331855773926,65.41362672366621,320.43956756591797,147.53761768341064,38.14528446205875,279.54627990722656,150.7741355895996,21.504504650902867,269.6761894226074,167.56250381469727,20.42000300650607,267.4206352233887,181.08591556549072,51.81454954168975,314.29235458374023,164.26122665405273,51.69454339692425,282.5400924682617,169.67084884643555,26.183796069154308,275.2383613586426,181.23493194580078,51.40792377493558,274.6938705444336,191.87084197998047,91.6474193963522
328,13.12,373.12461853027344,193.79199028015137,67.1774113278206,354.34940338134766,186.86861515045166,29.723236215366978,333.3168029785156,178.95156383514404,38.900850903597565,312.3591995239258,178.204665184021,52.74284257980476,297.05102920532227,180.73994636535645,56.44621939957213,329.4731140136719,137.6455307006836,47.23823635115855,293.809871673584,141.8045711517334,32.80878704796201,280.9970474243164,158.59402656555176,43.09790802323775,278.4027671813965,172.14044094085693,40.678664320721566,323.40972900390625,139.10186290740967,52.16153336418925,282.6571273803711,141.88758373260498,48.49955084658268,269.6291923522949,158.85748386383057,30.487680902314736,266.9349479675293,173.57966423034668,2.4284365676762265,318.31018447875977,148.34418296813965,56.9254989569996,277.31632232666016,149.64612007141113,62.47564435641899,267.13871002197266,166.94472312927246,65.29000059316947,265.24789810180664,180.67670345306396,55.273417845161674,312.26451873779297,165.22157192230225,56.093567213395154,280.5563163757324,169.99158382415771,50.23842224349585,272.4851989746094,181.5384578704834,69.24607885924765,271.49784088134766,191.8326187133789,79.90645556459638
329,13.16,371.8031311035156,195.39682388305664,51.972468144759745,356.1177444458008,179.55701351165771,188.06007790837333,335.3607177734375,167.35615253448486,294.3543261533996,313.6672019958496,163.6754322052002,364.69977500285495,297.1498489379883,166.55864238739014,354.5412069272125,328.0769729614258,138.2429552078247,37.96483471170749,292.3037910461426,142.6655387878418,43.37009429592861,279.3320846557617,159.42419528961182,46.511296551757155,276.9295310974121,173.187518119812,45.18569448565927,322.40917205810547,140.2482032775879,38.03953901937538,281.3673973083496,142.61761665344238,37.05023384021122,268.45014572143555,159.22163486480713,30.85000921042281,265.87724685668945,174.20332431793213,30.696941467340537,317.5159454345703,149.69624519348145,39.202103901697576,276.54855728149414,149.71396923065186,19.268930188720372,266.03538513183594,166.52941703796387,29.472497377568214,264.54118728637695,180.37636756896973,19.197034600426598,311.76305770874023,166.25091075897217,28.624744587677277,280.1029586791992,170.65036296844482,19.992548017223005,271.6476058959961,181.885085105896,22.662091221777374,270.3593444824219,191.9355010986328,28.57838820204116
330,13.2,372.17552185058594,195.7619047164917,13.037419305723969,359.9751663208008,168.9495849609375,282.1759690117619,339.22061920166016,153.85903358459473,350.95499977123023,317.4515914916992,149.66431617736816,362.83000168955544,301.1162757873535,153.97675037384033,329.8072814083948,329.3205261230469,135.038423538208,85.934014246958,295.4199409484863,137.72117614746094,146.11021553409378,282.2088050842285,151.43696308135986,212.23718861820547,278.7203025817871,162.91661739349365,260.64614930871517,322.22633361816406,140.1061248779297,5.788791258201238,283.3742904663086,140.82007884979248,67.35522577635076,270.3364944458008,155.65183639526367,100.9386342755747,267.48035430908203,168.98240089416504,136.53752895439703,316.38416290283203,151.52451038360596,53.755728209704145,277.4013328552246,150.4017734527588,27.389560364072274,267.1789360046387,165.52833080291748,37.995741938137336,266.30664825439453,177.85828113555908,76.88307565599331,311.1050605773926,168.82847785949707,66.50569704248134,279.9733352661133,171.24525547027588,15.221270437180559,272.1796417236328,180.92402458190918,27.462468168562598,271.5091133117676,189.44409370422363,68.59791890908447
331,13.24,376.37020111083984,191.86338901519775,143.16458790854952,366.6309356689453,163.01137447357178,222.99328662534964,344.75059509277344,146.03214740753174,239.58398916793487,323.2913589477539,140.77161312103271,265.968808778578,307.6265335083008,146.01274967193604,257.15846618997114,332.5952911376953,128.85967254638672,174.82321377626374,298.8887405395508,129.9642276763916,212.43060658982535,286.90900802612305,143.235182762146,236.32751122599694,284.3025588989258,153.73111724853516,268.7180196126452,324.5885467529297,135.34518241882324,132.86888272132646,285.5879020690918,134.7999143600464,160.35596498800774,274.71813201904297,149.78735446929932,183.0145077637465,274.1300582885742,162.16522693634033,238.08142486620733,318.2101631164551,147.96671390533447,99.97559877587753,279.2278480529785,144.958176612854,143.54638693434467,270.1036071777344,159.82325077056885,160.27640119150433,269.9335289001465,171.23079299926758,188.87473066694022,312.9916191101074,166.04271411895752,84.11146888008233,281.3199996948242,166.25401496887207,129.24295635161587,273.62377166748047,175.13574600219727,149.14271732779397,272.9235649108887,182.71588325500488,171.882025629559
332,13.28,379.0766906738281,183.06708812713623,230.0815005979898,368.78631591796875,150.6407117843628,313.925707162606,347.39734649658203,132.76516914367676,338.2103683796182,323.27392578125,129.53819274902344,280.8358474820827,305.50867080688477,137.78367519378662,212.43088462629908,337.2934341430664,116.99111223220825,319.11525311222726,299.8709297180176,117.07773685455322,323.09667794990366,286.32030487060547,128.08093070983887,379.1420633072213,282.42897033691406,137.48535633087158,408.83606272379086,329.37843322753906,126.86038970947266,243.58612409204304,287.43600845336914,123.62852096557617,283.0807389041369,276.97832107543945,136.3608741760254,340.38473419456506,276.4341735839844,147.51850605010986,370.6711649272867,323.1153869628906,142.33612060546875,186.689585094035,281.3499450683594,136.09195232391357,227.91614258933808,273.4172058105469,146.4501428604126,344.437903579931,274.0596008300781,154.66970443725586,426.68352142554465,318.8705253601074,162.60320663452148,170.27872450738775,285.01338958740234,154.31054592132568,312.53757952874327,277.72899627685547,157.30806827545166,457.35582579521673,277.4064826965332,160.8251953125,558.6248576129695
333,13.32,385.01773834228516,170.3250217437744,351.47573095172413,374.45926666259766,139.566650390625,311.0639061182399,349.4988250732422,121.77326202392578,279.7747244853815,320.2195739746094,123.25173854827881,174.72938250475477,299.75637435913086,131.83881282806396,206.80652638732747,345.32508850097656,102.58103370666504,412.43017199677183,302.6953887939453,103.2896375656128,351.8604580239073,291.71409606933594,115.19151449203491,349.31185380266754,290.9391212463379,123.40567588806152,411.29374377749724,335.8770751953125,115.25844812393188,332.4505564550225,292.03258514404297,109.11686897277832,380.55597554213347,285.7160949707031,120.47751903533936,453.2036401896977,288.87847900390625,128.57125282287598,566.7115349988596,328.57269287109375,132.33738899230957,284.77712957646537,287.1374320983887,122.35111713409424,372.74786873681006,283.34625244140625,131.1040449142456,456.9523287302043,287.2891044616699,137.0394229888916,551.0482001869468,322.8339385986328,152.3563814163208,274.6657873121348,294.8419952392578,141.58842086791992,401.9125798402712,291.7642021179199,142.70679473876953,506.32511288083447,293.388729095459,143.56575965881348,588.0690430551723
334,13.36,388.00804138183594,162.6520013809204,205.8779276615132,383.9641571044922,128.01308155059814,374.0219706561848,363.62064361572266,104.50593709945679,557.6660453364615,336.39408111572266,100.10170698165894,706.0181667251121,316.98068618774414,106.64113998413086,763.0529285046316,356.84879302978516,87.63406276702881,471.8366417108876,316.31439208984375,82.62945413589478,618.627730405819,312.13876724243164,94.91227626800537,719.5548517469097,319.4149589538574,102.24942684173584,886.8695672332359,343.8589096069336,101.20256423950195,404.10205421025427,300.6433296203613,90.38917779922485,515.3101839720177,300.5702590942383,102.81203269958496,577.0158139555429,311.1176872253418,110.58098316192627,715.1189519889566,333.69251251220703,118.25478315353394,374.6100809240247,292.68774032592773,106.01501226425171,431.33096612344895,295.78617095947266,115.83354234695435,492.4046997857685,306.8440818786621,121.50418281555176,624.3700970890716,326.1638641357422,137.28209495544434,385.9424474478486,297.2586250305176,124.52723979949951,430.78706964507944,300.8596420288086,129.12707805633545,408.60718632612566,310.23290634155273,133.01655292510986,496.87276402530864
335,13.4,389.7315216064453,155.61861991882324,181.03666561637397,384.24076080322266,123.70046138763428,108.03703727239176,362.4932861328125,101.72691822052002,74.97449909702837,335.06431579589844,96.77785634994507,89.49950707878187,315.4787063598633,100.63137531280518,154.8652939010128,360.99082946777344,80.45954704284668,207.10827743320533,321.3633728027344,73.1488037109375,268.5318169223436,317.65783309936523,85.62073230743408,270.1768831529621,324.3860626220703,91.82379484176636,288.75343534634715,348.6339569091797,90.77264070510864,286.7755891720684,307.0758819580078,76.8876314163208,373.8895929167048,306.53329849243164,89.44485425949097,365.92289002749607,316.30916595458984,96.78668260574341,368.471657009177,338.4357452392578,105.49794673919678,340.2527847104305,300.0159454345703,91.06438636779785,416.25097958597337,302.80757904052734,100.23123979568481,427.7353272922197,313.32435607910156,104.4518494606018,456.0537431057467,330.7508087158203,122.73669719696045,381.2878313469499,304.41078186035156,108.3606505393982,441.9501920630905,307.0777893066406,111.48332118988037,467.685465839082,315.80522537231445,113.60155820846558,504.9707660027923
336,13.44,388.6216354370117,147.8071403503418,197.24835290488335,387.2904968261719,111.25639200210571,320.3082038068212,369.68597412109375,87.50771999359131,398.3719671311113,347.6179504394531,79.07296657562256,542.5961116963324,330.1312255859375,80.90460062026978,614.3298988738308,358.54381561279297,71.8150806427002,224.6033672801455,323.8561248779297,63.72257709503174,243.75648853261413,321.4980697631836,73.66770029067993,313.8693916540809,327.62962341308594,79.46276664733887,319.48758253299656,344.31610107421875,85.16985654830933,176.83867881346623,306.2443733215332,70.54580211639404,159.90271550606437,308.0149841308594,80.33254623413086,230.7996288452459,317.5064277648926,86.36908292770386,262.15431869213404,333.2405471801758,101.88803672790527,158.15643593194432,297.3288154602051,84.2685341835022,182.6955705708408,301.6050338745117,91.58660888671875,218.19681257490765,311.2363815307617,96.38848543167114,208.2328582044149,326.11732482910156,120.24843692779541,131.4833927146019,301.05167388916016,102.81835556030273,162.01975187733356,305.2242088317871,103.80622386932373,197.44237109542897,313.5567283630371,105.93221426010132,199.80392795037935
337,13.48,383.7392044067383,146.1329698562622,129.03725142527554,383.8795852661133,109.21481609344482,99.38042394432455,368.71826171875,85.96899747848511,45.4431944309642,347.87296295166016,76.47591590881348,65.23852172679324,332.13077545166016,76.87581539154053,112.44251332552801,356.60064697265625,70.02074718475342,66.12269335446618,322.68226623535156,61.76621675491333,57.037761029117654,319.8841094970703,71.30654811859131,71.50134317073734,325.0421142578125,77.1749210357666,86.34755776444379,341.72454833984375,82.43986129760742,94.10439563292691,305.4750442504883,68.65907907485962,50.938633760460675,307.7549362182617,79.33701753616333,25.72331512124898,317.01297760009766,85.98734378814697,15.596831324939176,330.4106140136719,98.42456102371216,111.81509759535724,295.7986831665039,80.81883430480957,94.34555530495042,299.4592475891113,88.28842878341675,98.36917319601963,308.181209564209,93.34362745285034,107.83446763558022,323.04332733154297,116.40350818634033,123.06740440167287,297.32736587524414,99.09921169281006,131.5829141872802,298.5401725769043,98.49304676055908,213.46280654614125,303.63582611083984,98.90454769134521,303.9453064484474
338,13.52,380.95401763916016,146.51998043060303,70.29865981539004,380.6276321411133,108.87418985366821,81.74359822954646,364.26258087158203,85.5908203125,111.79252485265951,343.5580825805664,77.77693748474121,112.66890031714503,327.89615631103516,80.59466600418091,140.89412945826413,352.81829833984375,70.43422937393188,95.12205547645878,320.4103469848633,62.425267696380615,59.13948144106095,317.76235580444336,71.27871751785278,53.04840522174994,322.68787384033203,76.94970846176147,59.12470214929536,337.86231994628906,82.23026275634766,96.69778860087185,304.4236183166504,69.35179710388184,31.477717933477418,306.1791801452637,79.3405294418335,39.3939996626363,314.76856231689453,85.8264684677124,56.254337789413455,326.37828826904297,98.13571214675903,101.0664527195911,294.8150825500488,80.18885850906372,29.201237943754478,297.03638076782227,87.41786241531372,64.36307867760571,304.59543228149414,92.53649711608887,91.88735665801137,318.6182975769043,116.34861946105957,110.63425413722612,294.3916702270508,98.3048415184021,76.03178986783406,293.1889533996582,97.15066194534302,137.9255770221957,295.95842361450195,97.27241277694702,196.22431913114912
339,13.56,378.2487106323242,146.47733688354492,67.64107698609124,377.4778747558594,109.12555932998657,78.99429646969018,361.4259719848633,86.33591651916504,73.3208630498442,341.7560577392578,78.37440490722656,47.46222741312659,326.97296142578125,80.7148790359497,23.27471762940986,349.28955078125,70.72643280029297,88.52062674406214,318.3906936645508,63.90021085739136,62.52228034099957,312.4267578125,71.91614627838135,134.33847493453567,314.4169044494629,77.52075433731079,207.26647711442047,334.78118896484375,82.22033500671387,77.0286743891315,303.09247970581055,70.47507762908936,43.54372184640334,301.0735321044922,79.26412582397461,127.65549202114168,306.50623321533203,84.9750566482544,207.6520290486578,323.8123321533203,98.11156511306763,64.15174328813382,292.9424858093262,80.68117618560791,48.405805746850916,288.8706970214844,85.24880647659302,211.22143994885195,291.18127822875977,88.01498651504517,353.8922744510685,316.72515869140625,116.46888256072998,47.42387355625278,292.31916427612305,99.06869888305664,55.21978240499421,287.87689208984375,96.81547164916992,133.065650840751,287.7400779724121,95.97882986068726,207.9882236060738
340,13.6,375.63671112060547,146.46360397338867,65.30089031763056,374.7977066040039,109.94332551956177,70.05374215126152,359.4506072998047,87.06754446029663,52.662516812370264,340.24295806884766,78.18804502487183,38.11332295230399,325.73455810546875,78.963303565979,53.62869690499268,345.87188720703125,71.34505033493042,86.82997740089033,316.3812065124512,64.95018482208252,56.681588396181816,308.22580337524414,71.4292860031128,105.72680334101148,307.49805450439453,76.10518455505371,176.55438675308346,331.851806640625,82.83786535263062,74.84410685540523,301.44582748413086,71.40077590942383,47.225396010626866,297.13390350341797,77.68429040908813,106.11477704746028,299.9009323120117,82.27959394454956,178.35273899366516,321.34166717529297,98.84176969528198,64.40780312556127,290.89502334594727,80.95517635345459,51.64287602688794,285.54298400878906,83.32208633422852,96.13117471018052,286.5950393676758,85.13590335845947,135.37611198401189,314.44889068603516,117.12075233459473,59.19422603997461,290.74914932250977,99.32650566101074,39.77602363020018,286.34761810302734,96.19253396987915,41.28203512904795,286.3520812988281,95.27622699737549,38.89236388269312
341,13.64,373.8816452026367,145.35620212554932,51.880844423866534,372.5431823730469,109.59331512451172,57.03829187821702,357.2904586791992,86.33540868759155,57.021184948985024,338.78379821777344,77.00605630874634,46.94574525472807,323.7706756591797,77.29442596435547,64.43013033532445,343.4636688232422,71.25101566314697,60.25133973363697,313.6733627319336,65.8419942855835,71.27298777796899,303.7455940246582,71.84275388717651,112.48119708486225,300.51490783691406,76.44877910614014,174.7898641853266,329.34139251708984,82.93409585952759,62.80644563907452,299.1394233703613,71.13332748413086,58.04647166389996,293.42525482177734,76.63947343826294,96.32535214819839,293.9728355407715,81.03894710540771,151.41320927486302,318.8808250427246,99.06176805496216,61.76641117794909,288.5823440551758,80.58940887451172,58.53562670831073,281.5974807739258,81.87740564346313,105.04195017523641,280.7356262207031,83.0463194847107,155.5214679560891,312.0916557312012,117.5242280960083,59.78790284382075,287.97576904296875,98.74914407730103,70.82100930025459,282.71095275878906,94.35173034667969,101.90035820952743,281.8966484069824,92.64469385147095,129.36346313714031
342,13.68,371.19556427001953,144.12554740905762,73.86449505595061,368.9344024658203,109.55625057220459,90.22425602297825,352.6827621459961,87.33795404434204,117.88756437394612,332.9261016845703,79.80812072753906,162.33486548290412,317.02381134033203,81.6722059249878,201.0676744293038,339.9190139770508,71.7583680152893,89.51949643741224,309.6853828430176,68.25289249420166,116.5021828301858,299.700984954834,75.57987928390503,137.67027810718986,296.4050102233887,80.88947296142578,151.26760292200993,326.0026168823242,83.21655750274658,83.76756278235992,295.6207466125488,72.67535448074341,96.04339313642234,290.67626953125,79.33276176452637,96.21175258226825,291.79874420166016,83.56729030609131,83.36363300040465,316.2698554992676,99.22632694244385,65.40375363993563,284.74952697753906,80.66459655761719,95.83886195821884,278.6982727050781,83.87680292129517,88.04472194953502,278.9936065673828,85.83412170410156,82.18300343971251,310.161075592041,117.52992868423462,48.26471388619339,285.8277893066406,98.60549926757812,53.819436423079125,281.9279479980469,95.45897483825684,33.903233801077775,282.57524490356445,94.73366260528564,54.91063000223372
343,13.72,371.63944244384766,142.6354694366455,38.869655557619545,368.1407165527344,109.71500158309937,20.23516759399294,350.3647232055664,87.97772884368896,60.11767794931342,329.69600677490234,81.04350328445435,86.4569372122383,313.5967445373535,84.09321784973145,104.89901575988556,338.9764404296875,72.93362617492676,37.663615018205974,308.54578018188477,68.76903533935547,31.275965831054446,298.0556106567383,75.7976245880127,41.492993371583744,294.14770126342773,80.62321186065674,56.82395354570262,326.22730255126953,83.09983491897583,6.329880103106356,294.3364906311035,73.46701383590698,37.71635885540972,287.8786277770996,79.57512617111206,70.2030087057586,287.34493255615234,83.86243343353271,111.58950342476466,316.6868209838867,98.37573051452637,23.68246316567457,283.21922302246094,80.77890872955322,38.36418795227919,277.4477958679199,84.7616958618164,38.29758344574034,277.591495513916,88.28674793243408,70.62794605429909,309.9894905090332,116.19616985321045,33.61876392029604,285.1749038696289,98.95466566085815,18.509736695489604,280.3252601623535,95.97197771072388,42.069735602322396,279.56188201904297,95.41425704956055,77.231651022223
344,13.76,372.6896286010742,142.97155380249023,27.566325310461977,369.1256332397461,109.47954654693604,25.31674290870588,350.67028045654297,87.7686095237732,9.256623425498791,329.40723419189453,81.2223744392395,8.492073315421097,313.05530548095703,84.87916231155396,23.859811253195584,339.7699737548828,73.01043748855591,19.931054853183344,309.6824073791504,68.63229990005493,28.62055605160193,298.96602630615234,75.20346879959106,27.17855031560917,294.5977210998535,79.74208116531372,24.734959513969752,327.54302978515625,82.36494541168213,37.676258621325246,295.75523376464844,72.41363525390625,44.17605768398999,289.48434829711914,79.2005968093872,41.22052455396022,289.2348861694336,84.76123809814453,52.31977688624788,318.31958770751953,96.94259405136108,54.31279370378888,285.04934310913086,79.37234401702881,57.70487318108199,280.8958435058594,84.66646671295166,86.2340604992212,282.78064727783203,89.6514344215393,134.14000438557434,311.0948181152344,114.56030130386353,49.35721216152725,285.05964279174805,95.85382461547852,77.5745621353472,281.22581481933594,95.06359577178955,31.978082701230832,282.22049713134766,97.23113536834717,80.50342050439443
345,13.8,373.57643127441406,142.59926319122314,24.044480664493424,370.7693099975586,108.10325145721436,53.59490098277201,353.33961486816406,86.97306632995605,69.63402174177013,333.48426818847656,80.72979211807251,102.66706979483462,318.2160186767578,84.86748218536377,129.0181603366851,341.54895782470703,72.17846632003784,49.09786366236861,313.2394218444824,69.78775978088379,93.49946337675672,304.0483093261719,77.49730110168457,139.3988596745559,300.5914497375488,82.60958433151245,166.10869444148736,328.0377960205078,81.40083074569702,27.091404504145,297.67852783203125,73.11771869659424,51.20298797370919,292.6182746887207,81.13374710083008,92.0548908168465,293.189754486084,86.4562726020813,107.57010903238076,318.16471099853516,96.10250473022461,21.356159276561375,285.806884765625,78.89066934585571,22.442702741837888,281.58363342285156,85.05355596542358,19.730893595061037,283.2206344604492,89.87164735794067,12.300468950052345,310.95720291137695,113.82126331329346,18.793534390824483,285.7572555541992,95.63737392425537,18.260518682148177,282.65689849853516,96.02635145187378,43.119738783450565,284.0896987915039,98.7060284614563,59.52533327516897
346,13.84,375.0871276855469,142.01434135437012,40.49951544337505,371.80850982666016,107.26140975952148,33.434952975695325,354.6269226074219,87.48820066452026,34.663783317390234,335.56522369384766,81.21553659439087,53.42239413162835,320.72696685791016,85.09447574615479,63.02968965630824,342.6146697998047,72.46135711669922,27.56548132064648,315.4066276550293,71.12897872924805,63.71640925185336,305.9687042236328,79.37802314758301,67.19854898043934,302.0099067687988,85.40376663208008,78.34010418644128,329.2316436767578,81.18674755096436,30.322267401620078,299.5391845703125,73.27853679656982,46.68984069762378,293.4569549560547,81.4904522895813,22.784632739214928,293.2150650024414,87.07924604415894,15.587184875971388,319.55854415893555,95.94284534454346,35.07369026838194,287.45513916015625,78.54064464569092,42.1252584548231,281.0152053833008,85.01777172088623,14.238832209503999,281.06700897216797,90.35508155822754,55.180450397885785,312.57640838623047,114.24007415771484,41.8122955391156,286.70108795166016,96.17986679077148,27.215782469893856,281.46623611450195,95.92472791671753,29.874783008095683,281.1056900024414,97.90125131607056,77.26567279093555
347,13.88,377.20569610595703,140.53035736083984,64.66519854708,371.6486358642578,105.52420377731323,43.613675524959795,354.2379379272461,85.54912090301514,49.44276617268088,335.43460845947266,78.34816932678223,71.75851598766992,319.3983840942383,81.0444688796997,106.55892670917837,346.3755798339844,71.94108009338379,94.91816365356337,317.116641998291,65.59710502624512,144.75361765802296,301.6514587402344,69.1054916381836,278.57170550812407,292.3382568359375,73.16818714141846,389.9120236477357,334.47845458984375,80.10649681091309,133.92154050753703,303.2327651977539,68.73548984527588,146.37668328039746,289.74985122680664,72.6541256904602,239.56116889238817,282.23087310791016,78.2755994796753,351.9203251520778,324.5781707763672,94.15119409561157,133.24475969111177,292.98160552978516,75.40281772613525,158.87846831723195,282.442626953125,78.73642444610596,161.03737129232806,277.8379821777344,84.1981315612793,173.80780927523628,316.3134956359863,112.03010559082031,108.54083960354993,290.2799987792969,93.22847843170166,115.97223794465911,282.0282554626465,92.15591669082642,95.26215081320231,278.11405181884766,95.18729209899902,100.98104294081527
348,13.92,379.66747283935547,137.8707790374756,90.60112286559601,377.77652740478516,105.28285503387451,153.31606232801008,362.0755386352539,83.37711095809937,203.32488174559694,340.23853302001953,74.58393573760986,152.57609924493198,322.32643127441406,74.16292905807495,186.96431913259315,353.04943084716797,69.71380233764648,175.89246279220913,318.97409439086914,59.151084423065186,167.70754121258676,302.0657730102539,62.16704607009888,173.7701125330825,293.1109809875488,67.41624355316162,145.0903978063598,341.1652374267578,80.60672521591187,167.6366852101892,307.973690032959,64.58453178405762,157.53337170076293,294.1391181945801,66.21387720108032,194.84363140629412,287.5712776184082,71.17390394210815,222.14015823918595,330.7262420654297,95.88470220565796,159.69469101810967,300.3578758239746,74.6799087524414,185.290246702958,289.0180969238281,74.15838718414307,200.3048153869797,283.73104095458984,77.33068227767944,226.2327360958862,322.12337493896484,113.67181777954102,150.9344154462714,299.2905807495117,93.79743576049805,225.7131751304517,289.3794822692871,88.51378440856934,205.10007180052816,282.591609954834,87.00699090957642,233.13871194367084
349,13.96,386.19407653808594,135.9038543701172,170.41374006983924,385.7814025878906,104.47474479675293,201.13905148621453,368.2740783691406,82.32147932052612,157.19465040757987,344.65320587158203,73.68196964263916,112.64679096294662,325.8258056640625,73.53182315826416,88.89571058163943,362.62916564941406,66.88764810562134,249.69790075278797,325.5438232421875,53.36359262466431,218.88409960582206,307.6084899902344,55.646477937698364,213.95022827961782,298.41285705566406,61.50212287902832,198.567861809672,352.69359588623047,77.20579147338867,300.48855956917015,317.349853515625,57.585915327072144,292.5032841329175,301.2183380126953,57.93741703033447,272.27645210238285,293.32202911376953,63.90882968902588,231.64148843660263,343.20186614990234,93.24338436126709,318.8041681935909,311.6731643676758,69.20003414154053,314.3095414738581,297.9323959350586,67.47616052627563,278.51938887707917,290.4986572265625,71.01164817810059,231.47735034489534,334.5349884033203,113.3107852935791,310.4215815271324,312.3187446594238,93.59021186828613,325.7452960184535,301.5373229980469,87.32404947280884,305.39785567688057,292.8730773925781,84.99605655670166,261.9069844966015
350,14.0,393.8612365722656,139.5088005065918,211.8091411456985,393.5923767089844,105.21894693374634,196.1586627278761,378.9395523071289,80.11442184448242,272.285967578743,358.57688903808594,70.34862756729126,357.92817218723235,341.1815643310547,69.4310188293457,397.34739239029085,373.45359802246094,64.40145492553711,277.6570419683275,336.55303955078125,50.71316957473755,283.0940502653112,318.6705207824707,53.30646514892578,282.67050728277695,309.676513671875,59.73697900772095,285.02817103569606,361.35814666748047,76.30577087402344,217.7792421813626,324.395751953125,54.96924877166748,187.9022828722057,308.31504821777344,56.143784523010254,182.9966073903253,301.3433074951172,62.460036277770996,203.77669950765167,349.63539123535156,92.74821281433105,161.31382435721258,316.0285186767578,65.55627822875977,141.9640542302086,301.64318084716797,64.59019660949707,117.52316897341576,294.85382080078125,68.85601758956909,121.48609229150078,339.44732666015625,113.1035041809082,122.91773826741816,313.3119583129883,86.76265239715576,172.48558217545477,303.17602157592773,81.20507955551147,158.36493827142354,296.9634437561035,81.38543128967285,136.39948635984388
351,14.04,401.16077423095703,145.6753635406494,238.89033792158156,396.90914154052734,110.01927852630615,145.86833178051384,379.20650482177734,84.32752132415771,105.53870993241456,355.9978485107422,74.95151281356812,131.90432762061553,336.12308502197266,75.72358131408691,201.8423821091341,374.9567413330078,68.46309185028076,108.2714595371366,333.4508514404297,56.93113446235657,173.72150560536107,314.4697380065918,62.38420486450195,250.06490941587276,306.6995620727539,68.99101495742798,243.0270331953574,363.6091613769531,82.75787830352783,170.83756448767363,322.19493865966797,63.879497051239014,229.45057141498998,304.2389488220215,67.85455226898193,309.99664059080953,297.55332946777344,75.4560112953186,338.43324683797505,352.7655029296875,102.0256519317627,244.78112135726144,315.1365661621094,77.33875751495361,295.40480427074,299.1541862487793,78.44882726669312,352.0091776177345,292.7545356750488,83.29826831817627,364.8506579299569,343.5353469848633,124.17181491851807,294.97819067634856,314.8436737060547,99.20554161071777,313.42028893557455,302.1749496459961,93.66034269332886,312.38570393942643,293.9228820800781,92.442147731781,286.67925651642804
352,14.08,407.17315673828125,154.74615097045898,272.0614912239161,397.7969741821289,121.124267578125,278.51057951237425,373.0804443359375,97.39017963409424,360.6952134405879,343.3680725097656,93.37481260299683,558.4180876402149,321.1139678955078,98.91243696212769,690.5598377320447,368.5979461669922,77.05339908599854,267.1933456873608,322.4618148803711,75.78133821487427,545.4866554450123,321.75846099853516,89.58540916442871,704.0201516201604,330.5628204345703,96.61171674728394,912.5370769888452,357.9742431640625,91.19226694107056,253.5882673684307,311.47531509399414,82.11958408355713,528.9205424354217,312.9310417175293,95.79817056655884,731.6070848074858,323.8002014160156,104.33760166168213,975.6550841479038,348.37413787841797,110.23914098739624,232.84314661446913,304.3429374694824,93.8408088684082,492.96305593469197,306.93084716796875,104.69949960708618,684.4588434370644,317.4445343017578,111.7512559890747,941.7963353305181,340.3820037841797,132.0186424255371,211.4182396137573,309.3267822265625,113.6593508720398,386.77245713659903,310.12109756469727,116.37049198150635,601.5044406720887,316.5518379211426,119.65345859527588,884.7757771628496
353,14.12,414.50984954833984,166.4145040512085,344.5808368567183,395.45921325683594,137.83161163330078,421.7526463475393,365.0938034057617,120.23167133331299,604.9381044748701,336.44065856933594,119.27085399627686,670.1651026727166,314.31814193725586,127.69927024841309,739.4529316947936,355.05306243896484,95.40883541107178,570.2992185519798,311.8590545654297,104.1923475265503,758.1243204466197,305.5638885498047,116.7469596862793,790.5749504111793,308.3664894104004,122.48611450195312,852.2622726094056,347.15354919433594,109.78175640106201,537.7363064095695,302.04675674438477,111.67181968688965,775.4967527764312,297.8511619567871,124.00317192077637,799.579919000383,303.66310119628906,131.6163969039917,847.6568715919058,341.54869079589844,129.18505668640137,503.4471481385133,298.7160873413086,124.73472118377686,785.0538438996623,297.71663665771484,133.1899881362915,748.5860053961959,305.25257110595703,137.69588470458984,716.662283503226,338.41259002685547,150.58527946472168,466.76988541756197,304.30471420288086,140.3869342803955,679.8827482023543,303.03815841674805,142.75055408477783,682.8596596052936,309.2254066467285,144.11484718322754,638.3749519627377
354,14.16,412.26318359375,181.00470542907715,369.054098471919,394.17694091796875,145.96989154815674,205.96696082680927,365.1777648925781,130.78020572662354,263.7217133861515,338.2931900024414,133.92764568328857,369.3350572880095,320.3670883178711,146.68042659759521,498.0424484090533,353.5728454589844,111.68307781219482,408.53550032274865,315.1100540161133,126.67176246643066,567.8320028118252,304.32193756103516,143.47525119781494,668.9282516571443,301.3144302368164,152.99682140350342,782.877215077514,342.9140090942383,126.81976318359375,438.93861713650637,298.92738342285156,134.09740447998047,566.0374011666539,290.9243392944336,150.52635669708252,685.3193611712046,292.7974319458008,161.4576244354248,793.9464831003125,336.4605712890625,146.34714603424072,447.51136221543686,293.74149322509766,148.7334394454956,612.7219316431361,292.2094917297363,161.37701511383057,717.9994494645672,298.53275299072266,168.2491636276245,782.0880738648407,334.30103302001953,167.74337768554688,441.0961031736355,302.7696228027344,163.59918594360352,581.5739059241023,302.2964286804199,169.18118476867676,661.025907846287,307.7795600891113,173.0269718170166,723.70635581184
355,14.2,412.4948501586914,191.88570499420166,272.08663709096356,397.0148468017578,160.0169563293457,358.27166610353447,369.7160339355469,145.83709716796875,393.14903804316316,342.423095703125,147.80958652496338,362.08113958432875,324.71527099609375,158.3078384399414,310.3459750370625,355.38169860839844,126.56076908111572,374.68123719492405,320.81554412841797,138.00347328186035,317.1753137325365,311.9809341430664,153.3263397216797,311.9536962320951,309.59508895874023,163.04007053375244,325.4191162574244,343.7839889526367,138.0235719680786,280.9383787342421,303.4885025024414,144.1138458251953,275.1509863696747,295.59627532958984,161.00425243377686,286.80708388395504,296.55895233154297,173.35933685302734,312.04946931903737,336.1881637573242,154.84120845794678,212.46073507998324,295.3298568725586,154.3132209777832,145.03633386291764,291.3647651672363,169.40930843353271,201.91473902851428,295.78264236450195,180.63707828521729,317.2376258621582,332.6231002807617,175.07712364196777,188.08124579352852,302.3793411254883,171.4051866531372,195.3937800712233,298.72386932373047,179.32459831237793,268.85407133286276,301.5666961669922,186.10663890838623,362.00601629654176
356,14.24,412.5151062011719,200.19830703735352,207.81566807370027,398.6640167236328,170.75029850006104,271.48249895812035,372.6089859008789,157.89523601531982,310.0079470107536,347.4530029296875,158.52612018585205,295.9561416122176,331.4734649658203,167.28920459747314,281.0005825039613,356.16973876953125,139.58149909973145,326.11387726647615,322.2137451171875,149.32568550109863,285.2054692919483,311.82939529418945,164.75945949554443,285.85310015182625,308.4804916381836,174.59688663482666,290.2610092453863,344.4905090332031,149.16163444519043,279.01120762467787,303.58665466308594,154.22850608825684,252.87841209239645,293.98193359375,171.66296482086182,269.50678213946765,294.05651092529297,184.9460792541504,296.3473600161822,337.16835021972656,164.78091716766357,249.6980360544221,295.61580657958984,162.9481601715088,215.99181424635273,290.2208137512207,179.26367282867432,248.01351081447996,293.6354446411133,191.7356300354004,282.6087279867011,333.95973205566406,184.96849536895752,249.53183557310217,301.9954299926758,181.51405334472656,252.9038522173769,297.88963317871094,190.47258853912354,279.4790198311769,301.07091903686523,198.93115997314453,320.85251236275434
357,14.28,403.80958557128906,212.2661304473877,372.0034032884345,392.4948501586914,181.24438762664795,304.32766336501993,370.4244613647461,166.12635612487793,212.90180498726713,345.83499908447266,163.11912059783936,121.74150182775996,330.39066314697266,169.8799180984497,70.19729438804083,358.4849548339844,146.61519527435303,185.12345087465974,323.0807876586914,152.44357109069824,80.90493386766678,312.3998832702637,168.128342628479,85.42112624453736,309.92855072021484,178.72140884399414,109.28334319261839,346.5462875366211,154.38580513000488,140.35264648197352,303.75226974487305,156.11650943756104,47.38133204582809,294.4559097290039,173.68675231933594,51.96374466737824,295.87900161743164,187.24505424499512,73.34319298451291,338.3329772949219,168.81826400756836,105.04917220630281,295.29443740844727,164.19307708740234,32.143197877221894,288.3173370361328,181.5360403060913,74.10666956027073,290.9793472290039,194.84095573425293,102.15766356032758,333.22498321533203,188.1815528869629,82.3999183569836,300.7307434082031,183.62976551055908,61.622186171037676,294.0341377258301,193.77860069274902,126.97086660703023,294.8753547668457,203.11406135559082,186.88512614573847
358,14.32,403.83399963378906,217.74391651153564,136.94601174144603,393.90480041503906,185.49619674682617,111.98727751346784,370.1544189453125,167.83125400543213,43.15379249999174,345.1095962524414,163.71800422668457,23.51689378959532,328.40911865234375,171.1233901977539,58.484727952806836,355.42633056640625,146.6864776611328,76.48636965532994,318.27892303466797,155.01146793365479,136.13412059324511,308.8243103027344,172.30731010437012,137.49657089060895,309.0144920349121,184.4995880126953,146.25076449755215,344.8052215576172,154.22852039337158,43.70389879363337,301.8766784667969,159.66515064239502,100.34533198859141,294.80796813964844,178.84852409362793,129.3440976967616,298.5240936279297,193.0636739730835,159.79058029984878,337.1282958984375,168.57436180114746,30.72809741641726,294.0005111694336,168.63224029541016,115.59740238035812,289.7481918334961,187.43451118469238,151.7384759974428,295.25936126708984,200.34896850585938,174.38593130323113,331.8891906738281,188.34450244903564,33.64236794687957,299.12593841552734,187.08138942718506,95.16139818205424,295.37546157836914,197.84231185913086,106.98393022192238,299.54967498779297,206.43038749694824,143.281385313583
359,14.36,402.04273223876953,218.5924243927002,49.55176904547917,389.866943359375,184.49257850646973,104.01784454587654,366.0710144042969,166.20235919952393,109.90760589667391,341.9922637939453,161.30510330200195,98.55154910352604,325.4465866088867,168.35492134094238,101.36880659146641,350.3875732421875,144.64314937591553,135.93257945930657,313.9525604248047,154.33711051940918,109.46509533342991,304.4317817687988,171.64910316467285,111.03924783861223,303.5478210449219,183.4833526611328,139.00815174515432,340.88768005371094,154.13131713867188,97.96868092518221,299.4663429260254,161.34221076965332,73.4091619347757,292.2725296020508,179.5731782913208,65.92406751411637,295.1131248474121,192.73341178894043,85.67300162514925,334.21680450439453,170.2509355545044,83.99286311955181,291.91993713378906,172.84369468688965,117.43385481120339,286.69593811035156,190.47271728515625,107.66542243028141,290.750789642334,202.39514350891113,123.7791638328811,329.87545013427734,191.2758207321167,88.90928606364584,295.8814811706543,191.86606407165527,144.52425027319242,292.0907974243164,201.71861171722412,127.02046881008195,295.91421127319336,209.71831798553467,122.54357214361184
360,14.4,399.4472885131836,214.94354724884033,111.94483167967806,381.6036605834961,181.0666036605835,223.63355332829386,356.0845947265625,164.79424953460693,252.13011374124,331.99562072753906,163.12166690826416,254.00882850395737,315.5325126647949,172.75865077972412,271.20298571700954,341.2009811401367,146.4851188659668,234.23589345430912,302.5499725341797,157.8361701965332,298.1845372704451,292.64896392822266,176.50511741638184,318.606017164029,292.36366271972656,189.01795864105225,311.96680592251676,334.29901123046875,156.31575107574463,173.53369357238446,290.86341857910156,165.9689712524414,244.20434563596558,283.1861877441406,185.6364870071411,273.0903249638212,286.74224853515625,199.30120468139648,265.99750200105564,330.1929473876953,172.90839672088623,120.55477475622456,286.09310150146484,179.6471929550171,223.9414016134247,280.1058578491211,198.6077070236206,261.7336622102464,284.1807174682617,210.5434513092041,261.6781997760249,328.19469451904297,194.62955474853516,93.78323174688586,291.78091049194336,198.80059719085693,201.4051102138557,288.2166290283203,210.33556938171387,236.19528487057,292.9546356201172,219.4447660446167,254.16884138833512
361,14.44,396.2520980834961,213.62000942230225,86.46167597642521,376.3028335571289,180.5943489074707,133.0455554389699,350.3126525878906,165.7960081100464,146.45570212448743,325.8668899536133,164.28503036499023,155.95423092952333,309.2638397216797,174.09845352172852,160.25630224586237,332.9892349243164,149.01801109313965,214.83761156323376,293.0411148071289,162.9821491241455,270.3001507545862,282.0698356628418,182.71860122680664,306.7219179462394,281.0331344604492,196.25126838684082,336.063275768867,329.1570281982422,159.13320064544678,146.58191306723498,282.8451347351074,172.2478437423706,254.6040007880463,274.25140380859375,193.43290328979492,296.4524317105275,277.43507385253906,208.5232973098755,327.5577172623524,327.5194549560547,175.91214179992676,100.52999018296693,281.4407730102539,186.39192581176758,204.84076391654602,274.5364761352539,205.6322193145752,224.1118381530334,278.09581756591797,218.01062107086182,240.81194824872986,327.90271759033203,197.62364387512207,75.20729778770418,289.90901947021484,204.2878818511963,144.944534522743,286.56585693359375,215.53253173828125,136.32100499443015,291.72481536865234,223.71286869049072,111.04379216842193
362,14.48,392.7634811401367,213.02101135253906,88.49169051764878,372.27916717529297,180.6201982498169,100.59373533183005,346.23802185058594,166.72375202178955,104.4728565560352,322.4650192260742,165.70153713226318,92.12496902515494,306.3249206542969,174.72191333770752,75.1080364656757,327.2853469848633,150.28771877288818,146.08750634861633,287.96337127685547,166.0245180130005,147.98540429529368,277.91025161743164,186.17929458618164,135.27411512936644,277.6087188720703,199.46452617645264,117.39795500889663,324.3801498413086,160.54587364196777,124.53466342759805,277.9266929626465,175.61535358428955,149.0201161012114,270.32243728637695,197.53775596618652,142.05323260044904,274.7821807861328,212.5629472732544,120.82170088712736,324.2100143432617,177.49279975891113,91.68859236876251,277.4540328979492,188.52182865142822,113.00050561129602,271.12865447998047,208.15396785736084,105.9848578429724,275.7512855529785,220.4747772216797,85.03269920783222,326.38317108154297,199.1217041015625,53.34560686232619,288.2263946533203,204.12571907043457,42.26052414705217,282.44041442871094,214.84914779663086,104.54152725352554,285.71815490722656,222.76591300964355,152.0211641522828
363,14.52,390.51502227783203,212.88255214691162,56.31794899885089,370.1100158691406,181.05716228485107,55.318142124079486,343.6894226074219,167.08893299102783,64.36572866513593,319.4811820983887,166.48089408874512,77.09848113845823,303.5163688659668,175.2476978302002,71.43359013918916,324.6413040161133,150.04076957702637,66.3887562295619,285.49245834350586,164.4071388244629,73.8297287839937,274.8191452026367,183.48934650421143,102.44132330046783,274.2645835876465,196.3683557510376,113.93395044866779,321.7169952392578,160.27878284454346,66.91286277920064,276.45458221435547,173.54009628295898,63.609172500708176,268.18092346191406,193.7223243713379,109.38349885647418,271.626033782959,207.98096179962158,139.09496483119287,321.33045196533203,177.03377723693848,72.8979644951859,276.04713439941406,186.27562522888184,66.26081610122031,269.4974899291992,204.86350536346436,91.81449101130792,273.2914352416992,216.84259414672852,109.66886934045654,323.09814453125,198.5258960723877,83.46551175395322,285.55397033691406,202.29475021362305,80.98726243032415,279.8564338684082,212.29727268218994,90.79173329564922,282.62298583984375,219.6273422241211,110.20066393691349
364,14.56,388.4175109863281,210.59823989868164,77.53078447220132,366.7716979980469,178.9094638824463,99.23763977240432,340.87745666503906,165.37127494812012,82.37680807380808,317.7256965637207,164.88452911376953,59.31963521759304,302.0597457885742,173.3307695388794,60.18910233411604,322.58155822753906,149.23776626586914,55.268475594584544,283.1837463378906,162.5292205810547,74.400638664082,272.5441360473633,181.11518383026123,82.20521219392167,272.1343421936035,193.74820232391357,84.42131091497238,319.63558197021484,159.80835914611816,53.347795482734504,274.1450309753418,171.52554988861084,76.61765503382159,265.5569267272949,190.84962844848633,97.26812404527723,268.86966705322266,204.87915515899658,103.7387403065469,319.58730697631836,176.8392562866211,43.84912237459728,273.8539123535156,183.83442878723145,82.04291182569284,267.0163917541504,201.77717685699463,98.99896402260441,270.6679916381836,213.4615659713745,106.98658754536908,321.76048278808594,198.35546493530273,33.71188321286716,283.73342514038086,199.90234851837158,75.15804466282286,276.25606536865234,209.54651355743408,113.27325670823045,277.47663497924805,217.2128677368164,142.11486162212103
365,14.6,387.9153060913086,206.75674438476562,96.85458668804246,366.0731887817383,175.5216407775879,86.47709420375594,339.8687744140625,162.1805477142334,83.65920512898423,316.80830001831055,161.95159435272217,76.8266015700716,301.4410209655762,170.63773155212402,69.0799989355701,321.35276794433594,147.17318058013916,60.064754712183074,282.31956481933594,159.2896556854248,83.82120260563903,272.0816230773926,176.963210105896,104.44138324680749,271.0830879211426,188.57495784759521,131.97441503262525,317.98206329345703,157.51863956451416,70.60869181963241,273.1812286376953,167.53947257995605,102.52355600246645,264.45695877075195,186.14739418029785,120.72938907518369,267.1763610839844,199.46775913238525,141.75350979403223,317.79170989990234,174.2563533782959,78.64300785300502,273.34041595458984,179.70590114593506,104.00847031810092,266.2156677246094,197.1535062789917,117.31231975312298,268.91530990600586,208.107647895813,140.83752166533506,319.801025390625,195.81473350524902,80.21373593456097,282.8035354614258,196.86638832092285,79.37942560701778,276.1871147155762,205.99100589752197,88.90440411002326,277.67269134521484,212.63866424560547,114.46007949729251
366,14.64,386.5006637573242,204.80795860290527,60.20267309618518,365.19092559814453,172.5106716156006,78.43916280932118,339.2362976074219,159.29706573486328,73.80080976982286,316.3098907470703,158.94179821014404,76.26960658388268,301.19192123413086,167.5807285308838,76.67837923788413,320.9442138671875,144.30384635925293,72.45686348227908,283.5398864746094,155.6462287902832,96.0590459124311,273.20850372314453,172.03840255737305,126.302190647468,271.4457702636719,182.88730144500732,142.48020440459783,317.0115280151367,154.96862411499023,68.21160787979471,273.57276916503906,163.99407863616943,89.17371460102282,264.83333587646484,181.93091869354248,105.8310128699102,266.90196990966797,194.65221405029297,120.583904798189,316.282958984375,171.75188541412354,73.09535342905808,272.7085304260254,176.0287570953369,93.2760275005672,265.41847229003906,193.158860206604,101.83539967928081,267.73345947265625,204.11471843719482,104.10408285794259,317.79014587402344,193.30967903137207,80.30774537435147,281.0184097290039,193.7041711807251,90.78233281562552,273.8212203979492,202.7705955505371,99.90151001469732,274.7655487060547,209.82542037963867,101.13672482654017
367,14.68,385.64208984375,201.6038417816162,82.92886171871075,364.752197265625,170.38690567016602,54.21522122950668,338.64070892333984,158.1598663330078,32.09311024374041,315.4878234863281,159.48124408721924,24.58145179141163,300.4368209838867,169.23518657684326,45.465700078182564,319.97802734375,142.7334451675415,46.0955278538555,283.12543869018555,156.2050724029541,17.39384139280483,273.7799835205078,173.5555601119995,40.53051477247214,273.10291290283203,184.12506580352783,51.709418470830656,315.610408782959,153.8673734664917,44.55255389422676,271.64770126342773,164.51482772827148,49.856456720389744,264.73352432250977,182.65674591064453,18.316445741959516,268.2424545288086,193.94718647003174,37.86458522717495,315.12365341186523,170.96514701843262,35.02630006247551,269.98579025268555,175.88863849639893,68.15858013342408,264.7515678405762,193.07971000671387,16.78962288989932,269.0504455566406,203.05091857910156,42.32406587486414,317.59899139404297,192.3502779006958,24.45647364144497,280.6698989868164,192.7185344696045,26.13593627231391,274.0800476074219,201.3378381729126,36.39870557022659,275.6319236755371,207.36326694488525,65.25337694333203
368,14.72,384.71595764160156,199.2886734008789,62.33841856663367,362.9601287841797,168.91958713531494,57.90365448801143,336.68487548828125,157.2443389892578,53.987699657231126,313.4928894042969,159.33420181274414,50.00864564085816,298.66262435913086,169.9651336669922,47.962201378481154,318.3647346496582,143.2151699066162,42.09195321737994,280.6689262390137,157.52225875854492,69.68425807758288,271.30781173706055,175.30232906341553,75.675438124367,271.0551643371582,186.27379417419434,74.20540663896377,314.6424102783203,153.68290901184082,24.63544499309317,269.89648818969727,165.19749641418457,46.989252523388366,262.9349136352539,183.6819076538086,51.75638248055846,266.40316009521484,195.56108951568604,61.17437706170967,314.7072982788086,170.0096082687378,26.057699186024664,268.61316680908203,174.85117435455322,43.01472831735671,263.5483932495117,192.45336055755615,33.911122152651544,268.03876876831055,202.9231882095337,25.49270693938522,317.7305603027344,190.7590627670288,39.91613066281218,280.1235771179199,191.72269821166992,28.396274371073705,273.3852195739746,200.4715919494629,27.762030226834483,275.19575119018555,206.4405870437622,25.514513479025453
369,14.76,382.6382827758789,194.70766067504883,125.75375352716311,360.6669616699219,165.49685955047607,102.99781409673948,334.83489990234375,154.1077709197998,91.03731694650115,312.2069549560547,155.75846672058105,94.99838437607272,297.31054306030273,166.09721660614014,102.43566953297784,316.35128021240234,143.52185726165771,50.91694158533866,276.0135841369629,153.182373046875,159.1124171723473,264.9674415588379,171.35551929473877,186.71100889311782,264.34532165527344,182.29804515838623,194.98168031308361,314.4442367553711,152.90751457214355,20.00795595368785,265.81350326538086,158.7059497833252,191.72073367403556,256.84913635253906,178.63287448883057,197.68886702950692,260.93326568603516,191.13711833953857,175.8750725212337,315.7404327392578,168.77130031585693,40.31728382108351,269.5948791503906,172.36254215240479,66.88165555034402,263.2527542114258,191.1057472229004,34.4915219708264,267.1602249145508,200.98846435546875,53.12129807376558,320.2083969116211,189.2713737487793,72.25342931030778,282.36663818359375,189.7441864013672,74.77395906935621,275.009765625,199.8365592956543,43.60630934355555,277.1225929260254,205.65410614013672,52.02926632399948
370,14.8,383.0638122558594,191.0624885559082,91.74814411097304,358.67637634277344,161.6506290435791,108.27026097007084,333.2075881958008,151.00318908691406,87.63051604369902,311.0499954223633,152.36712455749512,89.58151675193606,295.3372001647949,161.7731237411499,118.8272414271834,315.92960357666016,140.02899169921875,87.9556742854139,276.1892318725586,144.55198287963867,215.80443485617567,264.92923736572266,160.995512008667,259.0019431971408,264.35943603515625,172.3137617111206,249.60733559315446,313.39534759521484,149.6592664718628,85.33494371911361,265.6407165527344,150.73216438293457,199.3914317046213,256.3994598388672,169.4554567337036,229.71069524930093,261.2331771850586,182.26181030273438,222.00934616504279,314.3419647216797,165.80447673797607,81.99754164934868,269.72190856933594,168.9318323135376,85.82652005563936,264.039363861084,186.67704105377197,112.45052543622103,268.98656845092773,195.6414556503296,141.25781572558168,319.1306495666504,187.0359992980957,62.040502266464905,281.5842628479004,189.31549072265625,22.303182940540236,277.12244033813477,198.31997394561768,65.01646698849052,282.3990058898926,202.0103931427002,160.30669467647314
371,14.84,385.8428192138672,190.65796852111816,70.20735418744593,361.0183334350586,161.38833045959473,58.91500004914364,336.28849029541016,151.5067720413208,78.04467286171136,314.69778060913086,152.39028453826904,91.19646769992802,298.7471580505371,160.45372009277344,91.40787291682147,319.48535919189453,140.2932643890381,89.13906989171167,279.8140335083008,141.64591312408447,116.14761169150789,267.52769470214844,157.79329776763916,103.09630380943106,267.4798774719238,169.1165256500244,111.69006555718708,315.80379486083984,148.83715152740479,63.62237820333804,268.6652374267578,146.1655569076538,136.9343600751233,258.22364807128906,165.16133308410645,116.63822439850107,263.1361770629883,178.3247709274292,109.3208796905461,315.4805374145508,163.96245002746582,54.137615037888395,272.203311920166,166.1153268814087,93.84183981146941,266.35644912719727,184.77710723876953,74.91091639336096,272.1122741699219,194.37581062316895,84.30559581267852,319.4822883605957,184.35832500457764,67.51661584183736,282.92070388793945,186.70812606811523,73.24797392782651,278.4526824951172,197.27900505065918,42.2282520689967,284.5029830932617,202.38934993743896,53.4458155785822
372,14.88,389.07283782958984,192.80017375946045,96.89576726144966,361.9157028198242,163.36575508117676,54.28788968748852,337.27943420410156,154.06301021575928,68.53978513712472,317.01040267944336,154.88335132598877,85.01324473327536,301.13208770751953,162.71082401275635,82.09144129550181,322.4985122680664,142.49361991882324,93.2759880606343,282.7429962158203,144.15472984313965,96.41376934809065,272.75869369506836,162.10763454437256,169.51558240874857,274.781551361084,173.4478998184204,212.24284995361344,318.2198905944824,149.68880653381348,64.04507613815277,271.1315155029297,149.03018474578857,94.50072817187278,263.7165832519531,170.07548332214355,184.2573089815183,270.93488693237305,183.24640274047852,230.54600317786148,317.2637748718262,163.53610038757324,45.83741542442792,273.32469940185547,165.98260402679443,28.23036087515942,269.57592010498047,186.3113307952881,89.15869032995599,277.33142852783203,196.71506881713867,142.9853600673577,320.5367660522461,182.56685256958008,51.96932200553766,284.7323417663574,187.1726417541504,46.75605993539414,281.1387252807617,199.0110683441162,79.90177211291316,288.59025955200195,204.63402271270752,116.57718665707056
373,14.92,388.8251495361328,196.0109567642212,80.50806246261953,363.5196304321289,166.03116989135742,77.76977198695134,339.1954040527344,155.94110012054443,67.07347720655852,318.2381248474121,156.84496879577637,57.85350475283339,302.77124404907227,165.11385440826416,72.72116522111607,324.5929718017578,143.97302627563477,64.10637598381483,285.747013092041,147.61347770690918,114.52907430470735,277.0482063293457,165.13156414031982,131.20610894902805,279.2024612426758,175.87318897247314,126.06167057714703,319.3367004394531,151.10808849334717,45.14992739806788,273.3935546875,153.0461597442627,115.23041173259325,266.829891204834,173.16484451293945,109.649552486168,273.9053726196289,185.57819366455078,94.40946103204416,317.67799377441406,164.76017475128174,32.306494578775066,274.2090606689453,168.2891321182251,61.756410028066796,271.0885238647461,187.79531478881836,52.97510398238475,278.9010238647461,197.7467679977417,46.957645283538014,320.084228515625,183.76623630523682,32.047928632450265,285.6731605529785,189.05025959014893,52.50350421233216,283.85305404663086,200.49217700958252,77.30323217751021,292.0454788208008,205.58704376220703,89.60604512345924
374,14.96,388.7483215332031,195.9875249862671,2.008044797224154,365.7461929321289,167.13626861572266,62.143099762764884,340.5209732055664,157.53523349761963,51.8314262950396,318.45983505249023,158.013653755188,29.738232435186934,303.27747344970703,165.91692924499512,23.732854330251335,326.0099792480469,144.34195518493652,36.60616958721947,288.0916213989258,148.86059761047363,66.39134058077369,280.45398712158203,165.59967041015625,85.9449907085416,282.94605255126953,175.77255249023438,93.6235934051083,320.0010681152344,150.57034492492676,21.36809177840432,274.78540420532227,154.49366569519043,50.202829590530044,269.84764099121094,173.51377487182617,75.94638803347958,277.72504806518555,184.8409652709961,97.25426151862044,317.8334045410156,163.3046293258667,36.595465837846056,273.89442443847656,168.71605396270752,13.258445865274368,272.76702880859375,187.67586708068848,42.0687428613759,281.3795471191406,196.83547496795654,66.01861720714406,319.61294174194336,181.4672040939331,58.671012495840316,286.3175582885742,189.32514667510986,17.51448242025709,287.0663070678711,200.9915828704834,81.29576093042783,296.1983299255371,205.50194263458252,103.84307421547399
375,15.0,391.21856689453125,192.41199016571045,108.64667907423622,370.1531219482422,164.40698146820068,129.59077823742368,344.5112991333008,155.48867225646973,112.11354156425035,321.43531799316406,155.57712078094482,96.14504558483243,306.9282913208008,163.76943111419678,105.88974026575906,328.12522888183594,141.7209005355835,84.20291150006291,292.6410484313965,149.36749935150146,114.43949192376795,286.59435272216797,166.16429328918457,154.15675606420348,289.4453239440918,176.84173107147217,164.6657058181354,320.9230422973633,148.76399517059326,50.70093581170955,280.06092071533203,156.8631362915039,144.5801364170139,277.1609115600586,175.6256103515625,190.3020223004844,284.3346405029297,185.71276187896729,166.67097362534855,318.0983543395996,161.6478681564331,41.9453213147237,276.7709732055664,169.02700424194336,72.33266415321533,277.5182914733887,187.34068393707275,119.07677315926861,286.37229919433594,196.04302883148193,126.38122923218422,318.88010025024414,179.799542427063,45.53948895672821,287.9315757751465,188.9176082611084,41.616853601094434,290.3953552246094,200.15697956085205,85.8018222210714,300.0672912597656,204.5870590209961,99.39150439098232
376,15.04,394.13063049316406,185.92698097229004,177.7207406319489,373.34205627441406,156.66053295135498,209.42893597945442,347.2062301635742,146.41526699066162,236.6291090181068,324.23206329345703,148.47261428833008,190.87921046160955,310.8016586303711,159.13796424865723,150.94175126816037,331.76029205322266,132.66127109527588,244.04222208418744,296.8597412109375,143.091459274292,189.05364288160877,290.6509780883789,159.03502464294434,205.06505186167462,292.23440170288086,167.6512098312378,240.1101770695213,324.1307067871094,141.1834716796875,205.78120643500247,284.53418731689453,152.18144416809082,161.88027062284846,284.2702865600586,169.1711139678955,240.05694175730903,292.06653594970703,176.77828788757324,295.3885499460761,320.97278594970703,155.3743600845337,172.5167756505361,282.53551483154297,166.73008918762207,155.13252182485843,285.1064872741699,182.24215507507324,228.54938206495473,293.65970611572266,187.63013362884521,278.2569690596524,321.2994384765625,173.9797067642212,157.56682034102724,294.6282196044922,184.79496002197266,196.59804659628952,296.8098258972168,193.56382369995117,229.96621792106816,304.30185317993164,195.9009075164795,241.5842795681459
377,15.08,393.3031463623047,177.55125045776367,210.4126773135239,376.68895721435547,146.22581005096436,273.95846846478986,350.6745910644531,133.65797996520996,330.5089820909778,327.6951217651367,137.23774909973145,293.9121571408049,315.0643539428711,150.20524978637695,247.4418605852704,334.6725082397461,119.41150903701782,339.15077557546573,301.31752014160156,131.5385913848877,309.576878037489,298.7824821472168,146.33062362670898,377.0967742505057,302.0954895019531,152.60918140411377,449.6551955272361,326.27819061279297,130.14670372009277,281.09377191551823,288.05471420288086,140.1474380493164,313.45993845072593,289.92305755615234,155.20787715911865,376.6014157171508,298.42655181884766,161.14402770996094,421.9596345897574,322.4068069458008,146.00456714630127,236.9723558806331,284.66487884521484,153.90493869781494,325.01795737785864,289.53264236450195,167.05809116363525,395.4006241698931,298.9430236816406,170.6872844696045,443.6873773665991,322.5318908691406,165.21738052368164,221.21440398064544,296.09670639038086,172.1634006500244,317.9158159082597,298.6254119873047,179.00569438934326,366.77264915995795,305.4576110839844,180.38274765014648,389.02848704324407
378,15.12,391.8064880371094,164.0340757369995,339.99448393874906,379.00390625,131.29929542541504,377.6240093535245,353.4433364868164,116.94253206253052,423.58009115827804,329.3190002441406,119.13089275360107,454.4881929530552,315.4693412780762,130.15515804290771,501.3545362709967,335.0979232788086,101.99206352233887,435.61598627283627,304.99853134155273,112.3987627029419,487.2646133188318,306.3420104980469,123.8045597076416,594.0170581372817,312.8878593444824,127.6128101348877,680.6677894937656,325.55450439453125,114.46686744689941,392.4131968479241,292.34235763549805,122.59220123291016,451.7813532875795,298.14414978027344,134.23768043518066,563.1027370727764,308.2692337036133,137.34910011291504,643.7570223079852,321.03179931640625,131.1811065673828,372.17740184927493,287.7123260498047,137.69159317016602,412.43143950214306,296.37868881225586,147.39244937896729,520.5800963634719,306.6697311401367,148.08611869812012,597.1362398875655,321.0868835449219,150.6895923614502,364.9868790909801,296.4134216308594,154.70340728759766,436.5716412854952,303.99547576904297,159.2292881011963,512.3132773836949,313.71402740478516,158.86353492736816,576.2187771750467
379,15.16,389.1722869873047,152.22061157226562,302.58981181444693,380.2406311035156,117.38226413726807,349.2968367293113,354.9578857421875,99.67158794403076,433.430624632771,330.85315704345703,100.91939449310303,456.90008889869193,316.5153694152832,111.93535566329956,456.2451188888242,337.4470520019531,83.26088905334473,471.9476286794175,307.06127166748047,92.36802577972412,503.4166510824857,310.8100128173828,102.09466695785522,554.1223285142113,320.2215576171875,104.77016687393188,599.7757297015107,325.6656265258789,96.96425914764404,437.57402616960013,293.78955841064453,103.21190357208252,485.85641365651037,301.2186622619629,113.79572868347168,516.7966345788631,313.1934928894043,116.77584171295166,528.859202506035,318.9407539367676,114.48197364807129,420.7385701333297,287.9567527770996,118.2379674911499,486.379029464349,297.8251266479492,127.00099468231201,511.0672699473315,309.40975189208984,128.2511043548584,500.584350858157,316.87015533447266,134.188814163208,425.7761133714988,295.17818450927734,135.1717185974121,489.2677397376974,304.76375579833984,139.41856384277344,495.6404000423846,315.4707145690918,140.1526165008545,469.83003453169675
380,15.2,383.9170455932617,138.7706708908081,361.0042126177241,377.7460479736328,104.55797910690308,326.6163953439297,353.4661865234375,84.4498872756958,382.36544838969854,329.18262481689453,83.92497539520264,426.90818567569755,313.4542655944824,93.5023283958435,467.13679129117224,336.18186950683594,69.99011993408203,333.27353608065636,303.89135360717773,72.35783100128174,506.4930130195753,307.2217559814453,81.70590162277222,517.5527382606377,318.1283950805664,85.33747673034668,488.6273987030581,324.89845275878906,84.03562545776367,323.7843849269338,294.02462005615234,85.52737712860107,442.15221467512134,300.6060791015625,95.01688957214355,469.7206992575169,312.58800506591797,98.09939861297607,467.1563860013956,317.4041938781738,100.91038227081299,341.45745463832816,289.9156379699707,101.7112684249878,416.05965108858874,298.0286407470703,109.27066326141357,443.2874845144511,309.0753173828125,110.3893518447876,446.6220781964435,313.19313049316406,119.00856971740723,390.48073985622676,293.1962585449219,116.61212682723999,466.62784770335645,301.80458068847656,121.43590450286865,455.6127428158556,312.43608474731445,123.35078716278076,426.8419257033097
381,15.24,378.15948486328125,126.49821281433105,338.8977839982692,372.02503204345703,91.4780044555664,356.91014288695175,348.2244873046875,71.03116035461426,360.15417087894707,324.7282028198242,69.01442527770996,389.0423981829011,308.1365203857422,76.85543060302734,436.8907330711732,332.76866912841797,56.559998989105225,346.4264761640784,300.1350212097168,54.26146388053894,462.05284874197264,298.8308906555176,64.76459741592407,472.6351718998141,306.7497253417969,71.12023115158081,455.2500664956892,321.10889434814453,70.0928521156311,361.21468808190207,289.97413635253906,68.77599477767944,430.8532442288249,294.37028884887695,78.79672050476074,434.4385490564016,305.2498435974121,82.88113117218018,422.3774065020617,313.29090118408203,86.93946361541748,364.09626548392663,286.0325241088867,85.07730960845947,427.0298285600951,292.69737243652344,92.88151502609253,430.8614928825506,303.0270767211914,95.11780500411987,410.6407782414539,308.8583755493164,105.17872095108032,362.3317000024679,288.08719635009766,100.81969499588013,414.9573921340677,295.1271629333496,105.46959400177002,432.6596373695329,305.3597640991211,107.99884557723999,422.60828816551845
382,15.28,371.68041229248047,117.50438690185547,277.1137919718409,365.0817108154297,82.3054575920105,287.60359616113163,342.34020233154297,61.333322525024414,283.58515940343915,317.8593635559082,56.69425964355469,352.63954160599224,299.891414642334,61.435089111328125,437.15607942172915,330.32569885253906,44.52158331871033,307.0948098939044,296.8595886230469,39.99804496765137,365.8667599980372,285.0966453552246,45.87541937828064,583.8613603129655,281.5909767150879,50.26852369308472,816.9135267871966,318.48270416259766,57.34974145889282,325.2727164439667,286.5407371520996,58.180328607559204,278.45149000567494,293.08088302612305,68.40428352355957,261.80301968272516,304.7310447692871,72.0269250869751,271.66493834796614,310.0041961669922,74.46486711502075,322.50773994304564,281.32686614990234,72.68707036972046,331.3431427728482,289.29704666137695,80.88506698608398,311.7260224878475,300.39661407470703,83.79698753356934,290.5600647199214,304.4678497314453,93.05423498153687,322.37388714721527,283.46887588500977,88.30640316009521,333.45853985706657,291.4164733886719,93.3078145980835,317.88175392049715,302.3162078857422,96.52925491333008,296.66347140072577
383,15.32,361.83643341064453,108.65654468536377,330.8967287103756,357.09373474121094,73.13730239868164,303.99715398673357,337.02606201171875,52.887643575668335,249.4613951275551,313.2510757446289,48.536378145217896,234.23725564650667,296.62574768066406,53.531516790390015,213.791715427717,323.6566162109375,35.119868516922,288.1719370604521,288.6254692077637,31.42889142036438,297.1017450534885,285.57689666748047,41.86231255531311,101.04351691063611,290.7474136352539,47.305519580841064,240.59786268033446,310.4816246032715,47.62096166610718,314.9071593057045,278.9902877807617,45.23990035057068,374.553041290052,286.35459899902344,56.55441999435425,340.64475857739774,298.3951187133789,60.4410982131958,330.12814115802354,301.0273742675781,63.92613172531128,346.0927215249863,273.15845489501953,58.839837312698364,401.9241266741007,281.5847969055176,68.15987348556519,371.99575427886174,292.50545501708984,71.46051406860352,366.1104416911135,294.69261169433594,82.1252703666687,366.5698656422729,274.1064453125,73.3868408203125,440.3467714737218,282.3526382446289,79.40003156661987,415.0147108602416,292.6358985900879,83.44378709793091,406.922793665594
384,15.36,354.4580841064453,105.9919023513794,196.11915578105635,351.36775970458984,70.12339353561401,161.7684239022049,332.02781677246094,49.869232177734375,145.97359101679365,310.0316047668457,47.61470317840576,83.72006226570069,294.4523048400879,54.241783618927,57.16386942910163,318.14374923706055,31.54993772506714,164.19521181031874,288.42145919799805,31.86018705368042,11.927803847577476,290.41027069091797,42.76188611984253,122.90935951047568,298.904972076416,48.722641468048096,206.993348570939,303.38647842407227,43.03330421447754,211.2281056667445,275.2177047729492,40.457096099853516,152.29001742463657,281.3765335083008,51.78265571594238,172.39284780453355,292.50396728515625,56.8769645690918,172.13496482281704,292.93956756591797,59.00336265563965,236.70428882459893,265.4923439025879,51.591174602508545,263.76169267254494,273.7384033203125,61.37483596801758,259.3292145233496,284.8451232910156,65.72591543197632,239.22570889839804,286.7253875732422,77.05521583557129,236.0907044231616,270.1153755187988,69.13892984390259,145.71673239906625,277.31746673583984,73.91450643539429,186.15171582648085,286.2310600280762,76.98914766311646,227.3273070361519
385,15.4,344.6410369873047,100.20103454589844,284.94359538334845,342.6492691040039,66.2774920463562,238.2265683881376,325.20503997802734,46.094677448272705,194.93195382037004,304.4232368469238,43.88746619224548,168.34875681938146,289.2144584655762,50.31651735305786,163.63593336458038,313.42870712280273,26.26735210418701,177.01930152732334,283.81399154663086,30.78590154647827,118.27628542257436,284.2622947692871,42.44030714035034,153.90951272786074,290.8404731750488,48.24483275413513,201.96603009114514,298.1891059875488,36.94946050643921,200.04036234559507,269.61645126342773,37.25506067276001,161.297612649507,273.63916397094727,49.81317400932312,199.60233207285253,283.6351013183594,55.32530665397644,225.0894625234431,287.6242446899414,52.99668073654175,200.51945814729768,256.9419860839844,46.05435132980347,254.6628049737079,262.675838470459,57.986154556274414,289.2484904536109,273.7095832824707,63.72427225112915,282.85025488911157,280.9163284301758,71.74643039703369,196.73645277386993,259.2691421508789,65.24083614349365,288.1361578843275,264.3362808227539,70.81116914749146,333.67451396588274,273.47307205200195,74.16516065597534,326.6699020170784
386,15.44,336.86546325683594,98.05370092391968,201.66585686792047,334.71385955810547,71.48134231567383,237.23772661432508,317.12406158447266,51.59677505493164,244.40653871968587,296.1933898925781,45.93177080154419,211.99876507239549,279.5937728881836,49.01225566864014,242.71728605582683,303.2014465332031,28.79634976387024,263.3826687662134,271.511173248291,33.74784708023071,316.35863690090883,270.96935272216797,46.0323429107666,344.2428550856375,278.38218688964844,52.7612829208374,331.29218531126384,290.95664978027344,35.464961528778076,184.58087659078012,260.999755859375,38.47606658935547,217.56937849595332,263.957576751709,51.31205677986145,244.92317755208305,273.65793228149414,56.97758674621582,252.8264368759141,281.35759353637695,47.93190121650696,201.43688258830997,251.38530731201172,45.0564980506897,141.13909394089234,256.02209091186523,56.03182554244995,173.37055413868654,266.1548042297363,61.214332580566406,199.02023088981858,274.1234016418457,63.78562688827515,261.62741501115994,252.33163833618164,60.566368103027344,209.13454198236843,257.7711486816406,67.09025144577026,188.65674612451042,267.16861724853516,70.7618522644043,179.11005411668944
387,15.48,326.5882110595703,97.48233318328857,257.32806616898955,326.5477752685547,66.06260061264038,245.00981392109824,309.2866325378418,46.59752368927002,232.4029478594811,289.39218521118164,42.62563347816467,189.05509963912064,273.9825439453125,47.07735300064087,148.3866119802106,295.7721519470215,26.09840154647827,197.60020026558098,268.4107971191406,31.08377695083618,102.19344951040696,267.2052574157715,42.413291931152344,130.54200346220694,273.04847717285156,49.43495035171509,157.14831311427045,281.640625,34.854841232299805,233.39955613020598,257.3763084411621,37.9323935508728,91.60018956491929,260.0559616088867,50.11489391326904,102.02879388880793,268.59432220458984,55.852593183517456,129.67690023438902,270.98045349121094,49.35249209403992,261.8481358038448,244.83800888061523,45.113325119018555,163.68862602793627,248.1251335144043,55.495898723602295,197.87804592171346,256.9855499267578,60.752177238464355,229.5223464514451,262.8617858886719,66.56623363494873,289.9954345026181,240.8793830871582,58.74210476875305,289.91602987067915,245.1983642578125,64.37041997909546,321.5901811459438,253.9286231994629,68.59135866165161,335.4181018697591
388,15.52,319.80541229248047,95.77951669692993,174.83196057402216,318.4160614013672,69.8115062713623,223.85690749869482,300.4031181335449,50.9057092666626,246.82647135766695,280.16321182250977,45.446988344192505,241.26488696149994,264.1216278076172,48.187175989151,248.07933980443306,286.9526481628418,29.38219428062439,235.27502752097206,256.57344818115234,34.02960777282715,304.95978127398644,252.13714599609375,45.758442878723145,385.8740213932006,255.9035873413086,52.77166128158569,436.66412089647304,275.0390625,35.8462929725647,166.88994126871557,249.9110221862793,39.444522857666016,190.42228386504095,252.42889404296875,51.69167160987854,194.70873689886614,260.90892791748047,57.1234130859375,194.74385191309685,265.5466842651367,47.89264440536499,140.6613914609317,240.76251983642578,45.41807413101196,102.17167816235579,244.1780662536621,54.44839954376221,102.09246572528166,252.91921615600586,58.93690824508667,111.32798349212405,257.4810981750488,62.64343500137329,166.47099858367852,237.1983528137207,55.91842532157898,115.98262125841481,241.5496063232422,60.37766933441162,135.22086602969466,249.84342575073242,63.5927939414978,161.38945027611052
389,15.56,314.99500274658203,95.36501169204712,120.70587806302069,313.7051200866699,67.6010513305664,130.09390626536518,294.7372245788574,50.373451709747314,142.27097358549366,274.5379829406738,47.47452735900879,149.48686068858063,259.73546981811523,52.44563341140747,152.83332736604572,281.67041778564453,29.31533932685852,132.06633594199118,252.00864791870117,36.57753109931946,130.69361765632897,247.8659439086914,48.661301136016846,129.10691628783962,251.48757934570312,54.886271953582764,122.40482249327262,269.1887855529785,37.2547173500061,150.4356165935743,245.40361404418945,42.81314134597778,140.6776427670138,247.9447364807129,55.531800985336304,147.59374703766682,256.6326904296875,60.23388862609863,132.19603137468474,260.29937744140625,50.97217798233032,152.10554714166665,235.31932830810547,48.48828077316284,156.23400486026839,237.9140853881836,58.161195516586304,182.04105000469642,246.39795303344727,62.15975761413574,181.85439018831568,253.89127731323242,67.4906873703003,150.7951204200602,233.8202667236328,60.08939981460571,134.18386139343684,238.37690353393555,64.67586994171143,133.5584409768495,247.15198516845703,67.90143728256226,127.00457631621475
390,15.6,311.79285049438477,96.2680435180664,83.17618921999158,310.59505462646484,67.03972578048706,79.00788544479478,292.7937698364258,49.378767013549805,54.58029624283821,272.19837188720703,47.16176390647888,59.0105968171313,257.50396728515625,53.154956102371216,58.53814052883818,281.10647201538086,31.531977653503418,57.181292302145124,251.7514419555664,37.59121656417847,26.145185134390747,249.2898941040039,49.41441535949707,40.27107516831039,254.2383575439453,55.68398594856262,71.60275969590515,267.6290512084961,40.20973205566406,83.53473505080387,241.58090591430664,43.41054439544678,96.72767135684016,244.28085327148438,56.22695803642273,93.23117603751783,253.3193588256836,61.5143609046936,88.8037709445005,257.81843185424805,54.14083242416382,100.60896449307744,229.88580703735352,49.45879340171814,137.98788026919982,233.2101058959961,60.08754014968872,127.07828962002876,242.46971130371094,64.90228414535522,119.77200962058244,251.4117431640625,70.6941819190979,101.2745862774683,229.46985244750977,62.43467330932617,123.55770954025272,233.50908279418945,67.66146898269653,142.76177794632522,242.09510803222656,71.0331130027771,148.70146096187494
391,15.64,310.7551574707031,97.62532711029053,42.71289004151996,308.8159370422363,65.36365985870361,61.106752658129494,290.7710647583008,47.74014472961426,65.07888877394693,271.6343688964844,47.38629698753357,15.176348334497572,257.77746200561523,54.6173894405365,37.194678976771925,280.5338478088379,31.838003396987915,16.231725062246998,255.65185546875,37.210800647735596,97.973025124611,254.22569274902344,48.74355912208557,124.52950542805748,258.3217239379883,55.08269548416138,103.1850017280229,265.46512603759766,41.82322025299072,67.48109137084379,240.04108428955078,42.97133445739746,40.030894364127214,242.20563888549805,55.52890062332153,54.7368642906117,250.3929901123047,60.89622259140015,74.77352815754799,255.13864517211914,56.90913677215576,96.32226386208224,226.45063400268555,49.77289795875549,86.23759132065601,229.66123580932617,61.27957820892334,93.59298059524956,238.82696151733398,67.02714443206787,105.4296484752922,249.29044723510742,74.17296409606934,101.86333323691453,228.00073623657227,66.04803085327148,97.51491931246295,230.69110870361328,71.1508297920227,112.12887906562028,237.94780731201172,74.69422817230225,138.30190605253264
392,15.68,312.13329315185547,100.99136352539062,90.93080852853569,310.0935173034668,68.69893312454224,89.28976383698591,291.1294746398926,51.459306478500366,93.40978855826695,271.6238212585449,50.31499743461609,73.2179860135449,257.96863555908203,57.13646650314331,63.15801896284076,280.50899505615234,33.78426790237427,48.66057942679855,255.58404922485352,40.54854869842529,83.46091801179394,253.8210105895996,52.354559898376465,90.84015582511324,257.281494140625,58.326172828674316,85.15509128823112,265.25901794433594,43.91728162765503,52.60450068060328,239.0848731994629,46.12064838409424,82.28197652620129,240.86400985717773,58.89057397842407,90.4876241401209,248.86489868164062,63.969082832336426,85.7960280286765,254.82894897460938,59.27463412284851,59.64210682734149,226.0648536682129,52.7129852771759,74.13222943835879,229.19370651245117,64.31221961975098,76.71170693782285,238.4896469116211,69.86294031143188,71.39467510188156,248.84380340576172,76.98503494262695,71.18300866583202,226.9249725341797,68.9431357383728,77.21277355108943,230.0262451171875,73.78779172897339,67.987185582476,237.94139862060547,76.79713726043701,52.57297133678419
393,15.72,311.3872528076172,103.21063041687012,58.5326924186829,310.53035736083984,70.46964168548584,45.59494245201883,291.37413024902344,52.562763690948486,28.256350909828303,271.05457305908203,50.97338676452637,21.758906543233167,256.89178466796875,57.08896994590759,26.94744612946552,279.9223518371582,35.37989258766174,42.50123823703966,255.8835220336914,41.25227451324463,19.119917391237504,251.93731307983398,51.94144606590271,48.211638551277034,252.83222198486328,57.2924280166626,114.19460104465774,264.6122360229492,45.68030118942261,46.9478755443726,237.91292190551758,45.72938561439514,30.88847267117521,238.03014755249023,57.217111587524414,82.27716852081578,244.40208435058594,62.359750270843506,118.60296962699874,254.34490203857422,60.942749977111816,43.42315007235211,224.9630355834961,52.432411909103394,28.424510843202544,226.36642456054688,61.74671173095703,95.44420478422111,233.72634887695312,66.29922866821289,148.72173858225628,248.6650276184082,78.41781377792358,36.09722957702086,227.41439819335938,69.17756080627441,13.566792830385216,229.2293930053711,72.31829166412354,41.79117526987598,235.41433334350586,74.62315320968628,83.33766243287413
394,15.76,311.4007377624512,103.80054473876953,14.751710731066925,310.0383758544922,71.25628709793091,23.19559235486589,290.3831100463867,54.26910996437073,49.331396232876465,270.30736923217773,51.84129238128662,28.630989750448105,256.5720748901367,57.330923080444336,10.023586600911688,277.83233642578125,37.682061195373535,77.73410093922271,254.43170547485352,43.09912919998169,58.72948340930718,248.59085083007812,53.36196184158325,90.88686187369966,247.44146347045898,58.59190106391907,138.62924376094054,263.3712959289551,47.725911140441895,59.81456965380235,236.02666854858398,46.05178356170654,47.840177694681074,233.6589813232422,56.50128722190857,110.73475833644079,237.8264045715332,61.697630882263184,165.22327060938065,253.84563446044922,62.80295133590698,48.15091646213876,224.298095703125,53.36642503738403,28.663190335215994,223.10619354248047,61.79489850997925,81.5146775772424,228.2518768310547,66.39836311340332,136.88423900221915,248.59424591064453,80.58509588241577,54.21094083880824,226.14320755004883,70.93209743499756,54.16597428951281,225.10650634765625,72.88621187210083,104.04544606502502,228.9923095703125,74.80985641479492,160.61842871822515
395,15.8,315.34908294677734,101.77794456481934,110.9063263475506,308.6006164550781,70.7814359664917,37.85363000783894,288.09900283813477,56.410396099090576,78.27137108136985,267.54709243774414,55.84983229637146,121.67456655130562,253.55728149414062,63.482351303100586,171.26194921638586,278.20959091186523,40.85497856140137,79.88165292681217,251.8929672241211,46.577911376953125,107.66591075099525,243.88212203979492,57.75801658630371,161.04623586687222,241.5109634399414,63.86016368865967,198.31386376021428,265.0979232788086,50.66694974899292,85.26044694878279,233.42063903808594,47.44267702102661,73.84940091482648,227.81221389770508,58.7439501285553,156.55315838631896,230.18352508544922,65.83794593811035,217.3071207997999,256.434326171875,65.39161920547485,91.52365171001429,224.26172256469727,55.320560932159424,48.86185948959001,220.6905746459961,65.23462772369385,105.08018282701444,224.86427307128906,71.5660572052002,154.47678114277105,251.54735565185547,83.08264017105103,96.69082368989801,227.58771896362305,74.15061950683594,88.19544188497287,225.44496536254883,77.06583738327026,104.83267596025465,229.31270599365234,79.1571307182312,108.97662518117805
396,15.84,319.1688537597656,100.95680952072144,97.6758408730212,311.34599685668945,69.7137451171875,73.64219790327205,290.7264709472656,53.63656282424927,95.5174712458294,269.3779754638672,52.08702206611633,104.61498902003159,254.24694061279297,59.35605525970459,104.58832612224755,280.7789421081543,40.01742482185364,67.56044440213529,249.35613632202148,41.87431812286377,133.60225607601657,237.81700134277344,53.071560859680176,191.61901710660288,234.55459594726562,60.18141746520996,196.72986312088878,268.7426948547363,50.637574195861816,91.12224880556236,233.58648300170898,44.63439345359802,70.32940714665365,226.9767951965332,56.43656373023987,61.349187022928184,229.94260787963867,65.22758960723877,16.404571593967745,260.651912689209,65.60438632965088,105.57374756635627,227.4679183959961,55.492823123931885,80.27050349969875,223.78602981567383,64.53572273254395,79.3343828918886,228.52596282958984,71.07383251190186,92.36563563745406,256.33188247680664,83.18459987640381,119.64032744071125,231.23714447021484,71.51144027709961,112.5932211959118,227.77515411376953,74.22200202941895,91.91429138105426,230.72158813476562,77.48014211654663,54.75650450932699
397,15.88,328.1285095214844,97.44639158248901,240.57024113235093,318.02486419677734,65.34246683120728,199.55472745586437,294.7676658630371,48.95344018936157,154.64251913820218,270.78487396240234,49.55217361450195,72.47766922401124,254.34412002563477,58.58975172042847,19.3110226390815,287.1117401123047,36.350812911987305,182.94188534023723,253.67923736572266,34.40261721611023,215.80592709948885,242.09012985229492,45.86415767669678,209.47298140357583,239.22706604003906,53.84329676628113,196.85615110095674,275.79334259033203,49.49817180633545,178.55298810283045,238.42754364013672,38.072404861450195,203.86202807967416,232.57455825805664,48.531153202056885,242.1653191933955,236.4591407775879,57.45042085647583,253.66015008754582,268.89583587646484,65.6559419631958,206.1021098580826,236.06338500976562,53.1997275352478,222.40213253146464,236.40546798706055,60.775437355041504,329.1940592964419,243.919677734375,66.99410676956177,398.12892125425043,266.12504959106445,82.78359889984131,245.03433931668738,244.89057540893555,71.3622236251831,341.35615748769726,246.55128479003906,72.84934043884277,470.6559803977004,253.02227020263672,75.32340288162231,560.1182602918162
398,15.92,339.2753601074219,95.40193319320679,283.31970467424435,328.5198211669922,61.82159185409546,276.74523755061404,308.6180114746094,43.350677490234375,373.51625083683626,286.34057998657227,40.895726680755615,445.05200779456857,270.7442855834961,49.14237141609192,473.16647766670553,303.15683364868164,28.697140216827393,444.42640864076265,268.22134017944336,27.93842911720276,397.8524239769067,256.73017501831055,41.42606019973755,382.4490420941473,255.0519561767578,50.752562284469604,403.09721801653905,290.2815628051758,41.2755024433136,416.4739010785859,250.54588317871094,26.028438806533813,427.13527680360625,244.5833396911621,39.084835052490234,381.97165969065276,248.8734245300293,50.12639880180359,360.3433606848613,281.8740653991699,57.35787034034729,385.1074802911661,244.6784782409668,38.90625715255737,417.2253040647948,241.06664657592773,48.5548460483551,326.9837894704923,246.05937957763672,55.856348276138306,283.5356990705536,278.13146591186523,75.66832065582275,348.9101042516137,250.92187881469727,58.603259325027466,352.8170478316267,247.2119140625,59.513429403305054,333.8066002412634,249.7170066833496,61.19462728500366,362.7560016660105
399,15.96,352.48966217041016,98.78924131393433,341.0385199253919,343.44303131103516,62.96290397644043,374.16974286735706,324.1057586669922,41.91429018974304,388.8553085436909,300.9515190124512,38.47272276878357,370.26214292662223,283.91685485839844,44.5870041847229,348.4500967810275,316.76464080810547,25.758056044578552,348.0397170758946,280.75634002685547,24.01039481163025,328.4011216108055,269.30734634399414,37.73849844932556,327.6653687631437,267.9345703125,46.00607872009277,343.2299276699621,302.85308837890625,38.88420581817627,319.9233841878712,261.49702072143555,22.77982234954834,285.5706155711198,257.40543365478516,37.38007664680481,323.3731347392414,264.14350509643555,47.365461587905884,387.9417923506881,292.7778434753418,56.65817856788635,273.15511265448606,254.2267608642578,38.108274936676025,239.5392408759785,251.9352149963379,49.295103549957275,272.34371743007864,258.33740234375,56.11690163612366,307.01967679062903,286.79943084716797,77.21816539764404,220.13580303330494,257.2459030151367,58.53190898895264,158.11066725201107,255.67285537719727,61.155338287353516,215.4695348452252,260.4200553894043,63.994832038879395,276.5822642856542
400,16.0,368.7178039550781,107.10416793823242,455.85811289722307,358.6091995239258,70.48312425613403,423.2067840583437,334.0281295776367,50.11555194854736,321.8250096372551,306.73383712768555,47.69737243652344,272.1779797741508,287.3094940185547,56.06377959251404,299.19305455665364,325.0041198730469,31.064300537109375,245.0066910771538,282.9510498046875,31.8630051612854,203.83853952396785,270.1028060913086,48.40297222137451,267.35247923424697,268.9595603942871,59.471250772476196,337.60319076917943,312.5531196594238,45.52178621292114,293.84102881035113,265.23948669433594,33.9355731010437,294.16919704887374,258.6285400390625,49.5266318321228,305.19951680953255,264.28436279296875,60.697574615478516,333.32142770778,303.9919090270996,65.0483751296997,350.1344960734606,260.8244323730469,49.552963972091675,330.25574981297655,255.57722091674805,61.99350357055664,330.25896108911695,260.3689956665039,70.38841724395752,360.3848023065968,299.62289810180664,87.40577459335327,409.4422223855961,268.6294174194336,71.76096439361572,436.3143269854888,263.15799713134766,74.40226793289185,380.3850780077735,263.81542205810547,77.04975128173828,337.23084754038865
401,16.04,383.1777572631836,121.2169361114502,505.1364142385072,369.7423553466797,85.41893720626831,465.71562343285063,339.74952697753906,65.71566581726074,415.40487849539096,310.4873466491699,67.56083965301514,505.3749620260401,291.7405891418457,79.24041509628296,589.9105002382859,323.48400115966797,47.92438745498657,423.2118941655723,275.08047103881836,55.210862159729004,615.9689706721852,276.4560317993164,71.02136850357056,587.3432382747711,287.20144271850586,76.91161394119263,630.938060642329,313.9695739746094,64.32907104492188,471.51372301013976,265.4573440551758,65.71994304656982,794.627913972845,269.35203552246094,80.27966022491455,814.2259018196064,281.54714584350586,85.69833755493164,759.540085431903,308.06806564331055,85.02506732940674,509.7078109084385,263.38571548461914,81.15293741226196,792.5900944833862,268.80483627319336,91.54436588287354,809.4069091855077,280.9976577758789,94.58559036254883,794.9233010776267,305.670166015625,107.56654500961304,526.2046375927763,272.0296859741211,98.5942554473877,676.196779338509,276.1610984802246,102.44946956634521,772.8705277069193,286.76666259765625,104.63147163391113,897.047497310547
402,16.08,395.79307556152344,133.3003807067871,436.71779292882957,376.19823455810547,100.99956750869751,421.62958937132737,344.33860778808594,86.3999605178833,529.6813369540761,317.39749908447266,90.88085174560547,608.0569312766279,300.96349716186523,104.36453819274902,669.0868748302235,321.85375213623047,71.1551284790039,582.1968311938094,279.6326446533203,86.28726482391357,785.2010439861507,288.34829330444336,98.25702667236328,742.969952115179,302.22225189208984,99.06540870666504,669.1484003660444,315.3639793395996,88.3802318572998,602.288709188115,271.5818977355957,100.21236419677734,875.7986621463108,281.24855041503906,112.47214794158936,858.0076237924665,295.84659576416016,113.13358783721924,773.4529826066764,312.48266220092773,109.32683229446411,617.4870662529173,270.5356979370117,116.99830055236816,913.7875531666284,281.0351371765137,126.31309032440186,921.4270384425068,294.7396659851074,125.06153583526611,835.772861667025,313.6220932006836,131.94897651672363,641.1591612830105,280.140438079834,132.21905708312988,864.7295765018596,289.3330192565918,136.98094367980957,923.9596180934237,302.49855041503906,137.04723358154297,900.7892084667526
403,16.12,400.1239776611328,149.65044021606445,422.8483467459931,376.7195129394531,122.12133407592773,528.2049519785294,342.8321075439453,115.88795185089111,738.1612187731839,314.0825080871582,128.54084014892578,945.1401654815862,298.9508628845215,147.78040409088135,1086.5622705403694,326.34021759033203,93.37475538253784,566.7010852309486,289.7463035583496,112.10851192474365,693.2815527842043,284.5951843261719,130.59728622436523,813.9326657092233,286.79765701293945,141.30691051483154,1124.2393545735843,319.6225357055664,107.39044189453125,487.03400034146205,279.89458084106445,124.99105453491211,653.3969865657472,278.54469299316406,143.35787773132324,775.0964252926389,285.00003814697266,154.6420955657959,1072.5565328912378,317.9379463195801,125.94919681549072,437.36649897790574,279.3531036376953,141.17437362670898,643.3453352332997,280.11016845703125,154.7264528274536,710.7103558508595,287.28614807128906,162.0102310180664,942.3245874574949,320.4765319824219,147.2663927078247,419.52843302331956,292.1640968322754,157.69020080566406,704.1606405542138,292.73645401000977,164.19013023376465,685.530452026341,298.87332916259766,167.27797508239746,761.1832732745113
404,16.16,397.7317428588867,159.92659091949463,263.7731750821692,376.1979675292969,130.3956127166748,207.26748514838596,345.60890197753906,119.64187145233154,116.73286732031576,319.9460983276367,127.68754005432129,148.133832141089,305.78269958496094,143.90480518341064,196.36423362125348,325.4868698120117,106.02441072463989,316.9601539475577,290.5586242675781,126.8166732788086,368.2644051424287,286.96537017822266,145.3608512878418,373.8153240210728,290.1427459716797,154.8361587524414,348.41621842341397,319.6658134460449,120.49683094024658,327.66151244507245,279.72118377685547,139.9061107635498,372.90160301118675,280.3662872314453,158.3679485321045,378.0049859239668,288.1570053100586,166.58886909484863,308.9213486302763,319.0592956542969,139.48253631591797,339.49291447345973,278.44247817993164,155.67852973937988,363.31785607186987,282.6144790649414,170.3329038619995,395.152569834243,292.0981025695801,174.54952239990234,335.7721832323668,323.2156753540039,161.17040634155273,354.2814043392772,291.37304306030273,173.0806303024292,385.26864504285396,293.5765075683594,179.88819122314453,393.0130474990512,301.2355422973633,179.98400688171387,323.0937315425074
405,16.2,394.65370178222656,170.39088249206543,272.68999682031733,373.28269958496094,140.53964138031006,263.865620055842,342.77095794677734,129.6304178237915,259.59702537844834,316.1413383483887,137.07059383392334,253.12780459013183,301.65748596191406,152.33306407928467,234.5913141130378,321.8855285644531,116.2818717956543,271.78250312145605,286.9180679321289,139.45565700531006,328.82134213576785,283.2223129272461,157.48746871948242,317.2787889985896,285.4458999633789,165.83215713500977,298.9276070965353,318.5488700866699,131.52517318725586,277.11898976931093,277.14881896972656,152.52642631530762,321.9951720590072,278.24283599853516,169.96077060699463,294.6423348725193,286.2689208984375,176.93538665771484,262.9345075585667,319.8114204406738,150.7441234588623,282.166879559344,278.3686828613281,168.71512413024902,325.92008132850657,281.2347412109375,182.92997360229492,316.8101191838315,290.00749588012695,187.49135971069336,327.74016891144936,325.10791778564453,172.1277952194214,277.98937978920713,291.7851448059082,184.34331893920898,281.7556378958764,292.7633857727051,190.57472705841064,267.9356443404307,299.25100326538086,191.0587978363037,281.2798760324478
406,16.24,392.3112487792969,178.26809406280518,205.4530788907933,368.5586929321289,149.81120109558105,260.141858427567,338.6302185058594,139.9668788909912,278.374916379993,313.2991600036621,146.12375736236572,237.22055614969366,298.9916229248047,160.14282703399658,206.3056336200865,317.41594314575195,126.54699325561523,279.89943774820347,281.98368072509766,150.59555053710938,304.59543353514215,274.7932434082031,170.00272750854492,377.22748070135464,274.8698043823242,180.8821678161621,459.86181296831177,316.36802673339844,140.16002655029297,222.64990783270844,275.22308349609375,162.90886402130127,263.9880085264842,271.4700698852539,182.1018362045288,347.55919879644136,276.7732238769531,192.92645931243896,464.9480257058933,319.0754699707031,159.01051998138428,207.4773098464828,277.34676361083984,177.900710105896,231.05641717787356,274.12208557128906,194.1443681716919,331.99446136790357,279.3039321899414,202.56215572357178,462.1249615442576,325.06126403808594,181.23752117156982,227.7461353890116,289.6025848388672,192.7258586883545,216.55042809893973,287.3134231567383,199.93274688720703,270.7335263127542,292.26200103759766,202.91808128356934,344.13728730565055
407,16.28,388.5706329345703,184.40903663635254,179.76266052323325,363.93577575683594,156.5529441833496,204.36251960531715,335.02498626708984,147.11123943328857,200.06184520948557,310.6061363220215,153.81634712219238,203.75891661910654,296.6413879394531,168.29984664916992,212.22124877220278,315.67792892456055,133.4816551208496,178.72854524774343,281.4971923828125,156.85867309570312,157.0497036990704,273.5022163391113,176.07470512390137,155.19274921552696,272.2004699707031,187.16164112091064,170.58196560985357,313.9825248718262,146.73986434936523,174.97300612106017,273.8441848754883,167.89010524749756,129.2142734943231,268.7744903564453,186.87804222106934,137.10920125161616,271.7744827270508,198.2848834991455,183.20091915777996,316.03572845458984,164.98339176177979,167.5470564308496,275.34629821777344,181.269793510437,97.95593644469056,270.8501434326172,197.40065574645996,115.40421929138245,274.3073272705078,206.68549060821533,161.95669037551843,321.1299133300781,186.22216701507568,158.71005909860787,286.7160415649414,195.6416416168213,102.57290747982803,282.1390914916992,203.13694953918457,152.15251972684723,284.38215255737305,207.5767421722412,228.84920437230485
408,16.32,384.5752716064453,189.7830104827881,167.4113702912119,362.01671600341797,161.8928575515747,141.8570255515605,334.5709991455078,151.45777702331543,109.25455747953607,309.6805953979492,157.02167987823486,83.40707433684592,295.0838088989258,170.09347915649414,59.38839343055723,316.93933486938477,135.3590440750122,56.54497238288305,281.1820602416992,156.98352813720703,8.474116758974914,271.843318939209,176.26183032989502,41.73544975587992,270.18516540527344,188.01501274108887,54.713433071592135,314.85034942626953,147.45168685913086,28.06032277415756,273.09925079345703,167.01913833618164,28.65211758294371,266.6160774230957,186.17780685424805,56.728938601686195,268.8523864746094,198.54153156280518,73.33363287534056,316.1734199523926,164.89334106445312,4.113094687715243,274.10228729248047,179.2666482925415,58.94994670388765,267.792911529541,196.35197639465332,80.80220948438055,269.7809410095215,207.44420528411865,114.7383451136674,320.1797103881836,185.86652755737305,25.364407329218825,287.1359634399414,194.08294200897217,40.35683684808343,280.4635429382324,202.0006513595581,50.61272386988704,279.6146011352539,207.6170539855957,119.19304616054099
409,16.36,383.0680847167969,191.6711711883545,60.39848492705116,361.580810546875,163.48065376281738,41.16362453277567,335.37891387939453,151.67940616607666,20.94405784095344,311.49728775024414,154.94360446929932,69.00529195335989,296.5645980834961,166.25344276428223,102.89137507176048,318.84498596191406,135.5934476852417,48.00033293469642,281.83326721191406,154.92254734039307,54.03536089273116,272.1125793457031,173.85766983032227,60.47979452992598,270.9560966491699,185.77491760253906,59.22605640979658,316.16615295410156,146.5704345703125,39.59122788259743,273.45481872558594,163.95792961120605,77.04474110957005,266.0453224182129,183.27415466308594,73.98039150190111,268.4806823730469,195.99173069000244,64.41878816610867,316.7589569091797,163.49432945251465,37.91509443894183,273.1002616882324,174.96442794799805,110.43424289077042,266.2167549133301,192.67324447631836,100.05416722269098,268.4274673461914,204.20641422271729,87.73248370265547,320.0096130371094,184.8983860015869,24.57426475098568,284.9817657470703,191.3838529586792,86.33383389994962,277.16014862060547,200.5035924911499,90.66972783545818,275.87772369384766,207.20641136169434,93.984308453112
410,16.4,382.3152160644531,194.34617042541504,69.4731608516753,362.15492248535156,165.86501598358154,61.31266038566543,336.9398498535156,152.9945182800293,51.02720467781341,313.37263107299805,153.77716541290283,55.21261546560704,298.0590057373047,163.35671424865723,81.48730855552263,319.5387649536133,136.34828567504883,25.630910052357336,282.54383087158203,153.14077377319336,47.95582445863788,272.87960052490234,171.7261791229248,56.63244501311664,271.85516357421875,183.91413688659668,51.66494343689322,316.8444633483887,146.06324672698975,21.174048080910275,274.4559860229492,161.01608276367188,77.68847578492775,265.65601348876953,180.73817253112793,64.14225799031895,267.21370697021484,194.74385261535645,44.458030493401765,316.98577880859375,162.09603309631348,35.41434096714279,273.61812591552734,170.8700180053711,103.17574853191707,265.87060928344727,189.6134090423584,76.98380381614334,267.6887321472168,202.13396072387695,55.004506628204965,319.3412399291992,183.27475547790527,43.895463097057366,282.97935485839844,188.18687438964844,94.30774536694237,275.50649642944336,198.5665798187256,63.67193093539942,275.65866470336914,206.18205070495605,26.188041120695114
411,16.44,381.4216613769531,193.87919425964355,25.20548946846524,360.2587127685547,166.85500144958496,53.477112586676334,335.69087982177734,154.51629638671875,49.217214634335896,312.8738784790039,153.79676342010498,12.478437199379664,297.45283126831055,161.8556785583496,40.47032578351076,317.8938102722168,138.85459899902344,74.94782510929213,280.23889541625977,153.85499954223633,60.326434412943506,272.2140693664551,173.32088470458984,43.20024316379618,273.67910385131836,185.69236278533936,63.68303090985755,315.5602264404297,147.23785400390625,43.50981707291224,272.0473861694336,161.4570951461792,61.21603739973025,265.7877731323242,182.1398162841797,35.19557690728583,271.2013053894043,195.48352718353271,101.39051860112764,316.4792251586914,162.12032318115234,12.678392259343887,272.09476470947266,170.8142852783203,38.109509155991084,267.7099609375,190.22422313690186,48.45299504003515,273.98101806640625,201.39780521392822,158.38005521462003,319.87112045288086,181.7297887802124,40.83270339413269,283.76501083374023,187.7951431274414,21.947504034920804,279.5536422729492,198.52262020111084,101.18461446345113,284.3222999572754,204.41405296325684,221.05484589149583
412,16.48,379.0463638305664,192.60170459747314,67.42596991712018,357.2158432006836,166.00544929504395,78.98098691442019,332.56481170654297,154.8783016204834,78.6739698469179,309.54986572265625,155.2135133743286,90.33355286504361,293.79016876220703,163.44507694244385,99.81634340433015,315.4117202758789,141.25043392181396,86.24382487743442,276.06407165527344,153.07172298431396,106.19167693811606,268.7529754638672,172.32833862304688,90.0149943291303,271.5240478515625,184.0872573852539,67.17807355951045,313.59174728393555,147.98654079437256,52.65122327502601,266.90330505371094,160.19797325134277,132.3984480441305,263.8135528564453,181.4734983444214,52.09081789609813,272.5536346435547,193.5867977142334,58.236463509446864,315.107421875,161.30098342895508,39.9465414544645,270.07131576538086,172.70371913909912,69.2112072915386,270.5341911315918,192.7822208404541,95.26157554530562,280.24959564208984,201.79214000701904,157.02421141221578,319.4120979309082,179.65723514556885,53.06941353166829,283.9237403869629,188.84668350219727,26.58632438406959,283.97239685058594,200.78362941741943,124.09057854450982,292.7592658996582,205.56800365447998,212.88787616768755
413,16.52,377.1253967285156,191.92347049713135,50.92958436672529,354.000244140625,166.78663730621338,82.72821474504846,329.5900344848633,156.03800296783447,79.82091961726033,307.375545501709,155.63501358032227,55.3699537591963,291.33153915405273,163.32863330841064,61.53463795903801,314.11447525024414,142.16009616851807,39.6100528560372,275.1759147644043,150.19020080566406,75.38232853614308,265.4851722717285,169.32269096374512,110.9967779780618,267.05570220947266,182.1002197265625,122.2559595537195,312.28382110595703,147.45429039001465,35.30192434539375,264.83123779296875,154.82823371887207,143.89137695588798,259.52945709228516,176.84393405914307,157.6910388782832,267.8435516357422,190.7765293121338,137.1187679356922,313.10611724853516,159.72726345062256,63.648521085099134,269.27528381347656,169.9488115310669,71.69023119141829,268.7333297729492,190.8755350112915,65.56748662724087,277.82222747802734,200.84170818328857,65.17014680561077,316.75350189208984,177.47357368469238,86.01057447102728,281.27851486206055,186.6287326812744,86.30079635216016,281.6898727416992,199.8878574371338,61.300100674438,291.01917266845703,206.00717067718506,44.86641371270787
414,16.56,374.74132537841797,194.2527723312378,83.32707856966466,351.2144470214844,166.71030521392822,69.67106724335449,326.8742370605469,155.51074504852295,69.16265503958921,305.0240707397461,154.69133377075195,63.34412531531187,288.77172470092773,161.19677066802979,83.28223231833161,312.9193115234375,142.2832489013672,30.037298995192472,273.56287002563477,147.0168685913086,88.99420863158122,265.16828536987305,165.64566135406494,92.26647569347813,267.9376983642578,177.6088285446167,114.4293230730117,310.5619430541992,147.36358165740967,43.10664173952839,261.80362701416016,152.1313190460205,101.36498341574875,257.7361297607422,173.43249320983887,96.35206142826026,267.3501205444336,186.39909267425537,110.12897484458364,310.55150985717773,159.51305866241455,64.08930592964208,264.93831634521484,166.8174934387207,133.7311664689066,264.4145202636719,187.4095058441162,138.44103836366193,273.7377738952637,197.041597366333,139.4713305909446,313.40662002563477,177.43579387664795,83.67737725149232,276.4238739013672,184.9118185043335,128.73260355340847,275.9724998474121,198.1230926513672,149.58849295945777,285.15193939208984,204.42821502685547,151.89948828299705
415,16.6,375.22327423095703,194.470796585083,13.224250255886005,351.93511962890625,167.24500179290771,22.43420154948433,327.47669219970703,156.44574165344238,27.807045486613536,305.4326629638672,155.35047054290771,19.38763926481475,288.96717071533203,161.66032791137695,12.576875168492524,312.1183204650879,143.3990478515625,34.33833474424929,273.84904861450195,147.36153602600098,11.199716103082778,265.8448028564453,165.26028156280518,19.464607194043822,268.7187194824219,176.6786241531372,30.365216499989494,308.24920654296875,149.1895580291748,73.66707151359697,260.9404754638672,153.05195331573486,31.549544938731287,256.58267974853516,173.2345962524414,29.257585943729758,265.379581451416,185.71168899536133,52.17487502900464,307.4992561340332,161.51939392089844,91.31550374897071,262.5660705566406,168.6877155303955,75.520199092679,261.9562339782715,188.1598949432373,64.25659139860389,270.7986831665039,197.40612030029297,74.04023940257245,310.4977607727051,179.28088188171387,86.11696950874719,274.1119384765625,186.59922122955322,71.55580586832993,273.95263671875,199.3703269958496,59.347707246074286,282.9282569885254,205.62885761260986,63.177854360968446
416,16.64,375.7471466064453,195.60575008392334,31.25061709720352,352.62271881103516,167.01287269592285,18.143121164289592,327.6754379272461,156.27820014953613,6.498558481799985,305.30242919921875,155.31126022338867,3.400209792359331,288.97668838500977,162.047381401062,9.67926230122537,312.7661895751953,143.51813793182373,16.46809094597809,274.59123611450195,148.44858169555664,32.906216859964054,265.2363395690918,165.82593441009521,20.76942939310646,266.4760971069336,177.2387409210205,57.78779019343499,308.25761795043945,149.2980194091797,2.719676305210993,261.2398147583008,153.93290519714355,23.260484605730955,255.7897186279297,173.57985019683838,21.621569452076507,263.47179412841797,186.50978565216064,51.69991987050307,306.89327239990234,161.77343845367432,16.427014919494933,262.2551727294922,168.5327911376953,8.684002043238188,260.9128761291504,187.79618740081787,27.62334585245987,269.0612602233887,197.8776454925537,45.006766784282924,309.19891357421875,179.6344757080078,33.65294042696135,273.28256607055664,187.0151424407959,23.19548773206659,273.1004524230957,199.83452796936035,24.26031504288602,281.6364097595215,206.82635307312012,44.037375042596885
417,16.68,377.0891571044922,195.28088092803955,34.51930750783418,353.2012176513672,167.03829288482666,14.476426835320291,328.2132339477539,156.22464179992676,13.51140852407049,305.7504081726074,155.67628383636475,14.446612895166707,289.68881607055664,162.7769422531128,25.48755673568245,312.68531799316406,142.9092836380005,15.35504322460613,273.57540130615234,149.45792198181152,35.80056015022475,264.1067314147949,167.14749813079834,43.46367197249819,264.94686126708984,179.38847064971924,65.95405673797545,308.8177490234375,148.721022605896,20.10398172529422,261.8073081970215,155.08715629577637,32.155330056676675,256.54029846191406,175.22006034851074,45.094757378443454,263.5758972167969,188.5677194595337,51.51413039484258,308.3162498474121,161.26482009887695,37.778610407859965,263.4015655517578,168.6003541946411,28.709550562552423,261.2433433532715,188.12354564666748,11.628951138861215,268.29345703125,198.86884689331055,31.344875565240404,311.0862350463867,179.2192268371582,48.311579642256476,274.99134063720703,186.9840431213379,42.72643858975071,273.34827423095703,199.0565586090088,20.412189588844278,279.8856735229492,205.85107326507568,50.10144754661789
418,16.72,376.9529724121094,195.47080993652344,5.842693016873382,353.03916931152344,166.9127082824707,5.125375400581609,328.12000274658203,155.79113960266113,11.085356667302012,305.81432342529297,155.21833419799805,11.559709955434865,289.78044509887695,162.30676174163818,11.975641741714979,312.2949981689453,142.88904190063477,9.771108340080298,273.150577545166,149.3148708343506,11.206551060887882,263.9397621154785,166.8848991394043,7.779660066295486,264.9437141418457,179.02906894683838,8.98538704059833,308.6561393737793,148.9053726196289,6.128958232540998,261.5735626220703,155.21347045898438,6.642301071362297,256.5023612976074,175.2156400680542,0.9548453130427539,263.82802963256836,188.5780906677246,6.308640753071537,308.36395263671875,161.5057611465454,6.14044708058824,263.4934997558594,168.89029026031494,7.6040622392822925,261.5691375732422,188.3465051651001,9.86954978158906,268.924503326416,198.9400291442871,15.876207424493035,311.28284454345703,179.3064308166504,5.3770245243951535,275.2657890319824,186.9896650314331,6.862649236442301,273.7795829772949,198.87192249298096,11.72917649521392,280.5557060241699,205.37451267242432,20.555618927076452
419,16.76,380.5647277832031,195.01966953277588,90.99555114303001,358.6363220214844,165.9125518798828,142.14524105703606,333.47171783447266,155.40060997009277,134.14862973552445,310.356502532959,154.21719074249268,116.28004790327013,294.7372055053711,161.57621383666992,125.25766934813183,317.136287689209,140.5387830734253,134.54042323287754,279.62385177612305,148.8716697692871,162.21071645633833,269.13883209228516,165.8381223678589,132.58504401227546,268.11349868774414,178.74897480010986,79.55338929945151,311.8291473388672,147.0340919494629,92.09258552215323,268.6881637573242,156.10931396484375,179.26949841779168,262.0587921142578,175.73118209838867,139.50740796921752,266.2030029296875,189.20833110809326,61.42933529015796,310.10908126831055,160.11165618896484,55.84018811277507,267.1130561828613,167.38451957702637,98.00680486228521,263.39590072631836,186.70499324798584,61.39841707784963,268.85276794433594,198.82317066192627,3.4279977703695264,311.2792778015137,178.60108852386475,17.63378276987457,277.86991119384766,186.46668434143066,66.40294155774036,275.7797431945801,198.13063144683838,53.32772092156528,281.11820220947266,205.56435585021973,14.841714663314423
420,16.8,385.8177185058594,189.56507205963135,189.31875423202817,366.4141082763672,157.93866634368896,278.47442608227675,341.48475646972656,144.49853897094727,338.25280878405255,318.93590927124023,143.654522895813,340.19862949840297,304.2812728881836,152.45821952819824,329.9877293334058,326.0763168334961,130.31121253967285,339.6020834406645,291.55155181884766,137.99560546875,403.5458485248535,282.7257537841797,153.03199768066406,466.771672344771,282.4179267883301,163.25154304504395,527.249380208122,319.550724029541,139.40083980560303,271.4420804721729,281.06204986572266,147.65818119049072,374.61205148907027,277.02415466308594,163.7728500366211,478.90746882707276,281.95606231689453,173.249773979187,560.5992472866848,316.03893280029297,154.4394063949585,205.14866090983773,277.5616264343262,161.5481472015381,299.2029649806704,276.01953506469727,176.5312099456787,405.3254946578447,281.8229103088379,184.18893814086914,488.8669006205922,315.28398513793945,173.89539241790771,154.47745930240447,284.8029899597168,179.80648040771484,240.34597148229525,283.3323669433594,188.40461254119873,307.8530181388158,287.99560546875,192.92860507965088,359.65336882080805
421,16.84,384.4179153442383,182.43890762329102,181.55864834993082,368.9954376220703,149.52675819396973,219.97650429975053,344.39762115478516,134.7811460494995,253.6145030642772,321.2790298461914,134.50196743011475,236.1930957678514,306.86479568481445,143.44727039337158,234.34989112322074,328.466796875,121.09252452850342,238.08953604173206,293.5300636291504,127.83338069915771,258.8258599560986,284.9881172180176,141.1246633529663,303.0087654449291,284.5604705810547,149.299578666687,352.8879106021871,321.84356689453125,132.002534866333,193.636328554916,283.3487892150879,138.46996307373047,236.71254853341725,279.45974349975586,152.5430202484131,287.27292124980545,284.15016174316406,160.21664142608643,330.41320384392037,318.49416732788086,148.113055229187,169.65202558862572,280.24328231811523,153.20324420928955,219.1299332432402,278.74916076660156,166.03042602539062,271.2440315162222,284.2410659790039,171.9618844985962,311.59701299933886,318.1582450866699,167.48102188110352,175.72265014131264,288.38905334472656,171.67802810668945,222.10862687454403,286.7414093017578,178.3725929260254,264.8855735980367,290.94593048095703,181.5386152267456,294.14737646176144
422,16.88,384.85958099365234,171.5971040725708,271.2698987842664,370.50392150878906,139.23232555389404,260.10919223657993,346.1761474609375,124.05039310455322,271.9285459766377,321.98490142822266,125.32999992370605,229.97723070574855,306.4706230163574,135.03762245178223,210.47201505490673,332.25555419921875,109.55793857574463,303.52239946522235,295.33679962158203,114.6859359741211,331.77514763790066,291.998348236084,126.58390045166016,403.5600363318493,296.5296936035156,132.0569372177124,524.7445711363447,325.5418395996094,121.93174839019775,268.20929473201824,286.17910385131836,126.19906425476074,314.82697506473005,287.2427749633789,138.60119819641113,399.17882967211125,295.6258964538574,143.08456420898438,515.5097943558877,321.91951751708984,138.37384700775146,258.10027205912604,282.98587799072266,141.40914916992188,302.719454302414,286.75512313842773,151.931734085083,405.3305348160248,296.1231994628906,154.09031867980957,536.5270035982137,321.0658264160156,157.2958517074585,264.80148301707527,289.64807510375977,158.01278114318848,343.07808000074095,293.1228256225586,162.70175457000732,423.00831037923297,302.2357940673828,163.1960678100586,538.4642893994422
423,16.92,383.32542419433594,158.6478853225708,325.99453917995345,372.6891326904297,126.9843864440918,311.0337203843325,348.0387878417969,105.61429023742676,463.24893288846107,319.24713134765625,99.83379364013672,641.0693799564351,299.27635192871094,103.05895328521729,819.4482969303026,333.2717514038086,93.5530686378479,400.9274548528127,292.24376678466797,97.74481773376465,430.52899101277615,294.75900650024414,107.90993928909302,471.92296746432936,305.1405906677246,111.8205714225769,549.8056752417922,327.07725524902344,107.96607971191406,351.245465138039,284.5420455932617,110.42453527450562,396.48118200078255,291.3025093078613,120.71887493133545,458.4341067048494,303.5746192932129,123.53945732116699,527.4901646198591,322.60181427001953,125.83602905273438,313.9092304434987,282.96897888183594,125.38724899291992,400.5477272293032,291.50020599365234,133.74120712280273,469.9807725245205,303.9015579223633,135.39148807525635,506.3034702020532,319.81698989868164,146.4116334915161,273.89071591065164,287.84658432006836,141.1574649810791,423.7828541602929,295.78392028808594,146.0826587677002,420.76995652699037,307.7104377746582,148.5807180404663,390.1763804751731
424,16.96,384.31468963623047,148.418927192688,256.91709574469553,373.60767364501953,114.25179719924927,319.1419613227968,349.58507537841797,93.47029209136963,306.0511559745249,326.1639404296875,89.51867580413818,310.4874231025762,307.76296615600586,95.78819990158081,279.3815444519665,338.7459182739258,80.23391962051392,360.00541095572214,304.3721580505371,73.60562324523926,675.3696141988037,286.74230575561523,75.50268173217773,834.6023878130444,275.6671905517578,78.68031978607178,1108.7598908597029,328.9706802368164,94.71340656280518,334.68119511475993,291.4821434020996,96.18471622467041,396.02509719104773,296.75256729125977,105.01235961914062,415.6303610741577,307.65514373779297,107.72612571716309,408.2830943115668,322.2976303100586,113.33844423294067,312.53215255537657,286.35290145874023,109.6452283859253,402.54048305537407,292.9450988769531,116.78598403930664,425.41693170886197,303.94481658935547,119.11931276321411,406.80582030781807,318.7050247192383,133.17236423492432,332.1471031493719,292.3846626281738,126.01401329040527,395.22009994295377,296.06332778930664,127.2555685043335,470.7290863229451,304.33080673217773,128.21486949920654,516.1090562982002
425,17.0,383.5928726196289,139.01933670043945,235.68161949363042,376.2038803100586,104.38318490982056,255.11002230245757,353.04969787597656,82.17409372329712,295.3892629030306,327.49385833740234,76.16952896118164,335.3807566372112,307.92301177978516,79.39538955688477,409.8397900390961,341.8663024902344,68.26615333557129,309.19676937631203,306.8680763244629,61.82852268218994,300.9668853278268,293.3903694152832,65.72135925292969,295.66769762061534,287.9857063293457,69.43093299865723,385.1111746186748,330.65887451171875,83.03932428359985,294.8878992213278,294.52091217041016,79.51300621032715,423.6596735807034,298.6511039733887,87.70528078079224,435.27248610080136,309.46521759033203,92.3263692855835,387.6442195361155,322.4277877807617,101.4522385597229,297.1729570818295,290.2179527282715,94.66781616210938,386.70199947619193,296.2275695800781,101.34090185165405,394.7508531499783,306.53690338134766,104.93456840515137,360.49088618924645,317.2838592529297,120.79171657562256,311.5486997910622,294.3063163757324,111.2879490852356,371.2729118353217,299.9629592895508,114.6143388748169,330.7262958095644,309.48259353637695,117.89950132369995,288.25740219482594
426,17.04,380.7313537597656,134.58370685577393,131.96377889462886,375.7775115966797,97.22689390182495,179.22452969471553,354.42466735839844,75.99715232849121,158.20308560608544,332.1614074707031,72.0116114616394,156.27358390971034,315.7038688659668,78.80332946777344,195.08375147725266,343.3254623413086,58.90090584754944,236.9559663509321,311.6447639465332,54.88799214363098,210.63550982014712,311.78197860717773,64.37017679214478,461.0294070811212,319.9662971496582,69.93710517883301,799.6149071163255,329.7609329223633,71.59817934036255,286.9081916637912,298.38735580444336,65.48884391784668,363.68471439987246,303.57940673828125,76.10298156738281,315.14036077191935,314.9765968322754,81.68701171875,299.55303222411777,319.8232650756836,88.43420505523682,331.900526179522,290.49182891845703,79.9002456665039,369.2527475441345,297.92842864990234,88.14873933792114,332.5339018094087,308.914737701416,92.2864294052124,321.74282841218076,313.67685317993164,107.05124616622925,355.15051376323,294.23669815063477,95.84369659423828,386.1102349903963,300.6680679321289,99.90751504898071,368.09292750100917,310.0665473937988,103.70568752288818,355.14552679123005
427,17.08,373.74908447265625,126.29510879516602,270.93927157209055,372.9767608642578,90.86808443069458,173.70712160720947,354.4889831542969,70.04879951477051,148.71751266684484,332.4378967285156,64.5745038986206,186.05613268177484,316.3179397583008,69.43277835845947,234.76625496581306,339.08092498779297,51.006234884262085,224.0841456963794,308.98223876953125,48.02485942840576,184.0374129507435,309.4528388977051,57.97380566596985,170.18088789947646,316.9234275817871,63.42970848083496,179.59201505111506,325.63934326171875,62.91633367538452,240.26280595582944,296.1117362976074,57.876044511795044,198.6409432504292,300.9173393249512,68.74691247940063,195.573444229209,311.2837791442871,74.33520555496216,205.67868804677482,315.82544326782227,79.02769088745117,255.5204101389991,287.6422882080078,70.47717332839966,246.11249276201534,294.15122985839844,79.0814208984375,245.56503007546016,304.2926216125488,83.50052833557129,248.18845504032535,309.5625305175781,97.1412992477417,268.2520956316052,290.21141052246094,86.00093364715576,265.8511365900918,296.20079040527344,89.11056518554688,292.11587475633263,304.960994720459,91.89621448516846,321.64646889954815
428,17.12,367.186279296875,119.80530738830566,230.7432746524638,367.05970764160156,84.68612909317017,213.93353324527763,348.5406494140625,63.118672370910645,228.3217802182836,326.77196502685547,59.36895132064819,192.35474989247209,311.00446701049805,65.82701683044434,160.53525477009015,334.3990707397461,44.87780213356018,192.80405723789613,304.80785369873047,43.64829182624817,151.20316360690816,306.4515495300293,54.091089963912964,122.68664121330299,314.23994064331055,59.182058572769165,125.60760300053914,321.16458892822266,57.293457984924316,179.6527159819578,292.27237701416016,53.176631927490234,151.70934040319318,297.18420028686523,63.829872608184814,154.340549137304,307.46355056762695,69.40592765808105,155.9084806918218,311.41613006591797,74.11450624465942,165.04057502371234,282.5576591491699,64.37361717224121,198.59955063103487,289.00516510009766,73.32763195037842,192.98327284286862,299.33948516845703,78.18706512451172,181.6013008094136,305.3689384460449,93.07593584060669,146.01668161227872,285.9846878051758,81.99508666992188,145.5850158280126,290.5655860900879,84.44867134094238,182.84006312254,298.0385971069336,86.50277137756348,219.386669596619
429,17.16,367.3222351074219,117.9915189743042,45.47191711091725,365.75096130371094,83.1885838508606,49.72083774501738,347.89798736572266,61.95627450942993,33.20564049178334,327.6074981689453,58.205180168151855,35.81618809031383,312.31834411621094,63.90383005142212,58.22864649338379,334.4202423095703,45.349570512771606,11.80607997475764,305.3864860534668,42.84127235412598,24.82558949869179,307.74356842041016,52.2473931312561,56.28349460460148,316.043701171875,57.684874534606934,58.60413855125166,321.2582778930664,58.210816383361816,23.053254289217342,292.84475326538086,52.965524196624756,15.25166070860475,298.5911178588867,62.583303451538086,46.99302951479722,309.21295166015625,67.96847820281982,56.605350448155,311.2611961364746,74.9809741973877,22.00527260109895,283.9504623413086,64.6756911277771,35.62959976133583,290.8123970031738,72.59093999862671,48.79038188562414,300.9086036682129,77.17059373855591,46.7396174616821,305.02634048461914,93.49905967712402,13.61082161834492,285.9762382507324,81.35478973388672,16.008817126553655,291.4536666870117,84.58483457565308,22.461461065559917,299.3902778625488,87.95660018920898,49.62773341761112
430,17.2,359.8988342285156,113.74636888504028,213.78754040127595,360.06404876708984,79.05973434448242,175.69215343445453,342.1424102783203,58.15031290054321,172.50364376106384,320.9121322631836,54.467153549194336,191.7041464341464,305.5636787414551,60.623323917388916,187.72856871750233,328.63452911376953,41.879281997680664,168.6664229367307,300.08955001831055,40.065540075302124,149.50380648214588,301.6231918334961,49.74844694137573,165.27201371066172,309.1911506652832,55.26802182197571,181.65665670424866,314.71872329711914,53.93104076385498,195.38784133534918,287.6863098144531,49.39390540122986,156.85582483613203,292.21435546875,59.52413320541382,176.81491236430358,301.9683074951172,65.26458263397217,193.31955463246038,304.37034606933594,70.27172327041626,208.6577025611659,277.0106506347656,59.56485986709595,215.46690972372437,282.9672050476074,68.24573278427124,224.2039564706802,293.19963455200195,73.87506008148193,209.5959608979879,297.68341064453125,88.54042053222656,221.51004605570742,278.4774971008301,76.08460664749146,229.13689766895553,281.7910385131836,77.64444351196289,297.4216402502174,288.53099822998047,79.72350597381592,340.68661781930615
431,17.24,351.8175506591797,111.3401985168457,210.7972959515797,352.38258361816406,77.31757164001465,196.91374654115668,335.29781341552734,56.171300411224365,178.12389762296658,314.81279373168945,52.666640281677246,158.98855805582787,299.4602584838867,58.45558047294617,161.92369051774884,322.5790786743164,39.36936378479004,163.8752754766432,294.47221755981445,39.007591009140015,142.9022396952438,295.0699806213379,49.40008878707886,164.06159398763378,301.66568756103516,55.4883599281311,188.2172013499676,308.30698013305664,50.70038080215454,179.49166796476322,281.68169021606445,47.407801151275635,158.11401466394346,285.68153381347656,58.442784547805786,165.5428073394467,295.3108787536621,64.30129051208496,168.1689796745414,297.90029525756836,66.51792526245117,187.0036045632827,270.24444580078125,56.316343545913696,187.64059086525793,275.4660415649414,66.39349937438965,193.1615615850559,285.7364845275879,72.60402917861938,189.26523690799507,291.2658500671387,84.29729461669922,192.3362961383055,271.2272262573242,71.55761003494263,213.68804019267748,274.99950408935547,75.04652738571167,181.78646131704667,282.8329277038574,78.8482403755188,144.12255546113045
432,17.28,341.7119598388672,110.87920188903809,252.90250557086503,344.1909408569336,77.0982027053833,204.86448853007207,327.7186584472656,56.26323580741882,189.4928134356283,307.44190216064453,51.59342050552368,186.21533778133747,292.7603340148926,57.229835987091064,170.27815008617262,313.5919761657715,39.53532814979553,224.715870141533,288.47530364990234,40.451470613479614,154.20717548708058,286.78613662719727,50.97792863845825,210.81930935617095,290.4080009460449,57.224578857421875,284.76960434243796,298.6775016784668,50.106825828552246,241.1938572161639,274.1780662536621,47.08092927932739,187.76850406452888,277.0597839355469,57.85102128982544,216.05085441724725,284.73026275634766,63.05136680603027,266.35472606280143,288.50019454956055,65.45162200927734,236.5096403273264,261.85184478759766,55.29127836227417,211.3742392020611,265.5433464050293,64.14645910263062,254.3485173185728,274.2038345336914,69.20790195465088,300.5574986619663,282.4742889404297,82.85885810852051,222.7114818446754,262.09712982177734,70.18554210662842,230.8154448394515,264.4321823120117,71.64708852767944,277.5162991783353,270.83621978759766,73.71746778488159,326.1957121546087
433,17.32,340.396728515625,110.27334451675415,36.201662506611754,342.8227996826172,77.21258640289307,34.322859575615574,325.9782028198242,57.32790470123291,51.0067743328507,305.66638946533203,53.94859313964844,73.73636936642087,290.5383491516113,59.476890563964844,79.00344535248287,312.0595932006836,40.1975154876709,41.733451976007956,286.6568374633789,41.37014865875244,50.9337107326486,286.2886047363281,51.78539514541626,23.71102251974265,291.31683349609375,57.86437511444092,27.786190978207063,296.5680694580078,50.56858777999878,53.98453709462919,272.26490020751953,47.81536817550659,51.232343375143316,276.9392776489258,59.05477523803711,30.244269425694398,286.49818420410156,65.02469301223755,66.23614270893133,285.7837677001953,65.76276540756226,68.35470467645504,258.7065887451172,55.31141996383667,78.63301333120762,263.7440490722656,64.1689395904541,44.9859440827302,273.79894256591797,69.56186771392822,13.445009862125259,279.4034004211426,83.00069332122803,76.8540561935948,259.5335388183594,69.62404489517212,65.60905973681696,262.0585632324219,70.29506206512451,68.29185113559367,268.4722900390625,71.70693397521973,77.5822549612786
434,17.36,339.6210479736328,111.8299126625061,43.478332934311716,342.2740936279297,78.71689081192017,40.031316564886836,326.5163040161133,58.75045895576477,38.023130333180234,306.6345977783203,54.38133001327515,26.512833438919632,291.62296295166016,59.072853326797485,28.935630979319765,311.5635681152344,41.0282027721405,24.187835914649206,286.39917373657227,43.02296161651611,41.819412877449814,286.2993049621582,53.73243570327759,48.67674899778748,292.00700759887695,60.32094955444336,63.792134465317844,295.5782890319824,51.24938249588013,30.032760621891814,271.1992645263672,48.8887882232666,37.81377067185744,276.1531639099121,60.49954891204834,41.11983842822984,286.1073303222656,66.860511302948,46.92411129588162,284.5771789550781,66.50100946426392,35.36294571209737,257.154483795166,56.03399991989136,42.8015155146033,261.90099716186523,64.63201761245728,47.5084308234661,271.74041748046875,69.79284524917603,51.78607528340065,278.2017517089844,84.144287109375,41.47112233018154,258.4101676940918,70.8855128288269,42.229018684412054,260.9721374511719,70.89167833328247,30.986609503092243,267.5246238708496,71.37171506881714,25.13019699466473
435,17.4,337.92877197265625,113.6099624633789,61.40223610071405,340.9491729736328,79.96384620666504,45.48566049224883,325.49808502197266,59.8376727104187,37.23912314637527,305.90518951416016,54.96412754058838,23.341076636312618,291.08642578125,60.01206636428833,27.04155673477994,310.2051544189453,43.01942467689514,60.26116309573067,285.31139373779297,44.363744258880615,43.16366686672241,284.38249588012695,55.14043092727661,59.45905948508574,289.50605392456055,61.95563793182373,74.69511100224031,294.46144104003906,52.96992301940918,51.28114377023453,270.14293670654297,49.70080018043518,33.30908173380923,274.47500228881836,61.44631862640381,48.17026649379223,284.02265548706055,68.27238321304321,62.94467540553585,283.7654495239258,68.03816556930542,43.4579794216873,256.26270294189453,56.33556246757507,23.53472249181927,260.6806945800781,65.01569509506226,31.979942950371054,270.2786636352539,70.75899839401245,43.80479570833039,277.5039291381836,85.5627965927124,39.52155657547185,256.86573028564453,71.7888879776001,44.73095661865712,260.81947326660156,73.27420234680176,59.68525272338307,268.93672943115234,75.72119235992432,114.3240865349876
436,17.44,338.3354187011719,114.80664253234863,31.597119620325458,341.1134719848633,81.88686847686768,48.2507047667869,325.8620834350586,62.067625522613525,56.48663774150864,305.8682441711426,56.58789038658142,40.60457746977327,291.19861602783203,61.06569528579712,26.489627164089047,310.28276443481445,44.730974435806274,42.83271159254313,284.7027015686035,45.90519189834595,41.43192445178752,282.8833198547363,56.40498161315918,49.03198695922965,287.2163963317871,62.83246994018555,61.2952193437265,294.65322494506836,54.631240367889404,41.80876402285209,269.1214942932129,51.24746918678284,46.33795433379923,272.58689880371094,62.59584903717041,55.26275268971873,281.67396545410156,68.82368803024292,60.31315088969236,284.1009712219238,69.55304145812988,38.78968748560304,256.1357879638672,57.862147092819214,38.296279434818096,259.7455406188965,66.09610319137573,35.722844456431375,268.8989067077637,71.22933626174927,36.44299391502181,277.88984298706055,86.83794736862183,33.30670915950559,256.8648147583008,73.29319953918457,37.60779600451075,259.3709373474121,73.85785818099976,39.04252843034915,266.202335357666,74.9787425994873,70.83494280672026
437,17.48,337.6567840576172,116.67111396789551,49.60341919542204,341.56349182128906,83.79222393035889,48.94446634532208,327.37369537353516,64.4842529296875,71.2612213846263,307.408447265625,58.71633768081665,65.68158730092522,292.88856506347656,62.51113414764404,55.59463354504873,310.7404327392578,46.43073320388794,44.00738678451152,284.96131896972656,47.86062240600586,49.31145550510259,281.99724197387695,58.65305185317993,60.409818195261124,285.23563385009766,65.21637439727783,77.48556506461793,295.0612449645996,56.24772548675537,41.67961489035588,269.17083740234375,53.12399983406067,46.92948175581941,271.6606140136719,64.60610389709473,55.33493536019448,280.0682067871094,70.7552433013916,62.796131758466935,284.47668075561523,71.04972124099731,38.57790839773714,256.133975982666,59.08872127532959,30.664388022558743,257.56038665771484,66.50699615478516,55.586255391099115,265.1085090637207,70.90784311294556,95.10018449211275,277.9634094238281,88.11122417449951,31.88500671362599,257.22118377685547,74.61251020431519,34.16485318014166,258.4190368652344,74.20714616775513,25.349021500614967,264.00035858154297,74.39206123352051,56.96982067155114
438,17.52,341.7929458618164,115.10162830352783,110.5981456704072,342.08282470703125,83.10218811035156,21.590739900280287,325.6828308105469,63.83502244949341,45.280536566378345,305.107364654541,59.5495069026947,61.18186074788612,290.0965690612793,64.71987247467041,89.00058522827514,311.18242263793945,47.433650493621826,27.39979653874929,284.63090896606445,47.45826959609985,13.015821001747586,279.59522247314453,58.10792326927185,61.57750631771142,281.55717849731445,64.65504884719849,93.02593776600455,297.24952697753906,57.57521152496338,63.986313721136575,269.4955825805664,52.38959312438965,20.075056755658867,269.9676322937012,63.72970104217529,47.65939747485467,277.1506690979004,69.57338333129883,78.69569221399047,287.6776313781738,72.36154317855835,86.48324145435865,257.2418975830078,58.48792791366577,31.50836134983895,256.3612747192383,65.74418306350708,35.52950581226674,262.3349189758301,69.72790002822876,75.3536149548253,281.6142463684082,89.55365180969238,98.13640977829947,259.35354232788086,75.3997278213501,56.82574552250299,259.45608139038086,75.39653062820435,39.450100933761696,264.3971633911133,76.00592851638794,41.54832776123516
439,17.56,341.5214157104492,115.13979434967041,6.854983140918599,340.6532669067383,82.55278587341309,38.287386323137426,324.4266128540039,63.60814332962036,31.913532487952512,303.37499618530273,59.57192659378052,43.31283842407013,287.95122146606445,65.30849933624268,55.61585816146848,311.30712509155273,47.69534111022949,7.247097727611076,284.23105239868164,47.76482820510864,12.59621607955563,279.7407341003418,58.80251169204712,17.741665485218533,282.02043533325195,65.4234766960144,22.431677585485595,297.0055961608887,58.118348121643066,14.884967374093403,269.1865921020508,52.489256858825684,8.116648622393798,270.8777618408203,64.0044379234314,23.767311407446027,278.91775131225586,70.09068489074707,46.03110670852789,287.17735290527344,72.93876886367798,19.096269956613448,256.223087310791,58.36275815963745,25.661764335509623,256.558837890625,65.30839920043945,11.961886922600314,263.6296272277832,69.26012992858887,34.41546094955572,281.0421371459961,89.76176261901855,15.219622846168502,259.11373138427734,75.33696413040161,6.1972054979182785,260.0080680847168,75.20419836044312,14.61337170081937,265.41664123535156,75.67025899887085,26.83292170872948
440,17.6,348.66832733154297,112.98349857330322,186.62790050476085,343.61682891845703,80.74785947799683,86.74841169357518,323.44329833984375,61.384520530700684,60.783456762682384,300.5147933959961,59.35441017150879,71.71154627183208,283.3971977233887,65.46854496002197,113.92087948041404,313.8230514526367,46.7485785484314,67.20418887065277,284.0613555908203,44.59779739379883,79.2893481433037,280.2348518371582,55.28209447860718,88.87311775264502,283.98061752319336,60.564637184143066,130.98338544421765,300.69623947143555,57.83333659172058,92.54080052155763,268.42254638671875,49.205567836761475,84.28515382594908,270.4527473449707,60.79603672027588,80.91073631668138,279.7817802429199,66.62981271743774,89.17742915464689,291.73988342285156,72.42016553878784,114.79774097412265,260.0794792175293,56.77800178527832,104.2329461603564,263.8819694519043,65.42006492614746,183.09957178080532,273.81832122802734,69.8829174041748,255.1927576244544,286.53432846069336,87.85231590270996,145.36624479151305,264.9325180053711,70.86137294769287,183.5231493854383,267.7096366882324,74.80936288833618,192.7920738851372,275.3260040283203,79.16257381439209,262.6686764411853
441,17.64,357.9335021972656,110.06120681762695,242.87761115131673,352.5817108154297,77.3617172241211,239.57653629653336,331.86973571777344,57.97450304031372,227.25682906256574,307.9439353942871,56.10827922821045,202.68435579092306,289.8951721191406,61.923394203186035,185.05364954612213,323.42857360839844,43.33313584327698,254.86676023588996,290.1886177062988,36.622323989868164,251.43527627475976,283.5165786743164,47.570743560791016,209.51530972017974,286.52673721313477,54.805705547332764,157.4166824723517,311.62370681762695,55.617406368255615,278.74707325520137,276.13792419433594,44.01183843612671,232.51596692658785,275.2157211303711,55.04061698913574,186.76652464040586,283.08948516845703,61.744844913482666,147.48691111438532,303.63664627075195,71.50853633880615,298.29100101394516,270.3779411315918,54.9698531627655,261.39974086216455,273.3539581298828,64.127676486969,238.99377266138563,282.8196334838867,69.69807386398315,225.08024883060423,298.9438819885254,88.78314971923828,311.1103806871858,276.39713287353516,72.83355474472046,290.8252214774531,279.23938751220703,77.1900987625122,294.3244992409864,287.21527099609375,81.70159578323364,303.9338965848995
442,17.68,368.1047821044922,109.01427268981934,255.62546579311976,364.1389846801758,75.48987865447998,292.69689827483995,344.7629165649414,54.01144981384277,337.21275112458744,321.5481948852539,50.31097769737244,369.6996934481223,304.2369079589844,54.34454798698425,405.52766310442274,337.37239837646484,38.66310238838196,367.62707125596455,301.71581268310547,29.333728551864624,340.95440264443926,295.2531623840332,41.08196496963501,335.2719463176816,298.8627052307129,49.16429400444031,339.1180022563962,324.5579147338867,50.98958730697632,343.4297996725248,287.19974517822266,35.982645750045776,341.71609073704377,287.19873428344727,48.46808910369873,341.6785102911468,296.2558364868164,56.57142162322998,353.65689196821876,315.1202201843262,67.40411281585693,304.8757557229883,279.55488204956055,47.57789611816406,294.59429046690843,281.8510627746582,57.95438289642334,262.5718248157725,291.1945152282715,65.10769128799438,238.76015217469094,308.9802360534668,85.71842908859253,262.3462829219851,285.5186080932617,67.66995906829834,262.0401096369253,286.7966079711914,71.52354955673218,236.14264884707174,293.1412124633789,76.16194009780884,202.80003603727044
443,17.72,379.99446868896484,112.7285099029541,311.40829825209397,376.25301361083984,77.4034309387207,306.6057925878611,357.9792022705078,54.34307813644409,330.5111431513224,336.7482376098633,47.233078479766846,387.7134592902401,319.43614959716797,49.00796413421631,402.7220455797626,350.3861618041992,36.990294456481934,328.0208881783144,311.9883918762207,25.249693393707275,276.3661819623212,304.66564178466797,34.91868495941162,281.2703203234757,307.54405975341797,42.66911745071411,271.0549238772541,337.5599670410156,50.877074003219604,325.0634778785891,299.0027046203613,34.264079332351685,298.1854730331404,295.6991386413574,44.3149995803833,236.5177409263552,301.90685272216797,51.70931339263916,186.37006354660667,327.14317321777344,68.634774684906,302.144344933438,289.75149154663086,45.957523584365845,258.11389489917065,288.7563133239746,53.94793510437012,199.58411300013753,295.7974624633789,61.00578546524048,154.13621132768708,320.2901840209961,88.25127124786377,289.7522782826758,292.36522674560547,65.9758973121643,176.32716786597518,290.22138595581055,64.53565120697021,194.5504876480298,293.9103317260742,65.60699701309204,264.5732034355755
444,17.76,409.2748260498047,121.03264331817627,760.8785871265441,383.29212188720703,119.6618127822876,1071.0158382824939,347.27550506591797,107.85987854003906,1364.4177007256994,316.26617431640625,99.32265758514404,1399.2942793004017,295.12012481689453,94.98849391937256,1300.355283287637,347.8416061401367,73.31582307815552,910.3635239464573,295.43601989746094,68.56133222579956,1159.169712672835,301.83483123779297,85.17148017883301,1258.311595878928,318.9250373840332,91.88595056533813,1262.8893740301733,348.70471954345703,69.28882598876953,538.0509499097622,295.58765411376953,64.33596611022949,756.6294272727217,301.4529800415039,81.10826969146729,931.0113507381453,316.7000389099121,86.96514844894409,955.8413385280804,348.7142562866211,71.61214113235474,544.3897591142303,300.8751106262207,67.57666826248169,607.8251794518716,307.6060676574707,81.52857542037964,835.1665098478284,321.8647766113281,85.25587320327759,890.0743024427691,349.56920623779297,78.2461953163147,773.5319508461446,312.4388885498047,73.18593978881836,533.2310772219925,316.7869567871094,84.27026510238647,827.3393118885351,329.20921325683594,90.02184391021729,1072.9910840533628
445,17.8,414.7516632080078,144.9571180343628,613.5838551610747,397.7113723754883,114.35829162597656,384.0915591522725,366.8229675292969,97.70612955093384,550.682478436396,338.96060943603516,100.42489528656006,568.0296610595418,320.2437973022461,111.75903797149658,755.1697106261296,350.1313018798828,76.75077438354492,103.20367317532775,304.8653030395508,87.31731176376343,524.8202960313052,310.4951858520508,100.9677529335022,450.3637245220528,323.9743423461914,103.8654112815857,325.002845807727,344.2298889160156,93.25731039047241,609.5656002735483,295.17839431762695,98.41502666473389,852.037947313057,302.3734664916992,111.68184041976929,764.685606304757,317.20449447631836,115.0283145904541,701.6924937715203,341.34510040283203,113.60790252685547,1065.9351626457578,295.7118034362793,114.57471370697021,1182.0205203220642,304.00983810424805,123.69479656219482,1057.9824763376087,317.2040557861328,124.1352367401123,978.9430613037979,342.15328216552734,135.45361518859863,1442.152215069849,306.44861221313477,131.26959800720215,1459.7933849135316,313.44736099243164,135.99517822265625,1295.8152688007087,325.72410583496094,137.25894927978516,1184.1373699442736
446,17.84,420.96343994140625,158.84957313537598,380.44914157418714,399.43031311035156,127.09346294403076,321.2663864985748,367.92236328125,114.30973291397095,415.9990351975514,341.74346923828125,119.58193302154541,483.952737528812,324.9852752685547,133.18777084350586,548.6757955551489,349.79087829589844,93.53355646133423,419.65585788171325,310.6251907348633,111.98543787002563,633.2913783643885,310.0776672363281,126.95437431335449,649.7493807876385,316.5992546081543,132.70746231079102,744.2512288850406,343.4274673461914,110.52150249481201,432.07074752815436,297.07618713378906,123.08153629302979,618.4852033476077,298.5110855102539,138.3184576034546,672.8797077840277,308.06371688842773,144.11765098571777,762.292310578796,341.5366744995117,132.29105472564697,467.1033589566436,293.8540267944336,138.06505680084229,589.0922851720745,297.1274185180664,150.47707557678223,691.3113302699919,307.0283889770508,153.69986057281494,781.6693584001256,344.25865173339844,156.0052728652954,516.4804051688743,307.03927993774414,155.46451091766357,605.0530447333255,309.61048126220703,160.26660919189453,614.320766863039,318.3475112915039,160.42593955993652,607.8258311901466
447,17.88,419.39754486083984,175.6542205810547,421.9361645860205,400.80543518066406,142.6749086380005,391.0501970834341,372.78053283691406,129.031662940979,387.5701832827367,346.84085845947266,131.94641590118408,334.3499418210621,330.8827209472656,144.30170059204102,314.54262428636065,353.4698486328125,111.28094673156738,453.1174545191484,320.1467514038086,126.21780395507812,428.09196000345435,313.7937927246094,144.12756443023682,439.2664677015808,313.9664840698242,155.48784255981445,573.3003166957939,344.39453125,124.91027355194092,360.5308110346812,302.88137435913086,134.63833808898926,323.3224652652941,297.6131248474121,153.61684799194336,383.11803160923597,301.4329528808594,165.5613613128662,561.1370955026925,340.92041015625,144.25199031829834,299.4200247899367,295.048770904541,146.9714069366455,224.65318580836785,292.4851989746094,163.9954662322998,357.3313310193001,298.9335823059082,174.15202617645264,549.8959975087308,342.04193115234375,167.075514793396,282.2500071757612,305.8623504638672,169.92449283599854,362.6949821001925,303.1306457519531,178.4249210357666,481.9962119011234,307.29976654052734,182.80391693115234,623.9123212185835
448,17.92,414.3512725830078,187.12175846099854,313.2184630273684,395.98670959472656,156.3746166229248,363.0617329952027,369.25098419189453,142.93593406677246,358.63148667637654,345.7887649536133,145.24120330810547,333.40878900786623,330.7874298095703,156.54112815856934,305.9949627416445,354.06299591064453,124.72251892089844,336.36632431602527,319.42949295043945,136.59343242645264,260.0097664811445,312.55088806152344,154.60352897644043,263.735953624591,313.3670234680176,165.403790473938,248.3512835289075,344.7591781616211,134.95641231536865,251.3188604942436,301.6232109069824,141.43389701843262,172.77622166378148,296.32619857788086,160.72646141052246,180.6287321151622,300.9572982788086,172.95475959777832,185.2170778772057,340.10570526123047,151.97962760925293,194.26161832455605,292.7925109863281,151.11137866973877,117.87195056857587,290.81018447875977,170.41850566864014,165.9463564719211,298.59580993652344,182.14407920837402,199.97968934144853,339.2466354370117,173.9166498184204,184.7545780332138,302.3658561706543,176.0108184814453,175.4794008653392,298.58272552490234,186.77221298217773,237.64582527134496,303.2596206665039,193.24782371520996,279.95308490606214
449,17.96,413.57349395751953,196.5109348297119,235.53340059462928,396.96216583251953,167.52511024475098,279.82698101040415,371.72611236572266,155.0319528579712,308.66641588646166,348.47957611083984,154.453125,239.92181791868674,333.0683898925781,162.71244049072266,164.48380391634055,353.38531494140625,136.79414749145508,302.26588858315944,319.4279098510742,146.07318878173828,236.9939121868194,313.15967559814453,164.79254722595215,255.17973464015026,314.798641204834,176.82796955108643,287.83827591540387,344.0150833129883,144.18521404266357,231.46875931954028,301.4904975891113,150.21197319030762,219.47698356544706,294.9684143066406,170.1156520843506,237.17145648866614,299.08498764038086,183.7631320953369,274.23354915649753,339.12132263183594,158.90024185180664,174.7568143436955,292.348690032959,156.53825283050537,136.12480531539268,288.12095642089844,177.20880031585693,182.5856801326601,294.3421745300293,191.53873443603516,257.81892994163707,337.2017288208008,179.66919422149658,152.629883579499,300.8205032348633,180.94506740570068,129.26457399137146,296.55927658081055,193.28803539276123,170.56942742547741,301.01390838623047,202.45888710021973,237.02177158496232
450,18.0,414.89906311035156,195.85717678070068,36.95041580945673,396.85977935791016,168.3841037750244,21.626847829066527,370.61161041259766,157.20216751098633,60.99152729929508,346.46766662597656,157.54092693328857,92.13543209083399,330.9437942504883,167.33091831207275,127.09308603512304,352.59403228759766,136.39663696289062,22.1379603077209,320.5802917480469,145.6453514099121,30.730978397227933,314.59489822387695,164.32644367218018,37.725294136139034,315.7747268676758,176.41528129577637,26.493570178396237,342.7394104003906,144.01963233947754,32.15935595170338,301.24414443969727,150.0988483428955,6.77712629586835,295.71216583251953,170.19002437591553,18.68651870332965,300.9893798828125,183.7756061553955,47.61082738731914,337.8766632080078,158.9514684677124,31.142828704026275,292.07653045654297,156.9214153289795,11.749583377504177,288.4903907775879,177.61895656585693,13.800133453082362,295.16611099243164,191.50610446929932,20.614558096240973,336.1483383178711,179.8570203781128,26.750119354543045,300.8199691772461,182.5418186187744,39.91878255963889,297.7515983581543,195.2969455718994,58.402436424846435,302.9105758666992,203.89112949371338,59.41730495606953
451,18.04,410.9486389160156,204.27030086517334,232.36085644952203,391.8732452392578,178.29171180725098,277.29296267296905,367.10033416748047,167.1593713760376,263.954268860768,343.29776763916016,166.93768501281738,247.92554576904942,327.4241256713867,174.50111389160156,199.68689797312894,352.9275131225586,143.8251256942749,185.8992574951374,317.991943359375,150.89803218841553,146.39459250173735,310.8247756958008,169.84861850738525,167.16054929931826,312.07393646240234,182.4384355545044,176.73114618007614,343.69869232177734,148.96553993225098,125.95193458457013,300.52425384521484,153.7109899520874,92.079481539319,293.0545425415039,174.44766998291016,125.4753652906353,297.3103713989258,189.18578624725342,163.56411596612145,338.4278869628906,162.2299289703369,83.1119384295063,292.98309326171875,159.43084716796875,66.70412409599007,287.6902770996094,180.62803745269775,77.840982462803,292.91053771972656,195.49298286437988,114.51749354820666,335.0469970703125,182.43736267089844,70.13878604021546,300.81966400146484,183.91635417938232,34.3633898621407,296.73376083374023,196.94578170776367,48.44232285046004,300.4493522644043,206.25494956970215,85.31290557464453
452,18.08,410.05496978759766,209.06182765960693,121.85384055514623,387.71148681640625,203.5522699356079,640.0273578753663,360.44017791748047,200.18417358398438,842.2422610762077,335.9906768798828,207.6386547088623,1033.7923236688678,319.4839668273926,219.6485710144043,1146.0091096723363,349.76444244384766,159.22987461090088,393.1533616977684,309.63695526123047,167.97446250915527,475.2698566467374,300.5004692077637,189.07918453216553,545.6681535582997,302.1817970275879,203.19798946380615,574.8986329731405,342.802734375,157.3244333267212,210.16933562979528,297.4148941040039,160.4491138458252,185.52363664709867,289.9921989440918,181.1650800704956,184.56290694741065,294.51881408691406,197.23890781402588,213.08091068221864,339.0504837036133,165.14802932739258,74.59447196092545,294.7762680053711,162.7661418914795,94.66938045756679,290.46913146972656,182.38290309906006,82.1644123355041,296.0212707519531,197.2107982635498,88.83815953536937,335.4543685913086,180.42560577392578,51.314699213747,304.56464767456055,182.32662677764893,101.71079073645346,300.47075271606445,195.87289810180664,97.19885403288093,304.46977615356445,206.6056251525879,100.89221232632977
453,18.12,405.6865692138672,213.7199878692627,159.65075186048472,384.6651077270508,211.6825246810913,217.05625391606085,359.82051849365234,209.40871238708496,231.13320554856375,336.18396759033203,216.34899616241455,217.81214603445648,319.4415092468262,228.4896469116211,221.02944609612445,348.4376525878906,164.60115909576416,138.31817563864186,308.08773040771484,173.55520248413086,144.79458794064314,298.9310646057129,194.6774196624756,145.35144344651314,299.64237213134766,209.36476707458496,166.72924328167417,341.8651580810547,161.26482009887695,101.25986748568114,297.2954559326172,166.94807052612305,162.5013527043165,291.06924057006836,188.03767204284668,173.91186539902665,295.526180267334,204.25111770629883,177.10497274699904,337.6664733886719,168.35530757904053,87.32882662442474,293.23022842407227,168.85974884033203,157.16687793959366,289.5733642578125,189.81438159942627,187.1317577259161,294.7637176513672,205.99847316741943,221.9299861680669,332.4327850341797,183.09369564056396,100.77409987556678,299.6634864807129,185.86721420288086,151.15625269028047,295.98804473876953,200.50111770629883,161.0805068845804,299.7698974609375,212.43517398834229,187.20393183947527
454,18.16,400.0667190551758,215.3372097015381,146.1979015344697,377.58148193359375,219.80885982513428,269.50774253145033,354.12715911865234,218.52928161621094,268.79258271502306,331.7192840576172,221.7271614074707,174.74635269874912,314.6541404724121,228.74384880065918,119.85282219931592,341.18309020996094,173.23412418365479,281.90951729235223,302.13253021240234,180.66325664520264,231.82542370685405,295.2569007873535,201.23980522155762,188.02324322771494,297.63553619384766,215.28183460235596,156.20315019279275,336.3560485839844,166.79783821105957,195.19954034341885,293.74908447265625,172.73656368255615,169.71189475493898,289.6757698059082,194.20281887054443,158.01660549140232,295.4265022277832,209.6554470062256,135.1312114520909,334.06421661376953,171.04987621307373,112.46375526098787,292.8715515136719,174.82830047607422,149.48297928730696,291.1015319824219,195.73845863342285,152.95012524362218,297.4439811706543,210.51258087158203,131.2463830396895,331.2898635864258,183.59477519989014,31.198459101676757,299.39504623413086,187.0426082611084,30.141451504755302,297.0124816894531,203.23342323303223,72.95103048168585,302.92179107666016,215.83148002624512,115.83751569528455
455,18.2,398.83872985839844,211.59088611602783,98.56120520630908,372.5342559814453,224.68823432922363,175.50424739019485,348.36341857910156,225.0597095489502,217.75444024170073,328.07132720947266,226.2078094482422,144.4467809246582,313.93470764160156,230.37185668945312,44.49714375681458,330.83316802978516,185.5255651473999,401.71539217844116,293.2604789733887,190.16944885253906,325.0778593953568,287.1415138244629,209.2616844177246,285.27404740371134,290.46958923339844,221.72112464904785,240.85168172730897,331.3551330566406,172.71798133850098,193.7415333005218,289.96694564819336,177.99864292144775,162.00704460740965,286.3927459716797,199.07475471496582,146.87155180690718,292.3715591430664,212.501220703125,104.3764376692111,334.81868743896484,169.11622524261475,51.890704259216,295.3863334655762,173.3569622039795,72.83956933114327,293.55974197387695,193.58250617980957,81.74245891950332,299.85326766967773,206.42425060272217,118.63574983339859,339.26490783691406,173.8329792022705,315.1329004328856,309.3117904663086,177.84514904022217,338.13373120547243,304.171142578125,193.39463710784912,304.1875841237771,307.9182243347168,205.19010543823242,293.899641060321
456,18.24,397.5646209716797,209.0280246734619,71.55248173983358,372.80643463134766,219.8378849029541,121.44950281489379,349.2888641357422,221.28546237945557,97.15127114050057,328.2899475097656,224.38947200775146,45.7858185139688,312.5531005859375,229.42111015319824,41.92819034120553,333.33709716796875,181.42255783081055,120.16740970680917,294.356632232666,187.7779769897461,65.76800912276242,287.7976417541504,208.4755039215088,25.600093173001326,291.297550201416,221.17624282836914,24.779219659156336,330.5179977416992,173.44491004943848,27.71755858552597,288.6871528625488,181.43274307250977,91.62052656784915,283.6328315734863,203.46455097198486,129.6327472696748,288.9954948425293,216.46556854248047,130.17743648757715,330.04772186279297,175.4267978668213,197.77739913600166,288.95320892333984,180.7844638824463,245.6533031524694,284.9277114868164,202.13963985443115,303.86724800363623,290.9428405761719,215.72922706604004,322.08141242896846,329.38209533691406,185.3865623474121,380.0947796289239,297.4290466308594,191.66491985321045,455.64903323612816,292.60963439941406,207.456693649292,455.1166784058898,297.2030258178711,218.72835159301758,431.63901888830054
457,18.28,397.2932815551758,208.44454765319824,16.087077735803465,373.1049346923828,216.7485237121582,77.59371291233042,349.661865234375,218.87706756591797,60.92769996815942,329.20989990234375,222.4047088623047,54.690019359877276,315.0210380554199,226.85673236846924,88.97594048423615,336.48231506347656,177.78143405914307,120.28657949565856,296.1769485473633,186.70832633972168,52.78318860353814,291.0157012939453,207.17624187469482,86.76112705280342,295.82733154296875,219.5886468887329,119.99838506681229,331.7805862426758,172.33417510986328,42.0406189654077,289.9888801574707,183.09576988220215,52.79768058411898,288.2684516906738,205.41366577148438,125.71799387046161,296.4227104187012,217.05731391906738,186.26878060621516,329.41749572753906,176.63061618804932,33.970240027866126,287.28466033935547,183.20271492004395,73.45063162576618,286.6752243041992,205.3640842437744,91.68847619413677,294.8821830749512,217.91799545288086,112.66412021447445,327.45811462402344,189.80112075805664,120.39006329574995,293.43414306640625,194.74189281463623,126.06302266779508,290.0460433959961,210.47616004943848,99.02391180423014,296.3902473449707,221.1841106414795,64.66916455174395
458,18.32,400.88130950927734,208.3618927001953,89.72449651805715,378.3192825317383,212.74420738220215,164.36235247948315,353.74271392822266,214.74967002868652,145.1049975285619,331.7681884765625,219.8103904724121,91.08830995630362,316.0955810546875,223.38109016418457,90.94892587834582,345.0872039794922,170.67689895629883,278.969680570885,310.16590118408203,181.31667137145996,374.800562940764,303.8380432128906,202.20186710357666,343.8357680727449,306.9037628173828,215.262451171875,297.2827979775504,336.05613708496094,170.089430809021,120.7249248838274,296.28923416137695,180.221529006958,173.12517361626985,289.36248779296875,202.55643367767334,76.48811276527083,294.0089416503906,217.47865676879883,61.256680573893476,329.3027114868164,178.30349922180176,41.92040871203912,288.7084770202637,183.41365814208984,35.98394593217541,284.3511772155762,205.84030151367188,59.30839821584003,288.8170051574707,221.63794040679932,177.87701796268558,323.5519790649414,195.3612756729126,169.87719403130964,292.3680877685547,200.59640407562256,148.7694861251231,288.3900451660156,216.6991138458252,160.9881286183517,292.2723388671875,230.23763179779053,248.65062783850237
459,18.36,399.3162155151367,210.08706092834473,58.232962239564344,375.92201232910156,217.15847969055176,125.5804135721214,350.8357620239258,218.4793996810913,118.21921547997904,328.1819152832031,223.1542682647705,122.58383383330906,310.9368896484375,228.3742618560791,179.4851326880142,340.2619171142578,175.27902603149414,166.70139274322432,304.924373626709,187.07179069519043,194.6069910824713,296.64709091186523,208.39675426483154,237.28466808917372,298.3761405944824,223.08424472808838,289.2887778809067,333.35262298583984,173.08423519134521,100.86451857731886,292.58718490600586,181.5979242324829,98.7409252350609,284.5933723449707,203.37432861328125,120.96852452711273,287.93386459350586,219.55129623413086,160.47273055012244,328.80504608154297,180.2741003036499,50.811781848473956,287.98851013183594,184.7407865524292,37.74604398114273,282.6606559753418,205.8057403564453,42.2718622229404,286.7421340942383,221.55587196350098,51.91233691537502,324.70008850097656,196.18895530700684,35.38369022063111,294.1086196899414,203.56265544891357,85.98000704712179,289.054012298584,218.6383867263794,51.244704960512934,291.58084869384766,230.61614513397217,19.70772382679128
460,18.4,399.25891876220703,209.47221279144287,15.437801603287959,376.1037063598633,215.84448337554932,33.162469719684964,351.30332946777344,218.1355333328247,14.509983201584841,328.6909484863281,223.02927017211914,13.103895533632768,312.45466232299805,226.96356296539307,51.80314452222885,341.90784454345703,173.3073377609253,64.20977212664519,307.4683380126953,184.05218124389648,98.7097893939303,299.2371368408203,204.13152694702148,124.75100697662214,300.3669548034668,217.7409267425537,142.55347310139524,333.61865997314453,172.89799690246582,8.118665948713467,293.10760498046875,181.65023803710938,13.076070416472044,284.4186782836914,203.03719997406006,9.49255413565637,287.36459732055664,218.88123035430908,21.98086541961515,327.83641815185547,181.0991334915161,31.80919508620282,287.19459533691406,186.04069232940674,38.07932288834242,281.91585540771484,206.9634246826172,34.41439455919445,285.86130142211914,222.46629238128662,31.66949965457235,323.4187316894531,197.41909503936768,44.40663688832383,293.19990158081055,203.87191772460938,23.99754879449813,288.6459732055664,219.0144395828247,13.872446888330629,291.60072326660156,231.59894943237305,24.57513081854034
461,18.44,396.91173553466797,209.75229263305664,59.09586396969273,370.4655075073242,220.90294361114502,189.3695234453589,345.4661560058594,222.2464370727539,178.48691055550418,324.42100524902344,226.47239685058594,137.13026784269272,307.9219436645508,229.9696969985962,135.97421690852386,336.58958435058594,176.2397289276123,151.82804713215313,300.30338287353516,188.0672264099121,205.33078469770882,291.3541030883789,209.22885417938232,234.6872467453998,292.90327072143555,224.0427017211914,244.20655698321093,331.2969207763672,173.8355827331543,62.59762419493305,289.66108322143555,182.52731323242188,88.90926953122556,279.62751388549805,203.99014949798584,122.12536869357322,282.1912384033203,220.35158157348633,134.4562549546428,327.89283752441406,180.9791135787964,3.3154868655632788,286.2396812438965,186.0886573791504,23.9029492301747,278.8987350463867,206.3848114013672,76.80254147804797,281.99121475219727,221.84720993041992,97.98224939267733,324.78519439697266,196.9777536392212,35.899186642290964,293.170166015625,204.7605800628662,22.228992263385038,286.8307876586914,218.9091682434082,45.45588950074592,288.55188369750977,230.73367595672607,79.23115274987344
462,18.48,396.5763473510742,207.79213428497314,49.71610643981319,370.3546905517578,221.41927242279053,13.202174048624272,344.08763885498047,223.91128063201904,54.03710306408635,322.28588104248047,227.03773498535156,55.21753901607044,306.5929412841797,228.9250087738037,42.26124712762937,336.0383605957031,179.5887279510498,84.85149559278712,301.1055374145508,188.0276870727539,20.078210622072657,291.8236541748047,207.65398979187012,41.08433446748461,293.0467224121094,221.6268539428711,60.50257678175972,330.5609893798828,176.52348518371582,69.67071929829133,289.7246551513672,183.40055465698242,21.88880958166419,279.41062927246094,203.62865924835205,10.539038616987195,281.3040351867676,219.0029811859131,40.356633228196024,327.0370101928711,182.3567819595337,40.54635147503491,286.275691986084,186.3365364074707,6.262027738376608,278.5883903503418,205.12850761413574,32.35171011877973,281.89319610595703,220.05954265594482,44.75881155733467,324.56775665283203,196.31639957427979,17.40453194916998,295.0423812866211,204.57643032073975,47.03124724901135,287.7800178527832,218.67070198059082,24.468144084166347,288.892822265625,230.92263221740723,9.744985110271779
463,18.52,398.2023620605469,205.50207138061523,70.21534706412852,371.2376022338867,226.68979167938232,133.598994832822,343.4274673461914,231.40058040618896,187.95850194989598,321.4839553833008,232.88184642791748,147.4718687495616,305.80272674560547,236.11567497253418,180.84889998030633,326.5725326538086,198.80534648895264,535.5373041726541,292.7309226989746,205.40960311889648,482.3543673156009,286.1182403564453,220.55029392242432,352.55000271812105,286.1116409301758,231.37178421020508,299.01820709224825,327.7920150756836,181.1384153366089,134.54738712949143,288.1743621826172,186.55895233154297,87.95909617410655,281.04862213134766,204.62905883789062,47.983199823693724,282.7133560180664,219.73547458648682,39.70777464345685,332.5585174560547,172.0746946334839,291.770845696909,298.51823806762695,178.29769134521484,366.14799304179803,292.9385757446289,194.4448757171631,447.2609776185087,295.5989456176758,208.39502334594727,449.9365096955935,339.0957260131836,170.89890003204346,731.9115284286831,315.80841064453125,177.7894163131714,847.3385151222216,310.07532119750977,190.32588958740234,901.56424508962,312.1832084655762,202.22405433654785,924.0029970617746
464,18.56,395.98876953125,206.91099643707275,65.59850274812281,371.15673065185547,224.22640800476074,61.61777006864764,344.89585876464844,230.363130569458,44.94771630413595,324.15035247802734,236.40711307525635,110.50220134008097,309.8759460449219,243.6976718902588,215.1711422343693,326.5498733520508,195.5760669708252,80.73397538425796,292.5146675109863,204.94657516479492,12.775983147377678,287.08740234375,219.84822750091553,29.918349489135927,288.1914710998535,230.7380247116089,54.356144068326174,326.9926071166992,178.39523792266846,71.4321155417876,286.9862174987793,186.76455974578857,30.14508872234627,280.7875442504883,205.2280855178833,16.33620639899816,283.953914642334,220.9581184387207,43.54483099095965,331.6775894165039,170.62142372131348,42.485516319001285,299.19795989990234,180.30434131622314,52.96617951237509,295.19933700561523,197.04726219177246,86.18097543253928,298.8484191894531,210.7922601699829,100.95117286401354,338.4354019165039,170.80820560455322,16.663084045158527,318.2171440124512,180.69551467895508,94.36433432891069,314.47919845581055,193.53585720062256,136.23974040295082,317.0799446105957,204.5614528656006,135.64995567074152
465,18.6,394.07020568847656,209.1926622390747,74.52720162306007,369.8081588745117,227.0088529586792,77.30073479693759,343.6833953857422,231.83465480804443,47.667146901299596,323.1595230102539,236.969575881958,28.48362954324491,308.20077896118164,244.3088722229004,44.57963804437491,325.4122543334961,195.52971839904785,28.46406969192839,291.5950584411621,204.81968879699707,23.208039981274492,285.3682518005371,221.43486499786377,58.48555984680834,286.50917053222656,232.9214572906494,68.90896633899293,325.67569732666016,179.67923641204834,45.98167784448598,285.78136444091797,189.26892757415771,69.47809506783487,278.62260818481445,208.48176956176758,97.70301948341469,281.55614852905273,224.0656614303589,98.12653113098243,329.7956848144531,173.1782054901123,79.36741280463433,293.6762809753418,183.4271478652954,158.58920772089274,288.1654167175293,201.9832420349121,214.82541113516442,291.57453536987305,217.0146131515503,239.30506478129723,335.5463409423828,174.41911697387695,115.6107537961459,312.13626861572266,185.2393913269043,189.77595438818838,307.4110221862793,199.74213123321533,235.15547137053824,309.5928764343262,212.2840118408203,268.90298785279276
466,18.64,392.35713958740234,213.50418090820312,115.98434350401703,365.8790969848633,229.43199634552002,115.40459047920861,339.5420837402344,231.55361652374268,103.77091554977574,318.5626983642578,235.06776809692383,124.36757434429433,302.7191352844238,240.8723258972168,161.74491500412833,325.0768280029297,192.56970405578613,74.47397085371652,292.82398223876953,205.95236778259277,41.782288298512015,286.63387298583984,222.53911972045898,41.99088797778732,286.38742446899414,233.52134227752686,15.30286128052408,325.07102966308594,176.58697128295898,78.77073779311354,286.76280975341797,189.46113109588623,25.002213591913552,279.54137802124023,208.20878505706787,23.961669288313384,281.253662109375,223.54692935943604,15.01209919309598,329.2247772216797,170.57085514068604,66.72804565988189,293.43408584594727,182.341890335083,27.798857750647294,288.0326843261719,200.52557945251465,36.59233263127925,291.2565803527832,215.59673309326172,36.32732487901681,334.7767639160156,172.98974990844727,40.58431814789457,312.00672149658203,185.28160572052002,3.4062911562631477,307.86792755126953,199.84597206115723,11.713918806928934,310.53211212158203,212.67834663391113,25.46644367173407
467,18.68,391.02108001708984,217.0100212097168,93.79489390133764,368.13194274902344,224.49219703674316,135.73165448801603,341.25240325927734,224.64265823364258,177.9861956457625,318.3311653137207,229.3269395828247,143.6373897653927,302.4906349182129,236.15113735198975,118.16787237057511,333.6039352416992,174.89407539367676,490.62422386069704,300.2036666870117,192.8856897354126,375.1648119029555,291.7433166503906,213.19883823394775,266.1616905290872,290.8932113647461,226.9976806640625,198.21118219735735,327.0994186401367,170.74945449829102,154.49709555017,288.10583114624023,186.2101936340332,87.93570393495487,280.8486747741699,207.33023643493652,39.376964091247196,283.12225341796875,224.52534198760986,52.73118591925774,323.2937240600586,176.21109008789062,204.6180005914123,285.5715560913086,189.34174060821533,263.17446445852363,280.80753326416016,209.23869609832764,282.97659968674134,283.5402488708496,225.28886318206787,309.7167629438035,320.83072662353516,190.09729385375977,551.7925425397973,295.4109191894531,203.88646602630615,623.278369398017,290.8394241333008,219.06618118286133,641.9629892650603,291.8400573730469,232.67643928527832,684.3412071177022
468,18.72,392.25433349609375,217.02524185180664,30.833685023656205,377.0597839355469,208.10636043548584,466.5042801082379,351.9484329223633,206.59682750701904,524.4384241545691,327.79056549072266,215.2078342437744,424.8745309528619,312.8738021850586,226.07401371002197,361.7307211403963,343.13159942626953,162.7144718170166,386.586930795113,313.0060577392578,175.88085651397705,532.1334240250917,309.7297477722168,194.93441104888916,640.8495362107749,314.5762634277344,208.38911533355713,752.9797717559799,332.07061767578125,166.2663173675537,167.35317890801446,295.6779479980469,179.8915958404541,246.55327985857946,291.7616271972656,200.84253787994385,317.394434349049,296.88404083251953,216.02295398712158,404.411141780657,324.48997497558594,177.4687957763672,43.393834900005615,286.10010147094727,189.25867080688477,13.3758366614599,286.4031410217285,211.1572551727295,147.88444622941444,293.14208984375,226.329345703125,241.45128124724008,318.9942932128906,195.95855712890625,153.55555764183612,293.512020111084,209.65528964996338,151.8328515808932,295.69820404052734,225.0177526473999,192.07574203354386,303.3222961425781,236.3668441772461,301.51792590489765
469,18.76,394.0089416503906,216.16999626159668,48.798660296023186,380.88756561279297,205.893816947937,110.5307119451299,355.3974151611328,204.7386646270752,97.94209951467788,329.43016052246094,214.3866205215454,45.84391893750789,313.9543151855469,226.46504402160645,28.72730679164467,343.93348693847656,161.41779899597168,38.114826405466694,313.8290596008301,174.08599376678467,49.36385535876935,310.41635513305664,192.9557991027832,52.358946831180745,315.53173065185547,206.71581745147705,48.17185004325233,332.6361846923828,165.96486568450928,16.02223391645797,297.21277236938477,179.42137241363525,40.131003616141435,293.3771324157715,200.92228889465332,40.436812864075776,299.10932540893555,215.65518379211426,56.38675798874863,325.4219055175781,178.14202308654785,28.741624282899185,286.6328430175781,189.13105487823486,13.695331794808247,286.5998840332031,212.1769380569458,25.962244184196937,293.98603439331055,227.44254112243652,34.923545462813415,320.6900405883789,197.62341499328613,59.41017836860395,296.0689926147461,211.41597747802734,77.6133445854218,299.95433807373047,226.3408613204956,111.42624654174553,309.3632698059082,236.33741855621338,151.02613322745833
470,18.8,396.1573028564453,216.59491539001465,54.74949849870908,383.16314697265625,194.70219612121582,285.51559420465196,358.35235595703125,186.50934219360352,461.6816215550623,334.40792083740234,189.23691272735596,640.9396909451189,320.3466796875,199.45412635803223,693.9254268985862,342.41546630859375,160.66411972045898,42.37053135056805,312.6752471923828,173.44505310058594,32.997045430937376,310.24898529052734,192.276291847229,17.49540608522494,316.2404251098633,205.65266132354736,31.942808141714714,331.79615020751953,166.39257431030273,23.566297496871005,297.3290824890137,179.74531173706055,8.604676388065352,294.56188201904297,200.8954095840454,29.626361991800227,301.5679359436035,215.22053718566895,62.41836385268933,325.44898986816406,178.9208221435547,19.481746797345313,288.48541259765625,189.0305471420288,46.38235018617067,288.58409881591797,211.29085063934326,54.32689950416858,297.3346710205078,225.41429042816162,97.87481845396222,321.77547454833984,198.01687717437744,28.863681433005166,297.52838134765625,211.29823207855225,36.60327387033384,301.46289825439453,225.08508682250977,49.07088882726688,311.58411026000977,233.60199451446533,88.08616878782408
471,18.84,395.65303802490234,217.4035406112671,23.82432801749897,383.7065887451172,194.9869966506958,15.33868275080121,359.20509338378906,185.7887363433838,27.910951147851794,334.92198944091797,187.8731632232666,36.43555302709556,320.4230499267578,197.69734382629395,43.96104296181635,342.87410736083984,160.11523246765137,17.88205859059747,313.18477630615234,173.58223915100098,13.191851893480536,310.49089431762695,192.4387550354004,7.285013079221741,316.35765075683594,206.2587833404541,15.433845755498899,331.8686294555664,165.77573776245117,15.527004060725814,296.6181182861328,180.1815891265869,20.853777511370055,294.1015434265137,201.39793395996094,17.03750216729891,301.16634368896484,216.27302169799805,28.162474896553373,324.9010467529297,178.08116912841797,25.065649345280967,287.53570556640625,189.72413063049316,29.400271051855043,288.4481430053711,212.02617645263672,18.69471907580356,297.6946830749512,226.69572830200195,33.276227474138345,320.5502700805664,196.71817302703857,44.63573715482336,297.64183044433594,211.4472770690918,4.68275471426621,301.94969177246094,225.35933017730713,13.968208253073769,311.8164253234863,234.50697898864746,23.358178268392738
472,18.88,395.6684112548828,214.76323127746582,66.00885222054565,383.7398147583008,190.09871006011963,122.20998772491676,360.25142669677734,178.58777046203613,181.91468300106038,336.5033721923828,179.66201305389404,209.0510680889623,321.56871795654297,189.77365493774414,200.1521309482481,345.47447204589844,155.80656051635742,125.81372758757054,317.96533584594727,167.69601345062256,189.57419805533866,318.1507873535156,184.96594905853271,267.5312954697602,325.05096435546875,196.89528465270996,319.4221432911708,333.4708786010742,161.21355056762695,120.88412407368314,301.9934272766113,173.25751304626465,219.14147301060177,302.0717239379883,192.7516794204712,293.98288103554677,309.8436164855957,205.95477104187012,337.0472516853483,325.46363830566406,173.65922927856445,111.43961731283731,290.43710708618164,181.59074306488037,215.88498684400759,292.3683166503906,202.71813869476318,252.49669343021247,300.86544036865234,216.97787761688232,255.55127146259616,320.2070617675781,192.5046730041504,105.68637089575157,296.826114654541,201.94780826568604,238.36067706917396,300.1738166809082,215.42974948883057,252.1783904671504,308.703670501709,225.63730716705322,235.00042659972044
473,18.92,395.93082427978516,207.38266468048096,184.63075293705663,389.01782989501953,177.6129913330078,338.8866107527551,368.24588775634766,161.6292428970337,468.7103748624608,346.2815475463867,156.66545391082764,624.7271632852019,332.5062561035156,159.71014022827148,799.7830398783007,345.6517791748047,144.9971580505371,270.27141391345293,315.18075942993164,153.3390998840332,365.6115022937154,311.16397857666016,168.52063179016113,446.69897368204323,314.66442108154297,176.9870138168335,561.3708271141625,333.1798553466797,152.3250961303711,222.33043653784193,300.9018325805664,160.5348300933838,319.2356501277295,299.8603820800781,177.43271827697754,386.94363553398665,307.3073387145996,186.3318157196045,494.65460204020246,325.3793716430664,166.03683471679688,190.5715084385801,294.0027046203613,174.34463024139404,201.89668896870447,296.6482353210449,190.55548667907715,322.3427987815212,305.66028594970703,197.71039009094238,496.37852221641987,321.4768600463867,184.9176836013794,192.31288936688674,300.296630859375,195.57838439941406,181.3388456664937,304.2168426513672,205.3834104537964,270.73394112654364,312.9944038391113,209.59522247314453,415.14972743219056
474,18.96,394.42718505859375,196.5267848968506,273.98797508300856,386.9284439086914,163.21266174316406,363.7779423082111,363.64356994628906,144.33003902435303,447.5235914545122,339.2571258544922,143.92696380615234,363.6719248275745,323.99600982666016,154.52219009399414,249.17252844224308,348.49369049072266,129.23908710479736,400.3071163638845,315.2467918395996,135.85515975952148,437.10162044757783,313.5231590270996,148.55406761169434,502.63643514135117,319.40879821777344,153.56688022613525,597.3963151757689,336.31214141845703,140.16061305999756,314.03210863386914,302.8084373474121,142.38112449645996,456.3388054921079,306.6574478149414,155.72105884552002,568.7685479786851,317.69933700561523,161.23812675476074,679.009781936531,328.47434997558594,155.24497032165527,280.6724380860748,299.55713272094727,157.74732112884521,437.55166930751955,306.3991165161133,168.32051753997803,606.9769027200645,317.725887298584,170.39525985717773,746.5315949432185,324.2224884033203,172.7338743209839,312.2335700796056,308.39298248291016,174.62751388549805,561.5213068657746,315.59131622314453,180.50591468811035,683.8623968893468,325.15804290771484,181.44490242004395,766.6463634245155
475,19.0,395.0402069091797,181.64362907409668,372.3943835452454,387.7146530151367,146.04264736175537,429.7001269903515,365.79769134521484,125.5014181137085,473.7860833211482,342.0482635498047,125.92057228088379,455.5358008676826,325.8601760864258,135.5184030532837,477.37500833511575,352.2250747680664,106.64146900177002,572.5903708998025,318.8554573059082,113.8118577003479,558.418319967038,323.4236145019531,124.90748405456543,640.8880228508312,334.11144256591797,127.86280632019043,740.2985741367719,339.5146179199219,120.90612888336182,487.9747794781193,307.59498596191406,122.72523880004883,505.7574085896879,315.07293701171875,134.04069900512695,581.4090971671778,328.0839157104492,137.88547039031982,638.9376114655847,330.46600341796875,137.77443408966064,439.5923677596044,302.3308563232422,137.46381282806396,511.8070019608159,311.6666793823242,146.25732421875,567.0822901480908,324.15382385253906,148.07840824127197,580.603260835243,325.0844955444336,155.92811107635498,420.69639776346594,306.95194244384766,151.94377899169922,568.2365402752228,316.2644958496094,157.59020805358887,573.1398069891735,326.89491271972656,160.16069412231445,533.8739549305005
476,19.04,392.78907775878906,167.4919080734253,358.2411807468032,390.92662811279297,133.2835865020752,328.9285808205431,369.37164306640625,109.75883960723877,403.5792277683603,343.78780364990234,107.54402160644531,461.4675059321979,326.3243865966797,115.55540800094604,499.2097898538546,358.41297149658203,88.72698783874512,473.82664370998367,324.38732147216797,90.59868335723877,596.5803509574008,328.45287322998047,101.52371406555176,597.9622386972565,339.31270599365234,105.5990982055664,571.579959551736,344.0846633911133,103.27242851257324,455.4068952428052,312.45723724365234,100.93367099761963,558.1856293018897,319.76573944091797,111.44824504852295,576.8672780744122,332.2371292114258,116.42202615737915,546.5394660528003,333.6180114746094,120.7049560546875,433.9514915111178,305.7619857788086,117.12852001190186,515.568123081173,315.76637268066406,125.10695457458496,538.6009777802061,327.97428131103516,128.20655822753906,505.89420717210925,327.1089172363281,139.57659244537354,411.90900445816493,312.2145080566406,135.16852855682373,439.5335766338999,322.1152877807617,139.93688106536865,464.940668240759,331.86466217041016,142.15918064117432,466.87317416928124
477,19.08,391.14261627197266,153.4925079345703,352.3971832990285,389.9077606201172,119.42758083343506,347.3353783242313,371.7567825317383,96.5485954284668,335.59596385745533,349.1318130493164,91.34294986724854,426.49235189481,333.05152893066406,97.50764608383179,481.5185317036903,361.3175582885742,76.83154821395874,306.12304337793785,329.66766357421875,73.06672096252441,457.74700854044943,332.54276275634766,83.85984420776367,453.2793665960614,342.37842559814453,89.0480375289917,420.81486889502946,347.4592590332031,88.50412845611572,378.723664352697,319.2844772338867,81.1417293548584,523.4095909722146,324.2166519165039,91.94835662841797,500.03516767690377,334.71588134765625,98.65038871765137,448.59176140590324,336.0486602783203,103.33607196807861,438.4533812312867,311.54218673706055,94.66858863830566,579.7948130720619,317.8809356689453,102.77122020721436,560.8901443025348,327.9578399658203,107.43475914001465,519.295139859257,327.46665954589844,119.86242771148682,492.93525862611983,310.9816551208496,109.08591270446777,652.7934091573587,317.7004051208496,114.05025243759155,656.5100582879717,326.5513229370117,118.68492364883423,601.7019170401147
478,19.12,388.87672424316406,139.7988510131836,346.99649364840553,388.4535217285156,104.29913520812988,379.9545020391108,370.40538787841797,81.69243335723877,372.9375106800878,350.3702163696289,75.81562757492065,389.4157325031818,334.2433166503906,80.39515972137451,428.8484198074662,358.6103057861328,65.95869541168213,280.12067061798297,328.9111328125,55.52321791648865,438.9951864198605,326.38004302978516,65.21405696868896,490.9458321654512,333.31878662109375,73.21284055709839,456.0910829628474,344.0877914428711,79.2705488204956,245.74604091418973,317.29265213012695,70.09408950805664,280.6440287853654,321.297607421875,80.0934648513794,305.2245892442565,331.4910888671875,85.98399639129639,326.761362758849,332.91187286376953,95.76037645339966,204.9856669001686,310.1486015319824,84.51933860778809,256.1119822286895,316.4165496826172,92.16959953308105,267.5569883631859,326.2118148803711,97.50857591629028,251.9644282805176,325.61206817626953,113.11738014221191,174.8842042968777,312.5055694580078,102.971670627594,157.53228058403243,319.8498344421387,107.46241807937622,173.24045417154227,328.9889144897461,111.66024684906006,185.88964589112987
479,19.16,385.5620574951172,129.4156265258789,272.48665839400667,384.4293975830078,93.51348638534546,287.7974501134544,367.3815155029297,71.057288646698,276.416925989284,348.6787414550781,64.43742513656616,287.581051743168,333.0406951904297,68.50610017776489,298.74323758816445,357.2723388671875,56.33364915847778,242.9398984992418,330.517578125,42.19599366188049,335.59236142479193,326.06910705566406,51.17864012718201,350.97151513233575,329.66461181640625,60.81456184387207,323.13920041722514,341.4848327636719,68.47919940948486,277.52096316780785,317.73637771606445,57.99215912818909,302.75155998233186,322.92991638183594,67.71747350692749,312.0793111321195,332.66414642333984,74.35672760009766,292.1573244555385,329.58423614501953,84.35251951217651,297.082023736066,307.4709701538086,69.03003931045532,392.9759077536865,314.8036003112793,76.40856742858887,396.083749566721,324.27494049072266,83.36398601531982,356.91464829486154,322.24048614501953,100.85967063903809,317.82366146344214,308.5607147216797,84.27809000015259,477.6320730733693,315.0954818725586,87.16710090637207,521.1188489135119,323.6206817626953,92.31621265411377,501.87746359733467
480,19.2,378.0823516845703,119.82868194580078,303.9896229662063,380.41744232177734,84.48291063308716,247.04134703955734,364.3739700317383,63.325252532958984,207.4091852857659,343.1916046142578,56.1867356300354,247.71776788699515,327.8184127807617,60.00394821166992,249.4479174358097,355.0537872314453,44.38759088516235,303.758003629022,326.6239547729492,38.485575914382935,134.4607346695031,326.1351013183594,49.91846323013306,31.54759355486384,332.71045684814453,57.43785381317139,113.68632581021801,338.34922790527344,54.3721604347229,361.2829279659718,311.91205978393555,45.28574824333191,349.44201678294866,315.04106521606445,57.01875686645508,332.3180991806038,323.62598419189453,64.31215524673462,337.80709203244754,326.1606216430664,68.92981052398682,394.95339028198237,300.401668548584,52.56449103355408,447.9741240048057,304.6019172668457,59.6942138671875,489.54312368435325,312.85444259643555,65.21083116531372,536.169751082689,318.3802795410156,85.5282998085022,395.2468584386551,303.67847442626953,69.98845338821411,377.5165433489134,307.8989791870117,71.47502660751343,431.58924823261015,314.2826843261719,74.44010496139526,504.20322190448917
481,19.24,373.94542694091797,118.02027940750122,112.8728988596557,377.9735565185547,83.48347663879395,66.00874055826876,361.8121337890625,60.81237316131592,89.71332004890779,341.97898864746094,53.8478422164917,65.86377932354411,327.25440979003906,58.10666084289551,49.483575136447044,350.2640151977539,43.03860425949097,124.40277592102944,323.04893493652344,39.7530734539032,94.82654178659496,321.1286163330078,50.764195919036865,126.93540603795081,325.9256362915039,57.80143976211548,169.86388802524135,334.02355194091797,53.50541353225708,110.2914398920444,309.07032012939453,45.90313196182251,72.70078627518485,312.0929718017578,57.3540472984314,74.17746647926955,321.0787582397461,64.75601434707642,64.64021074500928,322.1187210083008,68.50049257278442,101.6159271612458,295.53340911865234,51.92891836166382,122.73931343087487,296.7424201965332,57.834813594818115,201.91127935794304,304.4758415222168,62.511863708496094,220.0644526239134,314.59156036376953,85.28092861175537,94.91965521235667,296.13481521606445,67.68289089202881,197.2029612853343,298.44066619873047,66.33761644363403,269.08719285788794,305.1844596862793,67.27757692337036,289.4817562185928
482,19.28,373.73401641845703,116.06516361236572,49.16281738643747,377.0964050292969,81.68782711029053,49.96093451589042,361.49391174316406,59.92582082748413,23.54835863598533,342.9247283935547,52.7365779876709,36.48057576983743,328.50597381591797,55.803372859954834,65.5340943862102,349.86854553222656,42.947598695755005,10.145142587194417,322.6808166503906,38.08334827423096,42.7455644498413,319.9712562561035,48.637797832489014,60.52401987065902,324.34574127197266,55.51695227622986,69.4395031030053,333.84246826171875,53.77440690994263,8.106661462610736,307.85449981689453,45.437171459198,32.551288590984434,310.1275062561035,56.30311131477356,55.71984191527404,319.16168212890625,62.788896560668945,68.66919433210866,322.1955108642578,68.82404565811157,8.313516140998141,295.0607681274414,51.35162830352783,18.65230075948253,295.83961486816406,56.68367385864258,36.573386440262105,303.37751388549805,60.780372619628906,51.2614925431768,315.1573371887207,85.34186840057373,14.226231790100268,296.8731689453125,67.85802841186523,18.971020339404397,298.62573623657227,66.4295482635498,5.166138452690629,304.6334648132324,67.04677820205688,14.934511204837724
483,19.32,368.8329315185547,117.34507083892822,126.63627961769505,372.9044723510742,83.10557126998901,110.62972611687076,356.87705993652344,60.36468744277954,115.94159227414265,336.4897155761719,53.2005500793457,161.29294013869256,321.11968994140625,57.381041049957275,188.8223808116662,345.6399154663086,43.279545307159424,106.04097317549088,317.9283332824707,40.238821506500244,130.46111254264835,314.6120262145996,50.625343322753906,142.89787374561917,318.25510025024414,57.479084730148315,159.97240352300267,329.7210693359375,53.11485528945923,104.34599131469162,302.8312301635742,45.176968574523926,125.75010822848594,304.81767654418945,56.398794651031494,132.7672937661108,313.1641960144043,63.65070104598999,151.47719849981385,318.0141067504883,67.42224454879761,110.2530802084533,290.6021499633789,51.04974031448364,111.72066810475694,292.0267105102539,58.14308166503906,102.06649422049965,300.01840591430664,63.80500316619873,113.0044144750685,310.4094123840332,83.3845567703247,128.38871340794262,291.35364532470703,66.6869044303894,141.0599880777889,293.45951080322266,66.75755739212036,129.41569460611697,300.15390396118164,68.71808767318726,119.52965316061743
484,19.36,366.7130661010742,116.55580043792725,56.550735815979245,369.44461822509766,81.46204233169556,95.75939230711609,353.77288818359375,60.07720470428467,77.93638670663996,334.34635162353516,54.247387647628784,59.6336625145109,319.448184967041,58.45758318901062,49.70457635171329,340.8633804321289,43.59047055244446,119.66610171875509,313.968448638916,40.97320318222046,100.6851616298731,312.5432586669922,51.83682918548584,59.934845674453875,317.2856330871582,58.55589509010315,36.22315498759008,324.4621276855469,53.801783323287964,132.5903875802114,299.3040657043457,46.46190404891968,93.84810964999983,303.9554214477539,58.226823806762695,50.529536198719974,314.05029296875,65.31784772872925,47.20001240909028,313.2388687133789,68.67330551147461,123.41001743018703,286.4543914794922,52.55980610847473,110.35227439555841,290.5921745300293,60.22456884384155,63.19850845786499,300.50811767578125,65.68593978881836,48.59102404018604,306.9654655456543,85.27489185333252,98.21575914673207,290.0638961791992,69.02148485183716,66.67888816252724,292.2782516479492,67.3375940322876,32.899617169636365,298.2834053039551,67.02716588973999,63.037596442633216
485,19.4,363.8706588745117,116.48793697357178,71.08043107727087,366.2274169921875,82.00693845748901,81.57548483208416,350.31768798828125,61.24845743179321,91.2080086306287,331.0468292236328,55.26118755340576,86.29396820031343,316.2560844421387,59.44281578063965,83.51717271274913,337.51110076904297,44.14472222328186,84.94473885328927,311.35385513305664,41.770323514938354,68.33511188306815,308.51818084716797,52.96046018600464,104.47427339113133,311.54537200927734,59.765052795410156,146.655761049765,321.5365982055664,53.81024479866028,73.13854291172451,296.92920684814453,46.323373317718506,59.47239564686855,300.98913192749023,58.799872398376465,75.52838128137913,310.39621353149414,66.31005764007568,94.6598418085456,310.7948875427246,68.3863091468811,61.51936115871691,283.765869140625,51.78584933280945,69.94266159320296,286.0207748413086,58.66132378578186,120.78242376682904,294.19322967529297,63.54330539703369,166.71212575044095,304.6870422363281,84.64532375335693,59.09509692535675,287.54688262939453,68.49831104278564,64.2702693921238,288.7112236022949,65.87647676467896,96.36698328586294,293.5313034057617,64.88009691238403,130.36577782420815
486,19.44,361.3412094116211,117.06546306610107,64.86356340846257,365.34523010253906,83.4588360786438,42.47249411812388,350.29468536376953,62.752954959869385,37.6168341032454,331.25911712646484,56.305410861968994,26.63959074192448,316.5963935852051,60.045483112335205,17.302785641834415,335.39859771728516,44.222073554992676,52.84796810310868,310.23643493652344,42.87782907485962,39.3318927595407,306.16058349609375,53.60675096511841,61.11442669779195,308.08359146118164,60.65983057022095,89.38872911848681,319.84670639038086,53.9127516746521,42.324948365714995,295.3767776489258,47.10187911987305,43.4173618971666,297.78682708740234,58.816977739334106,80.05876311161855,305.97423553466797,66.39276266098022,110.56878380926966,309.0316581726074,68.66803407669067,44.63985570457233,281.7526435852051,52.49380946159363,53.35192522852365,280.4933738708496,56.80022478103638,145.80777369900318,285.44931411743164,59.7052788734436,238.72906567748302,302.5593376159668,85.38736581802368,56.33467724924095,284.11266326904297,69.11686420440674,87.23699985085509,283.35649490356445,65.61079502105713,134.03289294493544,286.3389778137207,64.27011966705322,180.45362919208202
487,19.48,360.4557418823242,116.85004234313965,22.78237851553717,363.0552291870117,83.4819746017456,57.2529452537564,348.03211212158203,63.055386543273926,57.067408271399934,329.2726516723633,57.140092849731445,53.86754020879599,314.8951721191406,60.81310272216797,46.65963420076214,334.9254608154297,45.48651695251465,33.75162619632479,309.62215423583984,43.37548613548279,19.76428801557906,305.51660537719727,54.26854848861694,23.085219564234286,308.0665397644043,61.56766891479492,22.699961732371392,319.49079513549805,54.992605447769165,28.42486799295888,293.84830474853516,46.901113986968994,38.54004448150741,295.5618476867676,58.68866443634033,55.71690518243887,303.45699310302734,65.85015535354614,64.37649100085406,308.69014739990234,69.40132856369019,20.2229821696983,280.7771110534668,51.88114643096924,28.799085375814915,281.5302276611328,59.36616897583008,69.18785746619552,288.60340118408203,64.90277767181396,151.9914861576805,302.27272033691406,85.73508024215698,11.265400164939383,283.388671875,67.66096115112305,40.64954826939237,284.3134117126465,67.12341070175171,44.747178521296625,289.2687797546387,68.79670858383179,134.8001915672536
488,19.52,359.3246078491211,117.35891819000244,31.008253221830845,361.35852813720703,83.63003253936768,42.57871831459078,346.22615814208984,63.55143070220947,46.820999453088234,327.6303482055664,58.99425029754639,61.92263579631367,313.3053970336914,63.90845775604248,86.99356157227726,333.7626266479492,46.840481758117676,44.619250300960616,308.77573013305664,44.706130027770996,39.42593475315663,305.1141929626465,56.226664781570435,49.975964023434,308.1011390686035,63.57228755950928,50.12293027265247,318.3562660217285,56.23616695404053,42.083262185447445,292.96316146850586,47.79818415641785,31.506085871383792,295.0908088684082,60.2635931968689,41.09651877852183,303.4884834289551,67.67541646957397,45.63831848287003,307.59265899658203,70.471351146698,38.319619025126016,279.3231391906738,51.954824924468994,36.395936399188585,280.241641998291,60.27283430099487,39.38983865111674,287.67107009887695,66.31145238876343,42.23154708429121,301.51123046875,86.60197019577026,28.84619787545837,283.4250068664551,67.60226726531982,1.7257613962252905,284.05662536621094,67.93808698654175,21.35469322998778,288.7816619873047,70.77892541885376,51.02981542868451
489,19.56,360.3473663330078,118.78420829772949,43.856917980140594,361.3203811645508,85.08340358734131,36.34678970186718,345.8506393432617,65.72454929351807,55.13312740633102,326.8925094604492,61.05231285095215,54.65818492874117,312.7275848388672,65.19774913787842,35.32119759935245,332.9378890991211,48.81520986557007,53.50083599118762,307.4429130554199,45.661107301712036,40.99072270178905,303.46033096313477,56.56485199928284,42.202118635005725,305.84354400634766,63.07877540588379,57.77266714728787,317.55828857421875,58.39317083358765,57.49692243457212,290.7271957397461,48.232011795043945,56.94157729761316,292.79504776000977,59.89037275314331,58.14750943962231,300.7255172729492,66.8548035621643,72.05634740882107,307.09123611450195,72.60457992553711,54.78417842738048,278.7876510620117,53.80524158477783,48.15852308189175,281.2297058105469,61.759700775146484,44.630720985141124,289.11571502685547,67.3534083366394,44.52998403637834,301.1031913757324,88.7634801864624,54.99216615398811,283.1171417236328,70.04814863204956,61.62952116417453,285.46098709106445,70.84659576416016,80.74518237841217,291.3553237915039,73.43524932861328,92.46550639276954
490,19.6,363.3797073364258,118.7290906906128,75.8210471753398,361.83494567871094,83.50273847579956,41.55778231930636,344.22569274902344,62.51545429229736,89.92615776633868,323.6779022216797,57.9877495765686,111.03278728108272,308.62871170043945,63.086063861846924,115.27135298376562,332.5297546386719,48.96166920661926,10.840435772685153,303.9563179016113,43.915672302246094,97.47720600197466,298.5470771789551,54.62482452392578,132.06004636361516,301.46745681762695,60.066983699798584,132.80866962506886,318.21020126342773,59.95136260986328,42.226707825177925,287.7447700500488,47.23334312438965,78.62967835172286,288.2237434387207,57.74222016334534,126.27198508302375,296.66906356811523,63.80712032318115,126.84436769285475,308.51306915283203,74.15026903152466,52.50454742957705,280.7008361816406,56.290751695632935,78.41411628787102,283.85610580444336,64.75399017333984,99.57329564218198,293.50364685058594,70.03618955612183,128.57697296102972,303.0059623718262,89.10299777984619,48.32060675706019,284.3457221984863,69.59983348846436,32.695531529162295,287.3672866821289,73.16426753997803,75.02324886041687,295.4013252258301,78.01576852798462,152.78924156820335
491,19.64,368.3782958984375,116.47089958190918,137.12520441120233,367.4168395996094,82.5235104560852,141.67839297762694,349.2162322998047,61.157798767089844,129.2978961860904,326.82422637939453,56.76244139671326,84.4124392530525,309.6476936340332,60.8954644203186,60.39996944439751,340.13423919677734,47.30467200279236,194.57297012938795,310.8231544494629,36.31256818771362,256.1257459131776,305.140380859375,46.669957637786865,258.3016170565289,308.2402801513672,53.88593673706055,229.23306571264607,325.7498550415039,57.3118257522583,199.7084342171004,294.7344970703125,41.32400393486023,228.82385894328232,294.90880966186523,52.35157012939453,214.69341250426402,303.1151008605957,59.917370080947876,188.21788192644377,315.4725646972656,70.95663070678711,191.43194610328155,287.1133041381836,51.37028932571411,202.06851441323917,291.28929138183594,60.716965198516846,211.46781444717195,300.94886779785156,66.96885108947754,201.30803545586326,308.7681198120117,85.67614316940308,167.60405515418043,290.7056999206543,67.47777700424194,167.61645270658704,294.63754653930664,72.80432939529419,181.9791091356513,302.70145416259766,78.80870819091797,183.57667982767478
492,19.68,378.92578125,110.58805704116821,301.9284720763524,376.5510559082031,77.56857633590698,259.78991477187674,360.48606872558594,55.852049589157104,311.4082804404451,339.47242736816406,48.85446310043335,372.92183244845745,322.2942352294922,50.49562454223633,409.3376386122347,353.45252990722656,43.86135935783386,343.90520988617726,321.1973190307617,27.94780969619751,333.1595670445189,314.4809341430664,38.1914484500885,315.3678939859009,318.5344696044922,46.31527304649353,319.4578270410859,340.27523040771484,54.29195165634155,370.8993875403717,308.0867004394531,31.88311457633972,408.8182104330695,306.74699783325195,43.05501937866211,376.30485899243314,314.8663139343262,52.56955862045288,346.4835331253091,329.43294525146484,67.6242184638977,358.8150608031097,299.82173919677734,43.23411226272583,377.2446974766439,302.1220397949219,52.76766300201416,335.9127896423958,311.2780570983887,60.751304626464844,301.4030063988787,321.1918258666992,82.13238716125488,322.9809193073227,300.8198547363281,59.357120990753174,324.2695461772788,303.69911193847656,64.79496002197266,302.34703285477116,311.6567039489746,72.2028636932373,278.2014560798774
493,19.72,390.6616973876953,110.17191410064697,293.5822952533528,390.54821014404297,76.69735193252563,350.60604553306734,376.9288635253906,51.35493278503418,426.1671916472519,357.88780212402344,43.12617301940918,482.14321954885884,341.2161636352539,44.456892013549805,496.55416695071455,370.6968688964844,38.419883251190186,452.0625574765698,339.39674377441406,18.15428853034973,516.6793721846349,331.6279983520508,27.94329285621643,499.4037094771401,335.10318756103516,37.514694929122925,469.02331360192784,357.51197814941406,47.70936727523804,461.2726212917104,325.80078125,22.448465824127197,501.7477304633589,323.02406311035156,34.36849236488342,461.2473615074052,330.9383773803711,45.06381154060364,443.45762384947705,346.0882568359375,61.0463547706604,447.6799182609983,315.31747817993164,32.196468114852905,475.62295661132754,315.9379196166992,43.72143745422363,412.85040564901686,325.1234817504883,54.323930740356445,381.614103896852,336.44248962402344,77.0652437210083,401.7607245636048,314.07323837280273,53.8914155960083,358.4045490762814,315.570011138916,60.24258613586426,317.8466177123761,323.40015411376953,68.7870454788208,305.7536138860028
494,19.76,403.42491149902344,114.33631896972656,335.63550017580377,407.80601501464844,79.71108198165894,437.97431271775434,397.84217834472656,50.49866437911987,523.2709218915804,379.26300048828125,38.26427221298218,548.0289594098252,361.45519256591797,36.99738264083862,539.2486509822155,391.8092346191406,35.65876007080078,532.3038298427848,359.57263946533203,12.010817527770996,527.2623889549254,345.0094223022461,17.777202129364014,420.12788797092446,343.0563735961914,27.256479263305664,324.5036178113264,377.8091812133789,45.15742778778076,511.424999002461,345.0299072265625,15.412473678588867,511.8987151372012,336.0371398925781,24.311628341674805,411.1574221948266,339.5683288574219,36.09207630157471,311.21545560861495,364.5951461791992,59.6038556098938,464.0755306201153,333.7449264526367,27.761167287826538,473.8424997226414,330.00370025634766,37.87028431892395,380.8560899600367,336.9028854370117,49.365692138671875,319.50986021690017,352.91725158691406,77.26880550384521,411.9004879316571,329.20398712158203,51.46147012710571,383.1156749929831,327.9275131225586,55.591750144958496,330.092913709567,334.23648834228516,63.787078857421875,298.3557081396327
495,19.8,413.64593505859375,120.23416042327881,295.0146780421809,420.36346435546875,86.2625527381897,354.0932989878394,412.9345703125,56.69084072113037,407.83218298053265,395.42503356933594,41.03260159492493,409.9351784734033,377.7081298828125,35.27257561683655,408.60504363699863,408.4383773803711,40.16088008880615,430.69527629020115,376.6402053833008,8.828555345535278,434.04247989158284,359.1716766357422,12.255338430404663,380.01679775086416,354.60716247558594,22.010668516159058,317.1545898012742,394.68273162841797,50.23854374885559,440.54968719398886,360.9420394897461,15.03585934638977,397.9147141004794,349.08374786376953,23.756747245788574,326.46005937224453,350.6864929199219,35.75532674789429,278.08156670140244,379.6079635620117,64.67149257659912,396.12626632488934,349.4654846191406,29.81049120426178,396.33924671683263,344.23797607421875,40.252028703689575,360.8040624542568,350.09830474853516,52.14160680770874,337.1060599580455,365.30261993408203,82.37467288970947,334.91345044005635,341.70745849609375,51.66672706604004,312.62890023977974,339.26158905029297,55.729440450668335,283.37280629492125,344.8564147949219,64.88724946975708,266.91901069853935
496,19.84,420.72330474853516,130.1589059829712,304.74347424589644,428.85059356689453,95.05821704864502,305.5681929963162,421.87877655029297,64.47190046310425,296.377837325454,404.21092987060547,47.13573217391968,267.44178885427857,386.2762451171875,39.054622650146484,234.14268944344795,422.49080657958984,47.21174955368042,393.05337313282917,386.5639877319336,11.648569107055664,257.91705754733505,368.16062927246094,11.021168231964111,226.83204908022225,362.35279083251953,18.050122261047363,217.48661637359015,408.18687438964844,59.90261793136597,415.14771581989106,370.4380416870117,22.473363876342773,301.5486396955152,358.8473129272461,29.403703808784485,281.9744238990288,361.10862731933594,39.09022092819214,273.5671816862752,391.9901657104492,75.73969602584839,415.1987909715234,359.3865203857422,36.174094676971436,294.6633670819018,352.03765869140625,44.78955030441284,225.5883297151682,356.51737213134766,55.294893980026245,178.7939562320785,376.3486862182617,94.18270111083984,404.23160968179997,350.8152770996094,60.82219362258911,322.85341834824385,348.3465576171875,64.14562225341797,309.60536372775806,353.8658905029297,72.18093395233154,289.793553526181
497,19.88,424.61875915527344,143.0441665649414,336.5305570266355,433.70208740234375,106.82385921478271,318.16596299828245,427.20211029052734,75.35317182540894,302.84066413919487,409.09149169921875,54.81425642967224,227.45826335437,389.39563751220703,44.12137269973755,148.75013651072885,429.69154357910156,58.458741903305054,333.86510210773383,394.42447662353516,21.32617950439453,311.69238503057073,375.4545211791992,20.847498178482056,305.93873913438284,368.9567565917969,27.63053297996521,290.90014748713986,415.97179412841797,72.11797714233398,362.1290999009061,376.47815704345703,31.387202739715576,269.1880346539174,364.9745559692383,39.05121088027954,285.72003341359874,367.99720764160156,49.597012996673584,314.09116752406635,399.7667694091797,88.57837200164795,375.25588427988146,365.1753616333008,47.68246293067932,322.05708233594555,359.6300506591797,56.84040427207947,356.0789037754984,366.0157012939453,68.5634994506836,407.94772031552276,383.18721771240234,107.28007078170776,369.3800594338134,355.9024429321289,72.4034571647644,316.2326294052299,353.61568450927734,75.39019346237183,310.4473384067924,359.89036560058594,83.70422601699829,325.07745251121685
498,19.92,423.10340881347656,153.85577201843262,272.9321105379789,431.1653137207031,116.9295072555542,260.47953738707224,423.91056060791016,83.01113605499268,208.38473350800166,406.2188720703125,63.04312705993652,217.89655714065844,386.71669006347656,53.35236310958862,240.2966179795062,428.7203598022461,66.3275671005249,198.21328145590618,391.84425354003906,28.75517249107361,196.60793466429104,372.68531799316406,30.90054988861084,260.68699499120413,367.2435760498047,40.03257393836975,312.99521512257627,415.93021392822266,80.18422365188599,201.65884196134965,373.34712982177734,41.520209312438965,265.1428313967712,365.16448974609375,52.257946729660034,330.2025388255124,371.3018798828125,64.01697635650635,369.8447325574186,400.4937744140625,97.12194442749023,214.36121103282844,362.83443450927734,59.62622880935669,304.2752487106107,362.6731872558594,72.40642547607422,396.5174148676082,372.8539276123047,84.64913606643677,436.9704255690267,384.10865783691406,115.9021782875061,216.78011576336434,355.1272201538086,83.45837116241455,277.05154512683623,356.2657928466797,89.52685117721558,359.5728069065262,365.001220703125,99.13923740386963,406.47910185518566
499,19.96,417.9485321044922,162.66141414642334,255.0883268241054,422.97061920166016,125.22581577301025,291.52803604161164,416.2632751464844,90.99794626235962,276.4395415559193,398.4406280517578,70.5888032913208,270.92239410145135,378.7955093383789,63.39919567108154,319.8475697484009,420.5017852783203,72.0277190208435,250.0458696919849,381.2828063964844,38.42585206031799,358.0033249645702,363.37032318115234,45.4466986656189,431.8272025581082,360.3908157348633,56.812169551849365,453.1246744039797,409.74945068359375,85.7191514968872,207.42055788832369,363.2166290283203,54.18184518814087,405.3887558374485,357.6188659667969,67.80388355255127,432.0102645771395,367.11376190185547,78.70177030563354,381.7586815898382,396.59976959228516,102.78528213500977,171.82234200882786,353.67359161376953,70.6460452079773,358.2574109626725,354.20520782470703,84.8248815536499,375.76981567601297,366.64939880371094,95.68869352340698,316.59122557962706,382.1089172363281,121.35603904724121,145.22301740816218,349.2772674560547,94.21208381652832,306.0476703199242,351.4189910888672,103.67383003234863,373.8553346609455,362.60032653808594,113.6530351638794,367.77593230303205
500,20.0,412.3088836669922,171.5082550048828,262.28828089706957,414.53819274902344,133.9483880996704,303.30377086444315,405.8428955078125,102.6055097579956,389.9678208833939,387.56237030029297,84.01479005813599,431.9965367121025,367.3488998413086,79.58371639251709,495.5827251585986,406.5522766113281,81.54682159423828,422.1981953517959,363.9057922363281,53.160685300827026,569.5809488935049,349.62074279785156,62.64555215835571,550.4836068071618,350.18733978271484,72.9975700378418,478.32919521891216,399.1817092895508,91.95693969726562,306.7849000156191,350.41358947753906,69.26798343658447,494.6649048788116,347.1780014038086,84.30564165115356,488.1852063814069,358.5612487792969,92.69933938980103,410.08948793036177,388.74080657958984,106.7162561416626,219.68138330872114,343.63487243652344,84.29467678070068,423.57188478429356,344.62772369384766,99.02347326278687,428.1706791686845,357.82981872558594,106.83076858520508,355.25591958228017,376.43505096435547,123.7759780883789,154.20940194069578,341.558837890625,106.0167646408081,352.6016203873165,343.4596252441406,116.20061874389648,371.03903102803963,355.0860595703125,123.60414505004883,311.73786667405966
501,20.04,407.1388626098633,174.0395736694336,143.91119638656386,406.0613250732422,136.79895401000977,223.58305448129036,394.42604064941406,108.99566888809204,327.08820347661083,375.9405517578125,92.22900867462158,355.791418630496,356.8679428100586,87.5709056854248,329.4366907044209,391.9412612915039,87.54719495773315,394.8783429563123,353.77681732177734,64.0810489654541,372.3661465776211,337.5828552246094,72.38754272460938,387.1507437508952,334.49317932128906,82.77560949325562,462.2747614924278,386.06910705566406,95.66612720489502,340.6780090045483,341.2461853027344,76.95318460464478,299.064809340908,333.9131164550781,90.83602666854858,369.6308134294893,340.29407501220703,100.07204532623291,492.4723534512834,377.9558563232422,108.65530014038086,273.94689683958217,335.13938903808594,91.7255973815918,282.16996113809125,334.1463088989258,105.79665184020996,311.98558074139254,344.3687057495117,113.92712831497192,380.42729591941276,368.66634368896484,124.91703987121582,196.30148165984093,335.40225982666016,113.72350215911865,246.59842942756717,335.82462310791016,122.58516311645508,248.81678056530552,344.78057861328125,128.8845920562744,289.4888365089517
502,20.08,405.2647399902344,175.18236637115479,54.87662726808161,400.95104217529297,137.57982730865479,129.23997641405555,386.9174575805664,111.97847843170166,201.98386766527037,368.3796691894531,98.90270948410034,252.12252441392224,350.46485900878906,96.66495323181152,278.05258376566854,381.9344711303711,90.6217360496521,261.7114969948333,344.47620391845703,75.89007139205933,375.7945086331147,329.41650390625,85.69299459457397,390.2918325743686,326.2194061279297,95.46124219894409,378.6329026897172,375.5954360961914,97.83981084823608,267.42134819025455,333.25469970703125,82.9860520362854,250.32395444962998,322.7421569824219,96.92238807678223,318.03511080870084,325.1887893676758,107.31778621673584,418.8305261791367,367.92457580566406,110.51244020462036,255.04357230744165,326.3801956176758,96.41324758529663,248.3665811462597,321.0489273071289,111.24682188034058,354.6527862109265,327.1052932739258,120.80803871154785,464.6048981311452,359.6575164794922,127.35271453857422,233.3070385449,328.02040100097656,119.39281940460205,232.69212190179837,326.45496368408203,127.96191215515137,270.0693752812098,332.95379638671875,134.11316871643066,323.27502970155433
503,20.12,403.1060028076172,175.7233428955078,55.63722800155415,397.7821350097656,140.57271480560303,108.97060438806324,382.98667907714844,116.93378448486328,158.1258947078107,364.44679260253906,105.50705909729004,192.16684167204764,347.17838287353516,104.74147081375122,217.9894803066402,375.04764556884766,94.22072410583496,194.2631613034872,338.7841796875,84.52504634857178,258.5560049890052,325.60741424560547,96.75341606140137,292.44880648872254,322.8774642944336,107.49637126922607,312.2628169475371,367.7891540527344,100.41084051132202,205.46932993525377,327.6736831665039,89.87591743469238,221.66696702740464,318.0182456970215,104.62923288345337,225.98505855814773,319.57204818725586,116.99296474456787,279.68381816933805,360.2185821533203,113.09836864471436,203.20765866972312,320.52425384521484,100.88574171066284,184.2132896669785,314.7130584716797,116.25222444534302,201.8620951568014,318.7727165222168,127.54377365112305,267.8641919183758,352.71175384521484,130.88566303253174,194.8161691709008,322.89867401123047,124.11038875579834,174.08250188639033,321.04236602783203,133.57661247253418,194.9696659779119,325.9790802001953,141.25810146331787,249.62062444849838
504,20.16,399.89898681640625,172.19391345977783,119.22097054859917,391.6025161743164,138.22680473327637,165.24788769240448,375.3984069824219,117.03909873962402,189.72507160998396,356.2683868408203,108.57290983200073,218.35430143868325,339.5641326904297,110.93226671218872,245.33492376116195,367.9067611694336,95.82798957824707,182.98827200227078,332.81604766845703,89.76867914199829,198.61124821655974,323.7247848510742,103.61918449401855,177.98010704759216,324.3629455566406,112.55433082580566,131.78962747586348,360.2000045776367,102.82314777374268,199.08292255317642,320.6671905517578,94.63582992553711,211.76004356492632,315.6042671203613,110.13394832611084,150.26889372306448,321.3643264770508,120.20155906677246,91.88082972168942,353.0252456665039,116.06390476226807,194.5162176353808,313.70655059814453,105.13885974884033,200.88879170417871,310.9269332885742,120.6009578704834,144.14885168003985,317.38101959228516,130.0163984298706,70.93436068497397,346.9671630859375,133.6781644821167,159.68403829419827,316.9949722290039,127.40499973297119,169.01951851852226,316.7260551452637,136.8322992324829,135.1620229434925,323.0856704711914,142.97844886779785,84.15541817076999
505,20.2,396.0015106201172,167.09794521331787,160.38861608131683,386.21654510498047,134.7869110107422,159.76849106999666,369.1815948486328,114.65208292007446,166.48310280176855,349.19063568115234,107.95590877532959,177.61484274638087,332.8776168823242,112.12769508361816,169.8133950901378,360.5005645751953,94.84255313873291,186.7866981493012,325.0703430175781,90.47216892242432,194.43964103580282,321.6944122314453,104.1555118560791,52.50035722398451,326.7931365966797,111.33077144622803,68.02079666560878,353.09173583984375,104.05890941619873,180.37216956485162,314.2268371582031,97.85324335098267,179.98246613230947,314.0553665161133,112.26907968521118,65.94447950005765,323.5887145996094,119.03858184814453,62.7515862888506,346.80908203125,118.69842052459717,168.78492905583562,308.44127655029297,108.86719465255737,161.29087069882073,309.4589424133301,123.6055040359497,83.5998462551605,318.84803771972656,130.11869430541992,36.764509316017765,342.03380584716797,136.7855930328369,145.7612042073243,312.1715545654297,129.86536502838135,135.36699040049075,314.2448425292969,138.68881702423096,77.47206898581997,322.93548583984375,143.2413911819458,7.570257759090432
506,20.24,393.2218933105469,164.65108394622803,92.57902856494896,386.3344955444336,133.56250762939453,30.75178802141795,368.57669830322266,113.4122085571289,34.489022406944855,347.6539993286133,107.32328653335571,41.54411947695342,331.5635299682617,111.7148494720459,34.43531904804265,358.33946228027344,94.35369729995728,55.39259404594188,322.90279388427734,90.3822112083435,54.23537611418637,321.31492614746094,102.89257049560547,32.96807705884575,327.56221771240234,108.86073589324951,64.6749632563632,350.41126251220703,104.25629138946533,67.19327023381175,311.90900802612305,98.33690643310547,59.19386508819778,313.35187911987305,111.53864622116089,25.352854401346203,323.67008209228516,117.12337017059326,47.923483535560955,343.91395568847656,119.22115802764893,73.54850031491756,305.5000877380371,109.4041657447815,74.74510679311807,308.8670349121094,122.80144214630127,24.960844491752887,319.38724517822266,127.89989948272705,57.0843408284318,339.3620300292969,137.48677253723145,69.05631179671283,309.39510345458984,129.79032039642334,69.43662788682532,313.4225273132324,137.94978618621826,27.64019824124905,323.42350006103516,141.84840202331543,36.90000572617506
507,20.28,390.53287506103516,163.03032875061035,78.49230276884145,384.23736572265625,131.92874908447266,66.46014065068022,366.8711853027344,111.9023323059082,56.94570269582916,346.2342834472656,105.77249050140381,52.56282857488577,330.52772521972656,109.87838745117188,52.7107924859836,356.04259490966797,93.61956596374512,60.28343748991472,321.5298080444336,90.73172807693481,35.41938168080897,318.09349060058594,102.56328821182251,80.9555194423269,322.4330520629883,108.33634614944458,128.89754861550168,347.82779693603516,103.89256954193115,65.22359602570393,309.87205505371094,99.05282020568848,53.97748339349799,310.0982666015625,111.59077405929565,81.35075188195752,319.1294479370117,117.0339846611023,113.53784694250272,341.2873077392578,119.08397197723389,65.75570061581895,303.592472076416,110.76110601425171,58.52501819399537,305.939998626709,123.24276924133301,74.00300256095893,315.3000068664551,128.00482749938965,102.21462378820065,336.93241119384766,137.42613315582275,60.759386209803246,307.47907638549805,131.13754749298096,58.55649291064766,311.09663009643555,138.29689979553223,58.79139882284237,320.3396987915039,141.39139652252197,77.93701101577972
508,20.32,390.14965057373047,161.9993019104004,27.498606247672775,385.0780487060547,130.93101024627686,32.617390566805035,367.42584228515625,110.6378960609436,34.51850396643731,346.2827682495117,104.1614556312561,40.29410726831434,330.7114028930664,107.84386396408081,51.06994778737738,357.0627212524414,92.73632526397705,33.73399517685287,322.38800048828125,89.29946422576904,41.742319727955795,320.2406311035156,100.95140218734741,67.1211074067767,325.76148986816406,106.67506456375122,92.99984788256113,348.89427185058594,104.13997650146484,27.369907597028458,310.3069877624512,99.16428565979004,11.22472183926469,311.1391067504883,111.50358438491821,26.112141033122487,320.7374954223633,116.86671495437622,40.41809518901861,342.1403121948242,120.07109642028809,32.61548009852074,303.83209228515625,111.21294736862183,12.786185268575402,306.7856025695801,123.2026720046997,21.1638520918447,316.6214370727539,127.89781093597412,33.14391285519327,337.8877639770508,138.9823293685913,45.65116094504847,307.50646591186523,132.0889377593994,23.794611065197113,311.561336517334,139.07124996185303,22.577231862338763,321.27208709716797,142.36224174499512,33.651600988456245
509,20.36,396.9260025024414,160.39043426513672,174.118136192286,390.6370162963867,129.43506717681885,143.91830655232275,372.8696060180664,108.60106945037842,145.308349341268,351.9828414916992,101.87825202941895,153.5086594742787,336.05472564697266,104.59431409835815,156.34631507935836,362.8519821166992,92.61988162994385,144.76079509473115,326.3089370727539,87.34959840774536,109.47522667181735,318.05870056152344,96.70987844467163,119.24592380287231,318.6493110656738,103.19382190704346,197.9617036093616,354.7691345214844,105.0074028968811,148.46388439907864,314.2523193359375,97.1925687789917,110.26476285166207,309.39380645751953,108.27165126800537,91.82682337161471,314.0662956237793,115.541832447052,170.0371658102294,348.13961029052734,121.9090461730957,156.8630711300319,307.7703285217285,110.19249200820923,101.7074044675635,305.7510566711426,120.10392665863037,81.67201148404598,312.1895408630371,126.14034175872803,119.19102819285563,343.8185119628906,142.1513557434082,168.10803787265138,311.8238639831543,131.3008975982666,109.71819983920383,312.0650100708008,135.08319854736328,100.4932868811256,319.3597412109375,138.17909717559814,114.98849202490324
510,20.4,406.13216400146484,162.1751832962036,234.43914275616882,398.11988830566406,131.4565944671631,193.77813681636158,377.12188720703125,109.72848415374756,109.97999597482828,354.25106048583984,104.92434024810791,94.94561219922178,337.18936920166016,109.37710046768188,122.88831680326338,367.09747314453125,93.44756126403809,108.13546956276838,327.0409393310547,90.2173376083374,73.99221001552175,324.0430450439453,101.28619194030762,188.33982600381086,330.27835845947266,106.12014770507812,299.789640793614,359.7909927368164,107.71275043487549,142.60514812812266,316.3481140136719,100.24021625518799,92.46793522076094,317.1084785461426,111.67754173278809,210.82613585173283,327.2972106933594,117.18395948410034,333.31075476220985,353.8631057739258,126.22003555297852,179.13512703742794,311.3359832763672,114.96118783950806,148.8588966116994,314.3806457519531,124.25986289978027,239.4546065334563,324.8828887939453,128.55608940124512,323.02952493485253,349.72057342529297,147.37359523773193,197.01858231212842,316.74560546875,136.5588140487671,180.05073009341953,319.6459197998047,139.8852825164795,224.34655497375732,328.38584899902344,142.4146556854248,249.2621332206201
511,20.44,416.9898986816406,167.0648431777954,297.69864811451964,402.96112060546875,136.12060546875,168.05975277337365,376.1783981323242,119.69017267227173,250.15671309974348,349.8539733886719,121.82061195373535,436.4762110431016,332.5257110595703,131.78207874298096,572.1302074172584,365.1070022583008,101.54499292373657,208.46218756710186,323.2223892211914,103.70756149291992,350.50629933506326,321.5713119506836,117.37429618835449,406.92180051911464,329.00463104248047,122.88345336914062,420.29067197564854,358.5692596435547,116.95813179016113,233.14387746067112,315.1116943359375,116.0214614868164,395.7401567634717,315.94167709350586,129.2003631591797,439.04064189084744,325.5774688720703,133.93255233764648,420.9163177712314,354.62730407714844,136.9956922531128,270.06801963324574,311.2889099121094,131.53090953826904,414.2447141153503,314.2494201660156,142.1125316619873,446.3287760213087,324.73690032958984,145.62994480133057,426.86198798232186,353.2171630859375,159.4668674468994,314.71551834548603,319.9445915222168,151.69672966003418,386.80583050811725,323.02623748779297,155.24682998657227,393.22678598650305,332.9750061035156,156.5773344039917,372.1910055796777
512,20.48,416.71287536621094,172.9672908782959,147.72362449527824,398.0012893676758,141.96690559387207,191.6689057013247,368.1747817993164,127.74330139160156,283.84718223025,343.13915252685547,133.11635971069336,328.52200896125925,327.8225326538086,146.56814575195312,387.9011348834895,354.9998474121094,113.81661415100098,397.45067825323997,314.832763671875,123.20159912109375,530.5676911964201,321.8852233886719,134.35545444488525,424.60148678219645,333.69884490966797,135.47099590301514,335.8588532339473,350.22762298583984,130.51344394683838,397.9081158024221,307.2882080078125,137.10890293121338,562.2983666375608,315.8361053466797,147.00355052947998,445.0875096088884,329.4629669189453,147.60930061340332,355.44913355384534,348.38329315185547,150.3749656677246,369.11433656974475,305.6350517272949,153.02199840545654,555.5588476206548,315.6972312927246,160.768404006958,467.7991890293747,329.17236328125,160.62664031982422,390.97171258765434,349.4304656982422,171.3517713546753,311.8393196053106,318.48167419433594,169.8548412322998,455.4236646924631,326.6539001464844,173.22668552398682,458.5542099302169,338.433837890625,173.38674545288086,441.83929791446286
513,20.52,408.42540740966797,179.04961109161377,256.99798674802594,388.1678009033203,148.49075317382812,295.0191547013415,361.62078857421875,134.02776718139648,227.00404382098665,338.7028503417969,135.18483638763428,122.37078092881333,324.03839111328125,144.5149326324463,107.63192867610094,346.40403747558594,123.22588920593262,318.61262287081655,307.95188903808594,130.90016841888428,258.13562927122814,303.2606506347656,144.697265625,532.5808440689389,306.37868881225586,152.0639419555664,799.1076225585327,342.7974319458008,139.2513656616211,286.7479454864804,300.28554916381836,145.9731960296631,282.41472498414504,298.65304946899414,159.30570602416992,528.3230777133401,305.6655693054199,165.07112503051758,737.9157494043408,342.38292694091797,159.2309331893921,267.43288341445333,299.3403434753418,162.3173475265503,280.65422148551534,298.79119873046875,173.51600646972656,529.336439295014,306.1415481567383,178.245849609375,724.937489239775,345.0005340576172,180.42659282684326,252.4587578847426,311.6481590270996,182.12717056274414,351.16502240376,310.5649948120117,185.80315589904785,510.52698383411285,316.1165237426758,186.4336395263672,646.2797167940457
514,20.56,400.7632827758789,181.57221794128418,201.66757799303232,382.4143600463867,151.21447563171387,159.13976899612473,357.4637222290039,137.50079154968262,135.42317670276014,333.71646881103516,137.4827527999878,137.2598370984873,318.3102798461914,145.46732425689697,145.1686702048806,341.89292907714844,125.2864408493042,123.98581586580445,302.4418258666992,130.751953125,137.80140584826563,294.52856063842773,143.83609771728516,219.36129710682533,295.7367515563965,152.27200984954834,266.09927753349155,338.7471389770508,140.37363052368164,105.0724498659183,294.47004318237305,143.35586071014404,159.4336735037255,287.65926361083984,156.65944576263428,282.69464629120597,291.56993865966797,165.71614265441895,352.75952417741763,338.7738800048828,160.1524829864502,93.12113688283459,294.67323303222656,159.43588256835938,137.12394072862847,287.7021789550781,170.54938316345215,286.97475217814775,289.9021339416504,177.52346992492676,406.3868280789424,342.0018005371094,182.48085021972656,90.87208098211764,306.1458206176758,181.83274269104004,137.75525340131531,297.8019905090332,184.1057252883911,321.8846353080582,296.1403274536133,184.1771364212036,502.5809788250343
515,20.6,396.19869232177734,176.88158512115479,163.62594970494087,379.0505599975586,146.7042589187622,140.66184087707603,354.22523498535156,131.19815826416016,177.14927666920244,329.67098236083984,130.2277135848999,207.66793600478053,313.1328010559082,138.16988468170166,223.68911319264507,341.55975341796875,119.90148067474365,134.88143427996536,297.51867294311523,122.29215145111084,244.70093873763972,285.1228332519531,136.4036464691162,299.69676260460193,284.3838882446289,147.0810842514038,312.0829356328523,337.9586410522461,133.72451305389404,167.39267476590769,289.8655319213867,132.61393547058105,292.17982669593897,280.1287078857422,147.0677661895752,304.86635039087207,282.6445770263672,158.11572074890137,293.0747488131964,336.6349792480469,152.86396980285645,189.89688135112507,288.41270446777344,145.8001470565796,375.10623566326666,280.0668716430664,157.71657943725586,373.3118411796773,282.2602081298828,166.39211654663086,337.5519016990749,337.67696380615234,175.64507961273193,202.2250796465519,300.5191230773926,170.87748527526855,307.89343758803665,289.6344566345215,174.2077875137329,320.81710305708276,285.9993362426758,176.59602642059326,316.5368576304206
516,20.64,390.38082122802734,174.2536497116089,159.5965001578923,375.6972885131836,142.67430782318115,131.06519246327727,351.6097640991211,124.90137577056885,170.45922849819024,328.1549072265625,120.74571132659912,240.06099568546531,311.6078186035156,125.52101612091064,318.5116239522043,340.6996154785156,112.11004257202148,195.9692976326864,298.1380081176758,107.90959596633911,359.8971019011765,283.27680587768555,120.00593662261963,412.5323512135414,281.34605407714844,130.59163570404053,419.17355431942866,337.45960235595703,124.97623443603516,219.06251732679087,289.9275016784668,117.32559442520142,382.21166597403226,277.2502326965332,129.9702787399292,433.4524891104661,278.8119697570801,141.26101970672607,432.1239880677314,335.0248336791992,143.3803367614746,240.48371100823678,288.58694076538086,132.70681858062744,327.3621932074848,277.21202850341797,142.8142547607422,379.33281076469154,278.3706855773926,151.61192893981934,382.08501293795456,333.9531707763672,165.09517192840576,279.6953551148116,295.80066680908203,155.42663097381592,403.8817340824203,284.2218589782715,157.16224193572998,447.10655709812215,281.8132019042969,159.6152400970459,437.22907673275813
517,20.68,383.1734085083008,171.00668907165527,197.6258325565705,370.48667907714844,137.2371482849121,188.27034176200033,349.39197540283203,118.90916347503662,159.73649179217614,327.66719818115234,114.12271499633789,166.02322974441824,311.0017776489258,117.5268030166626,200.4288040595266,336.85211181640625,105.3213357925415,195.07983008197968,295.0373649597168,99.65982913970947,220.33020770929923,283.6698341369629,111.81691646575928,204.9611584271147,284.6074104309082,121.37592315673828,244.39440846293064,332.3372268676758,118.3984637260437,208.42534358278937,286.6378402709961,109.44326877593994,213.53121817548052,276.8218421936035,122.26432800292969,192.94622823481106,280.60251235961914,132.13708877563477,232.44913213275296,329.1010284423828,136.63684844970703,224.3965561994538,284.9954032897949,123.20829391479492,253.8714146299842,275.8839797973633,134.21427726745605,217.5478772745806,278.68398666381836,142.2260856628418,234.77677109163187,327.506103515625,157.8191614151001,243.0342121675829,291.42635345458984,144.69265937805176,289.776598802811,282.5826072692871,147.0659637451172,255.71221552222005,283.24840545654297,149.8315715789795,247.20939872376354
518,20.72,374.92076873779297,168.53795528411865,215.3495845356628,363.2261657714844,133.68374347686768,202.08559323891416,343.6891174316406,114.57909107208252,179.0113754318529,323.78700256347656,108.52779150009155,170.21876908900146,308.0835151672363,111.33070707321167,171.22328414325935,331.80538177490234,101.35781764984131,160.42708659101888,293.3429527282715,94.89640474319458,126.39532425930744,284.2620277404785,105.85949420928955,149.66958025498548,285.5276870727539,114.36062335968018,176.88509748585787,326.4500045776367,114.12401676177979,181.883003505409,282.8144073486328,106.73155546188354,117.18582574655238,275.9781837463379,119.85504627227783,63.81809125012792,281.10103607177734,128.96202564239502,80.34905021079196,322.4969482421875,132.1635103225708,199.41262073008073,279.9791717529297,122.10019111633301,128.42914058781713,273.633975982666,134.01068687438965,56.47989805176916,277.7113151550293,141.54300212860107,29.714190410063207,320.8395767211914,152.7609157562256,209.20747573644428,286.5037727355957,142.5154209136963,134.56450187940035,281.3635444641113,146.01684093475342,40.20861843396123,284.67041015625,148.4300422668457,49.914813549931594
519,20.76,371.3444519042969,166.0314702987671,109.18020961734649,362.11273193359375,131.943941116333,51.63965993474547,343.56101989746094,113.38786125183105,29.952435866295307,323.4883499145508,107.03767776489258,37.9936865523325,308.1545829772949,108.68269443511963,66.2241532841384,329.8482131958008,98.54795694351196,85.60748374118671,293.9684295654297,92.9386568069458,51.38091970583404,286.11656188964844,105.04878044128418,50.59986242614001,288.2045364379883,113.26083898544312,72.34918880839162,322.9617691040039,110.7801103591919,120.80329245507606,281.19140625,103.40221166610718,92.59678273513984,275.67420959472656,117.16082096099854,67.78297312372155,281.7154121398926,125.94974040985107,76.85749912693566,318.0599594116211,128.5541296005249,142.99147500648337,277.37810134887695,119.47674751281738,92.35807892269801,272.62027740478516,131.57495498657227,65.95630483570216,277.56628036499023,138.57612133026123,74.2605916767069,316.0314750671387,149.54076290130615,144.67037085377575,284.19782638549805,140.35556316375732,78.98723816818493,281.2849426269531,143.98302555084229,50.88334246488625,286.15121841430664,146.05103015899658,70.05574435057709
520,20.8,368.95545959472656,164.41469192504883,72.11647074745288,361.27166748046875,130.91086864471436,33.30379244476827,342.70870208740234,111.65270805358887,48.32961223924449,322.18616485595703,105.85836410522461,43.92085662518624,306.6838836669922,108.9413595199585,37.33182361805773,329.90184783935547,96.35982513427734,54.719726159617274,294.53739166259766,90.80542087554932,55.19518438581621,288.2598876953125,102.29865074157715,87.16743541324718,291.03633880615234,109.68079805374146,114.11561496186357,321.8254089355469,108.57664346694946,61.980746898049986,281.07629776000977,101.57768726348877,45.703796752963335,278.29538345336914,114.81789350509644,87.8914865788032,285.55870056152344,122.3369550704956,131.86897806180485,316.09731674194336,125.76952457427979,85.16891818993196,275.80318450927734,115.62204122543335,104.10068327601294,273.99593353271484,127.9178524017334,97.68197472648686,280.7966995239258,134.73777294158936,125.42060809342155,313.4653663635254,145.69682121276855,115.5443680573536,282.68383026123047,135.42717933654785,128.8922791825531,281.74144744873047,139.9597692489624,101.2268119216759,287.94267654418945,143.0000638961792,88.45096582278332
521,20.84,371.17382049560547,162.78249263763428,68.85310269145847,363.91815185546875,128.57763290405273,88.20384263390939,345.8003616333008,108.17424774169922,116.3455115408851,324.9048614501953,100.9618878364563,140.0151577109914,308.4130859375,103.10888528823853,152.08528889246412,334.2085266113281,94.4322681427002,117.95909778589,298.27075958251953,87.06789493560791,132.0680132006722,289.7008514404297,97.51280307769775,124.95177663953505,290.2911949157715,105.11727333068848,115.59897630193272,326.26209259033203,106.97678089141846,117.9081266103573,285.06263732910156,97.4504041671753,143.45157919403923,279.2498779296875,109.43681001663208,136.62704530753138,284.2054557800293,117.4998950958252,125.56975311853475,319.70434188842773,124.43492889404297,96.15019512810868,279.18174743652344,111.91903352737427,125.31698175338836,275.95380783081055,122.45358467102051,145.11093514974576,282.066650390625,128.77870559692383,152.32214797528863,316.0972213745117,144.95096683502197,68.38749680889038,284.19139862060547,131.46889686584473,105.89134311897345,283.40553283691406,135.5353832244873,118.1745844945538,290.9225654602051,139.2329978942871,120.07946383125852
522,20.88,378.5707473754883,161.40472412109375,188.10365053525538,371.3172149658203,127.64788627624512,186.43122676821903,352.5899124145508,106.16174697875977,177.0384123785082,331.94576263427734,97.84624099731445,192.4862733908939,315.21080017089844,98.92780780792236,199.51555029520046,342.23133087158203,91.9439148902893,209.99596738260843,305.10875701904297,83.62631320953369,191.38099062986424,296.89510345458984,93.50114107131958,205.9288319065983,298.0959129333496,100.82152605056763,222.72049191275357,333.95729064941406,105.32776594161987,196.7474959706589,291.9555473327637,93.8640832901001,194.2516179982978,286.30523681640625,104.66935873031616,212.87713708233875,291.49797439575195,112.74542570114136,217.63761018268247,326.7123794555664,123.8054895401001,175.90619738002223,285.7864570617676,108.28418970108032,188.47128242012727,282.9009246826172,117.7348780632019,209.953305230185,289.15685653686523,124.06588554382324,212.84045675266046,322.276611328125,145.52239894866943,155.1438744748813,289.5034408569336,129.49217319488525,141.69780606952202,288.9450454711914,133.18413734436035,150.44633057616485,296.46947860717773,137.66910552978516,144.07898178561126
523,20.92,389.54124450683594,161.5953540802002,274.3038314194409,380.0020217895508,128.74001026153564,218.83013441474728,357.66300201416016,107.53458023071289,131.38899597981228,335.5635452270508,101.77549123764038,133.52752136656102,318.1576347351074,104.94828701019287,167.5746172862042,347.07874298095703,92.42428779602051,121.77890387572272,307.984561920166,84.82393741607666,77.88034720574976,304.78796005249023,96.50225400924683,211.10403854085496,311.8066596984863,102.95335292816162,346.8872859929965,339.6893310546875,107.92193412780762,157.2935070694192,295.79307556152344,96.50811910629272,116.50522601968729,294.7455596923828,108.66562128067017,233.46461806622747,304.3848419189453,115.49642086029053,329.43069161623157,333.61595153808594,128.10617923736572,203.3396778956178,290.9861755371094,112.82793760299683,172.63168382965915,292.28832244873047,122.34894275665283,261.501469659564,302.4454689025879,127.79401302337646,345.0418028209018,329.9494934082031,150.80483436584473,232.8857597506392,295.8671188354492,134.59210395812988,203.87755394496847,297.25414276123047,136.74071788787842,225.9568030313894,306.39183044433594,139.77152824401855,253.56612457315904
524,20.96,399.5314025878906,166.00112915039062,272.96303831010454,384.4874572753906,134.29781913757324,178.55036229344654,358.8209915161133,116.44761085510254,224.69848491637268,333.95469665527344,115.85840463638306,354.3628468140001,316.2449836730957,124.97740745544434,503.00590198786733,345.69801330566406,100.25580883026123,198.80759565782049,302.18910217285156,103.19498062133789,481.5875972579631,303.5751724243164,114.9815583229065,462.9764719642163,313.3428764343262,118.89051675796509,400.2758055371558,340.0590515136719,116.20602607727051,207.30845473133067,293.91212463378906,115.51899433135986,477.5924996895996,297.7504348754883,127.37388610839844,473.7011503379912,309.61469650268555,130.81448078155518,404.65597944312765,336.84680938720703,136.47203922271729,224.20143807485636,291.4501953125,132.06544876098633,481.0776638871084,296.8089294433594,141.8000078201294,499.23680484783864,309.09130096435547,144.39137935638428,446.9617244415896,335.7562255859375,158.84792804718018,248.00389935275467,301.28990173339844,150.37945747375488,417.3181530511281,305.57416915893555,153.63676071166992,470.83642486132175,316.42234802246094,155.18199920654297,459.6832456783983
525,21.0,401.93931579589844,171.63106441497803,153.08130417514923,380.58521270751953,141.90959930419922,213.84385362414565,348.35304260253906,130.60697078704834,440.21686994848903,321.9293975830078,141.13855361938477,699.8632680657142,306.93111419677734,158.1098985671997,860.4178243346527,333.9263916015625,115.73878526687622,486.2443038748951,295.1029968261719,127.1458625793457,624.4285565372284,298.8193130493164,138.6323118209839,603.1046444345269,307.40087509155273,140.24002075195312,554.0243117109305,329.27555084228516,132.59531021118164,490.4669466130395,288.9712142944336,143.0325222015381,698.841367391692,295.53401947021484,153.2705783843994,649.7841795966864,306.8427848815918,153.91350746154785,581.6187150950827,328.3629608154297,152.22877979278564,447.3886453502192,289.3199157714844,159.07423496246338,677.3166832250474,297.2407531738281,165.59991359710693,595.0955735883969,308.46824645996094,164.81526374816895,510.8346421326277,330.6306457519531,172.46068954467773,363.64375099668223,303.87929916381836,173.88007164001465,591.0709798979701,310.068359375,175.03314971923828,546.5821120045468,319.89501953125,173.36039543151855,462.6780310865226
526,21.04,395.6712341308594,176.55459880828857,199.26433242321417,373.4556198120117,148.96862983703613,250.82489773644792,344.5650863647461,137.28399753570557,191.91680922622234,320.6635284423828,140.34756660461426,37.316929290891515,306.022891998291,151.46514415740967,167.66340672655645,325.9886169433594,126.90496444702148,342.5016642363958,288.4151268005371,137.46665954589844,307.4557442793476,284.4161033630371,151.28179550170898,479.23238534130047,287.64570236206055,157.96199798583984,663.4829154971094,323.44696044921875,142.68598079681396,291.32681265836504,281.6290283203125,153.63750457763672,322.46448067572413,281.8988609313965,166.81427478790283,480.46153634356017,289.36901092529297,170.97092628479004,610.4753850419175,324.90543365478516,162.55996227264404,272.3598555894478,281.79874420166016,170.19551753997803,335.6439221403977,282.82386779785156,181.393461227417,534.6042524001513,290.3510284423828,184.84982013702393,675.285605500863,329.7121810913086,183.96446228027344,288.5094934368364,295.68416595458984,188.89235973358154,427.58698100594864,295.06351470947266,193.09940814971924,587.1195880703993,300.38623809814453,193.48930835723877,700.7878105103869
527,21.08,387.48069763183594,180.50899028778076,227.37922634185867,367.07767486572266,151.77658081054688,174.21748334971673,339.3528747558594,139.616117477417,142.75401324993803,314.8567581176758,141.26739978790283,146.9793239901811,300.1776695251465,151.0843849182129,146.44026802502867,321.2405776977539,127.96495914459229,121.62304838282083,282.7145195007324,136.27142429351807,145.6140251124511,273.5346984863281,149.39148902893066,276.10938802842895,273.1985092163086,158.10400485992432,361.1972762069828,318.409366607666,143.25825691223145,126.74988083013963,274.53311920166016,150.47078132629395,194.26152213377273,268.11071395874023,163.9632511138916,351.99550150653755,271.7641258239746,172.54430294036865,441.8763214484773,319.12267684936523,163.22575092315674,145.52394733724657,275.3514099121094,167.22643375396729,177.45347624372064,270.34759521484375,178.83298873901367,318.4075581402932,273.9688301086426,185.52560806274414,409.90327484553484,323.57776641845703,185.6568145751953,159.0894003159542,288.2366371154785,187.5883913040161,189.02053373029716,283.00724029541016,192.48976707458496,301.7919554383335,284.8681640625,195.15631198883057,390.1838692234448
528,21.12,381.536865234375,177.73664474487305,163.96463677113906,361.8601989746094,148.13501358032227,159.06576188520674,334.00524139404297,134.43943977355957,186.0698367247268,309.29460525512695,136.15588188171387,188.8537128501359,293.84727478027344,146.0141086578369,202.76464031983065,319.90875244140625,122.43790626525879,142.13125985421493,277.2521781921387,128.69739532470703,233.45648335390905,268.0406188964844,143.08234691619873,209.15034176726982,269.8171806335449,152.0428991317749,173.5122215299621,316.75987243652344,138.26617240905762,131.43852818775596,269.70375061035156,141.81232452392578,247.85539532809432,262.71827697753906,155.9034776687622,242.43339882202565,267.53387451171875,164.39526557922363,229.5400783063001,316.86479568481445,158.43555450439453,132.39148642273855,269.58818435668945,158.01708698272705,271.6003920693946,264.8341751098633,169.47176456451416,271.6043990108096,270.272274017334,175.6415605545044,263.8168423373153,319.9610710144043,180.87405681610107,149.906757327414,282.5465393066406,179.62750911712646,244.63347362390775,276.7403793334961,184.48634147644043,254.12640508834082,279.2635726928711,187.0937204360962,245.48017609211152
529,21.16,375.6900405883789,172.74078369140625,192.26281834147903,358.35315704345703,141.6525936126709,184.25714325343318,331.33018493652344,126.66566848754883,205.52896246350852,306.2300109863281,125.9414005279541,266.6075854118987,289.4688034057617,134.25686359405518,313.6517008036528,317.2003364562988,114.49995517730713,209.6821770905588,273.3860778808594,116.20315074920654,326.96796395948456,264.1666603088379,130.3055477142334,333.779636311652,266.4868927001953,139.33698177337646,328.37778704323995,313.7963104248047,128.67121696472168,251.05511070292704,265.80312728881836,128.79115104675293,339.821479805131,259.18285369873047,143.53075504302979,321.6981144388834,264.39523696899414,152.34568119049072,311.2911916174671,313.0999183654785,148.25453281402588,271.37094525921424,265.3512954711914,146.0134220123291,318.2365473881179,260.5378723144531,158.052077293396,305.02814939771065,265.9132957458496,164.60625171661377,296.6255348908998,314.92618560791016,170.7702398300171,282.2202029719069,278.5964584350586,169.59108352661133,269.64441576591355,271.3835334777832,173.39648723602295,307.89676089922364,271.8047904968262,174.35950756072998,368.9458034413551
530,21.2,367.1177673339844,168.8359022140503,235.4941189555026,352.24971771240234,135.37835597991943,218.82931353582978,327.7608871459961,118.80094528198242,215.91919469103206,304.41274642944336,115.6607437133789,261.00090398404393,287.5691604614258,121.60753726959229,319.779318220702,314.21009063720703,104.74029779434204,255.18679713528104,270.5709457397461,101.23688220977783,380.7182053092407,264.560604095459,113.7361478805542,414.3520563447115,269.83875274658203,121.24939441680908,459.88842543057376,309.5339012145996,119.22114372253418,259.1717776856081,261.4259338378906,115.31920909881592,354.13013352741314,257.62081146240234,129.23279285430908,359.57587750897574,265.71964263916016,136.5225648880005,396.9611598611539,306.80858612060547,138.7571096420288,284.8046570934259,259.89078521728516,133.1877851486206,348.4915110091758,258.74258041381836,144.86596584320068,332.6941239575933,267.5569534301758,150.3830909729004,357.94544986348285,307.0092010498047,161.01722717285156,314.0460758233888,268.8676452636719,154.21438694000244,454.8987549721758,265.7429504394531,158.45349311828613,399.3034953320391,272.22482681274414,160.63030242919922,343.3907250224776
531,21.24,358.9453125,165.1930332183838,223.68995358126676,344.96116638183594,130.25713920593262,222.69632033397136,322.0677947998047,113.0364203453064,202.54790823380358,300.59728622436523,109.19132709503174,187.76828798795023,284.4019889831543,114.06508684158325,204.51090073598465,307.26099014282227,99.37772512435913,219.44131237347128,265.9178161621094,92.12196350097656,255.84829237061203,257.3027229309082,103.49280595779419,313.849976845341,259.5306587219238,111.60797595977783,352.8577548786276,302.1518325805664,113.65018844604492,231.2067256945345,257.3129463195801,106.51531219482422,242.93166094332602,251.44432067871094,119.32557106018066,291.8712066981321,257.74526596069336,127.40364074707031,302.8463522338042,299.1954231262207,132.82300472259521,241.31650893317936,255.5306053161621,124.01829242706299,253.8340569408185,251.86521530151367,134.7911024093628,304.9600630599332,258.3731460571289,141.07099056243896,326.9724108389594,299.1451072692871,154.16736602783203,260.7256324841589,264.2972183227539,145.77146530151367,240.01527062867618,260.17024993896484,149.25623416900635,268.8454052148853,264.98546600341797,151.45391464233398,292.2054475691473
532,21.28,353.14159393310547,161.91211223602295,166.67256765926558,341.41468048095703,126.92891120910645,121.59015133839588,319.6971893310547,109.40882205963135,108.33755007700458,298.28996658325195,104.31361198425293,134.8977127034291,282.04179763793945,108.5833740234375,149.20555998070768,303.4834671020508,94.38906669616699,156.43767376484936,264.6552848815918,87.00583934783936,131.74006505378134,254.989013671875,97.43841648101807,162.03564899396642,255.87608337402344,105.51993370056152,177.51792079161487,297.3683547973633,107.74494409561157,189.98942493715748,254.28064346313477,101.09702110290527,155.2271298975605,249.48917388916016,114.20840263366699,136.948922216458,255.79551696777344,121.68136596679688,151.13311557271635,293.3102035522461,126.07000350952148,223.94033080497854,251.93031311035156,118.88188362121582,156.81358237570754,250.16138076782227,129.899640083313,129.49289508831166,257.0139503479004,135.46754837036133,144.14831202606274,292.5629234313965,146.99224948883057,243.4227821918597,259.7355651855469,140.71184635162354,170.3093201763304,258.7476921081543,144.89230155944824,114.74858006410425,265.83642959594727,146.930251121521,115.07516751384865
533,21.32,349.46067810058594,159.747576713562,106.7542604363176,338.55133056640625,124.77799415588379,89.53077998306644,318.0160903930664,107.04478740692139,72.52048623716108,297.3866081237793,101.65719509124756,70.14541688407519,282.0435333251953,105.70152282714844,72.04629297439143,302.6041793823242,90.49228191375732,99.86890949665435,266.40100479125977,85.53198337554932,57.11714623290758,259.57763671875,96.97983026504517,115.2870406414809,262.0989227294922,104.6812105178833,156.97767799342645,294.8832702636719,103.06909561157227,132.38014434122314,254.7676658630371,97.36066818237305,94.19900465496018,251.35168075561523,110.80670356750488,96.95517122722389,258.13968658447266,118.40103149414062,100.7959741394489,289.8326110839844,121.00902557373047,153.51536373005578,250.48221588134766,113.11235904693604,148.71196866314074,249.62491989135742,125.0804328918457,121.22434838520331,257.10317611694336,131.39435291290283,101.85431530046307,288.2506561279297,141.92510604858398,166.34225248824853,258.1603240966797,135.40037155151367,138.50349508283534,257.58642196655273,140.0978708267212,123.32658470675777,264.053955078125,142.44167804718018,120.7386217475148
534,21.36,348.05309295654297,157.4324369430542,67.73647510166435,337.9759216308594,123.58915328979492,33.019294056563695,317.5359535217285,105.51805973052979,40.01116104506214,296.40384674072266,100.76263904571533,33.223207764167434,281.0838508605957,105.19680261611938,27.107804737302963,302.98412322998047,88.46589088439941,51.542566942492094,266.8108558654785,85.70750713348389,11.146369718369547,262.02205657958984,97.6362133026123,63.275326688578545,265.9407043457031,104.26947355270386,96.5945563785542,294.9803352355957,101.03734016418457,50.851817855683315,254.8821258544922,97.00520753860474,9.335863608689285,253.81690979003906,110.4576587677002,62.245413809156126,262.40123748779297,116.8787169456482,113.13227237989467,289.88901138305664,118.88370037078857,53.15183564560263,250.11322021484375,112.13994026184082,26.00187608020712,251.49158477783203,124.14321899414062,52.21833782571509,260.347843170166,129.4960069656372,93.97998996384955,288.3601188659668,139.91628170013428,50.29511254798379,259.05616760253906,133.7243413925171,47.51060855782977,260.2388000488281,138.21664810180664,81.29463555514367,267.4729347229004,140.15511989593506,102.8280421091869
535,21.4,351.2796401977539,156.27619743347168,85.68655416431133,341.03565216064453,122.78697967529297,79.07841607663276,320.3102493286133,103.91542911529541,80.09815116852302,298.4829902648926,98.65633964538574,73.99043417026331,282.70795822143555,102.14425563812256,86.44278372286101,306.9328308105469,87.10908651351929,104.38273820914435,269.19755935668945,85.13347148895264,61.36912128745452,262.9446792602539,97.76797771453857,23.29960395486928,265.94011306762695,104.80248928070068,13.325401398779466,299.7137641906738,100.38161516189575,119.4658030342749,257.4738883972168,95.71576595306396,72.3701107173752,254.0475082397461,109.33075189590454,28.75646386801098,261.4783477783203,116.93696022033691,23.118143509170856,294.51440811157227,118.7147569656372,115.71202608822469,253.46860885620117,111.9140625,84.07457143008753,252.75400161743164,123.43440055847168,36.19495693160199,260.8333969116211,129.0278148651123,16.862797047697654,292.49927520751953,140.28250694274902,103.88315596183185,260.853214263916,132.3634386062622,56.35508571106491,260.71510314941406,136.28212451934814,49.80741746163311,267.60013580322266,138.15731048583984,50.046369460607124
536,21.44,358.4717559814453,155.90540885925293,180.04168547310476,348.31809997558594,122.460036277771,182.24457838734202,326.4957809448242,102.4679946899414,158.81567104438437,304.3369674682617,96.9984483718872,152.10533474435607,288.2052993774414,101.6381049156189,138.01482787052,313.6292266845703,87.31929302215576,167.49235892629412,274.8657035827637,84.28468465805054,143.28358692617965,272.4658203125,96.37197732925415,240.57346073039741,278.4000015258789,101.7445707321167,320.7410231029995,307.4165344238281,101.77010536193848,195.67283648411478,263.4883689880371,96.22106552124023,150.89173360176449,263.97472381591797,108.78589153289795,248.55392009452038,274.2651176452637,114.11362409591675,327.36897235919685,302.6553153991699,120.93472480773926,210.95412517480528,260.2304458618164,112.79095888137817,170.4614820021332,263.40532302856445,122.79943943023682,266.7557677886572,274.3332862854004,125.85409641265869,346.69826751777595,300.49753189086914,142.99760341644287,211.16323489514497,265.1886177062988,133.8502836227417,114.58193332517195,268.0798149108887,137.55492210388184,186.8471852557546,278.5660171508789,139.36885356903076,275.815144586577
537,21.48,375.0558853149414,155.32459259033203,414.8574252743109,359.92313385009766,123.3235216140747,290.92784560198083,334.23683166503906,107.26043701171875,227.61174406830014,310.4935646057129,106.36244773864746,280.16532223577207,293.79138946533203,114.63641881942749,353.69528447165305,319.25559997558594,91.03753566741943,168.59975678161464,278.7040710449219,93.86275291442871,257.9637284319179,276.5985298156738,107.25844860076904,291.11267640634264,282.88686752319336,112.31057167053223,286.98033720585113,314.0214157104492,106.57431364059448,204.1826296405139,270.0988960266113,106.37004375457764,302.8002919711245,269.1387176513672,119.93669986724854,307.21262877075463,277.9405212402344,125.548095703125,300.2662698776446,311.47247314453125,127.066969871521,268.4989527782892,268.41758728027344,123.5600996017456,338.1971285922703,268.7164878845215,134.53205108642578,321.9691836982367,277.73719787597656,138.80777835845947,334.8362380229923,311.7792510986328,149.86408710479736,330.17588733626326,278.86892318725586,144.45785522460938,432.77544216158776,277.78125762939453,146.96860313415527,337.94912834643134,283.5287284851074,147.0373821258545,228.35667552879477
538,21.52,388.2494354248047,157.3053503036499,333.5351983115328,367.3280715942383,128.2905149459839,222.91271519620173,338.97010803222656,115.79820156097412,244.0508766972287,314.72240447998047,120.1148271560669,359.6969439010925,298.76428604125977,131.44686698913574,438.26423823228583,320.80982208251953,100.16341209411621,231.43199178298178,282.58853912353516,110.84579944610596,435.54058489915735,278.6594772338867,126.15879535675049,475.30951215824666,282.79056549072266,133.6313009262085,533.0236686086909,316.876220703125,115.91192722320557,244.10671201900817,275.79389572143555,124.28825855255127,470.0368622980338,275.4703712463379,138.96945476531982,501.4576229956788,283.5547637939453,144.4030237197876,491.8256995403878,317.2591781616211,136.0495662689209,267.1294080045691,275.6204032897949,140.49991607666016,460.1887796537997,277.8257369995117,152.38466262817383,501.05773014413336,287.534122467041,155.6416368484497,486.92820511859065,321.22947692871094,158.5831117630005,321.44999536264373,288.3640670776367,160.85529327392578,473.7046364034545,289.21911239624023,164.65322971343994,526.5278594933253,296.6439628601074,163.89256954193115,533.9163766114565
539,21.56,392.59273529052734,160.07444858551025,128.77344208480156,370.5738067626953,131.74840450286865,118.56379340720842,340.88356018066406,122.49152183532715,174.03633855359303,317.79727935791016,128.95933628082275,234.09426142690464,304.0551948547363,142.3822546005249,303.70258712662405,322.06825256347656,109.39151287078857,232.83778046612036,287.0635223388672,121.99909687042236,300.438760620162,280.81798553466797,137.53443717956543,289.4654393938053,282.0024108886719,146.27337455749512,316.6654517937723,316.75609588623047,124.61714744567871,217.65122486071226,277.6451301574707,135.15121936798096,275.4893221781963,276.4005470275879,150.41996955871582,287.20584518969645,282.9184341430664,157.82877445220947,336.02055196977363,316.6289520263672,144.18994903564453,204.11855710947773,277.3255157470703,151.8224287033081,286.25458585033834,277.72192001342773,164.56822872161865,304.60021002941085,284.24495697021484,170.18651962280273,372.8037558364179,321.04259490966797,165.9694004058838,184.71631087465653,291.2194633483887,170.76868057250977,257.9105169370164,286.97582244873047,175.34640312194824,273.14866297154396,287.6028251647949,176.42187595367432,386.2687616680815
540,21.6,386.6209411621094,161.7484474182129,155.04958320666555,363.6473083496094,134.06235694885254,182.56977465608324,333.8939666748047,124.22043800354004,180.00619519522704,309.75793838500977,128.7369203567505,201.0604264298359,295.73089599609375,141.22987747192383,210.0921293958334,316.0351371765137,111.47202730178833,159.5443151016486,279.66941833496094,123.79848003387451,190.24746021546764,273.0977249145508,138.19859504699707,193.71940035042238,274.3146514892578,146.13821983337402,192.22368380146918,311.95262908935547,126.96594715118408,133.67440229261987,271.18310928344727,136.07465744018555,163.19170408125754,269.22651290893555,149.98141765594482,179.68565139398996,276.0487937927246,156.52703762054443,174.79716338151326,312.60297775268555,146.76956176757812,119.53783579661167,272.34046936035156,152.51237869262695,125.81414483648774,271.0707473754883,164.0870761871338,166.7138364479604,277.5817108154297,168.68823051452637,170.7405187178024,316.98984146118164,168.72910022735596,122.57842800338928,285.0107192993164,171.74567699432373,157.1285792653734,280.30517578125,175.92670440673828,167.39600604460605,281.6419219970703,176.38837337493896,149.0249328924761
541,21.64,378.7282180786133,160.71420192718506,199.00493305516244,357.24998474121094,133.27044010162354,161.1538117054192,328.31939697265625,123.46020698547363,140.65422710707455,303.79371643066406,125.59666156768799,168.51032754512326,289.53540802001953,136.86464309692383,189.47186864143225,311.7678451538086,109.59371566772461,116.55963013009027,272.76052474975586,118.90043020248413,211.72461878946555,263.10672760009766,133.2648754119873,278.569579250735,263.1162643432617,143.00911903381348,290.68361934135214,308.09497833251953,122.89558410644531,140.19924366257283,264.403133392334,129.54740524291992,235.2831994782913,257.7948188781738,144.5511817932129,316.3967939331216,261.6079902648926,154.33691024780273,365.1484838718683,308.6690139770508,141.44498348236084,165.5052961830338,264.55835342407227,144.5296812057495,278.7077183321844,259.76085662841797,157.60299682617188,325.9188107009157,264.1163635253906,165.38665294647217,346.60495531588356,312.7516174316406,163.54615688323975,167.37951755086667,279.9488639831543,167.13127613067627,171.23644941313793,274.22229766845703,173.20321083068848,166.61862027149064,275.09788513183594,176.22649669647217,163.65096729124838
542,21.68,372.1442413330078,155.56262969970703,208.99677958283905,352.2138977050781,125.7601261138916,226.0627523911045,324.22691345214844,115.33558130264282,227.4285105419696,300.09674072265625,117.8012466430664,215.69092938828695,285.2046775817871,127.70310401916504,253.33898288895224,309.25283432006836,100.66628694534302,231.87316453051787,269.1958999633789,106.25944375991821,328.3491740023,259.33345794677734,122.47273921966553,285.81874443243044,260.71407318115234,132.91335582733154,259.44045210398326,304.77039337158203,112.44169235229492,274.2452346554828,258.6022758483887,116.47968292236328,357.4347098530037,252.2829818725586,133.37685585021973,311.49428912975236,257.8236389160156,143.56555938720703,285.4199915188609,304.0535354614258,130.2456521987915,302.8279865774987,257.45410919189453,131.49702072143555,371.07994877269147,252.64978408813477,145.79524040222168,344.59257141632753,257.5718116760254,153.5610294342041,337.8947047185495,307.1653747558594,152.2200107574463,315.72109259553145,269.4963264465332,153.23205471038818,434.77285523928185,261.30741119384766,159.24787044525146,475.3589551101471,261.5285873413086,161.83326244354248,494.52694238264127
543,21.72,362.6758575439453,150.49817562103271,268.4434143026963,345.3150939941406,119.76337194442749,228.52044931886047,318.2412338256836,106.63436651229858,264.0306556756024,293.52298736572266,106.9795560836792,316.54701443952786,278.9185333251953,116.18222951889038,328.1064603007697,305.82860946655273,89.74142074584961,286.22327094013036,266.0025405883789,89.23245906829834,433.09623049225297,258.145809173584,104.41105842590332,452.51714242682726,261.42303466796875,114.68256711959839,456.11421492853606,300.44933319091797,101.20970249176025,300.862465788018,255.35432815551758,99.42944526672363,433.9209089291352,249.49174880981445,115.79657793045044,445.0120460075235,255.67190170288086,126.06186389923096,440.88641448945134,298.3561325073242,118.97136926651001,315.80240663520425,253.08277130126953,115.29489040374756,419.53666540106934,249.57904815673828,129.6070432662964,411.92167464818874,256.1289978027344,137.49578475952148,403.2475963430991,299.1813850402832,140.9055519104004,346.1945540262741,265.3262138366699,139.6699619293213,354.71837401416735,261.83385848999023,146.17774486541748,327.0180895495753,266.47512435913086,149.12933349609375,340.82440417547843
544,21.76,352.5743865966797,145.1420259475708,285.8409245355903,338.75633239746094,112.27656841278076,248.83425809607465,314.6438980102539,97.95124769210815,234.96991484884612,291.8016052246094,96.38815641403198,268.2593235075285,276.58485412597656,104.78334903717041,290.88285318298966,302.11565017700195,81.25029802322388,231.6857135438983,260.2885627746582,75.11844635009766,380.66955606636634,251.25436782836914,88.1820559501648,440.7894091655786,254.45024490356445,98.1009578704834,449.70098564832296,295.2451705932617,92.93427228927612,244.3947285885975,250.46138763427734,87.30475902557373,326.86855480330735,243.97052764892578,102.7888298034668,353.2752064984989,250.16357421875,112.46172666549683,366.8322202049876,290.4667663574219,110.07072687149048,297.3461086125518,247.8630828857422,103.64186525344849,319.2159753880328,245.03562927246094,117.550528049469,322.10461647925666,252.31889724731445,125.47548294067383,315.2424880732722,288.70229721069336,130.8832311630249,362.5070645031721,256.1407470703125,124.84106540679932,436.08268409752367,254.04600143432617,131.6277265548706,412.57859126830755,260.9736442565918,136.00476264953613,355.7743695315749
545,21.8,347.07489013671875,142.2881555557251,154.89721900056912,334.87682342529297,107.6566743850708,150.818621803646,313.16078186035156,91.35621786117554,168.99343919401178,292.43824005126953,86.6127061843872,244.90397492535044,277.32702255249023,91.19743824005127,340.15418026296567,297.6332473754883,77.08624362945557,152.95277839352656,261.4611625671387,69.24428701400757,149.751331753468,253.8165283203125,81.16657733917236,186.71771228208328,256.4724349975586,90.02755165100098,208.070211648955,289.97175216674805,88.2123613357544,176.96289327512,250.20065307617188,81.70359134674072,140.18082491061767,245.5803680419922,95.58717012405396,184.4849049198011,252.07626342773438,103.56343746185303,227.53836319652928,284.7529983520508,104.67974424362183,196.389024822519,246.03073120117188,97.7607250213623,153.9994381593046,242.21206665039062,109.99662637710571,201.60905292869006,247.83145904541016,116.97605609893799,240.28285188233073,282.5956153869629,123.79541873931885,233.891865840181,252.30043411254883,119.70972061157227,160.23167411023815,250.5128288269043,125.4957103729248,176.9267700375664,256.61828994750977,128.8191318511963,210.06308743995444
546,21.84,342.3284912109375,140.157208442688,130.07026553275585,331.48231506347656,105.54728507995605,99.91311931802916,310.3891372680664,88.47049713134766,100.02936405283047,289.477596282959,83.08729648590088,115.0921507559745,274.18588638305664,87.8985071182251,113.87954980339214,294.81714248657227,72.96023368835449,124.88595992805189,261.05457305908203,67.59239673614502,42.529816880032456,251.22499465942383,78.55639457702637,91.9548148797928,250.69360733032227,86.93459987640381,163.86198439464198,285.83749771118164,83.68128061294556,153.34347153526895,248.02663803100586,76.83680534362793,133.2571466580282,242.8575897216797,89.61467027664185,164.0965344867569,248.1018829345703,97.56223440170288,179.94814960426535,279.761962890625,99.67793941497803,176.6502308961378,243.8554573059082,93.07395458221436,129.17438230132612,240.8356475830078,104.51842546463013,141.21175297780485,246.6541290283203,110.90565919876099,154.5878077639439,276.8454933166504,118.50943565368652,195.26507785105537,248.64559173583984,113.42156410217285,181.82887745984203,246.37096405029297,118.60527992248535,200.98674648480687,251.51803970336914,121.54566764831543,222.0864612930145
547,21.88,337.0423889160156,137.29897499084473,150.23393411945537,327.3019790649414,103.29166173934937,118.7514360843128,306.5904426574707,85.75419902801514,116.74854423807788,284.3813896179199,81.63519144058228,132.4762512571317,268.5926628112793,87.89164066314697,139.83069466342826,291.89706802368164,68.84348630905151,126.18053498317379,257.324161529541,67.05117702484131,94.23669984285651,251.3018798828125,78.15049409866333,10.32795163351827,253.38512420654297,84.52383756637573,90.33284981954502,282.14468002319336,80.50106048583984,121.83673125736598,244.65274810791016,75.26543140411377,93.04686074416676,244.4197654724121,87.23893404006958,71.08320714987364,252.3151397705078,92.84760475158691,158.0728983399089,275.3793716430664,96.53052091598511,134.89196893018695,240.79639434814453,89.16061162948608,124.17759269799305,242.76533126831055,99.81898784637451,127.00490407165277,250.911865234375,104.41318273544312,194.10140427603412,271.6511917114258,115.09344577789307,155.42231982079173,245.84259033203125,107.26995706558228,169.0027477631348,247.8497314453125,112.49500036239624,157.16684866531102,254.79894638061523,115.37548542022705,174.70599830968828
548,21.92,333.98136138916016,135.68746089935303,86.48289999778578,325.362548828125,101.93401336669922,59.18508441341731,305.6846237182617,84.4721245765686,39.24460830548588,283.92847061157227,80.29359340667725,35.39969024307265,268.4173393249512,86.57408952713013,33.2291224011176,292.1401023864746,66.91494226455688,48.59493178983461,257.80529022216797,65.63484907150269,37.39543496769771,252.48271942138672,76.7860221862793,45.11212153862525,255.15827178955078,82.8010082244873,61.807125865460286,281.9053077697754,77.8260612487793,67.1421998167923,244.60811614990234,73.30415725708008,49.04454793538692,245.18091201782227,85.39873123168945,49.78510344194286,253.70172500610352,90.81688642501831,61.47375221097202,274.8781204223633,93.39031219482422,79.49907074422032,240.02254486083984,86.70921564102173,64.26597720246724,242.9451560974121,97.79322624206543,50.84318444156448,251.5410041809082,102.14529991149902,58.83827579255667,270.75477600097656,111.92880392074585,82.228793656588,244.4198226928711,104.76860761642456,71.94188983931305,247.52264022827148,110.6720495223999,46.301582244216604,255.35213470458984,113.70079278945923,44.092323094062294
549,21.96,337.4467468261719,133.9972686767578,96.38998254608157,329.10289764404297,99.59606409072876,110.27300236727751,308.2110595703125,81.72615051269531,93.28468414614063,286.58885955810547,77.65459299087524,93.68161686478031,271.6197395324707,83.72272968292236,107.19614046889019,295.4777717590332,64.4715142250061,103.41172994690524,261.2265968322754,62.612199783325195,114.13190734760764,255.69452285766602,74.19266939163208,103.20234987271375,258.6585235595703,80.52393436431885,104.393569660047,285.10223388671875,75.18118858337402,103.7294799388129,248.75988006591797,71.7487907409668,110.8385893252429,248.69157791137695,84.40064907073975,91.24466770781105,256.98741912841797,89.9114441871643,85.20420878506314,278.03266525268555,91.05101823806763,98.18174888513789,243.67616653442383,85.91524600982666,93.47238599227671,246.36762619018555,97.74534702301025,85.57012458922928,255.21005630493164,102.65115022659302,92.5939658876376,274.1369438171387,110.35761594772339,93.23254120495295,248.07891845703125,105.68786859512329,94.32000900608571,251.3947868347168,111.88138246536255,101.41500600484576,259.5384979248047,114.93922233581543,109.14252365844746
550,22.0,346.6310501098633,132.63914108276367,232.10441800027345,338.09532165527344,98.96671772003174,225.36049794171973,317.0272445678711,79.42805528640747,227.76956499423954,295.4828643798828,74.44119215011597,236.4176213995996,279.81292724609375,79.79110479354858,227.19209820849713,304.04870986938477,62.3823881149292,220.54680341608028,268.8010597229004,60.748772621154785,195.0077704704509,262.6051902770996,72.34414100646973,178.8406787002958,265.14827728271484,79.10764932632446,166.06242556625176,293.9048194885254,73.37772846221924,224.63579090069499,256.66553497314453,69.98783111572266,202.4851203080973,255.71392059326172,82.7994704246521,180.0643457880189,263.54562759399414,89.09337759017944,165.22585155450358,287.0576858520508,89.79716062545776,227.79260815990403,250.14650344848633,84.33493852615356,166.51319678262934,252.39818572998047,96.4216947555542,154.35289049802626,261.56402587890625,101.49275779724121,161.4674935694772,283.61928939819336,110.06747961044312,237.16958175106186,253.95814895629883,104.47953701019287,150.05294166280646,256.1291694641113,111.26566886901855,119.35629988147758,264.591121673584,115.06771802902222,126.35643506046014
551,22.04,361.2905502319336,129.19615745544434,376.4597256737503,347.91351318359375,96.15898847579956,255.29422779865362,325.3483581542969,78.78200769424438,208.6538832755388,303.9668846130371,76.24147653579712,216.82311798142462,287.9871368408203,82.25283622741699,213.4212737624456,313.13554763793945,64.72984313964844,234.62891675621464,276.6888427734375,63.70528221130371,210.59153355634797,270.85351943969727,75.54496049880981,221.19021706031555,273.7363052368164,81.7941427230835,224.96037277604552,304.2020797729492,77.3806643486023,276.1985982446164,265.27286529541016,73.98552417755127,237.2599906921544,263.8360404968262,86.5227484703064,223.3713711696414,271.7005157470703,92.24122524261475,218.53367250855834,298.2923126220703,95.16060590744019,311.2308065914055,260.1001739501953,88.01492214202881,265.30387750382323,261.6395378112793,99.23084735870361,241.4719531310874,270.8637237548828,104.1861891746521,242.04719732066783,295.44172286987305,115.87117195129395,329.2536806737538,265.0061798095703,108.95605802536011,298.01240130872964,265.50180435180664,113.77015113830566,242.53700255736342,272.4055480957031,116.47799491882324,198.51659441439116
552,22.08,379.26342010498047,132.87626266479492,458.64421520482875,361.53995513916016,104.43197965621948,398.5303497223629,335.23193359375,91.54571056365967,403.5755617028868,312.6626968383789,93.03003787994385,472.67387162330385,297.29814529418945,102.21011638641357,550.5610262288086,319.8819351196289,73.35584163665771,273.77179607693165,284.16908264160156,78.51020336151123,414.6833722470774,282.55558013916016,92.84417152404785,522.1355946433067,289.24068450927734,99.81692790985107,594.3518331513989,312.64177322387695,86.6892671585083,314.1242905067818,274.97888565063477,89.16043996810913,450.3366104833117,275.55118560791016,104.89718198776245,544.7846088485152,284.8291778564453,111.55482530593872,583.8326580601706,309.09271240234375,104.88421440124512,363.315632022046,270.46777725219727,103.54253053665161,466.7666846806619,272.0730400085449,117.89333581924438,534.5245806088832,281.5188980102539,123.61209869384766,553.90584661356,309.27112579345703,126.0029411315918,428.59153919091966,277.967472076416,125.42936325073242,524.0258117896443,276.0614013671875,131.64759635925293,519.078592769926,280.5815124511719,133.1828498840332,464.9587162793297
553,22.12,391.0652160644531,141.3425588607788,363.11203431857325,370.29884338378906,114.71536874771118,337.70013925902975,342.55069732666016,103.44848155975342,349.3210020557843,319.6378707885742,107.67582178115845,405.5490396645639,304.76551055908203,119.44665670394897,469.6141142718585,325.17757415771484,88.43185186386108,399.47612349835777,290.03406524658203,100.18526315689087,561.3634284545565,288.54101181030273,115.30071973800659,581.0130968703342,294.5481300354004,123.66368293762207,610.7560393516818,319.2303466796875,102.36253023147583,425.0444649806203,282.0876693725586,113.49972009658813,633.9042530114772,282.1724510192871,129.29346084594727,631.970913973802,290.02851486206055,136.88133716583252,646.3674014672795,317.52893447875977,120.80557823181152,450.45787063544935,279.36166763305664,128.38964939117432,659.7729730168177,280.91569900512695,142.24040508270264,647.5783735625492,289.74056243896484,148.16848754882812,647.4044328969237,319.5306205749512,141.87304973602295,472.43887189769407,289.70287322998047,148.1822633743286,640.026417555081,291.46018981933594,154.8691177368164,696.5817167078541,299.19424057006836,156.57889366149902,747.4157613341189
554,22.16,394.8581314086914,147.20970153808594,174.65961540314075,372.54772186279297,124.37682151794434,247.993351781823,343.51757049560547,118.33376884460449,372.9163958561753,321.1289596557617,126.68493747711182,476.68767654513005,308.5686492919922,142.10294723510742,574.3318753419171,324.74822998046875,106.95923566818237,463.3089459631405,290.6461715698242,121.1489725112915,524.3160926666385,288.0681610107422,137.0207118988037,543.1284650889082,292.70172119140625,145.77129364013672,554.6145489172637,319.5727348327637,119.61201667785645,431.32210434259235,282.86367416381836,133.72345447540283,505.96542351041,282.74608612060547,149.8511552810669,514.1424034965976,289.5082473754883,157.5937271118164,517.9730781686912,319.5228385925293,136.5977668762207,397.9391252091151,280.12733459472656,147.73953437805176,484.1256906150366,281.95972442626953,162.45144367218018,505.9496454350362,289.91397857666016,169.21792030334473,526.2536772102699,323.9450454711914,156.49286270141602,381.7935292042847,292.1225166320801,165.27523040771484,431.5844327864427,290.17927169799805,173.28613758087158,461.5377633316516,294.3794250488281,176.72993659973145,517.9569118192064
555,22.2,390.76526641845703,155.50588130950928,231.2711377205066,365.86021423339844,134.6234893798828,305.89720553448683,336.9398498535156,128.85769844055176,310.26148547014907,315.8323669433594,135.43521881103516,255.71140689246837,304.46537017822266,148.43889713287354,188.71466654797212,318.6815643310547,118.45336675643921,324.9225692143945,284.06280517578125,136.81403160095215,424.80494741761623,279.6478843688965,154.99281406402588,496.17128781449793,282.97767639160156,164.529447555542,528.2195244300913,316.69633865356445,130.37399768829346,278.49359311382585,276.45729064941406,147.3116683959961,375.56732692474367,275.5908966064453,165.03380298614502,419.60511817664764,283.0970764160156,173.1562328338623,420.7840133461412,319.3776321411133,147.322998046875,268.15535210198976,278.34115982055664,161.7244005203247,352.4617898981864,277.93704986572266,177.9516363143921,400.34194959258843,284.9819755554199,185.08618354797363,415.4263113074053,325.58170318603516,167.34972953796387,274.4883945430231,292.6626968383789,178.5567283630371,332.3119605435781,289.2292022705078,187.62426853179932,359.2393275058804,292.5951957702637,191.58255100250244,373.98498358547687
556,22.24,387.48340606689453,156.03909015655518,83.12234597915726,361.26991271972656,137.4726104736328,135.0656298648677,333.23516845703125,133.43406200408936,147.19835196753215,311.2176704406738,139.84694480895996,159.60644976915844,299.6706771850586,153.60913753509521,176.28185300014215,315.5661964416504,121.6775894165039,112.08570618059997,279.29012298583984,141.34174346923828,164.46631503214232,274.239559173584,161.00988864898682,202.2609205630731,277.5321960449219,172.5701093673706,242.7775455255718,313.74162673950195,130.790376663208,74.59764551350537,271.25226974487305,148.5831642150879,133.95182024397076,268.0124855041504,168.24322700500488,205.7497226125432,274.3885803222656,179.80324745178223,273.8849068788979,316.45301818847656,145.84706783294678,81.898324037887,272.55985260009766,158.66058826446533,163.57425438559488,270.3552055358887,176.1069917678833,195.07542923315643,276.5777587890625,185.98028182983398,211.29107765347788,322.53345489501953,165.40783882141113,90.35609137847794,290.1955986022949,177.97037601470947,63.39549857283856,285.2200698852539,187.80627250671387,100.33153769309146,286.4387893676758,193.15087795257568,158.82574810179395
557,22.28,385.66905975341797,150.33878803253174,149.55203285640275,361.06414794921875,128.77398490905762,217.52647231639313,333.54736328125,124.98538970947266,211.36096072550384,312.6392364501953,130.96970558166504,224.7585179393244,301.7392349243164,142.78316974639893,275.54549270779796,316.66812896728516,113.50978374481201,206.0450569377577,280.63045501708984,123.55459213256836,445.9394876463015,271.29261016845703,139.47476863861084,543.3955179586703,271.3245964050293,150.38596630096436,575.9071631348097,313.3775329589844,121.96156024932861,220.90801755340075,272.8618621826172,130.22953033447266,460.60195969466855,265.5867576599121,145.70991039276123,566.587654914229,267.94498443603516,156.54938220977783,603.2527334367963,314.69457626342773,136.59809589385986,235.3662039431673,273.3372497558594,142.36085414886475,407.95655296938486,269.51663970947266,156.00228309631348,503.0547332385461,273.0504035949707,165.01769542694092,531.4321825054701,319.78931427001953,155.54437637329102,255.95189884435695,288.5139465332031,161.28129959106445,419.3396785093684,283.5180473327637,168.29262256622314,489.6934084003473,283.4933280944824,173.32664966583252,501.0462611356296
558,22.32,382.3027801513672,143.48018646240234,191.00434199410978,360.6150817871094,116.19523286819458,314.6691350882182,332.5705337524414,107.40504741668701,440.1864882210862,310.8528137207031,110.69691181182861,508.78376632586077,298.10779571533203,121.47475719451904,540.3909442533602,318.58346939086914,92.4196457862854,529.4232994777784,283.28975677490234,100.60206413269043,577.6517265101683,276.8785285949707,116.62915706634521,587.9649504745702,279.3905258178711,126.71217441558838,625.2537682438626,312.6542282104492,102.84151554107666,478.34302506465417,270.8191680908203,107.44614601135254,571.8693034512221,266.5247917175293,123.66085052490234,551.7251064556941,272.63317108154297,134.08071041107178,573.8141611298723,310.8233833312988,119.41110849380493,440.43917755989,269.7416305541992,123.05874824523926,490.8537013192686,270.5586051940918,135.3999137878418,515.7175299969169,279.177188873291,141.50476455688477,607.451343703079,312.6392936706543,140.51071643829346,416.1833472254882,282.0161819458008,144.41791534423828,451.79826311737645,283.4065246582031,149.62177276611328,466.77957161625255,290.76223373413086,150.6540012359619,595.2341850180833
559,22.36,372.10803985595703,134.51738834381104,339.3601330127438,353.2747268676758,104.96423006057739,335.4253218005072,326.49566650390625,93.98175716400146,368.3482839779221,303.46202850341797,95.1505708694458,430.34319358568996,288.5944175720215,104.18124675750732,493.43810841169085,314.4894218444824,77.45417833328247,387.88403663253945,276.1004638671875,77.18263149261475,612.4519153043575,270.5446243286133,91.75417900085449,641.7178493183479,275.35057067871094,101.1691403388977,646.5136441761147,308.8598442077637,88.32321166992188,375.1487182230402,266.3039970397949,87.18203544616699,519.0260991860634,264.0867233276367,102.89867877960205,522.6207713624307,272.2532272338867,110.91977834701538,579.1012062904072,306.7472839355469,105.0895643234253,372.2576507845276,263.85509490966797,101.25407695770264,564.6320659574809,262.88768768310547,114.72598314285278,551.2794117857638,271.2891387939453,121.27738952636719,542.7752957483141,307.4643325805664,125.90020179748535,387.4978712467267,275.53955078125,122.80795097351074,563.9909747425841,272.63797760009766,127.3474645614624,618.5196095003827,277.6553726196289,128.00837516784668,654.1283266166814
560,22.4,357.83931732177734,128.79027843475342,384.3795574265048,344.6255874633789,99.32518243789673,258.1260236369792,321.76124572753906,85.2048397064209,249.3103238747844,300.91392517089844,83.2094407081604,305.24930397336396,286.6110610961914,89.21002864837646,377.5505550431168,305.80671310424805,70.99827289581299,270.4950855437239,268.9830207824707,63.65185260772705,382.21392349042054,257.1790313720703,74.11276817321777,553.3186531451887,255.52391052246094,82.75827884674072,676.413461683579,299.4266891479492,81.03879690170288,297.95879842894175,258.19196701049805,74.79204654693604,370.23375734061636,252.0136260986328,88.03294658660889,478.7677348769803,256.81514739990234,95.98530292510986,536.989795694466,295.532169342041,96.3735580444336,355.0946711801752,254.81046676635742,88.9889645576477,380.9841535719911,252.52368927001953,100.97368240356445,430.50714187621077,259.12561416625977,107.1504807472229,466.04780000458163,294.2693328857422,114.96236085891724,428.47431467929607,261.7191696166992,110.73943376541138,458.70200234987834,259.5245361328125,117.30733394622803,412.891155365794,265.750789642334,120.73745727539062,348.734625881681
561,22.44,347.8143310546875,126.57536029815674,256.6688187226451,335.28514862060547,95.5008602142334,252.32572976957292,314.09435272216797,80.42673110961914,225.84780566600466,294.2804145812988,76.69322490692139,232.46576510134665,280.2991485595703,83.36414337158203,215.07936694886095,297.07176208496094,65.40159702301025,259.3527401707918,264.2721939086914,56.46993041038513,214.72641937386544,255.2808380126953,65.68792819976807,215.90082591292264,255.13019561767578,73.30730438232422,236.47929316499204,290.15586853027344,76.10754489898682,262.51828655282947,253.19402694702148,70.58994054794312,163.24272515352024,253.38029861450195,82.97455787658691,130.9940125237358,260.989990234375,88.33711624145508,217.8360510805404,285.89563369750977,91.47241830825806,270.28224823996504,250.52797317504883,85.73179721832275,134.51043276444295,253.64940643310547,96.90907716751099,105.44031148065334,262.4718475341797,101.24407768249512,169.71092134053728,284.59449768066406,109.56745862960815,276.9334377486123,255.58929443359375,105.09761810302734,208.27483904803242,257.7129554748535,111.52170181274414,151.56550494813376,266.56158447265625,114.55268383026123,155.94231871203016
562,22.48,338.14727783203125,123.01497459411621,257.54643315721336,325.8866882324219,91.5972089767456,254.4228157175031,306.44134521484375,75.9859299659729,221.20301578042879,288.0453109741211,71.52867794036865,202.40593858933872,274.5338439941406,77.7033805847168,201.9946968074327,290.3127861022949,61.68421268463135,192.84498738216013,257.83838272094727,53.28516125679016,179.4726318990442,249.47250366210938,62.15951442718506,169.90153707138367,249.67613220214844,69.47643756866455,166.62523121625512,282.56601333618164,72.15758800506592,213.90427375802278,247.89634704589844,67.71143674850464,150.72988352128627,249.01128768920898,79.16981220245361,144.83686105012552,257.07284927368164,84.1079592704773,144.1131543074566,277.55990982055664,87.36217975616455,232.3498890519454,245.45087814331055,82.61291027069092,148.96381639808075,249.5307731628418,92.9069995880127,143.57002857326657,258.50000381469727,97.10940599441528,143.33320554786167,275.55450439453125,105.13668537139893,251.68585364371933,249.91575241088867,100.45841932296753,183.21988907510305,253.10073852539062,106.46752595901489,171.05780958007395,261.91545486450195,109.60807085037231,169.62406568765152
563,22.52,330.80265045166016,119.98432874679565,198.63340228983722,317.7109718322754,89.472177028656,211.18430847843794,299.0812683105469,74.56378698348999,187.40534727528063,281.6893005371094,70.21643400192261,162.25144997308632,268.6029052734375,76.33795738220215,152.1520921452877,285.02079010009766,59.968167543411255,139.08188373665197,253.46172332763672,50.73700189590454,126.61028683899083,243.56815338134766,59.88020181655884,158.2257450110654,242.65993118286133,68.62242221832275,176.69963738231203,277.21662521362305,69.50353145599365,149.28992232281692,243.01013946533203,66.40624523162842,126.43810100230435,242.2030258178711,78.25251817703247,171.74446504506818,248.9486312866211,83.75136137008667,203.301008303945,271.73940658569336,83.70527029037476,171.8488520983573,240.4273796081543,81.41225337982178,129.12473258033427,244.04047012329102,92.06361293792725,138.867581952293,252.40163803100586,96.64053440093994,152.90909432336383,269.21274185180664,100.57127237319946,195.35376242926816,244.3639373779297,97.99510717391968,151.84399252159292,247.39795684814453,104.65215682983398,149.61885729562303,255.78134536743164,108.07883262634277,158.04641103937084
564,22.56,325.9519958496094,118.66653442382812,125.66182780095222,315.1289939880371,90.40207386016846,68.60811588924018,296.9260025024414,76.89198732376099,79.31616925329011,278.9203071594238,72.02450752258301,82.6757755549491,265.55721282958984,76.79162979125977,76.98238888396347,281.75012588500977,61.45264148712158,89.79458258092251,250.95975875854492,50.81753611564636,62.58150917773219,243.29315185546875,60.21728754043579,10.87579377785181,245.2307891845703,68.56139659881592,64.2895549019595,273.7453269958496,69.43443775177002,86.79964450056949,239.77960586547852,67.21740961074829,83.27039911387871,241.91688537597656,80.08827209472656,46.448013943122504,251.31885528564453,84.60094213485718,62.94714688438378,268.13743591308594,82.4144196510315,95.6572269205811,237.04900741577148,82.70674467086792,90.44717509705514,243.10855865478516,94.67163562774658,69.2380013781505,252.59084701538086,98.19113731384277,39.05260421270717,264.88847732543945,99.06648874282837,114.46516246283858,240.5347442626953,99.44296360015869,102.34441895127924,246.72889709472656,107.67804622650146,77.4743812273951,257.29413986206055,110.61575889587402,73.84333957785763
565,22.6,325.18810272216797,117.94105768203735,26.33734531316186,314.5892906188965,89.75907325744629,20.98704215943157,296.48183822631836,76.17425680160522,21.101229327605132,278.13167572021484,70.99588394165039,32.40376153087279,264.44082260131836,75.54186344146729,41.894533286379364,282.6839828491211,60.025691986083984,42.63415376733391,252.48056411743164,50.25066018104553,40.57552575790089,243.2131576538086,58.93935441970825,32.01085883485158,242.86102294921875,67.64157056808472,63.55053076599278,275.37981033325195,66.88596725463867,75.68948760806715,241.83832168579102,68.38531494140625,59.17301797580679,243.77334594726562,81.026451587677,52.00136184360738,252.81652450561523,84.81782913208008,37.83230317807142,270.1228332519531,78.97968292236328,99.18171135737212,238.7369155883789,83.8886046409607,51.51351150464445,244.76350784301758,96.26901626586914,57.502617976705984,254.42672729492188,98.86434316635132,48.88546895972357,266.5863609313965,94.81502294540405,114.44914308888039,241.87501907348633,99.96365547180176,35.94663226259913,247.68316268920898,108.96292448043823,40.01199001746606,258.0576705932617,111.28145456314087,25.32451750412097
566,22.64,327.2742462158203,118.20857048034668,52.58063910180779,316.5240287780762,89.12434101104736,50.904916076474336,297.7325630187988,73.45947504043579,74.72596819924586,278.8994598388672,67.48214721679688,89.91606580736513,265.4595756530762,71.78891658782959,97.21904348780815,286.1819076538086,57.98405885696411,101.25383873330398,255.57371139526367,50.04829287528992,77.49400222274662,248.11622619628906,60.00596523284912,125.44356240699086,249.99305725097656,69.25420761108398,182.80199587583738,278.2159996032715,64.82292652130127,87.67876967510169,245.79273223876953,68.86561632156372,99.5868096100364,249.11033630371094,81.17292881011963,133.47500150188415,258.8443374633789,84.05248403549194,151.90515579353934,272.1705436706543,76.94916486740112,72.09421583241195,242.6993179321289,83.90194416046143,99.06061993968643,249.43038940429688,94.86614942550659,121.8293347238194,259.03690338134766,96.30723237991333,131.79657412554783,268.07586669921875,92.78191566467285,63.00869308743246,245.41528701782227,98.57461452484131,95.07540385802137,252.38706588745117,106.85884952545166,128.82603753374846,262.4870300292969,108.77390384674072,127.24738604612023
567,22.68,328.8926315307617,120.29082298278809,65.93058144528557,319.35991287231445,91.20404720306396,87.91834436376841,301.20954513549805,74.4571852684021,90.43239995583289,282.68646240234375,67.58415699005127,94.70940558366375,269.4075012207031,70.79554080963135,101.77460305815973,289.9660110473633,58.416820764541626,95.21922521792222,259.9011421203613,49.58371639251709,108.807421589892,252.68531799316406,60.32710075378418,114.50908225736029,255.03889083862305,70.0511384010315,127.70947321505695,281.6581726074219,65.20156860351562,86.5733966676735,249.5199203491211,69.44647550582886,94.3044557599587,252.8433609008789,82.21766710281372,96.91152776915409,262.7517890930176,85.32289266586304,102.71963154044383,275.1683044433594,77.28469848632812,75.41200360270737,247.11397171020508,85.1703929901123,114.83175305018236,253.71578216552734,95.83731651306152,109.85148107204914,263.10510635375977,97.33447551727295,104.8972827579293,270.6460762023926,92.96406269073486,64.41639168967541,249.64204788208008,99.08173084259033,106.42683626366514,256.19693756103516,107.11220741271973,95.45716443848835,265.58414459228516,109.28694248199463,78.48298883172583
568,22.72,328.77777099609375,123.22970867156982,73.52823451806763,320.8553695678711,93.93141746520996,77.7614110401309,303.9521026611328,76.39719486236572,83.98384891634964,285.76622009277344,68.65443706512451,81.51076183110573,272.2045707702637,71.66027069091797,73.19219490777694,293.12231063842773,59.9980366230011,88.25556179215195,263.3437728881836,50.57815432548523,89.58450412209437,256.29114151000977,61.50451183319092,94.82965017779004,258.6952781677246,71.11940145492554,95.23114725737545,284.94516372680664,66.62332534790039,89.53247615780921,252.4087142944336,68.49184513092041,76.06103474830263,254.40914154052734,81.07238531112671,48.498320807707366,263.74317169189453,85.03384351730347,25.81652653387741,278.223876953125,78.4967851638794,82.17997580133449,249.54601287841797,84.58734512329102,62.523840747386,255.35924911499023,95.17762899398804,44.273095927423796,264.56050872802734,97.1820330619812,36.58410492617559,273.0568313598633,94.0562653541565,66.16573455751521,251.62309646606445,99.28180932998657,49.77816346818945,257.6877021789551,106.97616577148438,37.42397689142566,266.8449020385742,109.24212455749512,31.53884494486286
569,22.76,328.9213180541992,124.19254302978516,24.336903039040646,321.6793441772461,95.66093444824219,47.8941746946561,304.9782180786133,77.87346839904785,44.946470975894464,286.6689682006836,70.38575649261475,48.81355540690311,272.5770378112793,73.03781747817993,35.67533153085871,294.1763496398926,60.74641942977905,32.31751694215009,263.8862419128418,51.42949461936951,25.23703799359918,255.12725830078125,62.00935363769531,31.7164130646433,256.3058853149414,71.96927547454834,63.40092691633772,286.09256744384766,67.4402117729187,35.21220244157853,253.7168312072754,68.94530296325684,34.61208119437853,253.45197677612305,81.60322666168213,27.36280465427287,261.3006401062012,86.37684345245361,69.68504759327415,279.1932487487793,79.41262006759644,33.33949655697838,250.43031692504883,84.86852645874023,23.198283749729192,254.3915557861328,95.73353290557861,27.90003962404065,263.0533027648926,98.81308794021606,55.520321905152116,273.4669303894043,95.05350351333618,26.95673802774752,251.24866485595703,99.4050121307373,9.854502802033604,255.3342056274414,107.17771768569946,59.05277931705729,263.5114288330078,110.27037620544434,87.21147094756033
570,22.8,327.84549713134766,124.75653648376465,30.36732695448458,321.1135482788086,96.24847412109375,20.391908105042837,304.9894714355469,78.61611127853394,18.568203408206614,286.7304229736328,71.118643283844,18.386471553096847,272.5135612487793,73.97212028503418,23.41141560332457,294.5405387878418,61.54372215270996,21.913542723008906,264.1824531555176,51.49121046066284,7.564305377646825,254.26393508911133,61.281559467315674,28.229099815689473,254.06185150146484,71.2553358078003,58.87166977727103,286.44195556640625,67.89355516433716,14.308919655406537,253.3788299560547,69.70763683319092,20.847628388431783,253.57477188110352,82.26945161819458,16.936173019737623,261.71642303466797,86.81217670440674,15.049719346646231,279.4194984436035,79.6994161605835,9.132391641866562,249.5547103881836,85.05523681640625,22.38229720477911,253.7857437133789,96.06138467788696,17.22090031219532,262.56418228149414,99.18723106384277,15.39524935323134,273.61522674560547,95.37699937820435,8.896677183411875,250.89435577392578,99.67022895812988,11.064438845407265,255.1812744140625,107.45868444442749,7.997275924325657,263.515625,110.56729316711426,7.423665281749482
571,22.84,327.3482894897461,124.03887748718262,21.826730662225213,320.1310729980469,96.9167947769165,29.705956644955634,303.95172119140625,79.6508002281189,36.635935155997764,285.11077880859375,72.1741533279419,48.33055887929909,270.3748321533203,74.69141721725464,56.41115924877236,293.46506118774414,62.69075632095337,39.30918667618981,263.5062789916992,50.740073919296265,25.266301712849682,252.49610900878906,60.357398986816406,49.87034216335536,251.7134666442871,70.90917348861694,59.34401711969415,285.34080505371094,69.07030820846558,40.29019870324115,252.37003326416016,70.33038139343262,29.63825181340805,252.46904373168945,83.2308554649353,36.63103275344645,260.8952522277832,87.8560996055603,33.20482379896642,278.2789611816406,80.82223892211914,40.012155963440804,248.79568099975586,86.35102987289429,37.54335208911484,253.16844940185547,97.63498306274414,42.258609654308266,262.273006439209,100.71740627288818,38.940816805021846,272.4220657348633,96.4488673210144,40.097802966459284,249.91029739379883,101.18931770324707,45.24931982251083,254.26620483398438,109.64303255081177,59.206888251330895,262.88543701171875,112.90603637695312,60.55398780293797
572,22.88,327.57659912109375,124.55627918243408,14.138374243861819,319.23877716064453,97.75528907775879,30.61111475010489,303.5969352722168,81.13632917404175,38.18269648700314,285.4847717285156,72.79481649398804,18.115833368874306,271.2352752685547,74.92954015731812,22.319622660602796,292.40447998046875,63.61686944961548,35.2004796159268,262.96836853027344,51.59664988517761,25.286731325895754,253.44587326049805,62.14160442352295,50.531185755664254,253.9366340637207,72.61465072631836,70.0496519582212,284.8836898803711,69.29784536361694,12.765369135670653,251.8882942199707,71.68617725372314,35.97095114009966,253.38272094726562,84.92257833480835,48.06722065708166,262.65270233154297,89.13604259490967,54.35350105553114,278.31960678100586,80.67112684249878,3.91207468574457,249.39544677734375,88.79481554031372,62.90770708074177,255.14684677124023,99.96346950531006,76.38678413345565,264.56430435180664,102.4906325340271,72.43263032582016,272.42645263671875,95.75378894805908,17.377305412845722,250.85071563720703,102.78136968612671,46.226453389306485,256.0995101928711,111.24210119247437,60.81749881649722,264.7755241394043,114.10324573516846,55.933775561154505
573,22.92,327.75997161865234,126.2779426574707,43.28503345655437,318.72596740722656,98.48095178604126,22.214300143607495,302.8076362609863,81.3439679145813,20.403841177922946,284.6367073059082,73.02979946136475,22.000429823210606,270.605525970459,75.2157711982727,17.293647447436783,294.77182388305664,63.61272096633911,59.183688436054524,266.89958572387695,51.77537441253662,98.38194410041535,258.4926223754883,62.52545356750488,126.53313991547425,259.2488670349121,72.3737096786499,132.94235529136455,286.8470001220703,68.67109537124634,51.523069214779895,254.07928466796875,72.23140954971313,56.4453131347568,256.70127868652344,85.61639785766602,84.75778356250815,265.87745666503906,88.84052753448486,80.95666148602176,279.7739791870117,79.17872428894043,52.09645187785558,251.1513900756836,88.95781517028809,44.08731213708478,257.81774520874023,100.00478267669678,66.78044830623129,267.08457946777344,101.52327060699463,67.48877572434465,273.4088706970215,92.95812606811523,74.08135807806558,252.42990493774414,101.81126117706299,46.33404098425314,258.6711311340332,110.25920391082764,68.8264181260184,267.58167266845703,112.60381937026978,79.54066959289638
574,22.96,328.33702087402344,130.5900478363037,108.76361097709444,320.39283752441406,100.58264493942261,67.06139956479576,305.42179107666016,82.42631435394287,70.73400532589214,288.22460174560547,74.2831563949585,95.0127955639334,274.0779685974121,76.90749406814575,96.56534078647414,299.9395561218262,65.67000389099121,139.05455207328492,274.85822677612305,53.448686599731445,203.3161655438266,265.1372528076172,63.72425079345703,168.7976384026968,264.1620445251465,73.84644269943237,128.2289349197579,291.29785537719727,69.49098587036133,113.14352868323448,260.0270652770996,73.62281799316406,152.7091017892753,261.74869537353516,86.88974618911743,130.13894302229073,270.13126373291016,90.52785873413086,114.40596888921723,283.02438735961914,78.79261493682861,81.8315102831014,256.1631202697754,89.02152299880981,125.30337741304689,262.03800201416016,100.06901979446411,105.51864145434273,270.8379936218262,101.95297479629517,94.44827785005478,275.85241317749023,91.14725589752197,76.03515070593929,256.84412002563477,100.97220182418823,112.33130529767695,261.7831230163574,109.71217632293701,78.9926130152579,269.2120552062988,112.47744083404541,40.881832411519234
575,23.0,327.1117401123047,133.3619213104248,75.76524393469533,321.4890670776367,103.2681941986084,72.5167827854012,307.72899627685547,84.38719511032104,75.69779214309412,291.43842697143555,76.0309910774231,91.45900263030384,277.3186683654785,79.18973922729492,99.09205932239689,304.94815826416016,67.62492656707764,134.4149779825278,280.22499084472656,55.152647495269775,140.76940208541757,272.2055244445801,66.2126111984253,187.33726511112897,273.8285446166992,76.0393238067627,247.80278394682546,295.4578399658203,70.74484348297119,108.62098867818138,263.8780403137207,72.00980186462402,104.37860701434805,265.864200592041,85.68943977355957,107.1742701595698,275.2233123779297,90.22514820098877,127.52596076417248,285.80549240112305,79.0241003036499,69.76805647523635,258.2015609741211,88.5977554321289,52.05057309785398,264.52518463134766,100.60162782669067,63.58925168233973,274.0681266784668,102.66991853713989,82.71852834741341,277.2572708129883,90.76526641845703,36.396608170726815,258.8260841369629,101.60846471786499,52.03972165845171,264.5343780517578,111.38832092285156,80.54061471409439,272.50370025634766,113.99674415588379,90.63391238679677
576,23.04,324.1602325439453,133.0332326889038,74.24382607328388,321.1863327026367,103.93624305725098,18.336053612696556,309.4439125061035,86.23273372650146,62.98288684809291,294.35142517089844,77.40609169006348,80.53128353688861,280.62273025512695,79.00514602661133,82.73035877311688,306.72752380371094,68.90556335449219,54.80746017092646,282.7817153930664,54.7863507270813,64.57076417809428,275.5539131164551,65.83701610565186,84.23471067371928,278.2468605041504,76.03591918945312,110.45792997993189,295.80223083496094,72.07092761993408,34.25186317060038,266.93925857543945,69.23611164093018,103.27274175361809,267.1775245666504,83.25132608413696,69.23338349756605,276.0323715209961,89.55456018447876,26.271003321939578,285.1737976074219,80.40884256362915,38.05053743839896,260.05565643310547,86.84891939163208,63.71860730767297,264.50551986694336,99.19841766357422,35.0836987149337,273.39399337768555,102.91566610336304,17.938219907623605,275.6779479980469,92.36326932907104,56.16868487047134,258.61833572387695,100.8806562423706,18.92195451289959,263.2977867126465,110.74194431304932,34.88338484924263,271.0177993774414,114.38427686691284,38.390127507374
577,23.08,324.0804672241211,131.9624662399292,26.84333360557555,321.41441345214844,103.57759952545166,10.625617958479951,309.4205856323242,85.36763906478882,21.6352275924595,294.3867492675781,76.27261161804199,28.350759089000437,280.90423583984375,77.48374700546265,38.68058602014479,306.9271469116211,68.07969331741333,21.241332105066164,282.3302459716797,55.48341751098633,20.762447165359617,276.42276763916016,67.56866455078125,48.43497263821953,280.3120422363281,77.37637996673584,61.55186168160355,295.57884216308594,71.68319463729858,11.187028329316723,267.5647735595703,68.42968940734863,25.5145278981759,267.8823471069336,82.29608058929443,29.678156621371134,276.67713165283203,88.43973398208618,32.19620599878728,284.5511817932129,80.39464473724365,15.569441832825714,260.65670013427734,86.24618768692017,21.279964734805663,265.0861358642578,98.12087774276733,30.600318802158384,273.73714447021484,101.44186735153198,37.830505491623626,274.7236633300781,92.40070581436157,23.875467507872166,258.84952545166016,99.5730972290039,33.196001864578584,263.6083221435547,109.06253814697266,42.69687726070879,270.96961975097656,112.72287368774414,41.55254053723851
578,23.12,322.74166107177734,131.61529541015625,34.577173635567675,321.3358688354492,103.20560932159424,9.504800385144652,310.5864715576172,84.30911779403687,39.36811266296756,295.47122955322266,75.14981746673584,39.02534589980391,282.3183059692383,76.50758028030396,42.95707018461069,309.7191047668457,66.55850887298584,79.48675510469721,283.5686683654785,55.56772828102112,31.032224495335882,280.0361633300781,68.91129970550537,96.36939859806901,285.98926544189453,77.89255142211914,142.51599975347992,297.5471496582031,70.6025218963623,56.13648528551434,269.3947982788086,65.92911958694458,77.46708938211563,270.26586532592773,80.24029970169067,78.69003335125223,279.47179794311523,86.73505783081055,81.83856232995082,285.8047866821289,79.1856336593628,43.54044817718903,261.83279037475586,82.5396466255188,97.21636594988516,266.5276336669922,95.03630876541138,85.11933421436491,275.44443130493164,98.87387752532959,77.09328798392687,275.1729393005371,90.86612462997437,39.97490079027015,259.3893814086914,96.85305833816528,69.32737564454938,265.0203323364258,106.87457799911499,65.1006067242522,273.06413650512695,110.86054801940918,70.06807996671856
579,23.16,322.10018157958984,129.82558250427246,47.53004460591301,321.8830108642578,101.54282569885254,43.762239543260876,311.28746032714844,81.91720962524414,62.31276927196735,296.2466239929199,73.6495041847229,42.220969917934994,282.5624084472656,75.45151948928833,27.097629210177658,311.270809173584,64.99938726425171,54.992310580166034,285.0587463378906,54.56471085548401,44.90529144626829,281.2689208984375,67.28417873382568,51.034387174404095,286.758975982666,75.74263572692871,57.08870188684929,298.49523544311523,69.72129821777344,32.3595216595721,271.3229560852051,64.85689401626587,55.15580318960661,272.25399017333984,77.91438102722168,76.49566200584933,281.1930274963379,84.22737121582031,76.03914836240706,286.1113739013672,78.65317583084106,15.360400836125997,263.07228088378906,80.58408737182617,57.882147057006335,267.50125885009766,92.08120107650757,77.78418641582766,276.5203857421875,95.78487396240234,81.77568771809486,275.1981735229492,90.39248943328857,11.857673294125089,260.6278419494629,95.47909498214722,46.24364696047735,266.21362686157227,105.06375074386597,54.2162750708752,274.1592025756836,108.6663293838501,61.30744815843708
580,23.2,324.3832778930664,127.46658325195312,82.07240038928074,324.64317321777344,100.34887075424194,75.18321217002588,313.3950614929199,79.2481255531311,85.02202824110067,296.6627311706543,71.532461643219,53.9387054088909,281.7307662963867,74.36564683914185,34.193823267648085,312.1200942993164,62.343764305114746,69.7030241716854,286.2920951843262,52.17385768890381,67.25570719811844,282.1270561218262,64.26819562911987,78.39224351574597,287.11328506469727,72.16465473175049,89.8870225876154,299.9494743347168,67.36173391342163,69.29265139707171,272.5087356567383,61.877310276031494,80.17166136381411,273.2847595214844,74.76974487304688,82.73157646576671,281.83637619018555,81.26034736633301,75.89930856611092,287.89791107177734,76.90076351165771,62.5632879455011,263.79154205322266,78.40463161468506,57.37684652361158,269.05330657958984,89.80977058410645,68.77612520177088,278.8102722167969,93.20900201797485,86.16371169424956,276.6681671142578,89.59472894668579,41.81284904542686,261.2069511413574,94.40011739730835,30.61413158903756,267.62516021728516,103.40558052062988,54.44007544721132,276.2180519104004,106.49682283401489,74.77307023939858
581,23.24,329.0747833251953,124.64670181274414,136.84378536969254,331.31763458251953,99.045889377594,170.01138744467175,320.3623962402344,75.49135208129883,197.8905954053244,302.0158576965332,65.65760135650635,198.69880943035014,286.4706230163574,67.25528240203857,213.63450703578172,315.444393157959,56.94605469703674,158.48152872399265,289.2489814758301,45.372090339660645,185.41712369363654,285.8857536315918,58.15212965011597,179.46808565425937,291.4933776855469,66.49063110351562,179.19918300069884,302.81110763549805,64.05823230743408,109.26478163417555,274.65137481689453,57.68648386001587,117.66990009080871,276.24462127685547,70.75641632080078,124.66852970773684,285.4368782043457,77.41253614425659,131.7413800659946,290.8024215698242,75.54120540618896,80.17394946072837,267.28002548217773,76.27424955368042,102.1886868736718,273.2505798339844,87.10853576660156,124.78424457678014,283.5160827636719,90.37241220474243,137.36560402720437,280.3769111633301,89.61767435073853,92.7203757039684,265.1150703430176,90.43323040008545,139.21563342329978,271.9900131225586,98.97546529769897,155.47882044895644,281.33838653564453,102.56372451782227,161.41384900178048
582,23.28,335.4298400878906,124.55716609954834,158.89218652323837,338.20919036865234,96.88400745391846,180.5672911363235,326.1759567260742,72.50710487365723,163.36924610914974,306.3503837585449,61.759915351867676,145.73107161183702,290.0150680541992,63.48545551300049,129.36065234354473,320.9516906738281,53.36405038833618,164.24273346910928,294.5641326904297,39.829591512680054,191.9800212280254,287.2884750366211,51.11359119415283,179.42381902948264,289.9073600769043,59.10120248794556,188.9429595134635,308.4264373779297,60.90750217437744,160.97171430019256,279.58248138427734,53.183884620666504,166.93788494728244,278.2623481750488,65.30294895172119,145.36920276770468,285.69372177124023,71.97431087493896,136.10717903939684,296.3752746582031,72.95830965042114,153.55789223819167,273.1589889526367,72.74818897247314,171.38282204857737,278.1885528564453,82.7655816078186,164.40200043613027,287.7505683898926,86.7990517616272,138.51844050317465,286.1410903930664,87.72918462753296,151.64134418747895,271.62059783935547,88.15705060958862,172.30583718397813,277.4715232849121,95.49933671951294,162.2698823566517,286.1359405517578,99.23881530761719,145.92709179936233
583,23.32,347.7436065673828,127.42667198181152,316.09226196615487,347.33985900878906,97.51090049743652,228.80409838985,331.87843322753906,72.2989010810852,142.65690280573548,310.0094795227051,62.979254722595215,96.42280044257241,292.87841796875,66.17922306060791,98.28261651260128,326.1800003051758,54.19041037559509,132.33029799942173,295.3188705444336,40.51070809364319,25.415903302968257,289.2355155944824,54.04355049133301,87.94752845123584,294.03249740600586,62.96281814575195,141.2640114125027,314.8014831542969,62.74947166442871,165.89541180563293,282.3822021484375,56.87129259109497,115.74598777508692,283.64702224731445,70.42153358459473,185.73271034678228,293.4260940551758,75.99207401275635,217.84742620837125,303.5568046569824,75.93986749649048,194.39659898134886,277.85070419311523,77.54841327667236,167.80633418535498,284.6644973754883,88.22976350784302,211.83003394566876,295.3723907470703,90.65438747406006,213.5354032413808,293.75572204589844,92.22482442855835,221.06756946247663,277.8230667114258,94.41093921661377,220.20124718379793,285.30834197998047,102.77214288711548,267.2889784611527,294.8040580749512,105.28671026229858,264.23627539896995
584,23.36,364.7877502441406,135.32429695129395,469.62439368643027,357.9361343383789,104.17383670806885,312.9254801540514,337.75012969970703,80.14256715774536,244.94886836774108,316.3435363769531,73.19160461425781,300.4292414015609,299.0537452697754,77.86094427108765,330.3381579099681,329.9159622192383,60.719311237335205,188.05577278721785,295.7892608642578,49.094223976135254,214.90988221516517,290.7317924499512,64.03718948364258,252.62579136048947,297.33678817749023,72.61922836303711,255.15264522806484,319.7841453552246,71.9302225112915,261.14305074126264,285.9998893737793,68.8837194442749,313.63400222572284,288.0837059020996,82.8919529914856,330.90361326638435,298.71986389160156,86.74989938735962,299.7444806325771,310.1774597167969,87.77071952819824,338.93411345091323,284.0350151062012,90.51555633544922,359.1591748240766,291.00061416625977,100.58682203292847,347.17005143254664,302.1145248413086,101.913743019104,328.09055479623504,302.20455169677734,106.25069618225098,409.3499426839792,286.2678909301758,107.68954753875732,393.41175555841505,294.7221374511719,115.6572675704956,398.94077198225466,304.9679374694824,117.49708414077759,397.175712530691
585,23.4,376.6316604614258,150.0798797607422,473.02578767018366,366.79256439208984,116.64463520050049,382.39146199862193,343.7897491455078,92.16013669967651,336.2467293012363,321.0157775878906,84.37572956085205,303.0207178913414,303.2909965515137,88.93804550170898,296.4967011810855,331.47621154785156,73.34868907928467,318.13476177769604,295.73535919189453,66.61306858062744,437.97318815384443,295.3953742980957,80.48930168151855,427.5080345925111,304.56180572509766,87.84610748291016,421.3510459629098,322.2591781616211,85.90105533599854,354.70935039184747,288.34716796875,85.46645164489746,418.7009105853275,292.8385925292969,97.8355622291565,392.046237615621,304.1301155090332,101.5564227104187,394.100205753732,314.5702934265137,102.53296852111816,385.04949627465874,287.7549171447754,105.94542503356934,396.798531387321,295.0009346008301,114.97657299041748,373.3861072986286,305.9480094909668,116.16258144378662,368.8876870165539,309.13949966430664,121.45125389099121,417.69490807367464,291.74034118652344,122.93948650360107,405.05273594902064,300.4242515563965,130.04353523254395,386.8775666418086,310.7743835449219,131.82443618774414,386.4807827569688
586,23.44,385.61779022216797,159.5668888092041,326.68205946540616,370.6207275390625,125.70852756500244,245.9788835895223,345.0477981567383,103.79437923431396,292.55158377351296,321.35669708251953,97.53338098526001,329.0516839229466,303.66832733154297,105.11119365692139,404.438731274596,329.93125915527344,87.90768384933472,366.0184478015397,293.63351821899414,83.65349292755127,429.23900495426005,294.78485107421875,97.43316650390625,423.8715118746484,305.0757026672363,104.77079629898071,423.31222341491275,321.6119384765625,101.89666271209717,400.2174210196688,287.5505828857422,105.17130374908447,493.02367098494483,294.1585350036621,116.93612337112427,478.652851810215,305.92905044555664,119.60484266281128,453.4462686497204,315.46281814575195,119.84479665756226,433.3705067550663,289.8037338256836,128.90198707580566,576.1951658243788,299.34814453125,136.2154769897461,541.9809021496044,310.7205009460449,135.48681735992432,497.62107096623976,311.41550064086914,139.7257661819458,460.3924819634628,293.62085342407227,145.72693347930908,571.6227262945569,304.10961151123047,151.04857921600342,533.1473475643019,314.9564743041992,150.3515338897705,474.8310438851274
587,23.48,392.2396469116211,168.18720817565918,271.7522906933532,372.2819519042969,136.9020652770996,282.90342091404386,344.85633850097656,120.08777618408203,407.3630452085213,319.2290687561035,120.21520614624023,569.5348951823779,302.06504821777344,130.14940738677979,627.237320865635,327.1369171142578,102.40498781204224,369.10378759683107,287.54045486450195,108.09737205505371,629.7959232172975,282.1978950500488,124.87476825714111,754.765265139405,286.1312484741211,133.15558433532715,853.1517071070058,320.34847259521484,114.22857284545898,309.91163415020566,279.38669204711914,123.31369400024414,497.3652063941085,282.58283615112305,138.85512828826904,619.6972952995333,292.8412437438965,144.20843124389648,696.7008214288104,316.7892074584961,130.63227653503418,271.71794971512224,285.8095932006836,147.19350814819336,468.0630983597982,296.21564865112305,156.4048719406128,510.77404429520874,308.25443267822266,154.14537906646729,470.52060107557435,315.51185607910156,149.59762573242188,267.2004618033318,294.852237701416,163.38772773742676,442.59177089760976,305.7754135131836,168.94211769104004,449.27275642651574,316.87705993652344,165.6946563720703,386.5715139837841
588,23.52,389.71446990966797,170.25275230407715,81.55899489646636,370.17032623291016,141.2478733062744,120.79168639257529,343.78726959228516,126.8161153793335,170.3185556866305,319.60779190063477,125.39989471435547,129.9625589558115,303.4959411621094,134.47201251983643,113.83203018724011,327.6395034790039,110.2309513092041,196.05212590172712,287.98912048339844,115.82226276397705,193.44772760100776,279.73148345947266,132.6355504989624,203.5818740996745,281.77621841430664,141.59823417663574,237.49292511151188,321.2818145751953,119.9376368522644,144.62135709628743,272.6775360107422,121.2277364730835,175.64878580133185,270.1344871520996,139.17747974395752,311.3130490985644,280.1956558227539,149.5134401321411,342.831967930083,318.9013862609863,135.90628623962402,142.03097738212986,273.39807510375977,141.84722900390625,337.85026468735657,276.80919647216797,157.5529146194458,486.00950875889015,287.7713394165039,163.213849067688,560.0191167112667,320.1443862915039,156.5885066986084,209.66156188636714,288.80605697631836,166.04886531829834,165.14757526389366,293.2790756225586,174.537091255188,342.2920809230259,302.76201248168945,175.86370468139648,434.91673640596485
589,23.56,389.26700592041016,167.58441925048828,67.6397872305818,367.7140426635742,138.41082572937012,93.81553684827554,341.00669860839844,123.6130142211914,106.04077053698484,315.642147064209,119.63519096374512,174.92524885821143,298.59058380126953,126.21943473815918,240.0098577144522,328.2101821899414,108.35240364074707,49.08293704144187,283.46601486206055,108.30235004425049,219.38489546639795,269.8854064941406,125.70425033569336,301.02756680304157,268.8684844970703,138.57479095458984,331.4275974808717,324.28043365478516,115.20669937133789,140.030099070065,273.7390899658203,114.04914379119873,181.41645751549032,262.2235107421875,132.7319097518921,255.1089476586428,265.755558013916,147.28214263916016,365.2867993363126,322.39593505859375,129.75265502929688,176.91637920846222,273.34232330322266,129.29981231689453,313.68851367714603,265.8109474182129,146.6083860397339,387.898334042693,270.55383682250977,158.4962797164917,446.30276729868416,322.51659393310547,150.00997066497803,174.82939083690644,286.47993087768555,157.68526554107666,217.02630004835135,284.50469970703125,169.19865131378174,256.7691250362228,290.84781646728516,176.62230491638184,298.45805922500136
590,23.6,387.37152099609375,162.96175003051758,124.90479828547252,366.99390411376953,134.2032766342163,106.71828837834107,339.3061828613281,118.32063674926758,138.97169925780065,313.8759994506836,115.19150733947754,119.54497465740998,297.109375,122.62404441833496,97.2137177332886,329.27459716796875,100.78522682189941,191.04178903638186,285.6791877746582,96.34665727615356,303.97031506606555,271.41557693481445,113.68666648864746,302.8652166169491,270.4627227783203,127.21763134002686,286.7126939639047,325.7918930053711,105.41532039642334,247.68378479281853,276.09119415283203,99.64905738830566,364.77294523215386,265.44164657592773,119.88258361816406,331.15477908308696,269.2538833618164,134.92466926574707,321.0777051727274,323.1576919555664,118.10489416122437,291.816088069488,276.0895347595215,116.3726019859314,330.39742898381064,271.83034896850586,135.09424209594727,324.8160111720052,278.4530258178711,146.31850719451904,362.88370242867563,321.39041900634766,137.26289749145508,319.91809934029055,289.370059967041,145.3333568572998,317.1380754946305,290.3202438354492,156.62083625793457,346.42999390990997,298.4237480163574,161.42000198364258,424.63569186936667
591,23.64,387.2937774658203,156.27978801727295,167.0603566135298,369.76966857910156,122.0172643661499,312.45375994343647,344.2906188964844,102.36887454986572,417.80925661032063,321.03099822998047,96.59757614135742,498.076478146281,303.87508392333984,101.91734790802002,544.5996795844916,337.4723815917969,86.4561653137207,412.7087904660559,298.9469337463379,80.0273323059082,525.8050082097309,286.2598991394043,95.68696975708008,583.2789770674045,285.1460075378418,107.12438106536865,622.1623371000368,330.4071044921875,91.3738489151001,369.51243080312605,285.58393478393555,82.71287441253662,485.3776998882756,277.99001693725586,101.71229124069214,552.0536227396034,283.7658500671387,115.11327266693115,613.9465636620772,325.1295471191406,103.69311332702637,363.6513092914962,281.1208915710449,101.1937665939331,399.77462027235043,281.3594436645508,118.91316175460815,469.461797393477,291.2875747680664,126.99987888336182,579.8356699205846,321.4369583129883,121.82942390441895,385.8385939003547,292.78661727905273,133.11302661895752,317.22363464163925,297.26951599121094,143.63697052001953,368.1653441348136,307.6091957092285,144.9993896484375,470.37814494136
592,23.68,388.51696014404297,149.8457908630371,163.73090584290057,373.8390350341797,113.34011793136597,239.59942299126925,351.19396209716797,92.88868188858032,293.1831767870493,329.38941955566406,86.21238470077515,333.27485683290155,312.957763671875,91.31352424621582,349.04883940600746,344.76783752441406,77.03538179397583,297.8829881331929,308.55777740478516,70.4824447631836,338.6306930403455,302.17092514038086,84.67637300491333,483.7315818474236,305.3401184082031,91.16466522216797,643.4839953527188,335.9891891479492,81.65659189224243,280.1615082773317,292.45140075683594,71.27706527709961,333.4852128197453,290.2300453186035,88.99610996246338,441.24791860484436,299.7698211669922,97.88531541824341,587.8613792423555,329.1271209716797,93.6440920829773,270.3740749751324,287.19043731689453,88.58742713928223,349.78491606168546,290.31673431396484,106.68708086013794,378.90476195890096,301.30218505859375,112.1905517578125,446.94000518992124,323.6741638183594,111.55693531036377,262.83206424000144,294.8686981201172,118.43342542648315,370.6630476244753,299.97215270996094,129.1926670074463,367.3742550152973,310.40496826171875,129.80342388153076,386.2752578750185
593,23.72,383.2421875,146.3787031173706,157.80510900018194,375.9013366699219,111.7095422744751,65.72606508090033,356.5576171875,90.50378322601318,146.74922818953607,336.3846206665039,80.20389318466187,230.53580101621455,321.00467681884766,83.19487810134888,285.7722283791808,347.72022247314453,71.00001096725464,167.9700083004542,312.9331588745117,58.14239501953125,327.31940696497134,305.20891189575195,68.98085117340088,399.67077786699497,307.08322525024414,77.60335922241211,341.821812025089,337.5642776489258,76.27271890640259,140.2386183295382,299.077091217041,70.21639108657837,167.75131112172133,299.84424591064453,84.32012557983398,267.2752361454805,309.58038330078125,92.1929669380188,283.55991496645294,329.51915740966797,88.10181140899658,138.90322089023584,293.9895439147949,88.82060766220093,170.0775993588685,299.6348571777344,102.80789136886597,252.33351542836542,310.0484085083008,107.85907745361328,244.00063304239507,323.76808166503906,104.02346134185791,188.35148425895196,301.73397064208984,112.60270357131958,225.17948973157357,306.69307708740234,122.9082727432251,230.0331983587673,315.2107238769531,126.24202251434326,149.53859604538914
594,23.76,379.87796783447266,141.7920970916748,142.20348271242767,370.28663635253906,110.8241057395935,142.10220246208752,353.07960510253906,90.94845771789551,87.65808386447144,334.2662811279297,82.08200454711914,70.77545783355077,318.53410720825195,85.28175115585327,80.84998974341117,344.8912048339844,71.004159450531,70.72551702087797,313.00336837768555,57.55623936653137,14.758637807222188,300.57281494140625,67.47945785522461,121.82871394389608,298.3812713623047,78.12129020690918,217.93384026540986,337.44483947753906,74.52424764633179,43.81364815954739,300.1910400390625,76.47587299346924,158.9457370472255,299.89322662353516,91.40950441360474,177.23870090740627,308.6160087585449,98.88795375823975,169.10216361094726,330.4823684692383,85.56421995162964,67.85621724361488,296.9294738769531,94.16334629058838,152.4550020367874,302.1713638305664,107.76540756225586,139.2184273174356,312.3425483703613,112.4245834350586,127.73733443405484,324.12010192871094,100.65820455551147,84.59045271219425,302.0453643798828,113.4037184715271,21.485328283085682,306.9745635986328,123.09682846069336,8.470091299488445,315.09206771850586,125.93098640441895,8.32251260190973
595,23.8,375.7377624511719,139.40385818481445,119.4910710371132,364.5766830444336,109.8103380203247,144.98123104684976,347.85816192626953,92.6089882850647,136.97817026700568,330.01625061035156,85.62593221664429,138.34328391534615,314.3172073364258,88.98979425430298,140.38302102855977,341.58058166503906,73.83484125137329,108.89497584937409,311.6790771484375,58.922964334487915,47.57680893762157,298.56388092041016,68.46068859100342,55.89403846538866,295.85865020751953,79.5873212814331,72.942034357938,334.83943939208984,76.8021297454834,86.51898802753556,298.10150146484375,79.39451694488525,89.73800048016663,298.1815528869629,95.4351282119751,109.36028171392105,307.4958610534668,102.66075611114502,98.3894318361967,327.7939224243164,86.6659927368164,72.63627454066201,294.33258056640625,95.54721593856812,73.56523494900065,299.8119354248047,109.80837106704712,78.02484493666213,310.5706596374512,114.39053535461426,66.16530733614557,321.09493255615234,100.71964502334595,75.64483072124904,299.95615005493164,114.82749938964844,63.205857117772425,305.31843185424805,124.75331783294678,58.55942171817576,314.06652450561523,127.1218729019165,39.290182706911885
596,23.84,370.3117370605469,137.01398849487305,148.2253956703435,359.6348190307617,109.95168685913086,123.59712634163704,343.9391326904297,93.24567317962646,99.26025704659746,326.41075134277344,86.52123212814331,92.87487180353385,311.5206718444824,89.67613935470581,71.98819501551044,337.0732116699219,74.37538146972656,113.49165167684174,309.2461395263672,57.93939471244812,65.60580516560944,295.22417068481445,65.2997875213623,114.95912325094363,289.9244499206543,75.72001934051514,177.0782972071594,329.8296356201172,78.05422782897949,129.0975489803303,294.021053314209,80.54744482040405,106.00501107308256,294.66543197631836,94.87260818481445,89.02083688394441,303.47036361694336,101.53176069259644,104.52051313785388,323.0413055419922,88.7506628036499,129.74305501091558,290.43554306030273,96.07303619384766,98.30878732608211,296.7337417602539,109.22875642776489,78.30720499477854,307.0820617675781,113.96829128265381,87.85145543041853,316.99289321899414,103.20075273513794,119.8504855046148,297.0381546020508,115.33184051513672,74.03148584340718,303.3773422241211,124.7370958328247,48.528935347084115,312.2953224182129,127.40173816680908,44.829408601607525
597,23.88,367.57617950439453,135.3391456604004,80.18873698658756,359.720458984375,108.47120761871338,37.07385351364561,344.14188385009766,89.88038778305054,84.28468808580352,326.1967086791992,81.89098834991455,115.87971055057504,311.13182067871094,83.72361660003662,149.13025425357256,336.20948791503906,71.44616603851318,76.3475677707198,312.6578712463379,52.787582874298096,154.4770989191379,299.02734756469727,57.58675217628479,214.9928321684385,292.4847412109375,67.02223777770996,226.66949453633708,328.0471420288086,76.11697196960449,65.81338991677043,295.08718490600586,78.5671591758728,56.22592709864755,296.5589141845703,91.9430136680603,87.20593050920719,305.7721519470215,97.1167802810669,124.47459969476051,320.8205795288086,87.73500680923462,61.04906389854597,290.32825469970703,92.05518007278442,100.48220800807411,295.4147148132324,104.66752052307129,118.70316198725209,305.28886795043945,109.47269439697266,121.00086627884745,314.81576919555664,102.70408630371094,55.82644174994006,295.1515579223633,110.35451173782349,133.07199364741987,300.0267791748047,120.34848690032959,138.03568630480214,308.4219551086426,124.73759651184082,117.5282547746099
598,23.92,366.51702880859375,133.3969259262085,55.30606709654303,361.80919647216797,107.01061964035034,63.71882343276939,346.4466094970703,87.90421485900879,75.89886253071107,328.587646484375,79.9969482421875,76.25603057257784,314.3631172180176,82.03550577163696,91.14204399553772,337.0286560058594,68.52277278900146,75.89987010985627,314.36235427856445,49.77634906768799,86.50430424702813,300.07699966430664,52.91143298149109,119.79247446996825,292.467098236084,61.04118347167969,149.5270081921761,327.79544830322266,73.54488372802734,64.60934362554865,296.1630630493164,76.27404928207397,63.32390328842765,298.74378204345703,88.86459589004517,94.37393567875311,308.5575866699219,93.01775693893433,123.89672855569782,319.8563575744629,85.68414688110352,56.655485292997895,290.7224464416504,89.21474933624268,71.69132574145318,296.69517517089844,101.09994649887085,94.76010218475356,306.55017852783203,104.58162546157837,126.27712506482867,313.4336471557617,101.28409624099731,49.53933482024861,295.2495765686035,108.25849771499634,52.4576164566382,301.23573303222656,117.52147436141968,76.8666431414218,309.92727279663086,121.09913349151611,98.43904996253004
599,23.96,366.5419006347656,132.7536392211914,16.094183588117875,361.1102294921875,106.01536273956299,30.40447271442831,346.1806106567383,87.00993061065674,23.325143353104203,328.6813735961914,79.39042568206787,15.343043770376733,314.2136573791504,81.86299324035645,5.706291313268694,337.0072555541992,68.80205154418945,7.002437184233205,313.6759567260742,49.94112968444824,17.647490114115268,299.48936462402344,53.534356355667114,21.408941920718057,292.14263916015625,61.92576885223389,23.55532035764554,327.8097915649414,73.87032508850098,8.143932107083684,296.1912155151367,75.43384552001953,21.016881950919295,299.2350387573242,88.53960514068604,14.725660980253933,309.24434661865234,92.9295802116394,17.30993866281592,319.81170654296875,85.94360589981079,6.581826161960724,291.1039352416992,89.41893339157104,10.817371244121457,297.42618560791016,101.59838676452637,22.119264192198038,307.4272918701172,105.54719924926758,32.6119279816366,313.0831718444824,101.60213470458984,11.831668525101833,296.00292205810547,109.18996810913086,29.949608946758993,302.1182060241699,118.65323781967163,35.87867670134906,310.5267906188965,122.2474193572998,32.38423660491242
600,24.0,370.1728057861328,127.64974594116211,156.59102550943211,364.2319869995117,100.53015947341919,157.78312806953116,347.6294708251953,81.02537870407104,153.93597961157383,329.41280364990234,73.09824228286743,158.36382528185925,315.1501274108887,75.03785133361816,172.22720852020404,338.93516540527344,61.635146141052246,185.54205967142988,312.58771896362305,43.81659507751465,155.51162653309873,298.79236221313477,47.364832162857056,155.21928264243869,293.4233093261719,55.36712050437927,167.06283291201126,328.6944580078125,67.71107196807861,155.56155075358197,298.16333770751953,69.08969163894653,166.0902510843547,301.7078399658203,81.32769584655762,190.6016485426405,311.95642471313477,85.40471076965332,199.96722811111349,320.0773620605469,79.86019134521484,152.23030557573267,293.30169677734375,83.63089084625244,154.78128172112912,299.1511344909668,94.77386713027954,175.97854430188852,308.35826873779297,97.64464616775513,198.9300491602974,313.31981658935547,95.36285877227783,156.09405196628242,294.76633071899414,101.80153369903564,187.2800729726807,301.72351837158203,110.47398090362549,204.7193536921247,310.97713470458984,113.05704116821289,230.03513461801253
601,24.04,372.2547912597656,124.93409156799316,85.54765553088546,363.1121826171875,96.19319200515747,111.98004474970358,347.04750061035156,77.79868125915527,81.96899464123328,328.4614562988281,70.49457550048828,69.30071471520212,313.64850997924805,73.37290048599243,56.05196381493154,338.9719009399414,59.15595531463623,61.986574419852545,312.8235626220703,42.71504044532776,28.162972576174646,299.05948638916016,48.050726652145386,18.401877890811562,292.92015075683594,57.32741117477417,50.59587469802666,330.2511215209961,65.03416299819946,77.41544954939769,297.87235260009766,69.85193252563477,20.397357397475886,302.4130439758301,82.98046588897705,44.923278409229205,312.6607131958008,86.19828701019287,26.525760078234395,322.5731658935547,77.2555947303772,90.18370244562006,294.0667724609375,84.16651010513306,23.34829747688072,301.6031074523926,95.38409471511841,63.1691633080443,311.4274787902832,97.69553661346436,76.7407982422469,316.19571685791016,92.5645923614502,100.31543145448482,296.2836456298828,100.4259467124939,51.20109920907525,303.9347267150879,109.36645030975342,61.82670516629803,313.2946968078613,111.95696353912354,64.13494022636473
602,24.08,374.31793212890625,125.00294208526611,51.60723447133579,363.54007720947266,96.47900104522705,12.864208814876038,345.7643127441406,79.31469440460205,49.654222863962,326.06300354003906,74.73148584365845,121.7168458251702,310.9897804260254,79.9889087677002,178.25615070174518,338.5527038574219,59.768335819244385,18.55289863500149,307.9113578796387,49.534077644348145,210.10268881131626,296.7331314086914,59.71057176589966,297.2413955565946,295.99098205566406,70.18183708190918,330.40341844089454,330.4581832885742,65.44002056121826,11.390646849831876,297.6046943664551,72.02569484710693,54.75447219342415,302.3017120361328,85.33547401428223,58.940956001801894,313.09078216552734,88.48812103271484,58.246776570794154,323.2290267944336,76.50225162506104,24.970975096463103,294.8263931274414,87.29018211364746,80.36771107601396,302.829532623291,98.61052751541138,86.29161066776562,313.4092903137207,99.54754829406738,67.81189137754396,317.15641021728516,90.68340539932251,52.807410211697636,297.8136444091797,103.01125288009644,75.10286381396209,305.7946968078613,112.28239059448242,86.4660211084284,315.7185173034668,113.6410403251648,73.78609462578383
603,24.12,376.07582092285156,127.28299140930176,71.9756813614584,365.5386734008789,98.10338258743286,64.38653843662944,347.0353317260742,82.56752729415894,87.30840115582556,327.9522705078125,77.20563411712646,77.82488096129914,313.5927391052246,82.52038478851318,90.77363579796209,338.11065673828125,62.28891849517822,63.9762782295043,308.58154296875,57.13726043701172,190.8165621616783,302.2650909423828,68.73740673065186,264.677074190503,304.6049499511719,76.64533853530884,269.23188651112025,329.36595916748047,66.60932779312134,40.0018197498552,297.8545570373535,70.99611282348633,26.486677047989637,299.96809005737305,84.26292657852173,64.20742529931344,309.0094757080078,89.41299676895142,104.61972067824308,322.09930419921875,76.9776964187622,30.6423001543262,293.6575698852539,87.34923362731934,29.257849937502233,301.09352111816406,99.21419620513916,45.949373179149624,311.5691566467285,101.46048545837402,66.35802752391588,316.0221481323242,91.10043525695801,30.212418592561164,297.5781440734863,103.91591548919678,23.370318306774337,305.2491569519043,112.84192085266113,19.53662976716995,314.80274200439453,114.66454982757568,34.33489569589045
604,24.16,371.9916534423828,122.48509883880615,157.52023109456326,361.3008499145508,96.13844633102417,116.78003466192237,343.75362396240234,81.67423725128174,85.02783715807357,325.3424835205078,77.45641708374023,65.54521442985217,311.18066787719727,82.43522644042969,60.33935051712547,334.5866012573242,61.6210412979126,89.66962621022614,304.79026794433594,55.858858823776245,100.02523742620195,298.0133247375488,67.6772403717041,109.54870084011985,300.64001083374023,76.3956069946289,99.31989996769897,326.23374938964844,65.46553373336792,83.36292245159785,294.54870223999023,70.57512044906616,83.31382883625079,297.94212341308594,84.33772087097168,50.68366989195743,308.32386016845703,88.43617916107178,29.83539537128267,318.7907600402832,75.36618947982788,92.00346143576613,290.77442169189453,85.48685789108276,85.80860565742424,299.63634490966797,98.11647891998291,45.6093859634304,311.5442657470703,99.94541645050049,37.8818364746277,311.35650634765625,88.8109302520752,129.9279762748942,294.78572845458984,103.56621265411377,70.35569034165844,304.6816825866699,113.29749584197998,18.192988451787976,316.0241889953613,114.38740253448486,31.312371494840217
605,24.2,369.13562774658203,119.87873554229736,96.66311476095244,358.17054748535156,92.68420457839966,116.54017382383903,341.0109329223633,78.00785779953003,114.46804255265342,323.4084701538086,73.8127613067627,103.12806093540037,309.9577522277832,78.60602617263794,100.49346177873406,333.9439010620117,60.75606822967529,26.94023419801903,304.18834686279297,54.60736870765686,34.71793933932399,297.53089904785156,66.2110948562622,38.586892354547196,300.23611068725586,74.85252141952515,39.87675090531606,325.87818145751953,64.19742107391357,32.925467644997084,293.6326026916504,68.95005941390991,46.637309035065805,296.8158721923828,82.29086637496948,58.40620226022494,306.57711029052734,85.95548629760742,75.84924282289491,318.6431694030762,73.27383041381836,52.438949367952006,289.63706970214844,83.25763463973999,62.56499546924504,297.59679794311523,95.6888222694397,79.2672246332822,308.3578109741211,97.15492486953735,105.89008830940278,311.63246154785156,86.08185052871704,68.57490160838482,293.15807342529297,99.92851495742798,99.63089827856028,301.4762306213379,109.84742403030396,117.7335917648731,311.4493179321289,110.96406698226929,142.84754011765583
606,24.24,367.34142303466797,118.02178859710693,64.55338152213005,357.19200134277344,91.67584419250488,35.12783103356572,340.1810073852539,77.69812345504761,22.145989497229518,322.02301025390625,74.34072732925415,37.066218237962815,308.5178756713867,79.66780185699463,44.72563653509664,333.7487030029297,59.463865756988525,32.67156172314836,304.0550422668457,53.87046575546265,18.721579731909838,298.47999572753906,65.8443832397461,25.43695536372349,302.63938903808594,74.58603858947754,60.45018574350456,325.21358489990234,63.03281307220459,33.52238414516121,293.7501525878906,67.05017566680908,47.587920149208955,296.6843032836914,80.85768699645996,35.98014651095088,306.7555618286133,85.23149728775024,18.64143633547341,317.87139892578125,72.12239742279053,34.65389229988576,289.0626525878906,81.21241807937622,53.108766931285004,296.87387466430664,94.65813159942627,31.473613197169787,307.92686462402344,96.93758726119995,12.066233687969753,311.1804008483887,85.20137071609497,24.74373123179225,292.5710678100586,99.13703441619873,24.63504921170788,301.04732513427734,109.84281063079834,10.723257442518438,311.3755989074707,111.42508506774902,11.671872432689362
607,24.28,366.6453552246094,116.78943872451782,35.383582039116014,357.5728225708008,89.7599458694458,48.83448571461089,340.9778594970703,75.37689685821533,61.35483987606343,322.92335510253906,71.03834867477417,85.5727965828826,309.4361686706543,76.0521411895752,93.26127309348381,334.0913772583008,58.35986137390137,28.899084362330914,304.90461349487305,52.16184139251709,47.704615114413976,298.38871002197266,64.15553569793701,42.282820828287754,302.0106506347656,73.35744380950928,34.503234569158856,325.25745391845703,62.25685358047485,19.429964352682532,294.2792320251465,64.90317821502686,55.28066518281025,295.75157165527344,78.84819030761719,55.38538408913326,305.02206802368164,83.85123252868652,55.397041757940514,317.90870666503906,71.56479120254517,13.971322509538227,288.9895248413086,79.3757700920105,45.95258083621858,295.56283950805664,92.97274589538574,53.381516887329816,306.1021041870117,96.2232756614685,48.98974200020153,311.3748550415039,85.01185655593872,6.788227406686596,292.03758239746094,97.68680334091187,38.6310825079866,299.86623764038086,108.29830884933472,48.608470334288086,310.2885055541992,110.4344916343689,36.76825489623206
608,24.32,367.83863067626953,115.68371772766113,40.67036103251744,360.1806640625,89.45615530014038,65.63690823303475,342.98633575439453,73.50829124450684,68.58235840860428,324.32743072509766,68.86148929595947,64.75986946499359,310.2058410644531,73.48028182983398,67.11397097505338,336.15966796875,56.56314253807068,68.49281457733048,307.55958557128906,48.98995041847229,103.409891565603,300.7266616821289,60.251641273498535,113.76074026874667,303.56597900390625,68.8888692855835,118.28779684452914,327.4257278442383,60.7737922668457,65.67382791686434,297.01915740966797,58.72275352478027,169.01338790269463,296.52931213378906,71.69880867004395,179.78900489808737,304.1629219055176,77.75622367858887,153.88157974381863,319.82460021972656,70.1774525642395,59.1362653656204,289.9841117858887,72.52986431121826,172.94440788482743,293.58747482299805,85.77946186065674,186.48961238374616,303.21210861206055,90.59138774871826,158.2526379816061,313.15576553344727,83.51231575012207,58.203655429788014,293.4132194519043,92.58479833602905,132.10514840319166,298.0149269104004,103.1039571762085,137.86007562708733,306.9067573547363,107.14807033538818,117.88974149328202
609,24.36,368.2242965698242,115.7512378692627,9.78829501794205,360.41751861572266,89.64107751846313,7.5123359471152655,342.9160690307617,73.20681095123291,7.73901558995968,323.62483978271484,68.60095024108887,18.733569991982925,309.1653251647949,73.67041110992432,26.44360131238259,336.6730499267578,56.158422231674194,16.343185912208174,307.390079498291,48.581238985061646,11.061683432682244,301.3424301147461,60.48214673995972,16.43744833977271,305.4015350341797,69.14783477783203,46.34334543956059,327.66368865966797,60.519747734069824,8.702153983112328,296.43049240112305,58.864731788635254,15.138616178759277,296.7628479003906,72.17237949371338,13.200574781830648,305.48730850219727,77.79958963394165,33.12740994581059,319.78673934936523,70.31532526016235,3.5744165420345517,289.34078216552734,72.27516174316406,17.297875566952843,293.7165832519531,85.87620735168457,4.03335130981861,303.87338638305664,90.31651496887207,17.903270223515293,312.8400993347168,84.30582046508789,21.349690889066924,293.6981201171875,94.58266496658325,50.45195401667314,299.4728088378906,104.44594144821167,49.53749527382345,308.91395568847656,106.87421321868896,50.644859508001794
610,24.4,370.37357330322266,114.2554235458374,65.46397371308572,367.60398864746094,90.30399799346924,180.42452555233228,349.5857238769531,68.80668640136719,199.75827864830714,329.45716857910156,60.49283266067505,249.6968535631974,313.9006805419922,63.81211996078491,273.4153147337757,341.26319885253906,51.09348177909851,170.8857237838132,311.8130111694336,39.889243841171265,243.81486848248463,307.60631561279297,50.97888708114624,284.5481128863289,312.5613212585449,58.66965651512146,317.26837858876524,331.3784408569336,57.43897318840027,120.65072442886337,298.7931442260742,52.55752444267273,168.38012826434704,300.31124114990234,64.79506015777588,204.65815283903552,309.94178771972656,69.57271814346313,233.88538809137987,322.3693084716797,69.33314323425293,69.07579534265052,291.1770248413086,66.72645092010498,146.11634696854867,296.3054656982422,78.4556794166565,196.47924056251412,306.8204689025879,82.2343397140503,215.06808838508,314.88452911376953,84.99952554702759,53.97290907359551,296.28625869750977,89.05703544616699,152.54311461814694,301.85546875,97.69603729248047,178.9522882787658,310.9710693359375,100.7904839515686,160.55271399564322
611,24.44,377.41912841796875,117.61964321136475,195.18872411214895,374.84249114990234,89.72710847854614,181.53635997762044,356.85306549072266,67.30622291564941,185.51557347564966,335.9608459472656,57.765748500823975,176.30727318392184,319.2181396484375,60.54518938064575,156.0212460775907,346.1187744140625,48.082348108291626,142.836313697556,313.8168716430664,36.60247206687927,96.23644545490045,308.06617736816406,48.24013710021973,69.4272294027979,312.27182388305664,57.07282304763794,40.571586834954815,335.56034088134766,56.29212141036987,108.40767043596887,300.73291778564453,50.58075785636902,69.23839071973956,302.1296501159668,63.61964464187622,54.1307029494425,311.8182563781738,69.42365169525146,47.05950642615503,326.5315246582031,70.78338861465454,110.190900392041,294.02374267578125,66.94409608840942,71.3756429410226,300.5656433105469,78.79767179489136,106.84706382007182,311.4194107055664,83.36696863174438,118.40902090946284,319.95264053344727,89.89177465438843,176.10340479875168,299.96273040771484,92.08598613739014,119.0876424261755,307.1290397644043,99.5376205444336,139.64683159187547,317.10899353027344,102.16041326522827,157.22360617095345
612,24.48,394.1632843017578,134.08976554870605,587.1710175002345,382.1693420410156,105.6140685081482,437.3772991957149,357.79712677001953,84.40241575241089,428.0559697711869,335.77457427978516,81.51314735412598,593.7032347014348,319.1042137145996,89.97862815856934,735.8414814908238,343.0158996582031,71.74170255661011,596.5488688394045,303.59663009643555,66.34439706802368,786.22334614805,306.70942306518555,78.15653085708618,748.6785849308637,318.8391304016113,84.26030158996582,699.2355220159146,336.14166259765625,86.3864278793335,752.4980136127261,296.6316795349121,85.87490558624268,888.290851568131,303.21434020996094,95.99250555038452,809.7756927081851,316.12071990966797,98.22853088378906,728.1106790463261,331.4878463745117,104.66761350631714,856.11981545529,296.2965774536133,106.93748474121094,1001.4479872481382,305.2444076538086,114.99310970306396,912.4145717354022,317.4021530151367,115.33535957336426,813.0848760042545,329.32872772216797,125.24608612060547,914.4118158072906,303.61217498779297,127.0874547958374,879.7802474166942,313.4635543823242,132.46112823486328,838.1838380116948,325.15270233154297,132.79495239257812,791.823938300345
613,24.52,397.9319763183594,153.1018352508545,484.54994187605865,380.7020950317383,124.2495346069336,467.3284514832778,352.0521545410156,106.80838823318481,578.269135395246,327.4770736694336,105.41436195373535,632.5131301578672,309.84439849853516,114.49004173278809,655.0541834659815,336.80301666259766,93.36030006408691,562.3409071169407,296.80681228637695,92.70559787750244,680.539553411231,299.73215103149414,105.5578064918518,706.8911830351492,312.1377372741699,111.03806734085083,690.0894002128407,331.54083251953125,107.89166450500488,549.7970305791821,291.4535331726074,109.44537162780762,603.3138016229693,297.93121337890625,120.68697452545166,631.3320377748757,310.86278915405273,123.04367065429688,634.1514988848697,328.86043548583984,126.27784252166748,544.2341442762718,293.3111572265625,130.09297370910645,583.678744727362,302.2060775756836,137.96181678771973,579.2198172997207,314.42880630493164,138.21195602416992,576.7253764965294,328.54942321777344,146.4292573928833,529.9375320858738,301.7246627807617,149.15668487548828,553.7449879232877,311.82586669921875,153.6461305618286,531.2052007822176,324.09576416015625,153.68508338928223,522.9212962755437
614,24.56,399.68116760253906,167.90987491607666,372.7748221743953,379.99298095703125,138.79526138305664,364.0750353778141,349.76978302001953,123.18676471710205,413.41597998322703,324.3891143798828,123.31040382385254,454.01253230975794,307.9496192932129,134.22935485839844,495.75111630472827,331.03233337402344,109.00729179382324,416.93010191117975,290.77428817749023,114.30649995803833,560.686140934257,295.4213333129883,127.43760108947754,557.5104040713479,307.76744842529297,131.2928867340088,518.0233665531326,325.38707733154297,121.36221885681152,370.2402408054376,285.3072166442871,129.98426914215088,535.9708002604941,294.512939453125,140.64099311828613,506.1172385394389,307.65878677368164,140.6400489807129,447.14242799399705,323.39420318603516,138.7265968322754,339.8999663883727,285.6653594970703,149.71796035766602,526.5443499106042,297.87845611572266,158.47593784332275,524.1406479804883,310.8100891113281,156.25049114227295,459.9482738134243,324.5173645019531,159.7435712814331,347.7862596217078,297.69872665405273,171.2670135498047,561.8467294237364,308.99499893188477,176.2476396560669,569.4526020953513,321.4638137817383,174.00160789489746,512.1574042602277
615,24.6,398.06732177734375,173.33311557769775,141.45679026950407,375.43880462646484,145.65371990203857,205.8199688236165,347.3992919921875,133.02709579467773,253.04562759181147,322.82596588134766,132.88049697875977,242.42281790045422,307.6934242248535,142.29681015014648,201.78805526685238,327.8059768676758,118.97395849227905,261.8967131620783,288.4562683105469,124.61892127990723,264.24331782383865,287.30005264282227,141.51623725891113,406.3274511669252,295.095157623291,150.23283004760742,569.708481864208,321.71669006347656,130.50055503845215,246.19724164055197,279.8640251159668,138.27850341796875,248.02048332261043,283.2655143737793,155.19006729125977,459.7418638528195,295.076961517334,161.67373180389404,612.7388003298457,320.27671813964844,147.43666648864746,231.2790879453035,278.2643508911133,154.1978645324707,216.28174593698742,284.24718856811523,170.47531127929688,454.00744611901507,296.2775993347168,176.41705513000488,621.4315942737579,322.6957321166992,167.97799587249756,210.83775292409803,292.31319427490234,178.44529151916504,224.3485480400439,296.9296646118164,188.32008361816406,426.6996861618512,306.5260314941406,191.2315034866333,570.0913533010436
616,24.64,396.0188293457031,171.29160404205322,72.30184382442562,370.13282775878906,144.74960803985596,134.56134469928998,341.79683685302734,136.31021976470947,162.33916384551782,318.23169708251953,138.2740831375122,177.12650395933753,304.0258979797363,149.43946838378906,200.73040907091885,328.1100845336914,123.51765632629395,113.84658393909184,290.737361907959,129.50666427612305,134.8457906212021,283.83460998535156,146.10169887542725,143.69183833981353,286.4812660217285,156.6898012161255,269.1324083914628,321.83982849121094,131.86453342437744,34.238137632399976,278.23680877685547,136.82843685150146,54.48925388010634,273.6565971374512,154.36293125152588,241.11128717206293,280.47740936279297,165.8763885498047,379.8101884799757,319.9241065979004,146.5389633178711,24.111795378453753,275.2401351928711,149.96948719024658,129.96407084683253,273.62361907958984,167.23746299743652,277.6507362833224,282.010555267334,177.4486541748047,357.6072767452752,320.99647521972656,166.51489734649658,56.05873760337996,289.19084548950195,178.21433544158936,78.27197234427388,289.47437286376953,189.78249549865723,189.93423789022245,296.9832992553711,195.17968654632568,258.18100246446926
617,24.68,394.1736602783203,164.19643878936768,183.27919080282737,371.1143493652344,141.31656646728516,89.26491157965705,344.097900390625,133.14026355743408,97.9270001075585,321.7155456542969,134.5589303970337,127.32723774825259,309.0424346923828,144.25734043121338,180.31238640585025,328.3663558959961,116.82937145233154,167.32981945549142,287.115421295166,122.35426425933838,200.42966316562968,275.6936836242676,139.7830867767334,257.6329036516304,275.8931350708008,152.18514919281006,287.6634392883827,322.6943588256836,122.45437145233154,236.22204918343343,276.72739028930664,126.57740592956543,259.0390645407596,266.1361312866211,143.81734371185303,323.81208204991816,268.2296562194824,157.29899883270264,373.8140174425992,320.7120132446289,135.71219444274902,271.3850138171678,276.5946388244629,139.4872283935547,264.2352521532895,271.4549255371094,156.23727321624756,280.2982863212093,276.14673614501953,168.77968311309814,261.6479432939495,321.43341064453125,154.5124053955078,300.26105891269793,290.75489044189453,163.764910697937,363.34566190094495,287.3004150390625,175.54086685180664,360.1649614572469,290.41120529174805,184.6582317352295,310.134477292341
618,24.72,389.51271057128906,156.30878448486328,229.0463143651866,368.1934356689453,125.45276641845703,403.261615463808,340.86963653564453,113.88901233673096,488.00125581293133,317.9995346069336,114.1831111907959,517.7974666975344,304.1111183166504,124.2925214767456,514.120533704307,331.319580078125,98.55621099472046,462.75663567602703,293.41182708740234,97.14197158813477,649.6655041437356,283.7622261047363,113.63847255706787,684.0331819684744,285.03849029541016,125.93404769897461,694.9630618888765,323.04710388183594,106.12659931182861,408.28955116652776,278.90581130981445,101.83238983154297,621.0179847606977,269.9637031555176,120.22109985351562,597.61663643682,274.1404342651367,134.13548469543457,597.6441689523574,318.5577392578125,120.68159580230713,379.6048866093596,273.5331726074219,115.50031185150146,604.5373957588924,270.1876449584961,131.83619499206543,610.8491111598191,277.17628479003906,142.3210573196411,661.9662233125321,317.4518013000488,140.40199756622314,366.53514674653627,284.68982696533203,143.6299753189087,525.7141676403031,284.5502281188965,152.9741621017456,568.3417168461899,291.7509651184082,157.44473934173584,681.1612899324347
619,24.76,384.8321533203125,144.56866264343262,315.9688246402905,366.47239685058594,112.79796838760376,319.2822887117171,339.82322692871094,96.42060041427612,437.4931343447325,316.6035842895508,92.95236825942993,531.9146563984367,300.9752655029297,100.66892623901367,595.7704176240579,328.8949966430664,79.44215297698975,481.6805338725141,287.3991584777832,77.00053453445435,525.4936193692496,277.7330780029297,94.45318222045898,502.75863501628254,280.3006362915039,106.75665378570557,493.8494822988953,321.82788848876953,87.17217922210693,474.83979345165386,277.68444061279297,80.86907386779785,524.9716436242971,269.6306037902832,99.78637933731079,510.9358801274152,274.17083740234375,113.07454347610474,526.5240790996756,317.4760055541992,102.36300945281982,458.7624341973983,272.82947540283203,91.71486139297485,594.896442285741,268.50772857666016,109.37597751617432,563.0738673313017,274.6669578552246,120.90522766113281,539.0584857114469,315.4291534423828,122.80696392059326,442.7727361094576,283.54881286621094,122.62204170227051,525.9724256172262,282.84929275512695,133.20542335510254,496.0444868814368,288.9466857910156,139.08320903778076,464.360970615198
620,24.8,384.033203125,144.92952346801758,21.916631089626033,366.42852783203125,113.45730543136597,16.51987114178781,341.17488861083984,96.64842367172241,34.268177106910926,317.39023208618164,93.33394289016724,21.857692506965602,300.4136085510254,101.65816068649292,28.439006264526,328.42041015625,79.86494779586792,15.890008502573377,287.25032806396484,76.57299041748047,11.317698088511536,276.5276527404785,93.07286739349365,45.81429283596858,277.9347038269043,105.18304109573364,71.03649293271317,321.087646484375,87.02465772628784,18.869963182243087,276.1036682128906,80.72042942047119,39.69364363482886,269.0995407104492,98.81727933883667,27.626785030624017,274.8422622680664,112.06697702407837,30.26963727854705,316.706485748291,101.40925884246826,30.636997225892753,271.89355850219727,92.44345664978027,29.652060353510233,268.9795684814453,109.96202230453491,18.809595119783292,276.8050003051758,121.17269039154053,53.867672529254264,314.615478515625,121.0925817489624,47.441892858791434,282.94708251953125,122.62620449066162,15.043618641355172,283.2843017578125,132.8451633453369,14.120466242607801,291.0534477233887,137.781400680542,61.91299761900222
621,24.84,374.4013214111328,134.67862129211426,351.651586063774,359.14173126220703,102.14693784713745,336.3608731150678,335.14686584472656,86.49903774261475,295.11342438834924,312.1038627624512,81.77298545837402,317.80638501158734,296.2439155578613,88.27086925506592,350.5405749759936,325.9332275390625,69.5006275177002,266.46436464337773,286.2857437133789,60.452027320861816,403.74487158657485,278.56224060058594,75.01429796218872,454.32056253387697,281.97031021118164,85.26117324829102,508.1627061162278,318.11174392700195,76.77834033966064,266.74310677419373,273.17882537841797,66.02027177810669,374.7076696545701,267.717342376709,83.05917978286743,395.46505364699436,274.55223083496094,94.5041012763977,439.13175895784605,312.4391174316406,91.31153583526611,274.0602605725281,267.0520210266113,79.24229621887207,351.52446736507505,263.4271049499512,96.92534923553467,354.24629142075065,270.0603485107422,108.36325407028198,361.91503379292453,308.7831497192383,110.68074703216553,298.3521004608674,275.3265380859375,108.87220859527588,393.1007349861678,272.58861541748047,120.20133018493652,414.0231147523694,277.76721954345703,127.12029933929443,425.86892133727616
622,24.88,359.5057678222656,125.51144599914551,437.2603769286319,347.02110290527344,94.61711883544922,356.72801799452577,325.3050994873047,77.52015352249146,333.0547316812772,303.8720512390137,71.2075424194336,334.84260067837585,288.2967185974121,76.41541242599487,356.8173518711469,310.3167533874512,60.784292221069336,447.1079049927697,272.7309989929199,50.22272229194641,424.5363543115335,262.48783111572266,60.83488941192627,535.8651107801749,261.87015533447266,69.69089269638062,635.6344579104051,303.13405990600586,69.87547159194946,412.2958703868872,261.3773536682129,64.17551279067993,298.6196056947519,258.2423973083496,78.80832195281982,259.62036748359213,265.2294158935547,86.68827295303345,304.14023370397183,297.9877281188965,85.21574020385742,392.11077631869296,257.8055953979492,79.2459511756897,231.1606587758404,258.9570617675781,94.01812791824341,133.30702775921196,268.4281349182129,101.54660224914551,175.23352858086372,295.31593322753906,104.06918048858643,375.0656044234711,266.4195251464844,103.78471612930298,256.4389048766251,267.13443756103516,112.91323184967041,227.57475891760146,274.76465225219727,117.37756490707397,254.87286604712006
623,24.92,346.2931823730469,118.43901872634888,374.6595469405396,331.3007354736328,89.2878270149231,414.97839062271805,308.9386749267578,74.37678337097168,416.638804005893,288.09520721435547,71.00422382354736,394.4538517287434,272.7657699584961,78.64876985549927,392.26764701585586,296.66845321655273,56.65652632713318,356.47102689953016,260.54981231689453,46.546504497528076,318.0957856017749,248.89801025390625,57.29219913482666,351.0999550125617,247.06178665161133,66.99519395828247,376.29324895463185,289.71424102783203,65.59707641601562,352.1329684973815,250.22367477416992,63.87966871261597,278.9400435016738,247.62601852416992,78.97024154663086,265.4403375101933,254.84220504760742,87.07062005996704,259.85613624218234,284.70434188842773,80.55986166000366,351.8926991667032,247.48140335083008,80.27349472045898,259.38001460477244,249.2700958251953,94.61106777191162,242.62739802904653,258.7633514404297,101.89476013183594,241.77630878524715,282.2012519836426,98.77854108810425,353.54077681625415,255.76080322265625,101.16683721542358,274.38754875316033,257.05148696899414,110.29120445251465,260.45743451783017,264.9468231201172,115.09024143218994,252.01887025761067
624,24.96,330.41351318359375,115.97122192382812,401.7570119370962,315.0519561767578,85.5073070526123,417.0695084635054,294.86061096191406,71.3829517364502,359.82192892291675,275.5698585510254,66.77422285079956,330.5083843182272,261.13698959350586,72.88681268692017,324.45019185319734,280.78847885131836,54.649590253829956,400.1572958247377,249.3448829650879,48.04391384124756,282.6135573995394,243.06777954101562,59.60284352302551,156.78541795685268,245.7278823852539,69.23074722290039,65.08167460367767,272.63635635375977,62.68916130065918,433.0921634443347,239.83501434326172,64.0326976776123,259.74468643848815,241.04045867919922,77.64759063720703,167.926702574163,249.4803810119629,83.53694200515747,160.53823061863287,267.0044136047363,76.11963987350464,456.20926582622116,236.8647575378418,77.98466205596924,271.5141838887943,241.49681091308594,90.52755832672119,219.51510157872212,251.0557746887207,95.67432403564453,247.61432285194775,263.9016342163086,92.60870933532715,482.7931973734342,241.89985275268555,96.01677417755127,369.66969819779627,245.71592330932617,104.72072839736938,315.7582213531144,253.94853591918945,108.6722731590271,318.3479210209873
625,25.0,325.6068420410156,115.06934881210327,122.26370726462935,312.60257720947266,85.22456645965576,61.641096114343206,293.45874786376953,70.66818237304688,39.33919315389688,273.90811920166016,65.90673208236694,46.863617941750704,259.4473648071289,71.27331018447876,58.407096337495915,281.9471549987793,54.50902462005615,29.17928537607149,250.3527069091797,49.939584732055664,53.67306836616213,244.60193634033203,62.987916469573975,92.9124451376908,248.80380630493164,72.43042945861816,110.95966150254088,273.08563232421875,61.54841423034668,30.65078278015928,240.22960662841797,62.67426252365112,35.364611010005206,241.1717414855957,77.11825847625732,13.63423338216673,250.77686309814453,83.49609375,32.42813573637973,266.6552543640137,74.07525300979614,51.84972169576879,235.92750549316406,77.8910779953003,23.547815340067675,240.6839942932129,91.97014331817627,41.39536745755264,251.39986038208008,97.52697944641113,47.10843233579159,262.3788070678711,90.16832113265991,71.91356401844384,241.58275604248047,97.08494424819946,27.856076799455376,246.8450927734375,107.5060772895813,75.13817326277803,256.4960289001465,112.06305027008057,106.02797362273503
626,25.04,325.7453155517578,112.10371255874634,74.22168357529615,314.3825340270996,83.48389148712158,62.240439188599176,294.15637969970703,67.81599283218384,73.40672378741111,274.69045639038086,62.963032722473145,76.14713306444379,261.0957145690918,68.19477796554565,87.30126560069272,284.586181640625,52.08337068557739,89.61116917767455,252.9322624206543,47.34977960586548,91.38242865979487,249.9993896484375,60.22089958190918,151.63460330223285,257.0211410522461,68.39600086212158,228.85749448298998,275.7524108886719,59.38161849975586,85.90223967515806,242.6547622680664,59.133195877075195,107.29787064525998,244.86906051635742,73.11278343200684,136.27636979990842,255.54534912109375,77.90907382965088,183.63219104612344,269.0567970275879,71.75150871276855,83.54338215463042,237.92694091796875,73.06634187698364,130.56564591555352,243.07771682739258,86.34977102279663,152.7221584882794,253.8337516784668,90.10876893997192,195.1820847959542,264.42848205566406,87.99666166305542,74.6545059235667,242.54838943481445,92.55977869033813,115.6761945433374,248.73723983764648,102.37075567245483,136.82047686640567,259.2194366455078,105.8979320526123,168.4963508188922
627,25.08,331.5451431274414,109.8492980003357,155.56426507402355,323.83045196533203,82.19326972961426,238.39156063151293,304.2730712890625,63.740129470825195,272.67209113535233,283.6936950683594,57.723108530044556,260.4264678309488,268.9740562438965,62.6691198348999,240.57374820641778,292.30947494506836,47.3719596862793,226.17285020362013,260.82286834716797,41.602234840393066,244.0490892200814,257.22890853881836,53.916592597961426,239.80490759968058,262.81057357788086,61.632235050201416,222.57871771490449,283.38279724121094,55.82843542098999,210.42799522675577,249.69648361206055,54.337120056152344,212.99674699174318,251.70299530029297,66.96307182312012,229.83909793532771,261.0873603820801,71.56308889389038,210.63210466029156,276.8895149230957,69.4645357131958,203.9940488276912,243.88687133789062,68.26423645019531,191.34554335726648,249.08689498901367,80.16207218170166,215.63545500188494,259.04287338256836,83.75445127487183,205.4146749826207,272.9197883605957,86.73073768615723,214.62881662223498,248.6322784423828,87.86558389663696,192.10864474565932,254.32756423950195,95.66036939620972,218.34750241072075,264.0463447570801,98.36349964141846,223.70001351756005
628,25.12,343.7274169921875,107.10940361022949,312.16463783616166,335.8272171020508,78.16388368606567,316.384186584853,316.3327407836914,59.360032081604004,320.7616730716371,296.6180419921875,53.62285852432251,338.9789756726156,281.4240264892578,58.234455585479736,330.4050602248206,305.6149673461914,43.82296085357666,344.26690295364205,271.9897270202637,34.7340452671051,327.74872295662175,268.6710548400879,46.69644355773926,338.2429453649746,274.36290740966797,54.18718099594116,343.5888229700492,296.8643569946289,53.978068828582764,340.1987561625519,261.21252059936523,48.75119090080261,319.98214053830003,263.4636878967285,61.30192995071411,326.3073873353184,273.33709716796875,65.73665142059326,339.1196552783721,289.87354278564453,69.81441736221313,324.7185287904774,255.2919578552246,62.80614137649536,316.09610910036236,260.4490280151367,74.64141368865967,315.808226123973,270.3144645690918,79.04478549957275,305.3990418198134,285.7707214355469,89.12773132324219,326.8142241712979,260.36352157592773,82.27970838546753,324.8307931491287,265.48362731933594,89.36307191848755,320.26717261155653,274.7494316101074,93.3883810043335,295.0718912787578
629,25.16,363.30982208251953,112.39842653274536,507.1022780199031,352.82901763916016,83.37174654006958,444.5384242459857,329.05845642089844,62.88520574569702,330.12373422804535,304.830322265625,55.72520971298218,211.92779992539533,287.11700439453125,58.78859996795654,142.99710099019958,318.14327239990234,48.01973104476929,330.31358921913323,280.0189971923828,40.406155586242676,245.7666766586617,278.02135467529297,53.42197895050049,287.94632022253734,286.2506866455078,60.63684940338135,338.117507057455,311.2306022644043,60.620856285095215,395.69213754488396,270.77178955078125,55.885781049728394,298.205046359312,274.0141487121582,68.75993728637695,323.00744654411415,284.86446380615234,73.20165395736694,343.3351537539027,305.8742904663086,78.12548875808716,450.76174006313454,268.05908203125,72.00317859649658,393.3708121417848,274.2472267150879,83.06366443634033,404.1384315894599,285.4880142211914,86.76323175430298,425.5959216439133,302.92455673217773,98.41963291168213,487.7201429311123,275.39777755737305,93.63454341888428,471.0103047915542,281.03689193725586,99.92938756942749,470.07384174612537,291.01484298706055,102.99777030944824,472.2975558895379
630,25.2,364.91172790527344,115.23356437683105,81.40987678078342,353.4547424316406,83.25205564498901,15.926735115245544,329.4912338256836,61.77802562713623,29.71893437933196,306.472225189209,54.77846145629883,47.38260144825443,288.2638931274414,57.222111225128174,48.536331411919335,317.6572799682617,48.08425426483154,12.256424069114987,280.4000473022461,40.36556839942932,9.580139154790526,277.0219612121582,53.29803228378296,25.176254565896095,284.0181541442871,62.10700750350952,66.82797977072951,310.6666564941406,61.3007926940918,22.084332003671932,271.4785957336426,57.353761196136475,40.73190311644004,275.12645721435547,69.16320562362671,29.578872906693338,286.2458610534668,73.70357036590576,36.74386373981762,305.33090591430664,79.04336214065552,26.666438618864223,268.94317626953125,73.80544424057007,50.18580522648885,276.23247146606445,83.95674705505371,54.42192392046575,287.81272888183594,88.05097103118896,66.43874386723863,302.0335006713867,99.19853210449219,29.587421905606305,274.30673599243164,92.89649963378906,32.93061194720143,281.74549102783203,98.66864204406738,36.155842809988116,292.6313591003418,102.28430271148682,44.174089958359396
631,25.24,381.8400573730469,125.7279109954834,497.9330084973194,368.05179595947266,94.98210668563843,468.15333299480653,340.4518127441406,77.00509071350098,469.0401111393039,315.2552032470703,79.37540531158447,652.9502041623024,298.4616470336914,90.95101118087769,880.9202847581458,326.2361145019531,64.67167139053345,466.8637440801686,284.2387008666992,59.964884519577026,499.29228261445866,288.6046028137207,71.71584606170654,543.9286780156235,300.8121681213379,77.2527551651001,565.3718785509418,319.5651626586914,80.42866945266724,527.4105855805079,277.39715576171875,78.61812829971313,551.8166934780144,285.5630111694336,89.16021823883057,563.9160908270613,298.89429092407227,90.88913440704346,533.4594581618115,315.7761764526367,99.03048276901245,563.797762739108,275.8975601196289,95.29011011123657,564.5542059385668,284.7572135925293,104.01861190795898,544.9481911721978,297.699031829834,105.62978267669678,504.20333500473544,314.76795196533203,118.47240686416626,577.5208318804757,287.21446990966797,114.05402183532715,619.601858346728,293.9591598510742,118.05184364318848,572.7576987457309,304.5448112487793,119.51245307922363,523.6527398873586
632,25.28,390.770263671875,140.66505432128906,435.0767427098998,372.17247009277344,109.88086223602295,386.45251346621467,341.33056640625,92.75306940078735,394.3119329397544,315.74304580688477,94.16728019714355,369.9979332655115,298.77349853515625,106.12842321395874,379.5153878475149,326.19728088378906,80.89996576309204,405.70852090225793,284.5835876464844,82.52770900726318,564.1365059501338,289.43981170654297,94.09425258636475,559.8496742862734,302.09171295166016,97.93797969818115,518.1190433655081,321.14707946777344,98.31940412521362,449.01339617704457,278.6416244506836,101.06871128082275,562.1261971910214,287.30579376220703,111.0701036453247,549.4772343392508,301.0244941711426,112.49676704406738,542.8095626290187,319.3708610534668,118.89829874038696,504.75976269152596,280.12351989746094,121.38728141784668,660.927892365351,290.7998275756836,128.57202529907227,632.1507399862754,304.4163513183594,129.1897201538086,612.4709355534458,320.3732681274414,140.56081295013428,569.7133339978062,292.3142623901367,140.68708419799805,677.9232507065987,302.1676445007324,143.6304759979248,671.5865792018361,314.3866539001465,143.5846996307373,650.1609996815847
633,25.32,393.7686538696289,152.9051971435547,315.0510276997278,371.1225128173828,123.19908142089844,333.98855943779273,339.89593505859375,107.95675277709961,381.78049592569516,315.3822326660156,105.60180902481079,286.0055021688579,296.8827819824219,111.8640661239624,150.98097701751004,323.5186004638672,96.62296772003174,398.73872972317537,281.9975280761719,96.96717739105225,366.73044537818305,271.9773292541504,113.94700527191162,660.9983370788497,274.95128631591797,125.65489768981934,969.8035564372368,319.8978042602539,111.23090744018555,324.2950107508728,275.17040252685547,115.01308679580688,359.24833867687715,271.79481506347656,132.03526496887207,651.9818102882724,280.40332794189453,140.17724990844727,862.9316413611178,319.4795799255371,131.0460662841797,303.7063508670507,279.3553352355957,139.00810718536377,440.9390607016456,283.2081985473633,150.01686573028564,568.7233578506335,295.36083221435547,152.52646923065186,625.802626491834,322.76554107666016,152.9322338104248,315.01490437556623,293.2190132141113,159.07623767852783,460.2849251984874,297.17716217041016,163.62952709197998,515.3075286612162,307.94042587280273,162.70667552947998,504.4822953116194
634,25.36,400.41015625,164.01002883911133,323.4838103127364,376.1731719970703,132.65424728393555,267.9894116925423,346.1484146118164,119.5236325263977,328.7154998039621,321.1631393432617,120.51422595977783,399.842985474705,302.8029251098633,127.8486442565918,426.14172578463075,330.60535430908203,107.00091361999512,314.16938222600766,283.8193130493164,102.78643369674683,152.44393321755493,264.9879264831543,113.87253284454346,174.74498783521298,259.08939361572266,125.00620365142822,396.87879446056445,329.2112731933594,123.00005435943604,375.2112094997496,277.12865829467773,121.74190521240234,175.19946299811286,261.0399627685547,136.58343315124512,291.92537755899286,260.88403701782227,148.32677364349365,528.8061171678698,328.8905334472656,144.33475971221924,407.0898389887021,284.3463897705078,150.55792808532715,314.5522494273583,282.6927947998047,163.04650783538818,325.99579599480495,292.5771713256836,168.63103866577148,408.58438895296683,331.8519973754883,168.05917739868164,441.15481295743695,296.2154960632324,172.389178276062,341.1499824294208,295.3050422668457,177.2109889984131,342.7471192887839,303.8377571105957,177.99532413482666,395.7387610139408
635,25.4,417.77156829833984,164.12529945373535,434.0448678037471,393.6948013305664,134.6746587753296,440.9432766063764,362.9399108886719,118.97016763687134,420.01537962882196,336.3759231567383,115.18704414367676,402.963752601717,315.4883575439453,118.69952917098999,391.01350910905796,348.32969665527344,104.55275058746338,447.3154744129478,301.9219970703125,97.87053108215332,468.95713242269983,280.75389862060547,108.32420825958252,417.8440073303139,271.120548248291,119.35594081878662,332.2970732931436,349.2131805419922,118.51101636886597,512.4864386401317,295.490779876709,116.85614347457886,475.0251156202676,277.28527069091797,130.90294361114502,430.2455628094741,272.99211502075195,142.30822563171387,338.03519888386637,350.66162109375,138.7474822998047,561.9152105712783,300.9046173095703,145.81353664398193,430.61304365410075,297.6558494567871,156.56607627868652,407.65257713288935,304.73045349121094,161.3300657272339,354.4418792660012,353.8570022583008,161.87822341918945,571.4151468006876,316.60654067993164,167.1931028366089,526.0667142415887,314.45064544677734,170.8912467956543,504.0419517713401,319.6174430847168,170.8284044265747,433.27475949621464
637,25.48,483.9249038696289,135.63800811767578,,478.0862808227539,110.06145715713501,,458.4099578857422,80.19241333007812,,433.17047119140625,65.04435539245605,,410.4581832885742,59.03665781021118,,459.5327377319336,64.32027339935303,,418.74267578125,45.51949381828308,,391.63265228271484,43.901628255844116,,376.5696334838867,50.41969656944275,,456.6248321533203,78.98842334747314,,408.86791229248047,58.97927284240723,,388.38733673095703,64.11616086959839,,382.8303909301758,73.99496555328369,,449.9123001098633,99.96994256973267,,403.28102111816406,86.12886428833008,,393.5858917236328,92.74503707885742,,398.20362091064453,100.39493322372437,,440.65441131591797,124.0297794342041,,404.54986572265625,109.9156379699707,,398.3913803100586,109.51601028442383,,402.77088165283203,111.37763500213623,
638,25.52,502.82833099365234,144.2759084701538,519.5869029410559,500.8465576171875,114.65209722518921,580.4654253235378,482.869873046875,82.3459267616272,613.8633142797737,456.3753128051758,66.14888906478882,580.7778560653844,434.2056655883789,62.12460279464722,598.6851842822114,486.8031311035156,60.93214988708496,687.001517272346,446.58809661865234,36.13097548484802,734.6392559061245,421.39732360839844,35.006446838378906,776.6353357495032,408.0500793457031,40.25937080383301,826.9865065865898,482.59117126464844,74.17146921157837,660.2337720420521,435.6833267211914,46.93729519844055,734.8791042415207,419.3922424316406,56.04300856590271,800.9681507506045,418.1138610839844,68.36106777191162,893.2609047422997,473.6696243286133,93.00844430923462,618.9067539145752,426.97998046875,74.12256717681885,664.1685801768476,424.781494140625,84.84517335891724,804.5081793216415,435.8323669433594,94.46426153182983,952.3311512781387,461.84078216552734,114.69604969024658,578.7814898076903,425.7767868041992,93.96940469741821,663.7321250816823,426.47499084472656,98.8419771194458,751.0926060871109,437.25830078125,105.35950183868408,875.2142612355746
639,25.56,505.6028747558594,148.4835433959961,126.00169829601941,508.7128448486328,113.67014408111572,198.18347998880256,499.96337890625,81.1519718170166,428.3788269264772,481.0768127441406,61.114869117736816,630.2308386922592,461.62147521972656,51.146886348724365,738.2990908624787,502.93033599853516,60.00409126281738,403.8471481699631,465.8760452270508,27.985814809799194,523.4313493325684,441.8941879272461,26.741498708724976,552.511772776789,430.0678253173828,33.044832944869995,579.240178052155,496.94671630859375,73.2062315940857,359.6989689022664,453.02188873291016,40.67974090576172,460.82990243149897,435.66600799560547,47.34637141227722,461.29365878249615,434.0809631347656,58.30756187438965,471.71318664759883,486.11053466796875,90.10400533676147,319.38614541873784,444.8168182373047,60.27048110961914,564.5977937849027,434.93873596191406,67.70805358886719,498.027631907347,439.3175506591797,77.36095190048218,436.3697585468434,472.7943801879883,108.81401538848877,310.8251489631225,440.5533218383789,83.79122257232666,448.5681239983739,435.7746887207031,86.67632102966309,382.8246732181312,441.1979675292969,93.03971529006958,323.35943109901814
640,25.6,502.2178268432617,147.4695110321045,88.34170520485122,506.96178436279297,112.97294855117798,47.11882872081792,501.0432815551758,81.19387149810791,27.017879663665234,484.93099212646484,60.0206995010376,100.16207447569919,466.3368606567383,49.58769679069519,124.16202090778758,504.3546676635742,60.259108543395996,36.174529242156865,471.3581085205078,26.428005695343018,142.47760172776213,452.11326599121094,27.764207124710083,256.75315112663935,444.62852478027344,35.52624821662903,369.2656484493432,496.1848449707031,71.84131622314453,39.07878184938328,455.4668426513672,36.2195885181427,127.15826502866916,444.46773529052734,46.99727654457092,220.21618724680474,448.44783782958984,57.92582988739014,359.29862910839836,484.1462707519531,85.98391056060791,114.1093600900276,447.3121643066406,55.264763832092285,139.83015918490455,443.43528747558594,66.77244901657104,213.6977180800331,451.23077392578125,76.47276878356934,298.6571590564441,470.1873779296875,101.53826236724854,193.21788672518093,442.1408462524414,76.20352506637573,193.7998116727968,440.54054260253906,81.90183162689209,168.65110487368443,446.7641067504883,88.57319355010986,178.416160778701
641,25.64,501.9065475463867,146.89774990081787,16.275088170136573,506.8135452270508,112.41331815719604,14.473273196524278,501.50951385498047,80.91178178787231,13.623214607838763,486.28978729248047,60.127036571502686,34.0737424175725,467.91370391845703,50.03878355026245,41.00239274027735,504.2356872558594,60.183069705963135,3.5300710171797154,471.14418029785156,26.264322996139526,6.734116054993904,450.7369613647461,27.399290800094604,35.596509210871034,442.44007110595703,35.172353982925415,55.42207712905146,496.3799285888672,71.5816068649292,8.120443677095228,456.01463317871094,35.95084190368652,15.25408151588454,443.7914276123047,47.189598083496094,17.578034054564128,447.4429702758789,59.04534101486206,37.608708807223614,484.72217559814453,86.08219385147095,14.605777904857028,448.01918029785156,56.27445459365845,30.815449106536246,443.3991241455078,68.51619243621826,43.60295933194578,451.51458740234375,78.5289216041565,51.89119934468066,471.25,102.21474409103394,31.491994884919666,442.7406311035156,77.15109586715698,28.036051456911487,440.43052673339844,84.01097059249878,52.800157834181846,446.9316864013672,91.67216777801514,77.58754814969419
642,25.68,495.67943572998047,149.01005744934082,164.3904740883223,502.2085189819336,114.7177505493164,128.73586176759292,497.83050537109375,85.01832962036133,137.83785430042127,483.7814712524414,66.12569332122803,162.5490928876232,466.3690948486328,59.17294263839722,231.5959296732379,499.8272705078125,63.369176387786865,135.98118898496128,468.35323333740234,32.525575160980225,171.37798795309715,451.3902282714844,38.829102516174316,286.21162790458965,447.9100799560547,48.29770088195801,355.4888606202127,490.50975799560547,70.77113628387451,148.14639161305482,454.4289016723633,41.72008395195007,149.58003338864242,444.0486526489258,55.1347017288208,198.7316605601896,448.5209274291992,66.0785436630249,177.88326775325027,478.20228576660156,82.3082685470581,188.33393815697582,445.42449951171875,58.60539436340332,87.19822458092635,442.24315643310547,72.54005670547485,104.66537455600047,450.40130615234375,81.72188758850098,84.53707366735057,464.4038391113281,95.99490165710449,231.24170095444754,439.8548889160156,77.28597164154053,72.22231064235295,439.4873046875,86.58869504928589,68.62184056018185,446.7765808105469,94.32051658630371,66.32217368020305
643,25.72,487.3220443725586,149.48930740356445,209.27803100739757,494.8469924926758,115.24862766265869,184.51609476126177,492.1427917480469,88.31818342208862,164.39115200218177,479.70348358154297,69.87916946411133,138.56083185552873,464.03648376464844,62.992801666259766,111.89391589210118,494.805908203125,67.91236639022827,169.290162873578,466.20494842529297,42.07342743873596,244.66381421943333,456.03748321533203,48.276039361953735,263.20333665397993,455.7648468017578,55.33953666687012,263.72904350633456,484.6401596069336,73.50136041641235,161.83770624106631,451.5176010131836,49.95298147201538,218.31209469478205,447.49359130859375,62.518107891082764,203.68831723647477,454.1524887084961,70.95725297927856,186.27313117264143,472.4747848510742,83.15370082855225,144.73903775407084,442.6222229003906,63.795905113220215,147.4664284895917,443.2756042480469,76.82855129241943,110.27560448947405,451.7943572998047,84.42758560180664,76.08134314110971,459.3027114868164,94.97098445892334,130.07187789422363,437.6852035522461,80.31744718551636,93.19796990640165,439.7553253173828,90.0069522857666,85.7187172996494,447.0152282714844,97.00458526611328,67.36642936464445
644,25.76,489.1931915283203,147.62864112854004,65.9700247533321,499.22557830810547,116.25101566314697,112.2964699094682,496.9226837158203,89.80728149414062,125.16184595298505,485.93727111816406,72.27716445922852,166.97770631198713,471.38336181640625,65.07270097732544,190.89034524363086,501.46873474121094,71.83760404586792,193.3273585946155,475.0785446166992,48.1914496421814,269.45651904573447,464.931640625,54.60971117019653,272.9714208970433,464.4900131225586,62.16814041137695,276.9909254212232,491.9304656982422,75.61559200286865,189.76718977825945,462.4513244628906,55.95111608505249,311.77308185480354,457.4861526489258,67.2734785079956,276.65957403063095,462.6043701171875,75.93202829360962,245.18193343752546,479.7650146484375,82.53959655761719,182.90122770559822,453.52527618408203,67.73117780685425,289.7875753033112,452.3335266113281,79.10850763320923,233.51145375433165,458.9740753173828,86.2739610671997,185.33323563776517,466.7256546020508,90.80695867538452,212.77804635638148,447.93670654296875,81.64834499359131,258.4383419506652,448.5642623901367,90.985107421875,221.57696154783525,454.0791320800781,97.13390350341797,176.62718544926216
645,25.8,499.0230941772461,143.55402946472168,266.0233146482216,514.0657806396484,114.64329242706299,373.1758794832687,515.8282470703125,88.172128200531,474.4036072035079,504.7123336791992,71.96765184402466,469.44033981284184,490.836181640625,65.42284727096558,486.3992711371929,525.686149597168,73.90403509140015,607.6354373571107,503.4222412109375,49.756590127944946,709.6719318487993,496.3411331176758,58.69427561759949,791.8490565491492,499.85694885253906,68.98713111877441,900.4577923187675,513.1082916259766,73.99761915206909,530.988551648799,491.16283416748047,48.279948234558105,742.9660177740363,486.1680603027344,59.42256689071655,743.4247775851011,491.2820053100586,70.59187173843384,729.265054819399,499.0179443359375,76.97400569915771,501.03087676533625,477.6031494140625,56.5458619594574,663.7277632268732,475.74684143066406,67.80722379684448,649.9530402168563,482.80773162841797,76.23270034790039,646.5630721290313,484.4925308227539,81.8973183631897,496.8925821634348,466.7930603027344,71.2397289276123,538.4592402879624,467.3322296142578,81.60761833190918,524.5080405473493,473.5717010498047,88.80340576171875,529.9513171414915
646,25.84,516.0703659057617,131.73900604248047,518.5341429536949,533.895378112793,108.74267578125,517.2222761708605,542.5936126708984,82.64127016067505,683.2711698101953,537.609977722168,63.929128646850586,846.6377762838512,526.2170028686523,53.85008096694946,930.6353443672906,555.5454254150391,72.06759452819824,747.8923996429378,549.6508026123047,41.57913565635681,1173.6563197106705,540.4637908935547,46.61146402359009,1143.6791686328752,539.0022659301758,57.01055645942688,1023.4116320180148,543.0923080444336,70.04216194152832,756.09477015398,533.8790893554688,38.471338748931885,1095.6982012987348,526.9277191162109,46.740946769714355,1067.1730399413987,529.0132141113281,58.44301700592041,990.9713633970184,528.7237930297852,70.47552108764648,760.208749648665,518.5274505615234,43.414610624313354,1074.4848143513927,515.3995513916016,52.51640439033508,1062.469577614083,519.1082763671875,62.55967140197754,969.7555326238968,514.0911483764648,73.08444499969482,772.0690132736851,507.87364959716797,53.797430992126465,1115.7532696703677,506.5547561645508,62.288475036621094,1093.0564620172622,509.6207809448242,71.69774293899536,997.5406827174402
649,25.96,561.8023300170898,43.382277488708496,,576.5419387817383,36.64735794067383,,587.4985885620117,34.06876802444458,,596.9658660888672,40.00938177108765,,605.6982803344727,47.328078746795654,,577.6419448852539,16.78914785385132,,586.8507766723633,19.194138050079346,,593.1659698486328,27.26456880569458,,597.2842407226562,34.555392265319824,,568.7593460083008,21.80592656135559,,581.8147277832031,29.980047941207886,,592.9416656494141,38.19116234779358,,601.0733032226562,44.36233162879944,,562.0004272460938,29.06457781791687,,575.6997299194336,38.77063751220703,,585.6531143188477,44.39716458320618,,592.4983978271484,48.11827898025513,,557.7003860473633,37.18193292617798,,569.7418594360352,44.592368602752686,,578.5037612915039,47.26057291030884,,584.8650741577148,48.199474811553955,
653,26.12,550.7755661010742,48.55260372161865,,551.4405059814453,42.04054355621338,,546.1346054077148,32.05559492111206,,537.4293899536133,24.241111278533936,,530.7180786132812,18.21780502796173,,542.1086883544922,17.544633150100708,,533.7954711914062,8.611164093017578,,534.9244689941406,13.161594271659851,,537.8657531738281,18.642677664756775,,537.0502090454102,20.088300704956055,,530.1454925537109,13.453292548656464,,531.7538452148438,17.215282917022705,,534.904670715332,20.92111051082611,,532.9986190795898,23.22337567806244,,526.7588806152344,17.596153020858765,,528.7744522094727,20.697707533836365,,532.1541595458984,24.085416197776794,,529.9574279785156,26.5854012966156,,524.8552322387695,22.370758652687073,,526.5497207641602,24.03652846813202,,529.7366333007812,26.604021191596985,
654,26.16,553.181266784668,51.01340174674988,86.03386941901564,546.8698120117188,46.5222430229187,160.03295261203536,540.4234313964844,35.610026121139526,168.17306885743295,533.2498931884766,25.940696597099304,112.7962307240119,526.8821716308594,18.739208579063416,96.77953050908525,544.27978515625,21.758519411087036,118.50764411824966,533.2673645019531,9.022868871688843,16.740622379146604,525.6986618041992,11.10353171825409,236.31432957464935,523.0622100830078,16.569514274597168,373.7001592888942,541.6736221313477,23.746529817581177,147.39103772718872,530.7284927368164,14.617624282836914,32.55339460717447,524.937629699707,19.625317454338074,180.74336159981684,524.3770980834961,25.442190170288086,286.432743857286,539.3181991577148,26.604865193367004,179.18489700925738,528.9936065673828,19.647544026374817,75.83784155485101,524.8785018920898,24.71252739429474,139.85976768589993,525.5890274047852,29.592860341072083,214.23249785833764,537.7020645141602,29.566372632980347,207.46322743059244,528.822135925293,24.746366143226624,115.5958363417041,525.2437591552734,27.243406176567078,86.56500577869096,525.9117889404297,31.05131506919861,146.6455275798286
655,26.2,554.5289611816406,55.985684394836426,128.79216523165837,549.315299987793,49.04886603355408,87.90703640421707,543.8131332397461,36.92907929420471,90.93259818261417,537.3625946044922,26.420148611068726,103.51384922739885,532.265510559082,18.286503553390503,135.05850550869374,548.0607604980469,24.869906902313232,122.41452797726573,538.7590408325195,11.65457010269165,152.24232388072355,531.6917419433594,12.729797959327698,155.24527255534144,528.2730102539062,17.409120798110962,131.9502215216076,545.3517913818359,26.8080997467041,119.64044954087245,535.4790496826172,17.308655977249146,136.4950614391122,530.3515625,21.700690984725952,144.95224139505981,529.508171081543,26.679621934890747,131.95441325353002,542.8238677978516,29.5439475774765,114.36760324448527,533.7299728393555,22.244921922683716,135.04521788671886,530.041618347168,27.04656958580017,141.65434268057666,530.0994110107422,31.37578010559082,121.24964731803733,540.9160995483398,32.138904333114624,102.91969123159261,532.992057800293,27.052338123321533,119.12639090632466,530.5297470092773,29.819859266281128,147.01143262552299,531.2967681884766,33.33319902420044,146.2125932631794
656,26.24,559.9357223510742,62.004804611206055,202.272827083874,553.5172653198242,52.872676849365234,142.03441881879124,548.7155914306641,39.64332818984985,140.09203086991056,543.2845306396484,28.815588355064392,159.70178844411103,538.4452056884766,20.05358576774597,160.68449568283245,555.081901550293,29.27298903465271,207.18885397696732,546.3470077514648,15.985541939735413,218.42412729634896,540.0864791870117,14.113392233848572,212.69982737776652,537.5313186645508,15.592458844184875,235.87143648799156,553.3211898803711,31.615673303604126,232.68013980228676,545.024299621582,19.661056995391846,245.77121849835666,539.5683670043945,19.255471229553223,238.3912028097334,537.3749160766602,21.631861925125122,233.67386184379714,551.1292266845703,34.54317569732666,242.34694658626643,543.7366485595703,25.48538088798523,262.9569038779694,538.6789321899414,25.530311465263367,219.23479010335507,536.5397262573242,26.8829208612442,196.3151876843521,548.9210510253906,37.16109037399292,236.24881055141088,542.3053359985352,30.254688262939453,246.21154168540232,538.6113357543945,29.78798747062683,202.0412898032278,537.1535491943359,30.762219429016113,159.90587041570993
657,26.28,563.0489349365234,66.17444515228271,130.09130169805135,557.0500183105469,57.052377462387085,136.81703317742256,551.8429946899414,44.820849895477295,151.2187615641282,546.0583877563477,35.020869970321655,169.9260928104346,541.1606597900391,26.9291889667511,184.81005506983067,559.2257308959961,34.42132115364075,165.22077134419692,554.911003112793,20.711688995361328,244.53844603181923,548.5152053833008,18.460947275161743,237.09789661822322,543.8421630859375,19.799909591674805,189.62034289518726,557.6311492919922,35.79733371734619,150.12918176040657,553.1146621704102,23.284374475479126,221.61678035093985,547.1979904174805,20.99797010421753,195.65188434071413,542.7982330322266,21.97144389152527,135.84845120675436,555.6306076049805,38.0180025100708,142.16375146551553,550.7658386230469,27.868974208831787,185.55832989194724,545.7399749755859,25.597795844078064,176.53413154771002,541.689567565918,25.14408230781555,135.88695903808343,553.6856842041016,40.17996668815613,141.01272887555382,548.6332321166992,32.23356485366821,165.7524921449337,544.6731948852539,30.352914333343506,152.2031505969121,541.7402648925781,30.177125930786133,115.59707851566881
658,26.32,565.3042221069336,67.5944995880127,66.62804787331046,558.5555267333984,58.22288632392883,47.67498430928398,553.9999008178711,46.06200456619263,62.21288532801667,549.4501876831055,36.10392451286316,89.01303937230941,545.7941436767578,28.650482296943665,123.57190127878917,564.0139770507812,34.90420460700989,120.31333484996722,556.8746185302734,24.797093868255615,113.32011759622434,549.9724578857422,24.392133951187134,152.6895548198469,545.9748077392578,26.062241792678833,165.38775992547724,563.298454284668,35.73544263839722,141.69107325812135,556.5767669677734,26.97935700416565,126.5875821201089,550.0194549560547,26.659376621246338,158.13796566109625,545.4795455932617,28.202311992645264,169.58249162192348,561.9208145141602,37.43566274642944,157.9276388108842,555.4236221313477,29.98849868774414,127.93389705944682,549.5426559448242,29.740707278251648,140.58826788092333,545.2304458618164,30.812344551086426,167.08346709963328,560.5141448974609,39.07878756523132,172.91701568512465,554.4089889526367,32.907729148864746,145.37422511572632,549.6465682983398,32.609703540802,136.53648924575808,546.1848449707031,33.75017166137695,142.56785196827974
659,26.36,566.0718154907227,69.13563251495361,43.04278613584847,559.5795440673828,59.54958915710449,41.89832863504811,555.7452011108398,48.36463451385498,72.23303342528065,551.8499755859375,39.415801763534546,102.24820567525141,548.8414001464844,33.13887119293213,135.62680154085268,567.7159118652344,40.11326551437378,159.76278686518103,565.975341796875,28.429137468338013,244.9679885823892,560.120964050293,26.204504370689392,257.7266768174814,555.2626800537109,26.972796320915222,233.30998917544852,569.0692520141602,40.470603704452515,186.62103437882834,566.0032272338867,30.131313800811768,248.48665054250918,560.0217819213867,28.587945699691772,254.66390033206528,555.1799774169922,29.78664994239807,245.72406310975853,569.2391586303711,41.6297721862793,210.87424362151975,566.2743377685547,32.26740002632141,277.18610755061576,561.0354614257812,30.729310512542725,288.38116505976814,556.5948867797852,31.629610061645508,284.8447387314182,568.9521408081055,42.914289236068726,231.72026245973066,567.0500183105469,34.90044951438904,319.9282709478815,563.2950592041016,32.56831169128418,341.21384175640765,559.6260070800781,32.829251289367676,336.8168393040941
660,26.4,567.7337646484375,71.0969066619873,64.26834019684485,559.948844909668,63.14838409423828,90.44234389810283,555.8506393432617,52.77378559112549,110.26028989127252,552.1944427490234,43.967918157577515,114.12827566865067,548.6362838745117,37.26603984832764,103.30656378924795,568.7679672241211,45.53351640701294,138.03518622374395,568.8315582275391,32.48401880264282,123.9960557187428,563.9058685302734,28.58402967453003,111.76885353877131,559.7214508056641,28.350228667259216,116.6671453517103,572.6299667358398,46.68706297874451,179.1002778440708,571.4589691162109,34.98592257499695,182.5724955958289,566.4761352539062,31.343765258789062,175.45159300949143,562.1073150634766,30.807080268859863,175.05228668808252,573.8318252563477,48.20712089538574,200.55252238899786,572.4187850952148,38.39279651641846,216.90250562031656,568.2237243652344,35.065834522247314,209.87580341338133,564.0326690673828,34.04197812080383,195.48037786845245,573.7545394897461,49.52501893043518,204.27429505049398,572.3868942260742,41.20673418045044,206.5361209739367,569.2485427856445,38.04389476776123,202.21581414281061,565.405387878418,37.097790241241455,179.6205500421009
661,26.44,569.0232849121094,72.72108793258667,51.846090198455116,559.7221374511719,64.57225799560547,36.04522470741073,554.8173522949219,54.460798501968384,49.4576503537211,551.1771392822266,46.21003031730652,61.55268718931774,547.5584030151367,39.41393494606018,60.0795332136415,567.3245239257812,46.07353091239929,38.5287572920367,567.4507141113281,34.837589263916016,68.21851100256842,564.7251510620117,30.688716173171997,56.46309150884138,561.5595245361328,29.165158867836,50.26570818194187,572.0330429077148,48.47545623779297,47.13457134626202,572.2359466552734,39.0373957157135,103.13258670927942,569.5268249511719,35.022186040878296,119.47145861854568,566.7596435546875,32.953866720199585,128.09384366985802,574.1089630126953,51.403870582580566,80.21850588616391,573.8888168334961,43.956170082092285,143.85782639205044,572.2482299804688,40.130488872528076,161.72385633942287,569.524040222168,37.96754837036133,168.75510907787606,574.7378540039062,54.24006700515747,120.41227559072934,574.2180633544922,48.234697580337524,181.5651569117535,572.7252197265625,45.20161271095276,198.93499048966456,570.1111221313477,43.733582496643066,203.3741529116405
662,26.48,569.3411636352539,71.0675597190857,42.09514843981228,559.8164749145508,64.30187702178955,7.159147470125658,554.8117446899414,54.7613525390625,7.515158616389458,551.1220169067383,46.242835521698,1.6036399445164224,547.4671936035156,39.61582660675049,5.5384677159253854,567.2376251220703,45.47038793563843,15.234271653543788,567.5336074829102,33.804194927215576,25.917840937479458,563.9471435546875,29.8758602142334,28.12950509957064,560.1271820068359,29.028807878494263,35.97044545115336,571.8910598754883,47.24353909492493,31.001804668563338,571.4643096923828,36.74146771430969,60.5532255031119,567.7066040039062,32.7652108669281,72.4876766797816,564.0006637573242,30.97947120666504,84.81674055767262,573.9163589477539,49.57174301147461,46.05558979808102,573.4708023071289,40.933263301849365,76.29179815965065,570.7559585571289,36.96725249290466,87.43904446201995,567.0847320556641,35.005860328674316,95.92256117385945,574.391975402832,51.90324425697327,59.057030503955644,573.656005859375,44.402700662612915,96.82493546753696,571.5717315673828,40.936278104782104,110.46383524700718,568.4093856811523,39.40909266471863,116.1817521502979
663,26.52,569.1146469116211,70.49899578094482,15.300628619430928,559.7128677368164,63.77089262008667,13.524951065758259,554.7200775146484,54.188947677612305,14.49245916929752,551.0726928710938,46.08976364135742,4.020561298132284,547.6498794555664,39.77200984954834,6.008708569150518,566.8101501464844,45.70561408996582,12.198006969169496,566.6475296020508,34.40877914428711,26.81715969393757,563.6144638061523,30.125484466552734,10.397959007402676,560.5257034301758,28.608664870262146,14.477125755548547,571.6860198974609,47.13227391242981,5.832095111596118,570.9369659423828,36.52963042259216,14.207534726912515,567.1826934814453,32.327234745025635,17.071638009100358,563.7118911743164,30.32985806465149,17.772641175654655,574.0168380737305,49.104663133621216,11.944132111955511,573.4502792358398,40.08050322532654,21.32517503688941,570.4562377929688,36.01296901702881,25.006117861416065,567.0024108886719,33.93198609352112,26.92562264206742,574.7604370117188,51.04403614997864,23.37202559081961,574.0792083740234,43.08221697807312,34.66606346216493,571.9292831420898,39.33053255081177,41.1268002088585,568.8673782348633,37.55190968513489,47.82053559213738
664,26.56,570.2744293212891,69.75404262542725,34.46057930529858,560.9043502807617,63.38775873184204,31.28919770511703,555.4113006591797,54.29961562156677,17.500657654692198,550.8357238769531,46.34048581123352,8.624670669487866,546.512565612793,39.72809672355652,28.45403244267911,566.2719345092773,44.718085527420044,28.116818076307748,565.2214431762695,33.91729474067688,37.71007336234613,562.4636840820312,30.100314617156982,28.776373715763174,559.4539260864258,28.855063319206238,27.493395459385557,570.9313583374023,46.06906771659851,32.59525928992716,569.7176742553711,36.08102202415466,32.48001032524218,566.4165878295898,32.50404953956604,19.65612724720428,563.3436965942383,30.896823406219482,16.900757145358494,573.104133605957,47.98597455024719,36.09443856109426,572.0272827148438,39.829559326171875,36.12384893745692,569.5963668823242,36.32666230201721,22.882600650104642,566.514778137207,34.383394718170166,16.612409644387817,573.9964294433594,49.932178258895874,33.7262465899466,573.0359268188477,42.740153074264526,27.448179785492737,571.1326217651367,39.551392793655396,20.667737484993904,568.3191680908203,38.038108348846436,18.31876603763384
665,26.6,570.3799438476562,68.12357425689697,40.84697369490994,560.8806991577148,63.24881315231323,3.523603419439297,554.5913314819336,54.83399748802185,24.46826300064086,549.5628356933594,47.23747372627258,38.92967736556136,544.9628448486328,41.02699041366577,50.5517016595063,564.4644546508789,44.1534161567688,47.34075237485478,562.4951171875,33.35806131362915,69.57727458987468,559.1980743408203,29.492651224136353,83.0416378282196,555.7756042480469,28.356138467788696,92.80011299177251,568.9581298828125,44.46668744087219,63.54748756854877,566.9543838500977,34.365084171295166,81.3181121381958,563.2405471801758,30.935218334197998,88.55953349889498,559.6651077270508,29.741894602775574,96.39073021698,571.0522842407227,45.46234488487244,81.31263933720656,568.9310073852539,36.613969802856445,111.59899444854624,565.8325958251953,33.07493448257446,124.34756326075298,562.1994400024414,31.348071098327637,131.89800200945146,571.612434387207,46.48982763290405,104.68169091352932,569.3493270874023,38.4014618396759,142.33600038506773,566.8320465087891,34.699437618255615,162.08874220546292,563.5832595825195,32.80944585800171,176.3656373173398
666,26.64,569.8884201049805,67.39886999130249,21.891663113284213,560.7191848754883,62.863333225250244,10.448733102978574,553.8113403320312,54.69202280044556,19.82017604989873,547.8852081298828,47.896714210510254,45.06268035882233,542.7778244018555,42.64474868774414,67.96808159985872,562.7788925170898,44.0967857837677,42.16282949774734,559.8020553588867,33.98531913757324,69.12865899191605,556.8766403198242,29.4851016998291,58.03615742123266,553.7790679931641,27.0449298620224,59.71507883743163,566.7885208129883,43.8826847076416,56.17084824602255,563.9175796508789,34.13847327232361,76.13118712100405,560.4348754882812,30.050944089889526,73.54307658545109,557.0785522460938,27.91882574558258,79.11166678395097,568.6743545532227,44.70431327819824,62.395720583480866,566.0089111328125,35.829341411590576,75.64013576184512,562.9178619384766,31.69816017150879,80.58838755520608,559.4784927368164,29.286752343177795,85.33972196698856,569.1413879394531,45.70593595504761,64.81009137072034,566.4484786987305,37.60580062866211,75.1997262992532,563.8774108886719,33.57652544975281,79.0205803328987,560.7282257080078,31.13309383392334,82.76991653539135
667,26.68,569.4147872924805,65.37598371505737,51.9398505948076,560.1796340942383,62.328479290008545,18.993153002974143,553.1500625610352,54.773826599121094,16.657958906542806,547.0484924316406,48.30344080924988,23.25832761893058,542.2784042358398,42.88490653038025,13.854067354091004,561.8349456787109,43.39259147644043,29.44194771238041,557.8880310058594,32.41274356842041,61.929814834405974,553.9261627197266,28.874212503433228,75.32638846609144,550.836296081543,27.829458117485046,76.13881692115612,566.0753631591797,42.81506896018982,32.09748065846451,562.6411437988281,32.500126361846924,51.922232012580004,558.3695220947266,29.397853016853333,54.15378905226434,554.644660949707,28.843177556991577,65.08769619656485,568.0008316040039,43.45176815986633,35.553678049723445,564.945068359375,34.46766257286072,43.19961448352207,561.1609268188477,31.128931045532227,46.171168035673794,557.3366928100586,29.738616943359375,54.72367256931084,568.3237075805664,44.33951139450073,39.80983899250625,565.3018569946289,36.25308036804199,44.33250384740953,562.177848815918,32.863930463790894,46.07265222695573,558.6656188964844,31.302530765533447,51.73886192177217
668,26.72,568.7452697753906,64.25225257873535,32.70154213135187,559.8147201538086,61.7929744720459,16.20045512441565,553.0543899536133,54.7458815574646,2.491758059594095,547.0259857177734,48.470985889434814,4.226250263477977,542.1970748901367,43.26766848564148,9.782675275324058,561.0355758666992,43.47192049026489,20.08241128434924,556.1667251586914,31.88418745994568,45.01572905177555,551.3010406494141,29.33648943901062,66.63785452545258,547.9056549072266,29.644235372543335,86.17596162096025,565.3247451782227,42.56070256233215,19.813657185371763,561.461067199707,31.403943300247192,40.266286179719934,556.5208435058594,29.3709397315979,46.221862047758414,552.6201629638672,29.85745131969452,56.609094677761185,567.2209548950195,42.98689126968384,22.697992811067667,563.6356735229492,33.1833279132843,45.853232952048806,559.2750549316406,30.761940479278564,48.031206331645684,555.2490997314453,30.478520393371582,55.37091958563428,567.3736953735352,43.75203251838684,27.924615299369254,564.1147613525391,35.48960208892822,35.28540018679133,560.6138229370117,32.572152614593506,39.775237767758234,556.9799423217773,31.792538166046143,43.886307425218334
669,26.76,568.8132858276367,64.31697607040405,2.3472475552404704,559.9889373779297,61.45045280456543,9.607052548585733,553.2693862915039,54.30395007133484,12.286345666512243,547.5105285644531,48.22509169578552,13.584129635784791,542.6349258422852,43.2918655872345,10.962976216075978,560.3826522827148,43.12548279762268,18.478505780471348,555.1945495605469,32.721219062805176,32.07167069445027,550.7371520996094,30.15459895133972,24.840408998799138,547.4673461914062,29.955904483795166,13.445542134676034,564.6553421020508,42.57260084152222,16.737720264347043,561.3501358032227,32.4411141872406,26.077159828486245,557.0224380493164,30.19028663635254,24.01726509665592,553.4070205688477,30.04875898361206,20.244497906671867,566.7500686645508,43.36798310279846,15.144405470992686,563.8457489013672,34.39646244049072,30.779732025695488,560.0394821166992,31.800037622451782,32.22959237952951,556.3364410400391,31.163527965545654,32.12812723407429,567.3957824707031,44.3269407749176,14.383309409010922,564.6665573120117,36.63614630699158,31.810399487283032,561.6619873046875,33.75840425491333,39.57462488630375,558.3313369750977,32.78483748435974,41.914536903593785
670,26.8,568.6826324462891,63.89717102050781,10.991661213618965,559.7255706787109,61.3364839553833,7.174212362747494,552.8699493408203,53.97533655166626,12.930988044238426,547.169075012207,47.54093527793884,19.115774448447617,542.3296737670898,42.406160831451416,23.420767278045833,560.4787826538086,43.30328106880188,5.053048181601264,554.8601150512695,32.711641788482666,8.36429036062782,549.8796463012695,30.18091320991516,21.447736395579543,546.3337326049805,30.04976749420166,28.43732173627305,564.9084091186523,42.57118105888367,6.3267749818902725,561.265983581543,32.10895657539368,8.566295710569673,556.2865447998047,30.23599147796631,18.432780026759673,552.3281097412109,30.797066688537598,32.825418840079884,566.9295120239258,43.2076370716095,6.016164109185244,563.5567474365234,34.17546629905701,9.095367681216363,559.0604019165039,31.831769943237305,24.48985732141125,554.9782943725586,31.584030389785767,35.54385195765326,567.3889923095703,44.05532956123352,6.79240189877399,564.2406463623047,36.409971714019775,12.05599134212699,560.6120300292969,33.6201274394989,26.4755873143881,556.8932342529297,32.77474880218506,35.953452728970824
671,26.84,568.4619522094727,63.380255699157715,14.051272548416652,559.4710922241211,60.70959806442261,16.914217468893174,552.7495574951172,53.41688632965088,14.282000187754543,547.1178817749023,47.03801393508911,12.63800381388194,542.6162338256836,42.00693726539612,12.285563755765397,560.4823684692383,43.016477823257446,7.170641521471269,554.7520065307617,32.37421274185181,8.858111174108972,549.5611190795898,30.39790391921997,9.635369702156774,546.0808944702148,30.95640778541565,23.530880508976225,564.8188781738281,42.29026436805725,7.370972513260271,561.1429214477539,31.93763494491577,5.2734825923153625,556.0816192626953,30.289396047592163,5.294249463833882,552.2359848022461,30.953868627548218,4.546554496041921,566.7647552490234,42.91218638420105,8.457094047541744,563.3045959472656,33.88677477836609,9.582639499824912,558.6948013305664,31.64963722229004,10.211394263196196,554.7274780273438,31.508063077926636,6.551711202905033,567.0963287353516,43.87274622917175,8.623682537831193,563.8295364379883,36.125038862228394,12.504951516834511,560.1114273071289,33.32574963569641,14.518552286935282,556.4727020263672,32.51856207847595,12.310538955058483
672,26.88,568.8318634033203,63.1766152381897,10.556506544457102,559.3844604492188,61.01115703582764,7.843901996837641,552.7839279174805,53.619117736816406,5.128283580886229,547.5217819213867,47.129892110824585,10.355461346150221,543.139533996582,42.42627024650574,16.764605906280167,560.3633499145508,43.06756138801575,3.2379533416493333,553.9854431152344,32.342015504837036,19.18098231478794,548.3341598510742,30.588001012802124,31.039952615822802,544.7146987915039,31.148293018341064,34.490130609560616,564.4351196289062,42.30044603347778,9.597339706635195,559.4189453125,31.663541793823242,43.640726179802705,553.6193466186523,30.436241626739502,61.6661890631602,549.5531463623047,31.377500295639038,67.90197845532857,566.1347961425781,42.95409679412842,15.78379228539629,561.585693359375,33.84187459945679,42.98722290346266,556.302375793457,32.12225317955017,60.96651639255556,552.1697998046875,32.10006594657898,65.63242951822025,566.3394165039062,43.90856981277466,18.943987424339888,562.3468399047852,36.20683550834656,37.123776923360936,558.176383972168,33.7620735168457,49.59064451485487,554.4995498657227,33.07886838912964,51.27909302785181
673,26.92,568.6820602416992,63.17061424255371,3.7480827749246237,559.2069625854492,60.770673751831055,7.472353274091762,552.5997161865234,53.48026156425476,5.767094073310186,547.3882293701172,47.03874349594116,4.042303949000442,543.0148315429688,42.15031027793884,7.570692099661941,559.8196411132812,43.03181290626526,13.622068825196296,553.8698577880859,32.53012776374817,5.5196348274059535,548.6821746826172,30.628066062927246,8.757836891015437,545.1805114746094,30.943729877471924,12.718773878212566,564.1856384277344,42.12379217147827,7.64229418669159,559.417724609375,31.563016176223755,2.5133257237520144,553.9963150024414,30.310224294662476,9.936848417643212,550.1562881469727,31.263391971588135,15.34602395634958,566.2075424194336,42.719396352767944,6.142898235520308,561.9103240966797,33.48852753639221,11.995813399352759,556.9614791870117,31.72781467437744,19.202848385041126,553.1009292602539,31.830382347106934,24.23493484166492,566.6084289550781,43.732420206069946,8.038826983293532,562.8318786621094,35.85644245147705,14.959066866138823,558.7800979614258,33.42963695526123,17.22978250558624,555.2214431762695,32.96868324279785,18.256346812213078
674,26.96,568.0722808837891,63.130903244018555,15.2767762620665,558.8437652587891,60.58065891265869,10.247497779908986,552.4185562133789,53.07574510574341,11.080740641883276,547.4557876586914,46.70105695724487,8.609454133819902,543.1352233886719,41.74771785736084,10.505202687795363,559.6026229858398,42.61867046356201,11.666821160908084,553.7763595581055,32.24114656448364,7.593255746789569,548.8543319702148,30.447049140930176,6.245261089531985,545.6769180297852,30.936884880065918,12.411343652355246,563.8818740844727,42.06549882888794,7.732677819955755,559.6713256835938,32.14184045791626,15.798557171498054,554.8922348022461,30.73063373565674,24.74136700143077,551.5122985839844,31.35114312171936,33.971169482684736,565.959587097168,42.89694428443909,7.624184787591664,562.233772277832,34.14528250694275,18.302080094103992,557.7540588378906,32.15701103210449,22.53319795980887,554.1268539428711,32.051188945770264,26.23543653649161,566.5456390380859,44.019094705581665,7.336758580351588,563.0948257446289,36.39004111289978,14.871716017277182,559.3376159667969,33.791964054107666,16.622786560761963,555.8800506591797,33.18956136703491,17.36647204946456
675,27.0,567.9985809326172,62.92568922042847,5.451174086880843,558.9168930053711,59.876253604888916,17.70477521981001,552.5454711914062,52.42197275161743,16.649431346653827,547.5321578979492,46.08081936836243,15.623041479394425,542.9736709594727,41.407527923583984,9.415027164833019,559.3869018554688,42.55371451377869,5.632211016823028,553.4592437744141,32.31315493583679,8.129715009271075,548.4069061279297,30.429961681365967,11.19380033821568,545.0053405761719,30.9355366230011,16.78947017476303,563.5186767578125,41.93664908409119,9.634396544000323,559.1922760009766,32.19446897506714,12.048297577695584,554.2237091064453,30.61091423034668,16.97901951486017,550.4924011230469,31.111704111099243,26.190669505492554,565.5436325073242,42.66797661781311,11.87024676376366,561.6909027099609,34.21941518783569,13.69769647826148,557.1365356445312,32.09130048751831,15.525236914588708,553.2824325561523,31.92233920097351,21.3548843224771,566.1806488037109,43.65804076194763,12.834957669457003,562.8830337524414,36.32373332977295,5.548230013816621,559.0936660766602,33.57122182846069,8.22491181872548,555.5022811889648,32.850966453552246,12.682573872807174
676,27.04,568.0887222290039,63.19453239440918,7.088816258300029,558.973388671875,60.21298885345459,8.536040796246917,552.7873992919922,52.7816104888916,10.835950233043834,547.6251602172852,46.397026777267456,8.240015050361563,542.9992294311523,41.647653579711914,6.037050511501359,559.5123672485352,42.557255029678345,3.137883453673785,553.3214569091797,32.309900522232056,3.445632329397838,548.0000305175781,30.597381591796875,10.999351932831368,544.4343948364258,31.23572587966919,16.126310558237492,563.6057662963867,42.044785022735596,3.4711281447443136,558.7005615234375,32.270225286483765,12.437899394114096,553.3304977416992,30.6500244140625,22.351679866704995,549.2695236206055,31.189348697662354,30.633499512379093,565.5711364746094,42.980525493621826,7.843917547442214,561.3042068481445,34.51767325401306,12.20889950982982,556.484375,32.37924098968506,17.82244440066118,552.4338912963867,32.15416431427002,21.990980433458013,566.1088180541992,44.18316721916199,13.250411612519713,562.4506759643555,36.797980070114136,16.043753216649563,558.4975051879883,34.15783882141113,20.909437187551458,554.8303604125977,33.457767963409424,22.634122498989697
677,27.08,567.9327392578125,63.07955503463745,4.844486593139706,558.8093948364258,59.93947505950928,7.972757268650237,552.6565551757812,52.598254680633545,5.6313594700228995,547.6573944091797,46.36685371398926,1.1038163555036056,543.1880950927734,41.68709635734558,4.823508243943949,559.1842269897461,42.337775230407715,9.86937851785856,553.4000396728516,32.1449089050293,4.5687446643943845,548.3076477050781,30.418424606323242,8.897118097143176,544.7507476806641,30.995793342590332,9.926188354762225,563.2269668579102,41.7982292175293,11.299302513625713,558.4674453735352,32.116109132766724,6.986367447654156,553.2416152954102,30.561697483062744,3.132664201419029,549.2451095581055,31.21705412864685,0.9231865175137405,565.2089691162109,42.672189474105835,11.89107586649196,560.9009170532227,34.2594051361084,11.972496591515096,556.1211013793945,32.2612738609314,9.548689926312836,552.08251953125,32.19623923301697,8.847048099608413,565.7749176025391,43.80256533622742,12.657688002558878,562.2097015380859,36.463905572891235,10.297889462490101,558.2719421386719,33.96803140640259,7.369936567278816,554.6242904663086,33.4745979309082,5.168901634389256
678,27.12,567.9225158691406,63.778181076049805,17.46752099282107,558.8253784179688,60.11574983596802,4.4249485656982195,552.7703094482422,52.42374300956726,5.207828112650715,547.7202224731445,46.22786521911621,3.8132308585244905,543.0253601074219,41.58360242843628,4.821415039854539,559.1603851318359,42.62743949890137,7.266095178574716,553.6717987060547,32.64740824699402,14.281950164509999,548.9044189453125,30.595815181732178,15.564449263762665,545.3934860229492,30.788261890411377,16.885309448729696,563.1856155395508,42.30473041534424,12.704659453278078,559.2483139038086,32.82573938369751,26.378622436163727,554.5146560668945,30.717726945877075,32.0641739244096,550.8072280883789,30.783777236938477,40.52733003412723,565.2006149291992,43.394562005996704,18.060520951633904,561.7828369140625,35.14527082443237,31.250406584289813,557.5726699829102,32.609392404556274,37.31820878545592,553.8877868652344,32.096428871154785,45.200610169319845,565.8530426025391,44.665045738220215,21.650288096331682,563.0703353881836,37.374054193496704,31.315542621875007,559.5902633666992,34.57463622093201,36.27964530282265,556.1143493652344,33.78523349761963,38.05234862638277
679,27.16,568.2564926147461,63.697757720947266,8.58808704875426,559.1769409179688,60.44565439224243,12.052831816031555,552.9697418212891,52.80155539512634,10.680457331645272,547.9530334472656,46.46537661552429,8.31461864334924,543.2601165771484,41.872533559799194,9.30697986557443,559.0723419189453,42.70264148712158,2.8947092220524984,553.4674453735352,32.44827389717102,7.133318555871552,548.453483581543,30.72547674179077,11.730164706185603,544.8706436157227,31.23483896255493,17.190027344342276,563.0412292480469,41.94437026977539,9.705244577310122,558.4239959716797,32.27310061454773,24.810653739833473,553.3989334106445,30.594756603240967,28.0619710511129,549.5119857788086,31.22318744659424,34.19369434605924,565.0375747680664,42.65359282493591,18.967363770172977,561.0428619384766,34.2532217502594,28.97536146481037,556.5045166015625,32.09791660308838,29.607422439014954,552.5988006591797,31.902165412902832,32.58856903320612,565.7432174682617,43.637094497680664,25.845034738874865,562.4922561645508,36.32946252822876,29.84697781961321,558.7270355224609,33.74939203262329,29.855802214619665,555.1424789428711,33.1217622756958,29.41859722379791
680,27.2,568.1399154663086,63.655972480773926,3.0959891224536995,558.9974594116211,60.008368492126465,11.817163618045551,552.9384613037109,52.3595666885376,11.077355492511153,547.8857421875,46.05213403701782,10.467137333445109,543.0650329589844,41.7013943195343,6.487789378634027,559.5005798339844,42.7309513092041,10.729316086759304,553.8865280151367,32.547805309295654,10.768494628175384,548.8782119750977,30.6695294380188,10.709934322012055,545.3387451171875,30.88552951812744,14.601714446424669,563.6792755126953,42.17398166656494,16.952588839309186,559.4201278686523,32.37650156021118,25.037103862697947,554.2827987670898,30.692131519317627,22.23032617008149,550.4338455200195,31.211131811141968,23.048464168080358,565.6718826293945,43.076462745666504,19.05855176819182,561.8730926513672,34.671149253845215,23.237179729911652,557.2266387939453,32.48871445655823,20.527168323474395,553.4197616577148,32.271305322647095,22.503350223936703,566.2002563476562,44.22049641609192,18.52772138722375,563.1645584106445,36.95513963699341,22.960048923820793,559.3631362915039,34.487786293029785,24.365065567558887,555.8141708374023,34.03928518295288,28.42774048487305
681,27.24,567.8916931152344,63.06067943572998,16.12428574097364,558.8518524169922,59.94138836860657,4.006848343118555,552.4185943603516,52.3548424243927,12.997210216752537,547.390022277832,46.005871295928955,12.44684874913814,542.9298782348633,41.427390575408936,7.638097408998859,559.7898101806641,42.65560269355774,7.472098405078198,555.0233840942383,31.931558847427368,32.328407074461616,550.4872894287109,29.53643023967743,49.20012731823247,547.3362350463867,29.627675414085388,59.01357346147016,563.7773895263672,41.98011875152588,5.431918946505441,559.7695159912109,31.662222146987915,19.878806873458117,555.0710678100586,29.4448721408844,36.886854375852096,551.3921356201172,29.715798497200012,44.40116577671277,565.6752014160156,42.46276617050171,15.342638721746072,561.7959594726562,33.522090911865234,28.791107573908942,557.4557495117188,30.81648588180542,42.19626854961871,553.7355422973633,30.350067615509033,48.6754027956234,566.0515975952148,43.22777509689331,25.094758445102393,562.3936080932617,35.409382581710815,43.18368663213989,558.6357116699219,32.32896566390991,56.95202525370194,555.075798034668,31.41035556793213,68.26632275759667
682,27.28,568.3488464355469,62.47661590576172,18.542508010510097,558.728141784668,59.842071533203125,3.9661185642114654,552.2494125366211,52.303619384765625,4.419154986349506,547.207145690918,45.79978823661804,6.888127166376666,542.6229858398438,40.983595848083496,13.489271248910306,559.6909713745117,42.28238582611084,9.652070365616419,556.0054397583008,31.166903972625732,31.11601682489204,552.1472549438477,27.486339211463928,65.94675283611677,548.9321899414062,26.19760036468506,94.57961881219269,564.2339706420898,41.7181134223938,13.160383441605985,561.4946365356445,31.577446460723877,43.18005767863504,557.1878814697266,29.12471294403076,53.52220322613122,553.6746978759766,28.846648335456848,61.06099642740449,566.4035797119141,42.466914653778076,18.20975274148111,563.6573028564453,33.560017347335815,46.543243379697586,559.5960998535156,30.645471811294556,53.67928719454259,555.908088684082,29.766367077827454,56.239799742567,566.9101715087891,43.42796802520752,22.04011078717006,564.0615081787109,35.56466102600098,41.877814012185226,560.6866455078125,32.421627044677734,51.32564989171209,557.3355865478516,31.283680200576782,56.583405103722384
683,27.32,568.2978439331055,63.20999622344971,18.378791201195405,559.1098022460938,59.950740337371826,9.920736389477213,552.7395248413086,52.55193114280701,13.735647063109518,547.4874114990234,45.62864542007446,8.20970412254153,542.9631042480469,39.990906715393066,26.23347391406999,561.9582366943359,41.85168385505676,57.695299951271394,558.9307022094727,30.714179277420044,74.00219615780487,554.6108245849609,26.696900725364685,64.67412784466872,550.6356430053711,25.04892647266388,51.36392247569237,566.1166381835938,41.70527458190918,47.06778295486038,563.200569152832,30.899577140808105,45.891944481488686,558.1129455566406,27.679644227027893,42.89498194543321,553.8801193237305,26.674647331237793,54.542336386092636,567.8330230712891,42.63072967529297,35.96998470022619,564.8110961914062,33.35940599441528,29.27759355207588,560.3089141845703,29.82715666294098,27.13097805763135,556.1503601074219,28.339467644691467,36.183019453630735,568.02490234375,43.63473415374756,28.343617737554084,565.0127410888672,35.32678842544556,24.513101388075707,561.4128112792969,31.81030511856079,23.730666144079624,557.7725219726562,30.35386562347412,25.683989580595888
684,27.36,570.0020217895508,64.70419406890869,56.66154652723492,559.9105072021484,59.74281907081604,20.681508645053878,553.9083862304688,50.731050968170166,54.093908838327756,549.7670364379883,43.27037215232849,81.99901930707667,545.1927185058594,37.88216471672058,76.72178860828102,563.7188720703125,41.30068302154541,46.12102859373326,562.0376205444336,30.886595249176025,77.7924675315395,559.4507217407227,27.712841033935547,123.6343883920687,557.0996856689453,26.54451549053192,165.87011874293992,568.8598251342773,42.293665409088135,70.13949677209824,567.5526428222656,32.698599100112915,117.73122258516989,564.0482330322266,29.909008741378784,158.50414733472724,561.1672592163086,29.374873638153076,194.28334643401772,571.1772155761719,44.667348861694336,97.88846082446511,569.3338775634766,37.159881591796875,147.68879042144496,566.2726974487305,34.14657711982727,184.09254450079678,563.4660720825195,33.242032527923584,220.1629852758065,571.9328308105469,47.02909469604492,129.40630875440982,569.6352005004883,40.68886041641235,176.98684105109882,567.0950317382812,37.97314167022705,209.56529964884197,564.5231628417969,36.92867875099182,235.5834775163185
685,27.4,569.3527603149414,65.34538507461548,22.812638605212097,559.193229675293,60.344367027282715,23.403351715901856,553.9146423339844,50.47558307647705,6.388612061577003,550.3384399414062,42.286784648895264,28.437940552942848,546.5302658081055,36.51651978492737,47.788720331516856,564.5204925537109,42.097588777542114,28.25834150459629,563.3016586303711,30.32029151916504,34.62741144423099,560.1760482788086,25.82461416721344,50.568637063048506,556.9459533691406,23.8039630651474,68.62152184393493,569.9258422851562,42.76819109916687,29.171552886680978,568.9350128173828,31.895495653152466,39.96812753557552,565.4079437255859,27.76502251625061,63.469924487779984,561.889533996582,26.107184886932373,83.66402539724497,572.498664855957,44.512120485305786,33.26338121606977,571.1696624755859,35.24539589881897,66.31064070035025,568.0082321166992,31.04532480239868,88.84623838434858,564.7399139404297,29.091559052467346,108.5388845916228,573.1203079223633,46.173977851867676,36.58318182822783,571.2578201293945,38.10951232910156,76.18206406212722,568.8687896728516,34.28762912750244,102.253422659805,566.1975860595703,32.28979468345642,123.29572808965375
686,27.44,569.3418121337891,64.97670650482178,9.221027277901088,559.5428466796875,60.21720886230469,9.300579574762562,554.4330978393555,50.78597545623779,15.106694303832924,550.9752655029297,42.51158595085144,16.883468637450395,547.686882019043,36.37133717536926,29.14231298217337,565.3831481933594,42.515666484832764,23.965648879576847,563.9516448974609,29.742828011512756,21.736292376970994,560.5398941040039,24.964190125465393,23.35478157854006,557.5567245483398,23.092873692512512,23.434610211377027,570.5210876464844,42.71158576011658,14.948269226561997,569.6710205078125,30.044703483581543,49.794195038909194,565.0608825683594,25.898961424827576,47.45152423644029,560.9655380249023,24.740236401557922,41.24861147168922,572.8656005859375,43.57161283493042,25.23881522515087,571.7903518676758,32.797343730926514,63.137819184383325,567.8534317016602,28.3851420879364,66.6170738381881,564.2216873168945,26.495343446731567,66.18579107711982,573.284912109375,44.3565309047699,45.62214336191927,571.8837356567383,35.07776141166687,77.3921987054255,569.2118072509766,30.65113663673401,91.31586217053811,566.2932586669922,28.389919996261597,97.52620104244369
